year,lat,long,count
2015,33.19899,68.11029,1
2015,33.2014,41.69802,1
2015,33.20336,44.58669,4
2015,33.20337,44.51458,1
2015,33.21395,68.38618,2
2015,33.21696,74.41856,1
2015,33.22704,44.52779,6
2015,33.23644,35.84735,1
2015,33.23778,70.27667,1
2015,33.23972,65.45986,1
2015,33.24138,44.02467,1
2015,33.24154,69.82872,1
2015,33.24222,69.82806,1
2015,33.24245,44.56217,1
2015,33.24265,65.46503,1
2015,33.24304,65.46386,1
2015,33.24585,43.97293,1
2015,33.24718,44.02545,11
2015,33.24999,73.29889,1
2015,33.2521,62.36489,1
2015,33.2555,70.49143,1
2015,33.26308,68.57241,2
2015,33.26718,68.57235,2
2015,33.26966,35.77235,1
2015,33.27261,35.62364,3
2015,33.27639,44.51778,1
2015,33.27921,44.51715,1
2015,33.28,44.51958,1
2015,33.2905,44.06769,1
2015,33.29194,44.06551,2
2015,33.29194,44.06556,11
2015,33.29198,44.06564,1
2015,33.29217,44.0657,2
2015,33.29414,62.14777,2
2015,33.29414,68.90443,1
2015,33.2953,68.49591,1
2015,33.30102,68.40502,3
2015,33.30206,62.17206,1
2015,33.30357,44.37177,996
2015,33.30432,62.11767,1
2015,33.30438,62.1542,1
2015,33.30567,62.15631,3
2015,33.30583,68.44694,1
2015,33.3059,69.87141,1
2015,33.30613,62.15682,2
2015,33.30705,62.13642,3
2015,33.30705,62.13975,1
2015,33.30744,62.13796,1
2015,33.30754,62.15736,1
2015,33.30761,62.14708,1
2015,33.30785,67.18505,1
2015,33.30841,62.15483,1
2015,33.30864,62.15639,1
2015,33.3089,62.13798,2
2015,33.30915,62.13639,1
2015,33.31023,62.16447,1
2015,33.31065,44.03821,23
2015,33.31592,70.54347,1
2015,33.31667,68.45,1
2015,33.3175,68.45012,2
2015,33.31833,43.7836,3
2015,33.31849,68.45261,1
2015,33.31862,68.47621,1
2015,33.31874,43.78364,1
2015,33.31942,68.45004,1
2015,33.32139,71.15861,1
2015,33.32445,44.42204,1
2015,33.32581,44.42311,1
2015,33.3261,68.41665,1
2015,33.32784,43.88366,1
2015,33.33526,69.92847,25
2015,33.33661,69.92372,1
2015,33.3373,68.45439,1
2015,33.33747,69.9204,1
2015,33.33766,66.28432,3
2015,33.33941,75.93369,1
2015,33.34026,43.8219,1
2015,33.34031,43.86255,2
2015,33.34034,43.65905,2
2015,33.34077,43.82167,1
2015,33.34107,43.59495,2
2015,33.34261,43.85768,1
2015,33.34436,43.78128,2
2015,33.34804,68.56899,1
2015,33.34916,43.7842,57
2015,33.34964,62.33372,1
2015,33.35,43.78333,4
2015,33.35109,68.38504,1
2015,33.35405,43.84505,1
2015,33.35522,43.8239,1
2015,33.35871,62.29492,1
2015,33.36579,43.95932,6
2015,33.36714,69.96431,1
2015,33.36722,68.43194,1
2015,33.36722,70.54768,1
2015,33.37083,43.74611,1
2015,33.37139,69.74333,1
2015,33.37172,74.31531,1
2015,33.37347,68.45772,1
2015,33.37536,43.8913,1
2015,33.37576,44.70287,26
2015,33.38046,43.91664,1
2015,33.38243,43.58763,6
2015,33.38358,43.58715,1
2015,33.38805,43.5317,15
2015,33.38817,43.91743,1
2015,33.39197,62.25782,1
2015,33.39379,43.44928,1
2015,33.39563,66.2282,1
2015,33.39781,43.70628,5
2015,33.39783,43.31498,1
2015,33.39906,43.48352,2
2015,33.40038,68.33786,1
2015,33.40306,43.91187,24
2015,33.40364,43.96186,1
2015,33.40375,43.9118,1
2015,33.40725,43.28719,1
2015,33.41116,66.22196,1
2015,33.41281,68.21905,1
2015,33.4146,43.45525,1
2015,33.41667,43.3,8
2015,33.41779,68.57308,1
2015,33.41982,43.29847,1
2015,33.42095,43.29566,84
2015,33.42183,68.57819,2
2015,33.42333,70.36889,3
2015,33.42536,66.20804,1
2015,33.42728,70.7374,1
2015,33.42744,70.73688,1
2015,33.43023,66.19611,1
2015,33.43024,70.4032,1
2015,33.4315,43.38442,1
2015,33.43198,66.21813,4
2015,33.43333,70.8273,1
2015,33.4338,43.96364,1
2015,33.43381,38.92288,1
2015,33.43509,66.21813,1
2015,33.43527,43.28115,1
2015,33.43528,43.28116,1
2015,33.43534,43.96156,1
2015,33.43589,69.03145,2
2015,33.43826,43.96272,5
2015,33.44038,43.32828,1
2015,33.44071,43.96989,1
2015,33.44379,70.90709,1
2015,33.4438,36.55564,1
2015,33.44389,70.11389,1
2015,33.44648,36.3345,1
2015,33.44716,43.34074,15
2015,33.44844,43.26757,4
2015,33.44977,43.29578,10
2015,33.45011,43.60422,1
2015,33.45331,43.37225,3
2015,33.45343,43.85914,2
2015,33.45355,68.88728,1
2015,33.45536,70.90765,1
2015,33.45611,43.34595,8
2015,33.45646,43.39287,1
2015,33.45715,36.23342,1
2015,33.459,70.99208,1
2015,33.46082,44.15743,31
2015,33.46278,44.42083,1
2015,33.46334,68.76163,1
2015,33.46372,70.4246,1
2015,33.46446,40.93503,1
2015,33.46507,68.53875,1
2015,33.46576,70.09113,1
2015,33.46595,70.08861,1
2015,33.46656,68.65009,1
2015,33.46733,43.23251,1
2015,33.46762,70.09088,1
2015,33.46802,43.32759,2
2015,33.46856,68.76319,1
2015,33.46936,68.76748,1
2015,33.47051,44.39349,1
2015,33.47389,69.07,1
2015,33.47472,71.4875,1
2015,33.48046,68.67502,1
2015,33.48417,62.39222,1
2015,33.48546,70.70429,5
2015,33.48954,43.22139,1
2015,33.49999,69.09871,1
2015,33.5009,44.21665,14
2015,33.50902,44.20248,7
2015,33.5103,70.05189,1
2015,33.51149,70.29638,1
2015,33.51203,44.21729,2
2015,33.51493,62.25854,3
2015,33.51524,36.29208,86
2015,33.51557,71.51329,1
2015,33.51722,70.80889,1
2015,33.51861,70.80222,1
2015,33.52116,64.41672,1
2015,33.52117,64.41662,6
2015,33.52889,71.05612,1
2015,33.52995,71.06001,1
2015,33.53012,69.13308,1
2015,33.53019,71.05982,1
2015,33.53287,70.35184,1
2015,33.53424,65.00085,2
2015,33.53577,74.9167,1
2015,33.53865,44.35166,1
2015,33.53906,36.36671,1
2015,33.54067,44.25127,25
2015,33.542,35.38115,5
2015,33.54235,44.36533,7
2015,33.54262,68.41533,26
2015,33.54288,68.48536,1
2015,33.54506,68.4174,2
2015,33.54609,-81.79898,1
2015,33.54667,68.41838,1
2015,33.54831,44.41574,33
2015,33.54991,68.41672,1
2015,33.55,68.41667,1
2015,33.55401,68.4148,1
2015,33.55502,68.3856,1
2015,33.5577,35.38478,1
2015,33.55793,67.27157,1
2015,33.55842,70.6961,1
2015,33.5615,36.36876,2
2015,33.5664,69.87792,1
2015,33.5671,68.69916,1
2015,33.56917,69.71777,1
2015,33.57311,-7.58984,1
2015,33.57349,44.54743,6
2015,33.58148,68.45795,1
2015,33.58322,63.68679,1
2015,33.58555,71.4477,1
2015,33.58618,44.18689,1
2015,33.58624,44.18703,1
2015,33.58953,63.69067,1
2015,33.58979,44.26698,2
2015,33.5906,71.44062,6
2015,33.59135,36.44105,1
2015,33.59401,73.06908,10
2015,33.59759,36.42926,1
2015,33.59863,69.229,5
2015,33.60306,71.40729,1
2015,33.60615,74.14279,1
2015,33.60722,36.31433,2
2015,33.61059,62.24228,1
2015,33.62248,68.42164,1
2015,33.62299,36.11203,1
2015,33.6339,42.83208,4
2015,33.63399,62.25672,1
2015,33.63895,70.12176,1
2015,33.6432,36.69044,1
2015,33.64542,75.01967,1
2015,33.64607,70.0874,1
2015,33.64997,44.26154,15
2015,33.65658,61.93328,1
2015,33.66353,44.37803,1
2015,33.66414,68.41527,1
2015,33.66435,44.37378,2
2015,33.66485,69.49488,1
2015,33.66667,44.3,7
2015,33.66693,68.62426,1
2015,33.66813,62.18216,1
2015,33.66969,44.38132,36
2015,33.67087,35.73733,1
2015,33.6714,36.12105,1
2015,33.67164,73.05606,6
2015,33.67325,44.36149,1
2015,33.6733,70.99188,1
2015,33.67839,61.97442,1
2015,33.67913,75.07139,1
2015,33.68059,74.84146,1
2015,33.68074,71.01738,1
2015,33.68074,74.88175,1
2015,33.68327,43.47326,8
2015,33.68506,75.21986,1
2015,33.68812,69.52612,3
2015,33.68849,68.40188,1
2015,33.68856,64.86477,2
2015,33.68864,70.33078,2
2015,33.68944,64.85306,1
2015,33.68979,45.06873,1
2015,33.69055,-116.14306,1
2015,33.69186,63.86383,1
2015,33.69258,68.91328,1
2015,33.6929,68.89158,1
2015,33.69299,69.34501,1
2015,33.69341,44.79608,3
2015,33.69369,70.33057,1
2015,33.69395,45.06742,9
2015,33.69569,45.06717,2
2015,33.69592,45.06817,1
2015,33.69597,70.33607,7
2015,33.69664,63.09277,1
2015,33.69921,70.33434,1
2015,33.69955,45.08342,1
2015,33.7,42.21667,1
2015,33.7003,70.32601,1
2015,33.70132,69.40067,1
2015,33.70394,70.32865,1
2015,33.70552,70.32865,1
2015,33.7062,69.38311,2
2015,33.707,69.36894,1
2015,33.71027,75.24153,1
2015,33.7129,70.33259,1
2015,33.717,44.67952,3
2015,33.717,74.83609,1
2015,33.71725,74.83471,1
2015,33.71806,70.82192,2
2015,33.71838,74.83593,1
2015,33.71996,70.36594,1
2015,33.72028,70.32944,1
2015,33.72129,74.83107,3
2015,33.72277,69.49453,1
2015,33.72441,66.12734,1
2015,33.72557,36.10446,2
2015,33.72576,36.12479,1
2015,33.72859,75.01448,1
2015,33.73083,70.97778,1
2015,33.73113,75.1487,1
2015,33.73143,75.14918,1
2015,33.73222,75.15792,1
2015,33.73344,75.0593,1
2015,33.73613,68.52347,1
2015,33.7371,44.4907,1
2015,33.74128,70.98474,1
2015,33.74324,44.62382,28
2015,33.74389,74.91074,1
2015,33.745,45.54562,4
2015,33.74772,70.9633,1
2015,33.74801,70.96293,1
2015,33.75,44.63333,1
2015,33.7514,44.58984,1
2015,33.75915,74.09024,1
2015,33.75936,74.80392,2
2015,33.76141,74.8033,1
2015,33.76699,74.09247,1
2015,33.77041,45.07347,1
2015,33.77084,68.3697,1
2015,33.7709,44.62475,1
2015,33.7714,72.7518,1
2015,33.77335,45.14945,9
2015,33.77436,68.37079,1
2015,33.77506,44.58035,2
2015,33.77631,44.55567,3
2015,33.77817,76.57617,1
2015,33.78082,72.72516,2
2015,33.78444,70.80722,3
2015,33.78725,44.66714,1
2015,33.78737,70.70792,1
2015,33.78756,44.66576,1
2015,33.78758,44.66868,2
2015,33.7895,75.10338,3
2015,33.79188,69.9114,2
2015,33.79222,42.44452,2
2015,33.79278,44.60556,1
2015,33.7939,42.44299,1
2015,33.79465,44.89258,2
2015,33.79646,71.55849,1
2015,33.79694,68.93458,1
2015,33.79694,68.9375,1
2015,33.79703,68.93442,1
2015,33.79711,68.93228,1
2015,33.80201,42.43827,1
2015,33.80339,35.86936,1
2015,33.80686,70.73451,1
2015,33.80986,69.91895,1
2015,33.81191,36.44485,1
2015,33.81227,36.15944,1
2015,33.81379,44.65724,2
2015,33.81423,68.33161,1
2015,33.81481,70.74743,2
2015,33.81506,42.7232,1
2015,33.81515,35.85326,1
2015,33.81552,68.3649,1
2015,33.81654,69.92548,1
2015,33.81667,44.2,1
2015,33.81752,70.65529,1
2015,33.81961,44.76792,1
2015,33.82321,71.89046,1
2015,33.82724,70.61739,3
2015,33.82751,75.07207,1
2015,33.83333,69.65,1
2015,33.83333,70.14278,1
2015,33.83563,44.24741,3
2015,33.83597,68.35532,1
2015,33.84094,44.2485,1
2015,33.84304,44.52194,2
2015,33.84347,35.49874,2
2015,33.84788,70.05578,1
2015,33.84862,44.52212,6
2015,33.8503,42.55,1
2015,33.85114,43.82096,1
2015,33.85133,75.02703,1
2015,33.85567,70.76562,1
2015,33.85667,44.65444,2
2015,33.85688,44.72077,1
2015,33.85844,43.86799,1
2015,33.86072,44.68387,1
2015,33.8625,45.28722,1
2015,33.8648,42.53638,37
2015,33.86584,36.41327,1
2015,33.87111,74.89617,1
2015,33.87661,75.07207,1
2015,33.8798,44.85408,2
2015,33.88159,68.64961,1
2015,33.88629,68.65405,1
2015,33.88663,68.63224,1
2015,33.88986,68.63879,1
2015,33.89056,62.40639,2
2015,33.8912,74.89271,1
2015,33.89453,70.79114,1
2015,33.89585,70.89215,1
2015,33.89799,70.10753,2
2015,33.89922,68.65241,1
2015,33.90113,68.71945,1
2015,33.90137,70.10353,1
2015,33.90281,68.64366,1
2015,33.90605,44.72455,2
2015,33.90702,68.64944,1
2015,33.90743,68.63333,1
2015,33.90771,42.54244,4
2015,33.91019,36.48806,1
2015,33.91036,68.65575,1
2015,33.9111,68.65583,1
2015,33.91114,68.66613,1
2015,33.91119,44.73594,1
2015,33.91408,68.65684,1
2015,33.91424,70.88204,1
2015,33.91758,71.56204,1
2015,33.91923,75.01462,1
2015,33.92116,71.48424,1
2015,33.92182,75.01403,1
2015,33.9221,70.89398,1
2015,33.92456,72.37995,1
2015,33.92472,68.65722,2
2015,33.92528,71.01861,1
2015,33.92659,44.77206,7
2015,33.93101,75.11421,1
2015,33.93361,70.85806,1
2015,33.93706,68.92581,3
2015,33.93728,68.92435,1
2015,33.94356,69.9615,1
2015,33.94527,44.34167,1
2015,33.94787,74.92987,1
2015,33.94857,44.91599,4
2015,33.94978,44.15267,1
2015,33.95,44.98333,1
2015,33.95,70.96306,1
2015,33.95161,74.74667,1
2015,33.95253,69.69557,1
2015,33.95316,44.9219,13
2015,33.95587,71.4967,1
2015,33.95658,-118.34446,1
2015,33.95754,71.57393,1
2015,33.95822,71.41654,1
2015,33.96222,68.92497,1
2015,33.96268,71.73138,1
2015,33.96556,71.46956,1
2015,33.96846,68.95017,1
2015,33.96875,68.9502,2
2015,33.96909,68.95098,3
2015,33.97034,68.94864,2
2015,33.97489,69.02681,1
2015,33.975,72.18231,1
2015,33.97631,71.43716,13
2015,33.97788,70.83879,1
2015,33.978,70.83887,1
2015,33.97828,44.93694,1
2015,33.97861,44.93694,1
2015,33.9787,44.93711,1
2015,33.98348,75.01396,1
2015,33.99271,68.70794,1
2015,33.99459,44.35727,3
2015,33.99472,45.01193,1
2015,33.99598,72.93676,2
2015,33.99705,44.86661,1
2015,33.99812,44.27612,2
2015,33.99975,71.40179,1
2015,33.99994,69.01953,1
2015,34.00067,69.023,1
2015,34.00231,72.12144,1
2015,34.00258,71.38248,13
2015,34.00434,69.21464,1
2015,34.006,71.53743,34
2015,34.00602,42.4216,1
2015,34.00721,71.98308,3
2015,34.00771,68.71401,7
2015,34.01023,74.91726,1
2015,34.01063,68.72074,1
2015,34.01139,71.7981,1
2015,34.0116,70.28657,1
2015,34.01255,36.17373,1
2015,34.01339,72.13273,1
2015,34.01373,69.01047,1
2015,34.01412,69.25778,2
2015,34.01455,69.19239,1
2015,34.01464,69.19192,1
2015,34.01498,71.58049,2
2015,34.01548,42.41052,1
2015,34.01614,69.02476,1
2015,34.01639,44.14528,3
2015,34.01645,64.52664,2
2015,34.0175,45.19639,1
2015,34.01917,72.48556,1
2015,34.01918,44.9965,1
2015,34.0211,71.28742,3
2015,34.02119,68.99954,14
2015,34.02135,71.6572,1
2015,34.02182,44.93351,1
2015,34.02298,71.29377,1
2015,34.02357,44.03136,5
2015,34.02385,71.26664,1
2015,34.02976,36.58405,2
2015,34.03222,63.76544,1
2015,34.03492,36.22784,4
2015,34.0352,68.5552,1
2015,34.03553,70.57409,3
2015,34.0364,45.01278,1
2015,34.03828,70.57358,1
2015,34.04527,74.73298,2
2015,34.04828,71.66084,1
2015,34.05167,68.44056,1
2015,34.0542,44.89323,3
2015,34.05711,44.21829,5
2015,34.05911,44.21591,1
2015,34.05926,70.46172,1
2015,34.06247,72.47605,1
2015,34.06371,70.66993,1
2015,34.06559,71.19367,1
2015,34.06799,44.94643,1
2015,34.0687,72.51605,1
2015,34.0705,70.69994,2
2015,34.07281,71.49116,1
2015,34.07857,44.95929,2
2015,34.08054,71.16877,1
2015,34.08196,70.6663,2
2015,34.08216,70.66738,6
2015,34.08217,70.66706,3
2015,34.08217,70.66738,1
2015,34.08218,70.66704,1
2015,34.08297,36.66517,1
2015,34.08374,74.7899,11
2015,34.08376,70.66749,1
2015,34.08526,42.36034,1
2015,34.08536,68.4908,1
2015,34.08686,71.73442,1
2015,34.08716,69.09411,1
2015,34.08968,68.57773,1
2015,34.09266,42.38547,1
2015,34.09506,64.90279,1
2015,34.09525,68.54969,1
2015,34.09643,64.9065,1
2015,34.09958,64.90596,2
2015,34.10207,71.47802,1
2015,34.10328,71.79627,3
2015,34.10428,74.61974,1
2015,34.1057,70.53043,1
2015,34.1065,68.57466,1
2015,34.10729,43.89581,1
2015,34.10741,73.48228,1
2015,34.1086,70.66668,1
2015,34.10862,65.07378,1
2015,34.10895,71.41273,1
2015,34.11032,71.16381,5
2015,34.1107,70.66712,1
2015,34.11178,68.5227,1
2015,34.11568,70.46365,1
2015,34.11694,70.46111,1
2015,34.11874,70.46117,1
2015,34.11928,72.02166,1
2015,34.12022,71.10124,1
2015,34.12176,42.40403,1
2015,34.12311,72.46901,2
2015,34.12479,43.88843,1
2015,34.12518,42.37416,1
2015,34.12991,44.21859,1
2015,34.13517,74.66295,1
2015,34.13928,42.37806,1
2015,34.13972,42.37806,2
2015,34.14028,70.59611,1
2015,34.14168,-117.29459,1
2015,34.14257,72.09343,2
2015,34.14333,63.78278,1
2015,34.14461,72.19048,1
2015,34.14658,71.74354,2
2015,34.14778,74.52765,1
2015,34.14943,71.74278,1
2015,34.14992,71.74259,1
2015,34.14999,71.7334,1
2015,34.15,71.74234,1
2015,34.15421,41.57238,7
2015,34.15556,70.59861,1
2015,34.15722,70.59599,1
2015,34.15725,70.61075,1
2015,34.15833,71.77333,1
2015,34.16059,42.37254,9
2015,34.16154,74.55309,5
2015,34.16463,69.63248,1
2015,34.165,68.79028,2
2015,34.16512,43.90539,1
2015,34.16522,69.6286,1
2015,34.16583,72.46111,1
2015,34.166,43.90552,6
2015,34.1666,72.46156,1
2015,34.16677,70.59891,1
2015,34.16838,43.32947,1
2015,34.16914,70.62126,2
2015,34.16993,70.62009,1
2015,34.17144,70.61836,1
2015,34.17183,70.62168,6
2015,34.17685,43.69915,2
2015,34.17907,61.69099,1
2015,34.17971,42.25237,1
2015,34.18205,71.55013,1
2015,34.1846,36.42401,17
2015,34.18611,70.255,1
2015,34.18611,71.91198,1
2015,34.19056,71.76538,2
2015,34.19136,-118.87557,1
2015,34.19204,42.49727,1
2015,34.19227,72.49904,1
2015,34.1925,43.88639,2
2015,34.19254,43.88642,3
2015,34.19418,69.98002,1
2015,34.19434,43.87456,1
2015,34.19472,43.80067,3
2015,34.19575,70.78639,5
2015,34.19655,70.16184,1
2015,34.19761,71.6028,1
2015,34.19829,62.22162,1
2015,34.1988,43.87331,2
2015,34.19899,62.22043,1
2015,34.19899,62.22073,1
2015,34.19978,62.14073,1
2015,34.19991,74.3505,1
2015,34.2,70.27806,1
2015,34.2005,43.88708,1
2015,34.20059,72.04844,2
2015,34.20842,43.89071,27
2015,34.21,69.10069,1
2015,34.21041,69.18022,1
2015,34.21148,74.3439,1
2015,34.21455,69.09923,1
2015,34.2148,69.09851,2
2015,34.21481,69.09851,1
2015,34.21506,71.02341,1
2015,34.21635,68.29517,2
2015,34.21646,71.71479,1
2015,34.21683,68.30406,1
2015,34.21729,71.56104,6
2015,34.21772,74.77197,1
2015,34.21861,68.30528,1
2015,34.22043,71.2262,1
2015,34.22177,71.56177,1
2015,34.22472,62.62917,1
2015,34.22561,72.15434,1
2015,34.22635,70.17206,1
2015,34.22774,37.24421,6
2015,34.22774,62.28124,1
2015,34.22789,62.32431,1
2015,34.23127,70.19356,1
2015,34.23148,62.68382,1
2015,34.232,70.94892,1
2015,34.2347,71.72803,1
2015,34.23512,69.98379,1
2015,34.2387,70.18272,2
2015,34.23938,74.65963,1
2015,34.24102,62.68658,1
2015,34.24178,70.18341,1
2015,34.24189,37.04668,3
2015,34.24222,71.56222,1
2015,34.24231,70.87443,1
2015,34.24254,70.91771,1
2015,34.24361,62.71472,1
2015,34.24824,72.35242,1
2015,34.24833,72.0875,1
2015,34.24873,70.31127,1
2015,34.25,70.01,1
2015,34.25159,70.71548,1
2015,34.2523,70.80242,1
2015,34.25494,62.86526,1
2015,34.25671,38.31657,1
2015,34.25696,62.85784,1
2015,34.2608,72.0994,1
2015,34.26242,44.18521,1
2015,34.26268,44.18481,1
2015,34.26315,70.78821,6
2015,34.26444,68.855,1
2015,34.26498,62.72665,1
2015,34.26508,70.73486,1
2015,34.2655,70.78512,1
2015,34.26659,70.75387,1
2015,34.26682,70.7772,1
2015,34.26742,70.78006,1
2015,34.26744,70.78508,1
2015,34.26775,65.20916,1
2015,34.26915,-88.73183,1
2015,34.26941,74.49948,1
2015,34.27104,45.16357,4
2015,34.27108,70.41347,1
2015,34.27403,44.54254,3
2015,34.27551,69.88231,1
2015,34.27611,71.38722,2
2015,34.27746,69.82825,1
2015,34.27778,62.61369,1
2015,34.27782,62.61423,1
2015,34.27882,69.82798,1
2015,34.2791,62.21886,1
2015,34.28091,62.6131,1
2015,34.2825,71.59875,1
2015,34.28259,63.01096,1
2015,34.28356,69.88356,1
2015,34.28434,69.87788,1
2015,34.28481,71.56971,1
2015,34.28586,74.46145,1
2015,34.28589,74.46154,1
2015,34.28704,72.16155,1
2015,34.28889,74.46371,12
2015,34.2901,43.85259,1
2015,34.29219,70.76545,1
2015,34.3008,45.10005,1
2015,34.30139,62.24639,2
2015,34.30139,70.32389,1
2015,34.30217,62.30268,1
2015,34.3045,70.653,1
2015,34.30727,62.32406,1
2015,34.31054,62.31664,1
2015,34.31176,62.29438,1
2015,34.31686,41.16026,1
2015,34.31702,70.62809,1
2015,34.31781,70.77225,3
2015,34.32002,71.399,2
2015,34.32276,71.39944,1
2015,34.32414,69.40839,1
2015,34.32518,45.05396,1
2015,34.32716,44.7266,1
2015,34.3286,62.44652,1
2015,34.32898,70.40749,1
2015,34.33056,74.46534,1
2015,34.33227,70.17472,1
2015,34.33259,73.20281,1
2015,34.33333,45.38333,1
2015,34.33388,73.20106,1
2015,34.33812,63.3681,3
2015,34.34031,63.75114,1
2015,34.3411,108.9412,1
2015,34.34134,71.37622,1
2015,34.34142,61.50193,1
2015,34.34421,68.23545,1
2015,34.34472,61.49306,1
2015,34.34586,71.3705,2
2015,34.34672,62.19732,20
2015,34.34722,63.73944,1
2015,34.35135,68.23853,1
2015,34.35185,70.95754,1
2015,34.35286,62.20403,1
2015,34.35376,67.91022,1
2015,34.35422,70.95468,1
2015,34.35942,68.84162,1
2015,34.36003,63.90703,1
2015,34.36019,74.47454,1
2015,34.36077,74.47381,1
2015,34.36317,68.7216,1
2015,34.3635,41.116,3
2015,34.36509,43.74522,5
2015,34.3654,74.38954,1
2015,34.3668,62.01682,1
2015,34.36714,68.76429,1
2015,34.36774,41.98528,1
2015,34.36833,70.31778,1
2015,34.36879,41.09447,1
2015,34.37022,68.77723,1
2015,34.37091,63.19328,1
2015,34.37091,63.19732,1
2015,34.37198,61.48218,1
2015,34.37327,43.76318,1
2015,34.37451,62.17487,1
2015,34.38162,62.17217,1
2015,34.3838,71.80659,1
2015,34.38582,67.02209,2
2015,34.38778,67.02137,1
2015,34.39125,71.98089,1
2015,34.39132,68.84024,1
2015,34.39631,35.89583,1
2015,34.39636,35.89583,2
2015,34.3968,68.86394,6
2015,34.39817,73.86117,1
2015,34.39852,70.27408,1
2015,34.39889,71.26444,1
2015,34.39928,74.28127,1
2015,34.39961,73.86263,1
2015,34.39965,73.86249,2
2015,34.39982,72.62749,1
2015,34.40583,70.36007,1
2015,34.40751,74.3531,1
2015,34.41668,70.30742,1
2015,34.41712,70.44959,37
2015,34.41808,70.64953,1
2015,34.42466,70.59843,1
2015,34.42741,62.21575,1
2015,34.43259,41.22972,4
2015,34.43327,68.81404,1
2015,34.43494,35.83628,1
2015,34.43622,70.4483,1
2015,34.43722,71.56278,1
2015,34.43808,35.83087,1
2015,34.43809,35.83084,1
2015,34.43921,70.49617,1
2015,34.44082,44.17203,1
2015,34.44362,61.79602,1
2015,34.44396,35.85403,1
2015,34.44767,35.86817,1
2015,34.45367,70.49977,1
2015,34.45379,70.48432,1
2015,34.454,70.48475,1
2015,34.45483,70.4843,2
2015,34.45889,43.79101,4
2015,34.46111,71.09917,3
2015,34.46379,70.49868,1
2015,34.46438,74.73788,1
2015,34.4644,70.48004,1
2015,34.46796,70.49149,1
2015,34.47078,65.06145,1
2015,34.47268,68.6678,9
2015,34.47324,43.73362,1
2015,34.47413,68.63948,1
2015,34.47515,70.36298,1
2015,34.47524,70.53228,1
2015,34.47574,68.65339,1
2015,34.47762,41.92077,1
2015,34.47938,68.66454,6
2015,34.4803,7.52233,1
2015,34.48134,43.74357,1
2015,34.48729,62.58594,1
2015,34.48972,72.96056,1
2015,34.4898,71.22797,1
2015,34.49083,62.60292,1
2015,34.49097,62.60209,1
2015,34.49132,62.60381,1
2015,34.49652,73.01582,1
2015,34.49838,74.19739,1
2015,34.50074,69.85153,1
2015,34.50406,71.90477,1
2015,34.50621,71.90299,1
2015,34.50887,71.2607,1
2015,34.51488,70.56978,1
2015,34.5169,69.14701,79
2015,34.52132,65.24924,2
2015,34.52366,65.28636,1
2015,34.52472,70.2825,1
2015,34.525,36.24167,1
2015,34.52601,37.62881,1
2015,34.52618,74.25461,2
2015,34.52691,43.70854,2
2015,34.53057,37.62765,1
2015,34.53297,71.27425,2
2015,34.53375,43.48374,15
2015,34.53462,71.27093,1
2015,34.53568,71.26848,1
2015,34.53594,44.50522,3
2015,34.53851,69.02683,1
2015,34.5472,36.42265,1
2015,34.55077,38.26876,1
2015,34.55083,71.47083,1
2015,34.55111,65.79278,1
2015,34.55144,37.8143,1
2015,34.55273,64.96284,1
2015,34.5548,71.05869,1
2015,34.55512,70.24217,1
2015,34.55525,71.05869,1
2015,34.5564,71.2575,5
2015,34.55834,69.03691,1
2015,34.55852,38.29367,14
2015,34.56071,71.5018,1
2015,34.565,44.51556,1
2015,34.56549,71.47743,1
2015,34.56667,37.48333,1
2015,34.56968,71.47739,1
2015,34.57135,71.3512,1
2015,34.57185,63.08726,1
2015,34.57188,71.46461,1
2015,34.57229,72.43759,1
2015,34.5754,36.08978,1
2015,34.5755,69.23454,1
2015,34.582,43.72495,4
2015,34.58207,37.28011,1
2015,34.58947,70.64512,1
2015,34.59094,68.95675,1
2015,34.59104,68.95737,1
2015,34.59114,68.95694,3
2015,34.59114,68.95764,1
2015,34.59139,71.23861,1
2015,34.59461,69.76059,1
2015,34.59971,43.68369,1
2015,34.59978,71.32225,1
2015,34.6,43.68333,2
2015,34.60004,43.68333,1
2015,34.60856,43.65432,1
2015,34.61051,43.6736,1
2015,34.61238,71.61478,1
2015,34.61468,71.1904,1
2015,34.62152,43.66838,27
2015,34.62158,43.67618,1
2015,34.62171,43.66084,1
2015,34.62409,43.66854,1
2015,34.63505,65.75609,1
2015,34.63742,69.71037,1
2015,34.64387,69.24468,1
2015,34.64394,72.03257,1
2015,34.64688,43.71425,2
2015,34.65028,71.22194,2
2015,34.65295,70.18966,1
2015,34.65392,61.2015,1
2015,34.65425,61.1988,1
2015,34.65458,61.19884,1
2015,34.65687,61.10969,2
2015,34.66021,69.24007,1
2015,34.66351,71.29169,1
2015,34.66654,72.5106,1
2015,34.66702,71.30852,2
2015,34.66761,38.60583,1
2015,34.66781,71.3347,1
2015,34.66808,71.33489,1
2015,34.66908,71.33674,1
2015,34.66952,71.30163,1
2015,34.67356,37.81622,1
2015,34.67422,43.54442,1
2015,34.67487,70.21344,5
2015,34.67597,43.5474,1
2015,34.68328,71.21629,1
2015,34.68403,72.1268,1
2015,34.68977,70.14558,1
2015,34.69278,71.68944,1
2015,34.70029,71.54514,1
2015,34.70122,70.71975,1
2015,34.7032,43.77771,1
2015,34.70595,43.69707,3
2015,34.70682,74.11162,1
2015,34.70731,70.74599,1
2015,34.70778,38.79024,1
2015,34.71056,71.45139,1
2015,34.71193,63.36792,1
2015,34.71693,70.28021,1
2015,34.7177,36.72282,15
2015,34.7183,70.73582,1
2015,34.72036,70.75923,1
2015,34.72403,36.71615,1
2015,34.72627,44.58491,2
2015,34.73083,36.70944,1
2015,34.73351,71.51966,1
2015,34.73439,71.52036,1
2015,34.73622,71.52594,1
2015,34.73624,71.32541,2
2015,34.73708,66.97534,1
2015,34.73841,71.52988,1
2015,34.73889,44.51306,2
2015,34.74032,71.51159,2
2015,34.74417,71.33833,4
2015,34.74601,62.60441,1
2015,34.747,71.33874,1
2015,34.75238,44.32484,1
2015,34.75327,71.0372,1
2015,34.75462,70.10089,1
2015,34.75473,72.29878,1
2015,34.75547,71.12319,1
2015,34.75944,71.65972,1
2015,34.76041,71.45306,1
2015,34.76228,71.14158,1
2015,34.76275,43.59641,1
2015,34.7632,71.40903,1
2015,34.76424,72.02001,1
2015,34.76548,72.32808,2
2015,34.7719,71.42775,1
2015,34.77448,72.36405,1
2015,34.78428,69.14936,1
2015,34.78941,71.46608,1
2015,34.79,71.10944,1
2015,34.79012,43.61148,1
2015,34.79066,44.66215,1
2015,34.79216,72.28428,1
2015,34.79513,71.4314,1
2015,34.79651,70.10091,1
2015,34.79724,69.70506,1
2015,34.80075,69.1468,1
2015,34.80149,71.40961,1
2015,34.80177,72.35661,1
2015,34.80392,71.79271,1
2015,34.80442,71.79338,1
2015,34.80508,71.46783,1
2015,34.80567,72.43954,1
2015,34.80902,70.36451,2
2015,34.81071,70.37191,1
2015,34.81272,69.4308,1
2015,34.81421,44.05799,1
2015,34.81444,71.77417,1
2015,34.81547,71.31993,1
2015,34.81939,69.1442,1
2015,34.82046,43.5503,3
2015,34.82191,71.3391,2
2015,34.82445,72.39452,1
2015,34.82634,71.28691,1
2015,34.83016,71.84278,1
2015,34.83403,71.12174,9
2015,34.83428,37.325,1
2015,34.83442,43.51513,8
2015,34.83528,70.35917,1
2015,34.83668,71.57321,1
2015,34.83825,73.24436,1
2015,34.83853,71.31708,1
2015,34.83862,62.87943,1
2015,34.84221,69.15593,1
2015,34.84222,70.10083,1
2015,34.84304,69.65686,1
2015,34.84324,69.15481,1
2015,34.84503,43.8621,1
2015,34.84569,69.21504,1
2015,34.84589,69.21908,1
2015,34.84608,69.21504,1
2015,34.84891,9.14293,1
2015,34.84896,69.65358,1
2015,34.8493,70.45101,1
2015,34.85143,9.14083,1
2015,34.85371,69.64997,1
2015,34.85457,71.23339,1
2015,34.85476,69.64933,1
2015,34.85511,69.64942,1
2015,34.8553,69.64946,2
2015,34.8555,69.65776,1
2015,34.85556,69.64944,1
2015,34.85667,69.64975,1
2015,34.85683,69.64931,1
2015,34.8569,71.42994,4
2015,34.85805,71.41804,1
2015,34.85838,71.43025,1
2015,34.85864,71.4313,1
2015,34.86364,63.64458,1
2015,34.86607,71.9553,1
2015,34.86665,71.43013,1
2015,34.86968,71.21582,2
2015,34.86994,62.50857,5
2015,34.87048,62.50668,1
2015,34.87089,63.45794,1
2015,34.87511,62.82432,1
2015,34.87566,71.152,6
2015,34.8775,71.15331,1
2015,34.87851,63.34024,1
2015,34.88003,71.52499,1
2015,34.8802,38.87342,1
2015,34.88073,44.61988,1
2015,34.88093,44.62085,2
2015,34.88093,44.62087,2
2015,34.88094,44.62084,1
2015,34.88096,44.62076,5
2015,34.88135,44.62513,20
2015,34.882,63.83766,1
2015,34.88338,69.71741,2
2015,34.8842,38.87252,2
2015,34.88494,43.49266,2
2015,34.88576,70.38001,1
2015,34.88591,71.18456,2
2015,34.88937,71.18049,1
2015,34.89,71.18,2
2015,34.89136,71.17961,1
2015,34.89278,36.87611,1
2015,34.89471,62.90684,1
2015,34.89639,69.72028,1
2015,34.8997,71.40767,1
2015,34.89976,43.4901,3
2015,34.90182,43.81035,1
2015,34.91093,71.1274,6
2015,34.91408,71.12666,1
2015,34.92006,69.81828,1
2015,34.92267,43.45628,2
2015,34.92272,43.48309,1
2015,34.92374,43.80869,2
2015,34.92449,43.80884,1
2015,34.92507,43.809,7
2015,34.92521,64.14785,1
2015,34.92551,64.14782,1
2015,34.92711,71.08931,1
2015,34.92716,71.27348,1
2015,34.92832,43.50146,1
2015,34.9284,43.46161,1
2015,34.92856,62.39933,1
2015,34.92863,43.49583,1
2015,34.92895,43.49306,1
2015,34.92916,43.49292,1
2015,34.92917,43.49306,12
2015,34.92917,43.49326,1
2015,34.93008,43.49285,2
2015,34.93016,43.4919,1
2015,34.93036,71.08857,1
2015,34.93071,72.41694,1
2015,34.93105,43.49114,1
2015,34.93336,43.41255,5
2015,34.93363,69.23539,1
2015,34.93385,69.2338,1
2015,34.93488,69.23272,1
2015,34.93513,71.27278,1
2015,34.93694,68.09864,1
2015,34.94045,69.26888,1
2015,34.94112,69.2623,1
2015,34.94114,69.2625,1
2015,34.94122,69.26276,1
2015,34.9413,69.26332,1
2015,34.9418,69.26125,1
2015,34.9427,69.26252,1
2015,34.94274,69.28333,1
2015,34.9441,69.27305,1
2015,34.94558,69.27332,1
2015,34.9508,43.49454,35
2015,34.95203,69.30314,1
2015,34.95262,72.33111,1
2015,34.9567,70.75236,1
2015,34.9569,70.75065,1
2015,34.95719,70.74994,1
2015,34.95796,70.38793,1
2015,34.95938,69.22785,2
2015,34.9599,70.7565,1
2015,34.9618,63.62074,1
2015,34.9631,68.81088,1
2015,34.96415,68.84699,1
2015,34.96416,71.26037,1
2015,34.96597,71.27823,1
2015,34.96725,68.81396,1
2015,34.96901,71.84677,1
2015,34.97075,62.19077,1
2015,34.97248,70.72954,1
2015,34.97856,70.09795,1
2015,34.98106,69.62146,1
2015,34.98528,70.73278,1
2015,34.98894,70.91121,2
2015,34.9923,71.41935,1
2015,34.99265,43.71974,1
2015,34.99418,71.42106,1
2015,34.99556,69.25611,1
2015,34.99608,71.42283,1
2015,34.99862,43.25458,1
2015,35.00298,69.59131,10
2015,35.00339,69.59617,1
2015,35.00608,68.85586,1
2015,35.00834,71.45086,1
2015,35.00958,69.16262,1
2015,35.01096,71.41021,1
2015,35.01279,37.05151,1
2015,35.01306,69.16889,1
2015,35.01578,40.45521,3
2015,35.01816,69.16899,1
2015,35.02274,70.71531,1
2015,35.02917,69.36306,1
2015,35.0325,43.64639,1
2015,35.03415,43.63283,4
2015,35.03506,43.64637,1
2015,35.03741,43.97273,1
2015,35.03755,63.29231,1
2015,35.03765,63.29266,2
2015,35.03936,71.36104,1
2015,35.04013,63.29084,2
2015,35.051,43.55946,1
2015,35.06472,69.29167,1
2015,35.06487,43.55161,5
2015,35.06571,-85.24878,2
2015,35.06583,69.4975,1
2015,35.08091,8.66006,1
2015,35.0845,44.32366,2
2015,35.0855,8.66879,1
2015,35.08747,44.32465,1
2015,35.09849,44.20753,1
2015,35.11806,71.22833,1
2015,35.12015,63.4621,1
2015,35.12345,65.08642,1
2015,35.12889,72.60583,1
2015,35.12915,64.99159,1
2015,35.1293,37.27509,1
2015,35.1353,44.08766,5
2015,35.13701,44.44664,2
2015,35.13805,69.34465,1
2015,35.14041,61.71152,1
2015,35.14317,44.4465,4
2015,35.14958,43.9247,1
2015,35.15989,44.30555,1
2015,35.16142,65.11447,1
2015,35.16707,71.46185,1
2015,35.16708,8.42109,1
2015,35.16713,63.76954,2
2015,35.16935,72.05006,1
2015,35.17006,63.76864,1
2015,35.1704,71.47762,1
2015,35.17738,71.4763,1
2015,35.17775,40.42515,1
2015,35.17953,40.42302,1
2015,35.18308,70.98658,1
2015,35.18833,44.14221,2
2015,35.18879,37.21158,2
2015,35.19019,70.99352,1
2015,35.19426,37.49184,1
2015,35.20723,72.54562,1
2015,35.20755,66.27115,1
2015,35.20799,-80.83044,1
2015,35.20886,71.52519,1
2015,35.21243,43.41117,1
2015,35.21456,71.52538,1
2015,35.21667,71.35,1
2015,35.22119,71.04978,1
2015,35.22411,71.53107,1
2015,35.22537,71.52863,1
2015,35.22647,71.53014,2
2015,35.22976,71.52958,1
2015,35.23375,115.48066,1
2015,35.23643,43.46681,1
2015,35.24333,8.75362,1
2015,35.24462,44.27549,4
2015,35.24739,37.50593,4
2015,35.26042,36.38312,1
2015,35.2656,44.31301,1
2015,35.27102,43.45808,6
2015,35.27208,43.91504,1
2015,35.27773,43.59431,1
2015,35.27777,43.59433,1
2015,35.27778,69.11333,1
2015,35.28716,43.99994,1
2015,35.28798,40.30886,1
2015,35.29048,36.34511,1
2015,35.29798,71.53818,1
2015,35.30205,71.5383,1
2015,35.30304,44.32993,5
2015,35.31405,70.86672,1
2015,35.31825,8.85222,1
2015,35.32139,64.81108,1
2015,35.32227,64.83709,1
2015,35.32482,43.76692,1
2015,35.32612,43.78081,8
2015,35.32616,43.77935,1
2015,35.32688,44.2445,4
2015,35.3292,43.94368,2
2015,35.33306,40.13874,5
2015,35.33874,25.14421,1
2015,35.34884,7.47169,1
2015,35.35376,64.58711,1
2015,35.35894,44.14592,2
2015,35.3595,43.66403,1
2015,35.36064,67.95155,1
2015,35.36116,70.851,1
2015,35.36505,40.14306,1
2015,35.37111,40.14011,1
2015,35.37792,71.95384,1
2015,35.38026,44.12255,1
2015,35.38898,44.2077,1
2015,35.38994,44.21728,1
2015,35.39547,9.19787,1
2015,35.40214,9.20644,1
2015,35.40238,8.1282,1
2015,35.40278,71.58417,1
2015,35.40976,71.33855,1
2015,35.41991,61.38477,1
2015,35.42111,44.02278,1
2015,35.42213,74.09653,1
2015,35.43273,36.49405,1
2015,35.43666,44.39526,1
2015,35.43809,73.93598,1
2015,35.44521,44.2821,3
2015,35.44827,36.24817,1
2015,35.45087,36.05416,2
2015,35.45172,44.09741,1
2015,35.45211,44.37546,21
2015,35.46558,44.38039,4
2015,35.46628,44.317,1
2015,35.46663,44.31581,1
2015,35.4699,44.12767,1
2015,35.47062,44.39575,8
2015,35.48078,71.32378,1
2015,35.48531,43.24103,1
2015,35.48583,43.24056,1
2015,35.48861,71.33086,1
2015,35.49203,72.52048,1
2015,35.4926,43.24012,1
2015,35.49318,44.63907,1
2015,35.49342,139.39746,1
2015,35.49487,72.52345,1
2015,35.49944,43.23489,4
2015,35.50472,6.07778,1
2015,35.5218,46.18359,1
2015,35.5288,35.79298,8
2015,35.53694,44.28194,1
2015,35.54615,9.07217,1
2015,35.56102,6.17391,1
2015,35.56248,64.46537,2
2015,35.56677,39.92061,1
2015,35.56701,45.3855,2
2015,35.56943,42.72302,1
2015,35.57125,64.42981,1
2015,35.5735,64.11236,1
2015,35.58238,35.90315,2
2015,35.59661,64.76659,1
2015,35.5981,64.76388,1
2015,35.59821,64.76366,4
2015,35.59911,36.92757,1
2015,35.61052,64.80921,1
2015,35.61785,68.68205,1
2015,35.61892,64.23456,1
2015,35.62877,5.90928,1
2015,35.62885,36.4588,1
2015,35.63167,65.27972,2
2015,35.6367,65.17728,1
2015,35.63771,36.21579,1
2015,35.64088,63.30995,1
2015,35.64109,63.3045,1
2015,35.64955,63.91133,2
2015,35.66694,66.10485,1
2015,35.67075,66.04635,4
2015,35.67218,36.13791,1
2015,35.67228,66.04399,1
2015,35.67293,44.07014,2
2015,35.67862,64.06003,1
2015,35.68299,64.05445,1
2015,35.68555,66.04089,1
2015,35.68638,64.29508,1
2015,35.68736,64.29343,3
2015,35.68739,64.29313,1
2015,35.6875,64.29845,1
2015,35.68912,139.74774,7
2015,35.69036,64.29343,1
2015,35.69778,36.60333,1
2015,35.69841,139.42339,1
2015,35.70049,139.48703,1
2015,35.71766,64.10468,3
2015,35.72526,71.2884,1
2015,35.72541,63.7891,1
2015,35.72556,63.78944,1
2015,35.73494,37.10307,1
2015,35.73554,37.10529,1
2015,35.73561,37.09396,1
2015,35.73657,37.10345,1
2015,35.73993,67.35524,1
2015,35.74688,69.36556,1
2015,35.74694,44.51722,1
2015,35.76015,68.92089,1
2015,35.76046,68.91818,1
2015,35.76148,68.9166,1
2015,35.76155,68.91722,5
2015,35.76417,35.98028,1
2015,35.7642,66.65093,1
2015,35.76626,68.91966,2
2015,35.76835,43.58897,1
2015,35.77034,36.53697,1
2015,35.77047,64.84535,1
2015,35.77438,43.57738,1
2015,35.77495,43.58102,1
2015,35.7752,68.682,1
2015,35.77566,43.57975,1
2015,35.77578,43.57989,1
2015,35.777,66.29393,2
2015,35.77887,65.83399,1
2015,35.77972,64.67656,1
2015,35.78281,36.59123,1
2015,35.79184,36.29502,1
2015,35.79813,43.29418,8
2015,35.80271,69.2879,1
2015,35.8043,69.28775,7
2015,35.80697,36.49654,1
2015,35.80856,36.62232,1
2015,35.81053,63.13463,4
2015,35.81139,36.475,1
2015,35.81298,69.28766,1
2015,35.8134,36.31994,9
2015,35.81397,36.60992,5
2015,35.81451,64.43551,1
2015,35.81667,65.86667,1
2015,35.81806,37.05833,1
2015,35.82232,10.63454,1
2015,35.82265,36.48481,1
2015,35.82278,68.45833,1
2015,35.82411,36.58689,1
2015,35.8256,10.6084,1
2015,35.82688,36.69572,1
2015,35.83306,43.43583,1
2015,35.83363,64.52509,1
2015,35.83433,64.52527,1
2015,35.83822,66.23483,1
2015,35.84007,65.23228,1
2015,35.84073,66.34196,1
2015,35.8464,64.5333,4
2015,35.85382,66.34905,1
2015,35.85524,36.67119,1
2015,35.85531,36.67156,1
2015,35.85759,64.50739,2
2015,35.86363,36.63439,1
2015,35.8638,36.63376,1
2015,35.86532,64.51825,2
2015,35.86944,43.4275,1
2015,35.87284,14.44273,1
2015,35.88059,43.3888,2
2015,35.8926,66.7794,1
2015,35.89307,10.59688,1
2015,35.90703,68.48864,1
2015,35.91222,65.02699,1
2015,35.91489,68.54707,3
2015,35.91715,68.54744,1
2015,35.92015,68.60563,1
2015,35.92016,74.30798,1
2015,35.92105,64.77454,6
2015,35.92222,36.31444,1
2015,35.92225,64.28456,1
2015,35.92542,68.63179,1
2015,35.92697,-79.03908,1
2015,35.92702,64.95686,1
2015,35.9288,36.63145,7
2015,35.93103,36.64178,3
2015,35.93108,36.63438,1
2015,35.93333,36.63333,2
2015,35.9387,68.64875,1
2015,35.93952,64.92417,1
2015,35.9438,68.70954,1
2015,35.94755,68.71033,18
2015,35.95152,39.00956,1
2015,35.95375,64.91258,1
2015,35.96069,67.27257,1
2015,35.96137,67.26588,1
2015,35.96545,38.04132,1
2015,35.96702,66.44203,1
2015,35.96933,-83.94941,1
2015,35.97598,67.57977,1
2015,35.98276,36.70465,9
2015,35.98689,65.85296,1
2015,35.9898,65.86149,1
2015,35.99009,36.67722,5
2015,35.99353,43.21973,2
2015,36.00165,65.36289,2
2015,36.00218,65.3628,1
2015,36.0036,68.66713,1
2015,36.02478,64.87307,1
2015,36.02971,65.84581,1
2015,36.03879,64.95334,1
2015,36.03972,37.3075,1
2015,36.04179,65.84275,1
2015,36.04327,43.49884,5
2015,36.04382,41.71584,1
2015,36.04506,41.71672,1
2015,36.05031,64.90318,1
2015,36.06091,68.59381,1
2015,36.06294,64.98881,1
2015,36.06408,69.10101,1
2015,36.06632,65.37589,1
2015,36.07269,64.83959,1
2015,36.07292,1.98815,1
2015,36.07956,64.90596,4
2015,36.08188,37.369,1
2015,36.08346,67.43259,1
2015,36.08928,64.85706,1
2015,36.09819,43.32877,1
2015,36.09846,64.86446,1
2015,36.10088,68.64367,1
2015,36.11667,66.05,1
2015,36.11696,64.86396,2
2015,36.11722,66.20806,1
2015,36.12003,66.05537,2
2015,36.12263,37.34056,1
2015,36.14575,65.44408,1
2015,36.16538,66.09094,2
2015,36.16948,36.58044,1
2015,36.17077,65.46368,1
2015,36.17147,68.75111,1
2015,36.17349,68.73536,3
2015,36.17547,45.13333,1
2015,36.17574,68.75361,1
2015,36.1765,68.74937,1
2015,36.17753,64.99943,1
2015,36.1789,68.74531,2
2015,36.18152,65.3427,1
2015,36.18222,8.71472,1
2015,36.18344,37.57985,1
2015,36.18388,64.87504,2
2015,36.18658,37.57649,1
2015,36.18664,37.58308,1
2015,36.18679,37.58292,1
2015,36.18731,42.22416,1
2015,36.19259,44.00462,3
2015,36.19333,65.3525,1
2015,36.19655,65.34632,1
2015,36.19687,65.34938,1
2015,36.19797,69.20673,1
2015,36.19859,65.34943,2
2015,36.19912,65.34389,1
2015,36.20172,37.14352,83
2015,36.2021,36.87346,1
2015,36.20473,65.05483,2
2015,36.20577,65.34884,1
2015,36.2065,37.16003,2
2015,36.20972,65.36329,1
2015,36.21159,65.36355,1
2015,36.21251,65.93101,1
2015,36.21731,65.93126,1
2015,36.21759,65.93187,1
2015,36.21766,65.93304,5
2015,36.2182,65.4594,1
2015,36.22139,65.92778,1
2015,36.22256,42.23695,1
2015,36.22458,69.14506,1
2015,36.22486,69.14371,1
2015,36.22509,69.14371,1
2015,36.22624,37.46814,2
2015,36.22706,64.82197,1
2015,36.22957,42.23624,7
2015,36.23839,64.86341,1
2015,36.23874,64.86369,1
2015,36.23902,36.65233,1
2015,36.24499,64.87826,3
2015,36.24677,64.84807,1
2015,36.24753,64.87403,1
2015,36.25237,37.08267,1
2015,36.2584,64.86699,1
2015,36.26693,68.01969,1
2015,36.26881,64.85092,1
2015,36.26917,43.37733,2
2015,36.26972,43.3775,1
2015,36.2748,68.80248,1
2015,36.27751,3.9864,1
2015,36.27844,37.0853,1
2015,36.28687,69.17876,1
2015,36.2968,36.7256,1
2015,36.30383,65.48208,2
2015,36.30889,66.77194,1
2015,36.31045,68.83388,2
2015,36.31145,65.48696,1
2015,36.31422,41.86244,1
2015,36.31939,41.86148,9
2015,36.32,41.86,1
2015,36.32239,41.8605,1
2015,36.32585,43.14578,1
2015,36.33022,68.75921,1
2015,36.33168,68.7689,1
2015,36.33401,68.7661,1
2015,36.33784,73.83777,1
2015,36.34721,37.09326,1
2015,36.35415,43.14357,52
2015,36.35665,43.164,1
2015,36.3584,65.86631,1
2015,36.36016,6.64243,1
2015,36.36266,37.01265,3
2015,36.36566,69.39429,1
2015,36.3662,37.51228,1
2015,36.36705,3.89544,1
2015,36.3735,66.88135,1
2015,36.37728,36.99361,2
2015,36.38166,3.89322,1
2015,36.38246,69.32582,1
2015,36.38588,38.8639,2
2015,36.38688,65.86552,1
2015,36.39173,41.14834,1
2015,36.39739,6.65831,1
2015,36.41197,64.89483,1
2015,36.41294,3.30946,1
2015,36.41996,69.36224,1
2015,36.42065,69.35927,1
2015,36.42084,69.35618,1
2015,36.42376,41.22437,1
2015,36.43023,65.82315,1
2015,36.43352,43.37275,1
2015,36.44749,43.35106,7
2015,36.45166,70.78664,1
2015,36.45273,70.79831,1
2015,36.46039,70.33105,2
2015,36.46482,65.81171,1
2015,36.46953,42.67058,4
2015,36.47147,42.10293,2
2015,36.47222,70.33167,4
2015,36.47297,37.09436,1
2015,36.48258,37.1971,6
2015,36.48318,37.19775,1
2015,36.48369,37.24676,1
2015,36.48615,42.41819,1
2015,36.4873,65.7909,1
2015,36.48838,65.7903,1
2015,36.49654,37.00346,1
2015,36.50359,40.74063,27
2015,36.50378,37.24827,1
2015,36.50637,70.81824,1
2015,36.51015,43.22348,1
2015,36.51092,68.90329,1
2015,36.51222,68.87599,2
2015,36.5336,65.7834,1
2015,36.5371,69.43078,1
2015,36.53858,43.23792,1
2015,36.55869,65.81041,1
2015,36.56648,37.21624,2
2015,36.58405,41.95196,1
2015,36.58544,37.04692,1
2015,36.58749,38.302,2
2015,36.58981,36.17228,1
2015,36.59122,36.96185,1
2015,36.59583,41.86611,1
2015,36.5987,43.10565,1
2015,36.60617,64.87201,1
2015,36.61253,40.75451,1
2015,36.627,42.82691,1
2015,36.6365,70.71628,1
2015,36.63932,40.35607,1
2015,36.64083,40.3675,1
2015,36.65727,40.37056,7
2015,36.65846,37.21278,1
2015,36.66296,66.01194,1
2015,36.66356,65.75134,1
2015,36.66419,65.75115,1
2015,36.66487,65.73909,1
2015,36.66501,65.752,1
2015,36.66837,68.88261,1
2015,36.67467,65.7484,5
2015,36.67778,66.67496,1
2015,36.68145,69.1149,1
2015,36.68216,69.11598,1
2015,36.68265,69.11247,1
2015,36.68426,70.9454,1
2015,36.69026,68.79677,1
2015,36.69439,71.14524,4
2015,36.69591,38.94673,4
2015,36.69778,68.79535,1
2015,36.69784,68.78184,1
2015,36.6985,38.2779,1
2015,36.70148,68.81555,1
2015,36.70578,68.87706,21
2015,36.70743,68.91484,1
2015,36.70993,67.1157,5
2015,36.71304,10.20946,1
2015,36.71377,37.11389,1
2015,36.71694,69.09833,1
2015,36.71712,68.87205,6
2015,36.71928,37.11557,1
2015,36.72219,68.93685,1
2015,36.72287,71.22525,1
2015,36.72516,70.81389,1
2015,36.72859,68.86807,15
2015,36.73182,70.83386,1
2015,36.73346,69.53776,2
2015,36.73421,65.79602,1
2015,36.73477,70.812,1
2015,36.74312,66.45144,1
2015,36.75445,70.84618,1
2015,36.75812,71.20298,1
2015,36.76111,71.18528,1
2015,36.76321,42.60254,2
2015,36.76944,66.48083,2
2015,36.78183,71.07654,13
2015,36.8,34.63333,1
2015,36.80398,42.09394,3
2015,36.8065,10.18153,1
2015,36.80667,3.81444,1
2015,36.80702,66.49894,1
2015,36.80929,10.13426,1
2015,36.81143,10.18421,1
2015,36.81145,71.07169,1
2015,36.81442,68.69325,1
2015,36.81445,66.34146,1
2015,36.81657,70.10077,1
2015,36.82014,68.68209,2
2015,36.84795,40.07062,4
2015,36.85172,40.0538,1
2015,36.85473,65.26336,1
2015,36.85694,38.34333,1
2015,36.85871,65.84927,1
2015,36.87743,70.46662,1
2015,36.88022,65.68108,1
2015,36.88358,71.0739,1
2015,36.8865,38.3502,6
2015,36.88782,65.67916,1
2015,36.88817,68.42932,1
2015,36.88995,68.41361,1
2015,36.89697,65.66586,3
2015,36.90126,66.18305,1
2015,36.9015,66.18317,1
2015,36.90275,68.62539,1
2015,36.90285,7.75499,1
2015,36.90804,66.18602,1
2015,36.91191,66.18578,1
2015,36.91656,34.89521,1
2015,36.91693,68.54581,1
2015,36.91944,66.38472,1
2015,36.92142,70.85359,1
2015,36.94794,65.11634,1
2015,36.95164,65.12654,1
2015,36.95486,65.12563,1
2015,36.955,65.12545,2
2015,36.96106,69.16608,1
2015,36.96534,37.51071,1
2015,36.9674,35.2588,1
2015,36.97559,38.4264,2
2015,36.98523,69.37938,1
2015,36.98912,66.81596,1
2015,36.99042,69.60756,1
2015,36.99043,44.32211,1
2015,36.99142,35.33083,3
2015,36.9931,35.27478,1
2015,36.99565,69.16,1
2015,36.99871,69.15686,2
2015,36.99947,70.89175,1
2015,36.99992,35.32147,1
2015,37.0,68.41667,2
2015,37.00178,68.42636,1
2015,37.00382,70.87132,1
2015,37.00542,70.87979,1
2015,37.00785,41.94992,1
2015,37.01033,66.82168,1
2015,37.0256,36.63073,1
2015,37.05336,41.22734,7
2015,37.05394,66.33338,1
2015,37.06061,71.10245,1
2015,37.06565,69.42114,1
2015,37.06575,69.42311,1
2015,37.06583,69.42111,1
2015,37.06663,71.13162,1
2015,37.06748,65.99098,1
2015,37.0676,69.42229,1
2015,37.06763,37.37315,1
2015,37.0683,69.42273,1
2015,37.06901,69.42404,1
2015,37.06964,41.214,4
2015,37.07002,41.21395,1
2015,37.0703,41.21378,1
2015,37.07088,41.21334,1
2015,37.07463,36.2464,1
2015,37.08018,41.22019,9
2015,37.08889,69.26391,1
2015,37.09897,35.14888,1
2015,37.10783,70.56756,2
2015,37.11035,68.84984,1
2015,37.1137,79.92241,1
2015,37.11384,79.922,1
2015,37.11416,79.92221,2
2015,37.11601,69.04407,1
2015,37.1175,69.13639,1
2015,37.11888,70.57646,1
2015,37.13214,69.8293,1
2015,37.14848,69.45686,1
2015,37.15114,41.32771,1
2015,37.158,69.44508,1
2015,37.17341,38.81797,1
2015,37.17704,38.79415,2
2015,37.18019,68.91582,2
2015,37.18148,68.91294,1
2015,37.18223,68.9131,1
2015,37.18258,68.91337,1
2015,37.18266,68.91715,1
2015,37.18354,68.91548,1
2015,37.18444,68.91444,2
2015,37.18561,68.91263,1
2015,37.1875,79.60722,1
2015,37.19207,40.5837,1
2015,37.19311,40.58704,1
2015,37.20056,70.81584,1
2015,37.21303,36.17626,1
2015,37.24672,43.61331,1
2015,37.24705,43.61157,1
2015,37.24763,42.47127,1
2015,37.24864,42.46932,6
2015,37.2487,42.4713,5
2015,37.2487,42.47136,1
2015,37.24872,42.4715,2
2015,37.25525,42.47437,1
2015,37.27986,42.46589,1
2015,37.28974,42.06775,1
2015,37.29929,44.57239,1
2015,37.30012,44.57141,5
2015,37.30039,44.57378,1
2015,37.30344,44.57696,4
2015,37.30373,44.57785,1
2015,37.3129,40.73395,1
2015,37.3237,65.73894,1
2015,37.32689,42.18766,2
2015,37.33116,42.18405,1
2015,37.33126,42.18401,2
2015,37.3313,42.18407,1
2015,37.33148,42.1859,1
2015,37.33235,42.18547,13
2015,37.3338,42.18544,1
2015,37.33917,69.5825,1
2015,37.34634,65.73546,2
2015,37.36105,42.01954,1
2015,37.36466,40.26794,2
2015,37.36639,44.08528,1
2015,37.3666,-120.41904,1
2015,37.37046,44.04105,1
2015,37.37336,44.08629,1
2015,37.37392,44.08618,1
2015,37.37477,44.08531,2
2015,37.37557,44.08762,2
2015,37.38256,69.45164,1
2015,37.38358,69.4377,1
2015,37.4181,41.26871,1
2015,37.41875,42.49183,6
2015,37.42068,41.35036,1
2015,37.42087,70.68253,1
2015,37.42128,42.51333,1
2015,37.42297,41.35591,1
2015,37.42558,34.87361,1
2015,37.42918,42.88313,2
2015,37.44245,42.111,1
2015,37.44518,42.85523,1
2015,37.44593,43.74498,2
2015,37.44669,43.71978,1
2015,37.44706,69.86614,1
2015,37.4586,44.30855,2
2015,37.45997,69.52612,2
2015,37.46484,42.3396,1
2015,37.46848,69.62216,1
2015,37.47048,69.62477,1
2015,37.49424,42.53122,1
2015,37.49479,65.80667,1
2015,37.49757,69.5021,1
2015,37.51823,42.45617,2
2015,37.51888,42.4542,1
2015,37.51897,42.45371,3
2015,37.5219,65.74089,1
2015,37.52324,65.74302,1
2015,37.52331,42.44921,1
2015,37.52415,42.45437,1
2015,37.52807,70.3802,2
2015,37.5389,42.4509,1
2015,37.54434,41.71676,1
2015,37.54603,41.72032,3
2015,37.54618,41.72038,2
2015,37.55649,44.29716,1
2015,37.56837,44.2875,2
2015,37.57035,44.28206,4
2015,37.57051,43.16409,1
2015,37.57165,44.28396,1
2015,37.57172,44.2823,1
2015,37.57242,44.28426,1
2015,37.57252,126.97564,1
2015,37.57267,44.28289,1
2015,37.60331,44.21277,1
2015,37.62145,78.28367,1
2015,37.65073,70.63666,1
2015,37.65415,43.13871,2
2015,37.66245,43.10823,2
2015,37.66985,70.55841,3
2015,37.72307,40.41712,1
2015,37.72691,-121.4523,1
2015,37.73993,39.31389,1
2015,37.76365,38.27726,1
2015,37.83742,41.36598,1
2015,37.84976,40.6685,1
2015,37.85022,40.66999,1
2015,37.88952,41.12928,3
2015,37.91033,40.24022,1
2015,37.91071,40.22599,1
2015,37.9125,40.2391,2
2015,37.92222,40.18438,22
2015,37.92497,40.21098,4
2015,37.9274,41.94198,1
2015,37.92756,41.94216,1
2015,37.93265,42.54761,1
2015,37.93496,42.54774,1
2015,37.93538,40.18557,2
2015,37.94223,41.93673,1
2015,37.95786,39.90723,1
2015,37.99749,23.76273,25
2015,38.00784,43.05896,1
2015,38.0246,42.08669,1
2015,38.03716,38.23483,1
2015,38.0476,44.0149,1
2015,38.0476,44.01545,1
2015,38.05604,44.01725,1
2015,38.05976,40.3886,12
2015,38.07955,40.25339,1
2015,38.10664,40.54269,2
2015,38.11976,23.86613,1
2015,38.13064,40.98331,1
2015,38.13509,39.45612,1
2015,38.14122,41.01281,8
2015,38.14266,41.01229,3
2015,38.14291,41.0075,2
2015,38.14664,41.00526,1
2015,38.1521,41.20279,1
2015,38.18643,42.5272,1
2015,38.19471,41.48877,1
2015,38.22807,40.3955,1
2015,38.23363,40.35742,1
2015,38.25234,40.78157,3
2015,38.26164,41.02899,1
2015,38.28051,40.51447,1
2015,38.28584,43.20845,1
2015,38.29428,39.69685,1
2015,38.29617,43.10769,1
2015,38.34728,36.81923,1
2015,38.35536,38.33352,1
2015,38.36794,43.71828,1
2015,38.38535,42.63572,1
2015,38.39565,27.13564,1
2015,38.40057,42.1095,1
2015,38.40605,40.39957,1
2015,38.41408,77.2458,1
2015,38.4209,43.24919,1
2015,38.45319,40.65206,6
2015,38.45843,40.64837,1
2015,38.46174,27.25095,1
2015,38.46266,27.2441,1
2015,38.49084,42.29493,1
2015,38.49166,43.37588,1
2015,38.49647,41.95835,1
2015,38.4981,44.31917,1
2015,38.50012,41.00986,1
2015,38.50072,43.37559,2
2015,38.50072,43.37572,1
2015,38.50121,43.37298,2
2015,38.502,42.28128,3
2015,38.50205,42.28131,1
2015,38.51602,44.23842,1
2015,38.5181,42.27984,1
2015,38.55219,68.76744,1
2015,38.56252,69.01669,1
2015,38.57247,39.83623,1
2015,38.64745,42.3555,1
2015,38.65231,42.4202,1
2015,38.6563,41.22918,1
2015,38.68171,40.68516,1
2015,38.72967,39.83604,1
2015,38.74495,40.38258,1
2015,38.8658,-77.14458,1
2015,38.86739,-104.7606,2
2015,38.88845,40.50115,1
2015,38.89597,22.4349,1
2015,38.91523,42.24458,1
2015,38.94465,41.77044,1
2015,38.94619,41.75389,1
2015,38.95548,42.27341,1
2015,38.96689,39.96088,1
2015,39.00241,40.60142,1
2015,39.00914,41.83959,1
2015,39.02297,39.60547,1
2015,39.02928,42.48101,1
2015,39.03115,43.3598,1
2015,39.06264,40.76961,2
2015,39.08708,39.38487,1
2015,39.09253,42.26639,1
2015,39.094,42.26762,1
2015,39.10519,42.26601,1
2015,39.10617,39.54826,4
2015,39.10647,39.54812,1
2015,39.10671,39.54525,4
2015,39.1309,41.48206,1
2015,39.14006,42.08824,1
2015,39.14196,43.91244,1
2015,39.14614,42.54096,1
2015,39.17379,41.45488,1
2015,39.174,41.45619,1
2015,39.18119,39.82767,1
2015,39.1916,40.37238,1
2015,39.23251,39.72596,1
2015,39.2366,39.22117,1
2015,39.24035,42.0969,1
2015,39.24134,9.18534,1
2015,39.26381,26.27905,1
2015,39.298,41.01437,2
2015,39.30736,39.43878,1
2015,39.31006,40.34905,2
2015,39.34957,39.20931,1
2015,39.35632,44.00511,1
2015,39.35704,39.21659,1
2015,39.35922,43.99967,1
2015,39.41448,44.37572,1
2015,39.4566,43.77565,1
2015,39.46616,75.98964,1
2015,39.47011,75.98976,1
2015,39.4865,39.89539,1
2015,39.53978,43.67207,1
2015,39.54037,43.67361,1
2015,39.54707,44.06878,3
2015,39.54972,-119.84829,1
2015,39.5647,109.74788,1
2015,39.64616,44.26148,1
2015,39.65401,44.79977,1
2015,39.67212,44.05033,1
2015,39.70276,42.14556,1
2015,39.74311,39.49925,1
2015,39.79995,42.6768,1
2015,39.90385,44.01502,1
2015,39.9055,41.26582,1
2015,39.91684,44.04464,1
2015,39.93077,32.76754,5
2015,39.97853,41.67367,1
2015,40.04005,42.16888,1
2015,40.13881,43.12285,1
2015,40.14194,43.11954,1
2015,40.16981,43.4534,1
2015,40.17857,44.53576,2
2015,40.18853,29.06096,1
2015,40.21789,29.19372,1
2015,40.3334,42.59048,3
2015,40.37076,42.64737,1
2015,40.4656,-3.69626,1
2015,40.61234,42.97675,1
2015,40.62066,22.952,1
2015,40.66318,42.38021,2
2015,40.69426,-73.93068,1
2015,40.79335,42.60953,1
2015,40.8941,38.80824,1
2015,41.00251,39.71734,1
2015,41.10618,28.68986,36
2015,41.14905,-81.36101,1
2015,41.32662,19.82087,1
2015,41.32943,19.82237,1
2015,41.33014,19.8166,1
2015,41.33054,19.82124,1
2015,41.36716,69.27249,1
2015,41.53676,-72.79436,1
2015,41.71672,44.78336,1
2015,41.76372,-88.29022,1
2015,41.83735,-87.6862,1
2015,41.89096,12.49007,2
2015,41.89539,48.33057,1
2015,41.91918,8.7384,1
2015,41.99152,20.94424,1
2015,41.99741,21.42818,1
2015,41.99755,21.42807,1
2015,42.00092,81.53283,1
2015,42.01684,9.40398,1
2015,42.01702,9.40401,1
2015,42.05,48.3,1
2015,42.05054,48.29936,2
2015,42.13541,24.74529,1
2015,42.21366,21.5179,1
2015,42.27488,-85.58818,1
2015,42.31564,-71.09091,1
2015,42.48595,2.74883,1
2015,42.56089,46.17325,1
2015,42.60036,2.97071,1
2015,42.64054,20.36859,1
2015,42.69876,23.3214,1
2015,42.70706,47.56368,1
2015,42.81626,74.63668,1
2015,42.82228,47.1166,1
2015,42.82767,19.52294,1
2015,42.85556,47.18722,1
2015,42.87232,74.5858,1
2015,42.87472,74.61222,1
2015,42.91648,20.69026,1
2015,43.01917,3.04942,1
2015,43.0625,44.82083,1
2015,43.06495,17.7093,1
2015,43.14347,45.90429,1
2015,43.19983,46.09174,1
2015,43.201,46.86386,1
2015,43.22317,-123.35191,1
2015,43.24855,46.59784,1
2015,43.31719,5.3901,2
2015,43.36369,45.68426,1
2015,43.38678,-1.67545,1
2015,43.40517,44.8203,1
2015,43.4441,17.85997,1
2015,43.47146,46.75402,1
2015,43.47577,5.16731,2
2015,43.59825,-79.66018,1
2015,43.59916,46.77642,1
2015,43.643,0.58762,1
2015,43.69726,7.27051,1
2015,43.7252,-79.38703,1
2015,43.79302,87.6277,1
2015,43.87832,18.31434,1
2015,43.92508,2.14864,1
2015,43.94927,2.21134,1
2015,44.31144,-78.34888,1
2015,44.38623,19.10065,1
2015,44.38936,-79.69033,1
2015,44.44372,18.1451,1
2015,44.49489,11.34262,1
2015,44.52119,44.66722,1
2015,44.77392,34.59689,1
2015,44.96351,-93.26783,1
2015,45.18396,15.82834,1
2015,45.46921,9.17451,1
2015,45.50169,-73.56726,1
2015,45.54155,10.2118,1
2015,45.64173,5.12471,1
2015,45.69234,5.909,1
2015,45.98946,4.72444,1
2015,46.02947,34.54548,1
2015,46.03095,34.54318,2
2015,46.16662,34.79995,1
2015,46.18545,30.34149,1
2015,46.30167,30.65694,1
2015,46.36583,33.53215,1
2015,46.4218,30.71886,1
2015,46.42964,30.76809,1
2015,46.43585,30.73274,1
2015,46.43687,30.73621,1
2015,46.4723,30.75435,1
2015,46.47286,30.74011,1
2015,46.47301,30.73876,1
2015,46.4767,30.74844,1
2015,46.47708,30.74324,1
2015,46.48045,30.73396,1
2015,46.4819,30.72605,1
2015,46.48209,30.72349,1
2015,46.48253,30.72331,2
2015,46.4829,30.72542,1
2015,46.48458,30.7326,1
2015,46.48461,30.71552,1
2015,46.48647,30.72083,1
2015,46.48738,30.72647,1
2015,46.49264,30.70303,1
2015,46.49272,30.7049,1
2015,46.49819,30.71676,1
2015,46.4984,30.71638,1
2015,46.57633,30.79478,1
2015,46.58022,0.34038,1
2015,46.59456,30.48463,1
2015,46.63542,32.61687,3
2015,46.63981,32.62154,1
2015,46.73399,-117.16698,1
2015,46.8533,35.36,1
2015,46.96291,31.99467,1
2015,47.00884,34.55597,1
2015,47.05461,37.57378,1
2015,47.07406,37.51573,1
2015,47.09469,37.54432,1
2015,47.0951,37.81472,2
2015,47.09694,37.54925,1
2015,47.0971,37.54346,1
2015,47.09764,37.81962,1
2015,47.09802,37.563,1
2015,47.09805,37.81532,1
2015,47.09806,37.81028,35
2015,47.09824,37.81095,1
2015,47.09869,37.81888,6
2015,47.099,37.81801,6
2015,47.10453,37.44615,1
2015,47.1082,37.75056,1
2015,47.12669,37.75244,2
2015,47.128,37.75448,1
2015,47.17218,37.81696,1
2015,47.17387,37.69136,1
2015,47.17556,37.81889,1
2015,47.205,37.75278,1
2015,47.2052,37.75185,1
2015,47.20529,37.75942,1
2015,47.2575,37.7425,1
2015,47.25969,37.74378,1
2015,47.26187,37.74476,1
2015,47.31281,37.80251,3
2015,47.31326,37.80356,1
2015,47.31498,37.80611,1
2015,47.315,37.80611,3
2015,47.31502,37.80608,4
2015,47.35466,36.99895,1
2015,47.40342,37.73619,1
2015,47.41972,37.69611,1
2015,47.42028,37.69863,1
2015,47.45361,37.8675,2
2015,47.45712,37.86423,1
2015,47.45956,37.86552,1
2015,47.49791,19.04024,1
2015,47.50121,37.83047,1
2015,47.52777,37.67162,1
2015,47.53964,37.77642,1
2015,47.53964,37.7769,1
2015,47.54012,37.7769,8
2015,47.56725,34.3949,1
2015,47.59512,37.48316,1
2015,47.59533,37.48307,1
2015,47.59699,37.498,1
2015,47.60084,37.49664,1
2015,47.63837,37.69234,1
2015,47.65945,33.71667,2
2015,47.70889,37.57455,1
2015,47.76581,37.58095,1
2015,47.76864,37.58144,1
2015,47.7703,37.58222,1
2015,47.77333,37.58139,1
2015,47.79255,1.06534,1
2015,47.805,37.57667,1
2015,47.82786,37.65282,5
2015,47.83498,37.64952,1
2015,47.85404,37.49071,1
2015,47.92178,-97.08852,1
2015,47.94201,37.50409,3
2015,47.94217,37.50418,1
2015,47.94229,37.50403,8
2015,47.94232,37.50403,1
2015,47.94533,37.61724,1
2015,47.94596,37.69082,1
2015,47.94688,37.69217,1
2015,47.95857,37.77926,1
2015,47.95894,37.77853,1
2015,47.96332,37.44045,1
2015,47.96906,0.20315,1
2015,47.97322,37.8077,2
2015,47.98552,37.2745,2
2015,47.99154,37.79549,1
2015,47.99892,37.5837,1
2015,47.99964,37.51405,1
2015,48.00032,37.77921,1
2015,48.00327,37.80802,2
2015,48.00402,37.81131,1
2015,48.00668,37.51144,1
2015,48.0068,37.51258,1
2015,48.00799,37.5101,1
2015,48.00896,37.81175,1
2015,48.00934,37.50915,2
2015,48.01049,37.8036,1
2015,48.01189,37.80821,1
2015,48.01464,37.79809,1
2015,48.0152,37.74311,1
2015,48.01582,37.80284,1
2015,48.01588,37.80285,2
2015,48.01588,37.80309,1
2015,48.01597,38.65347,1
2015,48.01603,37.80299,1
2015,48.01612,37.80572,1
2015,48.0211,37.74583,1
2015,48.02779,37.37522,1
2015,48.04645,37.77873,1
2015,48.05284,37.79212,1
2015,48.05355,37.37034,1
2015,48.06209,37.67514,1
2015,48.06217,37.75308,1
2015,48.06222,37.675,21
2015,48.06224,37.67488,1
2015,48.06295,37.7224,1
2015,48.06319,37.67666,1
2015,48.06434,37.67413,5
2015,48.06606,37.67035,1
2015,48.06725,37.67122,6
2015,48.06747,37.67164,1
2015,48.06852,37.74271,1
2015,48.06878,37.74381,1
2015,48.06879,37.74201,1
2015,48.06891,37.74182,1
2015,48.06897,37.74304,2
2015,48.06901,37.74185,2
2015,48.06964,37.74205,1
2015,48.06968,37.74175,1
2015,48.09536,37.67179,1
2015,48.09552,37.67154,1
2015,48.09612,37.7228,2
2015,48.09618,37.67229,1
2015,48.09627,37.674,1
2015,48.09698,37.72339,1
2015,48.09739,37.77346,1
2015,48.09842,37.59605,1
2015,48.10034,37.65076,1
2015,48.10455,36.94062,1
2015,48.13596,37.54447,1
2015,48.1366,37.74913,1
2015,48.13661,37.74908,1
2015,48.13724,37.64588,2
2015,48.14438,37.7487,1
2015,48.14517,37.74501,1
2015,48.14519,37.74509,1
2015,48.14519,37.74521,1
2015,48.14525,37.7463,2
2015,48.14528,37.745,12
2015,48.1453,37.74447,1
2015,48.1454,37.74539,1
2015,48.14547,37.74501,1
2015,48.14612,37.74842,2
2015,48.15646,38.44927,1
2015,48.1666,37.70303,1
2015,48.16746,37.7045,3
2015,48.17116,37.70352,1
2015,48.18703,38.33844,1
2015,48.2183,38.20353,1
2015,48.22564,37.71593,1
2015,48.23997,38.52269,1
2015,48.24,38.52278,3
2015,48.25189,38.41282,1
2015,48.25196,38.3234,1
2015,48.25806,37.13278,1
2015,48.25972,37.85778,1
2015,48.26364,37.86379,1
2015,48.26722,37.64278,1
2015,48.2858,38.54584,1
2015,48.29186,25.93611,1
2015,48.3071,38.02963,7
2015,48.30732,38.04043,1
2015,48.309,38.02772,1
2015,48.31413,37.98698,2
2015,48.31708,38.27074,1
2015,48.32364,38.51459,1
2015,48.3241,38.51299,2
2015,48.32805,38.5071,2
2015,48.32924,38.49038,1
2015,48.32963,38.50083,2
2015,48.32974,37.84019,1
2015,48.33303,37.84098,1
2015,48.33326,38.40003,1
2015,48.33334,38.4,2
2015,48.33462,38.40181,3
2015,48.33747,38.4125,1
2015,48.33846,38.40266,4
2015,48.3437,38.40679,1
2015,48.35687,37.9268,1
2015,48.36028,37.92778,3
2015,48.36397,38.42097,1
2015,48.36416,38.35462,1
2015,48.36771,38.35265,1
2015,48.36796,38.3533,1
2015,48.3702,10.89747,1
2015,48.37578,37.9073,1
2015,48.38083,37.93361,1
2015,48.38318,38.13877,1
2015,48.39444,38.02944,1
2015,48.39585,37.97454,1
2015,48.39594,37.97331,3
2015,48.39625,37.97333,1
2015,48.39729,37.85524,1
2015,48.39887,37.97147,2
2015,48.39998,37.83338,1
2015,48.40035,37.83336,1
2015,48.40116,38.08582,1
2015,48.418,38.03109,1
2015,48.418,38.03112,1
2015,48.43354,38.22365,1
2015,48.43468,38.22043,4
2015,48.43578,38.22089,1
2015,48.43583,38.25644,1
2015,48.43889,38.81944,1
2015,48.44138,38.25399,1
2015,48.44142,22.72078,1
2015,48.46415,38.20373,1
2015,48.46472,35.04618,2
2015,48.4648,35.04639,1
2015,48.46533,38.2741,1
2015,48.46607,38.20793,1
2015,48.47824,8.94253,1
2015,48.52389,38.37583,3
2015,48.52653,38.37367,1
2015,48.53049,25.04125,1
2015,48.53643,38.37552,1
2015,48.54897,39.49403,1
2015,48.55417,38.01694,9
2015,48.55428,38.01751,1
2015,48.55683,38.01752,1
2015,48.55701,38.01879,2
2015,48.56885,39.30892,1
2015,48.57404,39.30782,4
2015,48.58381,38.35724,1
2015,48.59867,37.99804,4
2015,48.59957,39.62735,1
2015,48.59988,39.62746,1
2015,48.60528,39.59648,1
2015,48.61731,37.89629,1
2015,48.61822,37.89941,1
2015,48.62071,37.8995,3
2015,48.63099,38.37236,1
2015,48.63119,39.49077,1
2015,48.63273,38.3754,1
2015,48.63283,38.37939,1
2015,48.63304,38.37946,1
2015,48.63316,38.38036,1
2015,48.63333,38.38,2
2015,48.6346,38.37801,4
2015,48.64098,39.49037,1
2015,48.65703,11.46785,1
2015,48.65912,39.47387,1
2015,48.65955,39.48214,1
2015,48.66012,39.4772,1
2015,48.66119,39.47414,1
2015,48.66229,39.47147,1
2015,48.6627,39.47152,7
2015,48.66374,39.46584,2
2015,48.66499,39.47183,1
2015,48.66667,39.46667,3
2015,48.66709,39.45058,1
2015,48.67056,39.47222,3
2015,48.67194,39.53833,1
2015,48.67219,39.57185,1
2015,48.67267,25.49608,1
2015,48.67506,39.54076,1
2015,48.67657,39.57392,1
2015,48.68108,39.51706,1
2015,48.69286,38.51464,5
2015,48.69289,38.5142,1
2015,48.69295,38.51512,1
2015,48.69301,38.51454,1
2015,48.69327,38.51464,1
2015,48.69576,38.98449,1
2015,48.69588,38.52236,1
2015,48.69635,38.51652,1
2015,48.6974,38.67875,1
2015,48.70454,37.62806,1
2015,48.70567,38.6064,1
2015,48.7065,38.60551,1
2015,48.70685,38.60651,1
2015,48.71256,38.70512,1
2015,48.7135,38.69521,1
2015,48.71556,38.68931,1
2015,48.71779,39.67349,1
2015,48.72167,39.18389,1
2015,48.7225,38.56389,1
2015,48.72267,38.56196,1
2015,48.72451,37.60518,1
2015,48.72528,38.6325,1
2015,48.72552,38.63234,2
2015,48.72579,38.63281,2
2015,48.73266,38.49581,1
2015,48.73323,39.2333,6
2015,48.7333,39.2333,10
2015,48.7334,39.2333,1
2015,48.73444,38.49528,1
2015,48.73725,39.2312,1
2015,48.73745,39.22998,1
2015,48.73781,39.22754,3
2015,48.73798,39.22841,1
2015,48.73839,39.23071,1
2015,48.73907,38.49945,1
2015,48.74018,37.5806,1
2015,48.74019,39.23219,1
2015,48.74069,37.59377,1
2015,48.74343,37.58842,1
2015,48.74611,38.86861,6
2015,48.74627,38.81102,1
2015,48.74742,39.26399,1
2015,48.7479,38.7998,1
2015,48.751,38.78438,1
2015,48.75147,38.78984,1
2015,48.75167,38.7875,1
2015,48.75196,38.79192,1
2015,48.7525,38.78869,1
2015,48.75251,38.78889,1
2015,48.75277,38.78742,1
2015,48.75688,38.96173,1
2015,48.75691,38.96182,4
2015,48.75696,38.96169,1
2015,48.77139,38.89389,1
2015,48.78357,38.56558,1
2015,48.78392,38.57184,1
2015,48.78812,39.3073,2
2015,48.78975,2.2873,1
2015,48.79249,2.35985,1
2015,48.79996,9.80454,1
2015,48.80485,39.26796,1
2015,48.81531,2.31649,1
2015,48.82977,38.3635,1
2015,48.84102,37.64628,1
2015,48.84259,39.46262,1
2015,48.85353,39.84575,1
2015,48.85515,39.84521,1
2015,48.85664,2.34233,7
2015,48.87109,38.56347,1
2015,48.8736,38.7969,1
2015,48.88905,10.47361,1
2015,48.88964,10.47388,1
2015,48.90661,38.44336,1
2015,48.90697,38.42217,1
2015,48.91664,38.40006,1
2015,48.91667,38.4,1
2015,48.92263,24.71112,1
2015,48.92911,9.47663,1
2015,48.92956,2.35924,3
2015,48.96388,39.00583,1
2015,48.96389,39.00583,1
2015,49.06208,2.69931,1
2015,49.14756,7.20344,1
2015,49.18398,37.80042,1
2015,49.37664,3.32342,1
2015,49.37778,40.13056,1
2015,49.39875,8.67243,1
2015,49.41548,38.15689,1
2015,49.42076,8.39003,1
2015,49.45136,35.12981,1
2015,49.59973,8.4666,1
2015,49.6448,8.68295,1
2015,49.65858,37.64628,1
2015,49.73253,12.18202,1
2015,49.75865,9.51286,1
2015,49.79521,37.00849,1
2015,49.8247,24.00382,1
2015,49.83019,23.94744,1
2015,49.83036,24.03176,1
2015,49.83968,24.02972,1
2015,49.84803,24.02414,1
2015,49.86144,24.00954,1
2015,49.8647,24.01648,1
2015,49.88921,36.25183,1
2015,49.93379,36.24228,2
2015,49.9603,36.31791,1
2015,49.98997,36.23211,1
2015,49.9902,36.23111,1
2015,49.9935,36.23038,2
2015,49.9937,36.23052,1
2015,49.99406,36.23086,2
2015,50.00498,36.33702,1
2015,50.00888,36.24594,1
2015,50.03622,36.23078,1
2015,50.05295,30.76671,1
2015,50.07554,14.4378,2
2015,50.13363,14.37656,1
2015,50.28423,36.93294,1
2015,50.29058,2.77671,1
2015,50.36936,33.98666,1
2015,50.4201,2.94722,1
2015,50.42974,30.44365,1
2015,50.43123,30.65245,1
2015,50.43605,12.70819,1
2015,50.44323,30.52722,5
2015,50.44715,30.53728,1
2015,50.44776,30.52422,1
2015,50.44978,30.52313,1
2015,50.45001,30.5233,1
2015,50.4501,30.5234,1
2015,50.45044,30.52294,1
2015,50.46551,30.52264,1
2015,50.47205,30.44921,1
2015,50.47927,30.46055,1
2015,50.50156,13.63291,1
2015,50.50667,30.49793,1
2015,50.55333,30.21352,1
2015,50.55789,12.95195,1
2015,50.61929,26.25193,1
2015,50.6206,26.24798,1
2015,50.74693,25.32538,1
2015,50.7991,13.3219,1
2015,50.86669,13.32366,1
2015,50.9077,34.7981,1
2015,50.92705,11.58924,1
2015,50.94567,6.97322,1
2015,50.96252,13.94192,1
2015,50.96354,10.06679,1
2015,50.97714,10.7886,1
2015,50.99312,12.43666,1
2015,51.00076,13.65099,1
2015,51.00087,13.65124,2
2015,51.00681,13.80427,1
2015,51.0132,13.81127,1
2015,51.05449,13.73528,1
2015,51.05905,12.18349,1
2015,51.16302,13.48789,1
2015,51.2007,12.38704,2
2015,51.26837,10.69982,1
2015,51.2846,10.73547,1
2015,51.28752,27.20187,1
2015,51.30115,7.67156,1
2015,51.34224,12.37477,1
2015,51.3758,-2.3599,1
2015,51.42636,10.09389,1
2015,51.44467,7.36778,1
2015,51.48864,-2.62352,1
2015,51.50438,-0.14004,3
2015,51.5254,4.48237,1
2015,51.90647,-8.50558,1
2015,51.90785,-8.50479,1
2015,51.90916,-8.4972,1
2015,51.90922,-8.49734,1
2015,51.91207,4.34944,1
2015,51.93436,-8.56696,2
2015,51.96066,7.62614,1
2015,52.02964,8.53238,1
2015,52.06631,9.58714,1
2015,52.1173,11.62689,1
2015,52.1485,10.00632,1
2015,52.27214,-8.50863,1
2015,52.31719,9.96728,1
2015,52.37589,9.73201,1
2015,52.50153,13.40185,7
2015,52.51136,-8.60853,1
2015,52.51694,4.78272,1
2015,52.58697,-2.12882,1
2015,52.59594,14.2389,1
2015,52.60517,12.87414,1
2015,52.66124,-8.62301,1
2015,52.99196,-6.98571,1
2015,53.05788,-6.70164,1
2015,53.15218,-7.83476,1
2015,53.15906,-6.90931,1
2015,53.25702,13.15425,1
2015,53.29023,-6.13815,2
2015,53.31914,-3.49163,1
2015,53.36167,-6.24548,5
2015,53.38677,-6.37717,1
2015,53.43139,-7.93823,1
2015,53.46656,10.30907,1
2015,53.54442,-7.6986,1
2015,53.55649,9.91012,1
2015,53.71608,-6.35016,1
2015,53.79598,-1.7594,1
2015,53.86547,10.68656,1
2015,53.89823,11.45206,1
2015,53.9181,13.24162,1
2015,53.92373,12.34611,1
2015,53.97654,-7.29966,1
2015,53.99385,-6.39659,2
2015,54.07772,-6.60806,1
2015,54.08579,13.86472,1
2015,54.12469,-8.00201,1
2015,54.18305,-6.34139,1
2015,54.19316,9.13236,3
2015,54.35371,-6.77032,1
2015,54.44712,-6.6931,1
2015,54.46337,-6.3286,1
2015,54.51646,-5.88972,1
2015,54.55342,-6.00331,2
2015,54.60771,-5.95621,45
2015,54.60848,-5.95583,1
2015,54.62332,-5.81317,1
2015,54.66617,-5.97753,1
2015,54.68722,-5.96575,1
2015,54.71322,-5.81249,1
2015,54.72919,-6.2204,1
2015,54.75693,-7.41824,1
2015,54.79374,9.447,1
2015,54.81916,-7.46791,5
2015,54.85107,-6.37187,1
2015,54.85116,-6.37185,1
2015,54.85647,-5.81026,1
2015,54.86509,-6.27247,1
2015,54.89069,-7.02121,1
2015,54.92941,-6.91757,1
2015,54.92943,-6.91752,1
2015,54.96908,-7.19584,1
2015,54.97169,-7.28482,1
2015,54.99593,-6.87742,1
2015,55.01156,-7.31204,19
2015,55.0232,-7.17884,1
2015,55.07114,-6.51315,3
2015,55.12371,-6.47747,1
2015,55.13165,-6.67137,1
2015,55.13666,-6.66828,1
2015,55.16627,-6.29597,1
2015,55.20143,-6.25518,1
2015,55.20506,-6.52346,1
2015,55.425,12.96667,1
2015,55.56032,13.02018,1
2015,55.6345,13.07441,1
2015,55.67256,12.50629,4
2015,55.70792,13.19682,1
2015,55.75138,37.57991,4
2015,55.87164,12.40042,1
2015,55.89791,-4.20354,1
2015,56.0457,13.3784,1
2015,56.13797,13.39499,1
2015,56.18484,-3.0164,1
2015,56.24575,12.86388,1
2015,56.83388,13.94104,1
2015,57.18301,14.04671,1
2015,57.2657,16.4474,1
2015,57.41357,12.02067,1
2015,57.70887,11.97456,1
2015,57.71955,11.97117,5
2015,57.80128,12.3645,1
2015,58.05909,11.77658,1
2015,58.28349,12.28582,1
2015,58.37973,12.3248,1
2015,58.47091,11.68887,1
2015,58.4715,11.68019,1
2015,59.02861,12.22694,1
2015,59.10208,26.19395,1
2015,59.27526,15.21341,2
2015,59.33226,18.07332,1
2015,59.37125,16.5098,1
2015,59.40727,18.04441,1
2015,59.51961,17.92834,1
2015,59.85798,17.63982,1
2015,60.31221,22.28834,1
2015,60.74944,26.82343,1
2015,61.07726,25.01079,1
2015,61.1306,21.50672,1
2015,61.17247,25.54716,1
2015,61.46328,24.07234,1
2015,61.49716,23.76088,1
2015,61.79892,22.40336,1
2015,61.82903,16.096,1
2015,64.62447,16.6555,1
2015,65.01209,25.46508,1
2015,65.82512,21.6887,1
2016,-38.94892,-72.33111,1
2016,-38.89395,-72.43247,1
2016,-38.77025,-72.58675,1
2016,-38.76424,-72.40622,1
2016,-38.7359,-72.59037,1
2016,-38.67172,-72.22306,4
2016,-38.38758,-71.93374,1
2016,-38.13826,144.34833,1
2016,-38.13374,144.33394,1
2016,-37.95701,176.98676,1
2016,-37.8331,-73.39022,1
2016,-37.69818,144.96508,1
2016,-37.69808,144.96466,1
2016,-37.69804,144.96544,1
2016,-37.51218,-72.32387,1
2016,-34.61768,-58.44444,1
2016,-34.0318,150.85033,1
2016,-33.89296,18.59349,2
2016,-33.86496,25.56509,1
2016,-33.69459,149.3284,1
2016,-33.36624,-70.5053,3
2016,-32.97467,27.8707,1
2016,-32.31781,-58.07682,1
2016,-32.0537,115.96073,1
2016,-31.95941,115.87396,1
2016,-31.31945,28.75478,1
2016,-31.01084,30.03577,1
2016,-30.86341,30.3569,1
2016,-30.57692,29.89309,1
2016,-30.57688,29.89395,1
2016,-30.14363,30.62713,1
2016,-29.8747,30.27799,1
2016,-29.65099,30.29463,1
2016,-29.65072,30.29439,1
2016,-29.64237,30.34756,1
2016,-29.13475,31.39847,1
2016,-28.73016,29.35218,1
2016,-28.71001,30.33432,1
2016,-28.5604,29.78234,1
2016,-28.55967,29.78079,1
2016,-28.30867,31.41589,1
2016,-28.18377,23.56095,1
2016,-27.89429,31.6453,1
2016,-27.89429,31.64542,1
2016,-27.74469,29.93728,1
2016,-27.74317,29.93636,1
2016,-27.36214,-55.90088,1
2016,-26.07894,24.98847,1
2016,-25.96624,32.58351,1
2016,-25.92248,32.63997,1
2016,-25.77834,31.04335,1
2016,-25.50853,-54.67532,1
2016,-24.86949,33.12531,1
2016,-23.8244,-56.51931,1
2016,-23.80023,-56.5027,1
2016,-23.71667,-56.49999,1
2016,-23.56667,-56.55,1
2016,-23.45954,-56.7384,1
2016,-23.4591,-56.7384,1
2016,-23.40673,-57.44068,1
2016,-23.31885,-56.4881,2
2016,-23.26564,-56.44854,1
2016,-23.2469,-57.04407,1
2016,-23.02219,32.71814,1
2016,-22.97035,-56.54483,1
2016,-22.546,-55.73212,1
2016,-20.70772,34.7906,1
2016,-20.58624,33.87828,1
2016,-20.57691,33.83586,2
2016,-20.55941,32.80845,1
2016,-20.48863,-59.17068,1
2016,-20.32574,33.88559,1
2016,-19.87028,33.74167,2
2016,-19.83345,34.85025,1
2016,-19.79638,34.88449,2
2016,-19.50598,33.43835,1
2016,-19.34936,34.26747,1
2016,-19.26942,34.20846,1
2016,-19.24468,34.2253,1
2016,-19.20391,34.86242,1
2016,-19.10549,33.46077,1
2016,-18.94525,33.26263,1
2016,-18.93579,32.87591,1
2016,-18.88567,47.50882,1
2016,-18.69368,34.32048,1
2016,-18.68713,35.22729,1
2016,-18.68709,34.07249,1
2016,-18.68327,34.06666,1
2016,-18.68093,34.07131,1
2016,-18.53806,33.03564,1
2016,-18.53493,35.30272,4
2016,-18.21903,35.16008,1
2016,-18.21874,35.16004,1
2016,-18.21658,35.1585,2
2016,-18.05639,33.17472,1
2016,-18.04359,33.25879,6
2016,-18.03423,35.87225,1
2016,-17.97391,35.71339,2
2016,-17.9679,33.33042,1
2016,-17.91441,34.35741,1
2016,-17.8904,35.74462,1
2016,-17.86309,34.59726,1
2016,-17.82517,35.33599,1
2016,-17.59361,33.26667,1
2016,-17.42479,-49.66251,1
2016,-17.36958,34.97751,1
2016,-17.32877,35.59104,1
2016,-17.20789,35.77418,1
2016,-16.84523,36.97104,1
2016,-16.84019,36.9856,1
2016,-16.62355,-72.71047,1
2016,-16.15115,33.70035,1
2016,-15.79752,-47.89189,1
2016,-15.49205,39.33298,1
2016,-15.28443,35.90032,1
2016,-15.2234,34.33182,1
2016,-15.12664,39.26872,1
2016,-15.12267,39.25632,1
2016,-15.11667,39.26667,2
2016,-14.94515,38.32184,1
2016,-14.87596,37.00245,1
2016,-14.87399,37.00601,1
2016,-14.76049,39.32062,4
2016,-14.30886,37.56441,3
2016,-13.05613,36.5019,1
2016,-11.89227,-73.9075,1
2016,-11.84075,-74.72487,1
2016,-10.64267,24.45912,1
2016,-9.66917,26.9075,2
2016,-9.6679,26.90744,1
2016,-8.64796,27.35254,1
2016,-8.39727,28.65792,1
2016,-8.09479,112.17283,1
2016,-7.97535,17.51241,1
2016,-7.76663,110.23312,1
2016,-7.71616,110.3354,1
2016,-7.57549,110.82433,1
2016,-7.46385,110.2591,1
2016,-7.15068,27.01799,1
2016,-6.91454,107.60784,1
2016,-6.81355,39.23942,1
2016,-6.21072,106.63208,1
2016,-6.21038,106.84539,1
2016,-6.18755,106.82308,2
2016,-6.1874,39.22365,1
2016,-6.1213,23.58626,1
2016,-5.89731,22.41461,2
2016,-5.82405,-46.16072,1
2016,-5.57752,12.19271,1
2016,-5.03319,12.35636,1
2016,-4.81829,27.50871,2
2016,-4.5,39.34995,1
2016,-4.41949,29.71881,1
2016,-4.35004,15.2537,1
2016,-4.30149,28.94413,1
2016,-4.27017,14.35899,1
2016,-4.26825,14.35882,1
2016,-4.22536,15.25106,12
2016,-4.22293,-77.23905,1
2016,-4.1945,39.58704,1
2016,-4.17335,39.44694,3
2016,-4.04118,39.67761,1
2016,-4.0287,27.5622,1
2016,-3.93322,29.6197,1
2016,-3.87195,29.647,1
2016,-3.80508,137.84486,1
2016,-3.80075,29.44043,1
2016,-3.75074,29.41624,1
2016,-3.73003,14.78593,1
2016,-3.71255,137.98106,1
2016,-3.67966,29.59157,1
2016,-3.66482,29.48541,1
2016,-3.59118,29.59098,1
2016,-3.57484,29.68178,1
2016,-3.57337,29.68178,1
2016,-3.45077,30.50951,1
2016,-3.42864,29.92509,1
2016,-3.38192,29.75336,2
2016,-3.37583,29.36411,57
2016,-3.34605,29.39216,1
2016,-3.34527,29.3921,1
2016,-3.34479,29.39181,2
2016,-3.3436,29.38805,1
2016,-3.34035,29.31134,1
2016,-3.27981,29.54656,1
2016,-3.25324,29.43027,1
2016,-3.21705,40.11665,1
2016,-3.16143,29.37292,1
2016,-3.12443,29.25802,1
2016,-3.074,29.72957,1
2016,-2.98915,29.10079,1
2016,-2.5854,30.09551,1
2016,-2.533,140.717,1
2016,-2.52208,32.90197,1
2016,-2.50645,28.84341,1
2016,-2.50251,28.86667,2
2016,-2.30511,-78.11469,2
2016,-2.26956,40.90064,3
2016,-2.23574,40.46937,1
2016,-2.08904,28.90482,1
2016,-2.07897,41.13384,1
2016,-2.03657,40.82699,2
2016,-1.80547,28.75187,1
2016,-1.76667,40.83333,1
2016,-1.74969,41.19295,1
2016,-1.74587,41.49002,1
2016,-1.74546,41.48878,1
2016,-1.73215,41.45734,1
2016,-1.71771,40.96687,1
2016,-1.71747,40.96688,1
2016,-1.68856,29.23713,1
2016,-1.63789,41.58694,1
2016,-1.595,40.51444,1
2016,-1.59337,41.43272,1
2016,-1.57262,29.37576,1
2016,-1.56505,41.36698,1
2016,-1.51895,41.58078,1
2016,-1.42884,28.1069,1
2016,-1.42701,28.0739,1
2016,-1.39876,28.81572,1
2016,-1.39843,28.81598,2
2016,-1.39773,28.81738,1
2016,-1.39737,28.8161,1
2016,-1.39456,120.75406,1
2016,-1.39001,28.04819,1
2016,-1.29207,36.82195,1
2016,-1.23484,29.44529,1
2016,-1.22399,29.44734,1
2016,-1.21933,41.83736,1
2016,-1.21689,29.48425,2
2016,-1.21371,29.47687,1
2016,-1.20121,28.92927,1
2016,-1.18557,29.44695,5
2016,-1.18167,40.90083,2
2016,-1.15167,41.06417,2
2016,-1.15011,29.42664,1
2016,-1.03493,41.50189,1
2016,-1.03462,41.49909,1
2016,-0.99929,29.09872,1
2016,-0.98256,29.12135,1
2016,-0.97662,29.00482,1
2016,-0.79177,29.04599,8
2016,-0.75716,29.29318,1
2016,-0.74136,28.95278,1
2016,-0.7107,29.05531,1
2016,-0.69609,29.01771,1
2016,-0.66934,37.20802,1
2016,-0.63024,41.98452,1
2016,-0.62983,41.98287,1
2016,-0.61414,29.11378,1
2016,-0.58335,30.37888,1
2016,-0.49482,117.14362,1
2016,-0.49279,37.35117,1
2016,-0.478,29.17494,1
2016,-0.45756,40.33684,1
2016,-0.45323,39.6461,1
2016,-0.37948,42.46199,1
2016,-0.37756,42.50237,1
2016,-0.35806,42.54528,1
2016,-0.35785,42.54665,17
2016,-0.3,29.28333,1
2016,-0.27425,29.36601,4
2016,-0.17383,41.2699,1
2016,-0.1531,29.24054,1
2016,-0.15171,29.24287,1
2016,-0.14513,29.24786,1
2016,-0.09985,42.36586,1
2016,-0.07615,29.29388,2
2016,-0.07448,42.57202,1
2016,-0.06499,29.51077,1
2016,-0.06194,39.01056,2
2016,-0.03619,-75.8534,1
2016,-0.03404,34.66765,1
2016,0.01056,29.3675,1
2016,0.02985,41.88223,1
2016,0.0851,-76.89402,3
2016,0.14116,29.29009,4
2016,0.17087,30.08175,1
2016,0.17226,30.08584,1
2016,0.25805,30.52791,1
2016,0.27669,41.25926,1
2016,0.2781,41.24863,1
2016,0.30366,41.44077,1
2016,0.306,32.56273,1
2016,0.33128,32.53474,1
2016,0.34947,40.87599,1
2016,0.37227,32.52524,1
2016,0.39722,32.6387,1
2016,0.41212,41.00811,1
2016,0.41639,28.68111,1
2016,0.45886,29.53809,2
2016,0.48249,29.44653,1
2016,0.48572,29.46104,7
2016,0.49238,29.4668,1
2016,0.49534,42.77789,2
2016,0.49594,29.45961,12
2016,0.51384,42.07439,1
2016,0.51507,42.07571,4
2016,0.51802,42.0467,1
2016,0.52748,29.31615,1
2016,0.5421,29.49047,1
2016,0.57649,29.4422,1
2016,0.60232,29.43679,1
2016,0.66002,33.48444,1
2016,0.66423,29.6201,1
2016,0.66544,29.12954,2
2016,0.67657,29.5276,1
2016,0.69688,29.5197,5
2016,0.71278,29.53643,1
2016,0.79814,29.89788,2
2016,0.8168,29.60425,2
2016,0.84869,29.81303,1
2016,0.85174,29.61224,1
2016,0.85222,29.6125,1
2016,0.85317,29.61072,3
2016,0.87341,29.61228,1
2016,0.90378,29.70209,1
2016,0.90605,30.0879,1
2016,0.91077,108.98893,1
2016,0.91194,29.82472,1
2016,0.98968,40.95824,2
2016,0.99166,35.02525,1
2016,1.02938,29.5849,1
2016,1.04662,29.09265,1
2016,1.08616,29.68183,1
2016,1.08814,29.7545,1
2016,1.11423,44.0287,3
2016,1.1162,44.03182,1
2016,1.11727,44.03201,1
2016,1.15733,42.57296,1
2016,1.19386,30.20478,1
2016,1.20805,30.17399,1
2016,1.21019,30.17575,1
2016,1.21111,30.17693,1
2016,1.21176,30.17731,1
2016,1.2136,-77.99667,1
2016,1.24225,30.11521,1
2016,1.24946,42.72291,2
2016,1.28915,-77.35794,1
2016,1.29547,30.22866,1
2016,1.31735,30.22522,1
2016,1.36051,29.03338,1
2016,1.48815,-78.07776,1
2016,1.50582,30.24571,2
2016,1.54322,-72.28839,1
2016,1.61754,-75.60838,1
2016,1.62,-75.60378,1
2016,1.63916,44.52645,5
2016,1.63999,42.45233,2
2016,1.6455,44.55947,1
2016,1.65545,44.68205,1
2016,1.65828,44.58002,3
2016,1.68075,44.72172,2
2016,1.7046,44.69271,6
2016,1.71634,44.76869,14
2016,1.74683,40.05345,1
2016,1.75039,44.74571,4
2016,1.77762,44.46062,1
2016,1.78809,44.529,2
2016,1.78964,44.52998,12
2016,1.80214,-77.16401,1
2016,1.80292,-75.43966,1
2016,1.80344,-75.4397,1
2016,1.8083,44.69514,2
2016,1.8232,28.98974,1
2016,1.85,29.96667,2
2016,1.87665,44.2479,2
2016,1.91309,44.55272,1
2016,1.9135,44.9059,1
2016,1.93643,44.94278,1
2016,1.97894,44.83206,1
2016,1.9917,45.25734,1
2016,1.9964,44.9884,7
2016,2.0139,42.31503,1
2016,2.03313,45.02844,3
2016,2.03877,45.24197,1
2016,2.04383,44.83496,1
2016,2.04392,-72.33111,1
2016,2.04763,44.89763,2
2016,2.05093,45.15411,2
2016,2.05524,45.05189,3
2016,2.05717,45.21749,1
2016,2.05982,45.32611,177
2016,2.07211,45.22142,1
2016,2.07323,45.06298,1
2016,2.08206,45.20749,5
2016,2.08521,45.40281,1
2016,2.08578,45.40272,1
2016,2.08712,45.20747,1
2016,2.09968,45.15723,3
2016,2.10941,45.1568,1
2016,2.1103,43.52332,2
2016,2.11145,45.30765,1
2016,2.13509,45.05683,4
2016,2.13698,45.11322,1
2016,2.13884,45.12067,1
2016,2.14176,45.08498,1
2016,2.14383,45.11806,20
2016,2.14861,21.51361,3
2016,2.16005,45.11769,1
2016,2.1906,45.0855,1
2016,2.20687,-76.49723,1
2016,2.20774,40.1036,1
2016,2.29962,45.79947,1
2016,2.3319,-72.62813,1
2016,2.33905,42.28801,2
2016,2.34624,-78.36725,1
2016,2.34931,42.28034,15
2016,2.35821,45.38612,1
2016,2.38233,-76.67229,1
2016,2.39814,45.0187,2
2016,2.40582,42.97707,1
2016,2.44835,41.96761,1
2016,2.45432,-76.73525,1
2016,2.51444,-76.78584,1
2016,2.54203,-75.27665,1
2016,2.62676,45.02947,1
2016,2.6515,40.88784,2
2016,2.66085,44.79348,1
2016,2.66698,44.69376,1
2016,2.67238,41.32134,2
2016,2.71581,44.51184,5
2016,2.73528,41.01778,1
2016,2.76046,46.32108,3
2016,2.7724,32.28807,1
2016,2.77726,45.50064,6
2016,2.77762,32.30454,1
2016,2.77916,32.29828,1
2016,2.77926,19.2064,1
2016,2.784,45.07514,1
2016,2.79283,41.01436,5
2016,2.79817,44.07856,5
2016,2.80909,40.92744,3
2016,2.86876,43.0053,3
2016,2.89233,45.52938,1
2016,2.93567,45.79166,3
2016,2.96307,101.75175,1
2016,2.9655,45.52871,1
2016,2.9733,45.5356,6
2016,3.0004,27.85155,1
2016,3.00558,27.84169,1
2016,3.02999,40.90915,1
2016,3.03272,101.6188,1
2016,3.03626,41.86716,3
2016,3.03667,41.86722,1
2016,3.03739,43.79696,3
2016,3.05379,40.90309,1
2016,3.07317,23.33492,1
2016,3.07339,41.55432,1
2016,3.07369,41.55441,1
2016,3.09378,45.66715,1
2016,3.11297,43.62731,1
2016,3.11564,43.64658,11
2016,3.12552,-73.75242,1
2016,3.13894,101.69132,1
2016,3.15329,41.33532,1
2016,3.15366,41.18541,1
2016,3.15984,41.32566,2
2016,3.17124,43.40321,1
2016,3.1787,46.43526,1
2016,3.204,46.56922,1
2016,3.20658,45.7593,4
2016,3.20694,45.75917,1
2016,3.25658,43.91585,1
2016,3.31229,43.47213,7
2016,3.32538,34.23945,1
2016,3.32728,42.21856,3
2016,3.32892,42.35505,1
2016,3.34973,41.39846,1
2016,3.38158,45.59839,1
2016,3.38203,41.4158,2
2016,3.38256,41.4158,1
2016,3.4698,31.24833,1
2016,3.47824,28.99188,1
2016,3.50392,42.23624,1
2016,3.51724,42.76814,2
2016,3.54972,30.87996,1
2016,3.55866,28.28027,1
2016,3.55927,46.77523,1
2016,3.56084,41.50704,1
2016,3.58452,28.29944,1
2016,3.5952,98.67222,1
2016,3.59719,32.0596,1
2016,3.60776,72.95558,1
2016,3.61667,28.56667,1
2016,3.68906,32.58635,1
2016,3.7095,29.28728,1
2016,3.77758,46.24739,2
2016,3.78655,31.98519,1
2016,3.7879,31.98286,3
2016,3.80828,42.54729,1
2016,3.80929,43.24611,1
2016,3.80933,43.24614,1
2016,3.81095,43.2465,2
2016,3.81666,23.68625,1
2016,3.82433,45.226,1
2016,3.83256,28.25392,1
2016,3.84849,24.91592,1
2016,3.85296,45.57331,1
2016,3.85325,45.56523,2
2016,3.85556,45.57002,1
2016,3.89697,31.92811,2
2016,3.92479,45.58461,1
2016,3.92686,41.87717,4
2016,3.93564,41.85512,1
2016,3.93872,41.84471,7
2016,3.94574,30.46852,1
2016,3.9901,24.90422,2
2016,4.01086,44.51322,3
2016,4.01544,44.51013,1
2016,4.01562,44.51016,1
2016,4.02379,46.61597,5
2016,4.02972,31.95444,1
2016,4.05339,43.244,2
2016,4.0588,27.11306,1
2016,4.0617,46.13436,1
2016,4.07235,42.3351,1
2016,4.09527,30.6775,3
2016,4.09894,30.67334,2
2016,4.10628,32.29797,1
2016,4.1206,43.89053,3
2016,4.1215,43.89139,1
2016,4.12918,32.2992,1
2016,4.13193,43.74826,1
2016,4.13409,28.34911,1
2016,4.15336,9.26737,1
2016,4.15674,25.17988,1
2016,4.19225,46.4731,3
2016,4.19321,44.99421,4
2016,4.19549,44.98896,1
2016,4.21053,45.56049,5
2016,4.23151,45.54575,1
2016,4.2362,45.49041,1
2016,4.26499,43.48429,1
2016,4.30777,6.24556,1
2016,4.30861,25.09139,1
2016,4.31167,6.24284,1
2016,4.34818,43.16369,1
2016,4.37474,18.55129,6
2016,4.3866,28.57713,1
2016,4.40118,6.28094,1
2016,4.40787,45.38982,1
2016,4.45599,6.27077,1
2016,4.47939,118.61154,1
2016,4.48383,45.34575,1
2016,4.48767,5.74321,1
2016,4.52115,7.32815,1
2016,4.5312,6.40112,3
2016,4.5315,47.14717,3
2016,4.53281,6.40374,6
2016,4.54519,25.86452,1
2016,4.5538,6.03292,1
2016,4.55452,45.25036,4
2016,4.56226,7.45769,1
2016,4.56637,46.65881,1
2016,4.57285,44.03397,1
2016,4.57679,113.98714,1
2016,4.57733,28.39867,1
2016,4.57757,28.39878,4
2016,4.58017,28.3987,1
2016,4.58088,46.46073,1
2016,4.59451,118.78776,1
2016,4.59668,118.86423,1
2016,4.60167,5.65111,1
2016,4.60564,46.22922,1
2016,4.60619,7.21171,1
2016,4.61441,31.26264,2
2016,4.63529,6.72089,1
2016,4.64999,46.54429,1
2016,4.65604,47.85524,3
2016,4.65636,47.85599,1
2016,4.65949,6.34708,1
2016,4.65989,7.25066,1
2016,4.66062,45.21255,1
2016,4.66085,46.83972,1
2016,4.66255,119.39426,1
2016,4.66713,-74.10605,7
2016,4.67283,7.37003,1
2016,4.6735,7.36786,1
2016,4.68335,-74.25007,2
2016,4.68534,46.62232,1
2016,4.68612,118.25115,1
2016,4.7001,5.96753,2
2016,4.70655,5.99752,1
2016,4.71814,7.25066,1
2016,4.72118,6.78355,1
2016,4.72312,6.77885,1
2016,4.72416,6.77911,1
2016,4.73538,45.2024,8
2016,4.73849,6.86033,1
2016,4.74062,7.08481,2
2016,4.74097,47.86656,1
2016,4.74252,45.25319,1
2016,4.74259,8.50264,1
2016,4.75312,45.24048,1
2016,4.77118,45.24276,1
2016,4.79,6.99333,1
2016,4.79224,8.52953,2
2016,4.79876,29.00526,1
2016,4.79922,118.64284,1
2016,4.79939,7.11979,1
2016,4.80101,6.58405,1
2016,4.80706,8.22936,1
2016,4.81555,7.04984,1
2016,4.83053,23.06396,1
2016,4.85535,31.56778,6
2016,4.85808,6.92091,2
2016,4.86758,47.61937,2
2016,4.86778,5.89871,4
2016,4.86812,5.89841,3
2016,4.88333,6.86667,1
2016,4.88381,6.86688,1
2016,4.90399,7.71416,1
2016,4.92116,6.27477,2
2016,4.92999,7.87216,1
2016,4.93118,7.87587,1
2016,4.93513,28.17063,1
2016,4.95806,31.64806,1
2016,4.97271,46.77216,1
2016,4.97445,23.93169,1
2016,4.97527,8.34185,1
2016,4.983,-76.40018,1
2016,5.02421,118.33075,2
2016,5.02575,118.3302,1
2016,5.03198,119.7725,1
2016,5.05435,-76.64951,1
2016,5.07222,27.46611,1
2016,5.07309,7.50808,1
2016,5.08336,6.64999,1
2016,5.10494,24.9405,1
2016,5.11758,-74.47914,2
2016,5.13381,119.95093,1
2016,5.17008,97.14873,1
2016,5.17733,46.82766,1
2016,5.1784,25.19934,2
2016,5.18501,46.82528,1
2016,5.19519,-3.73849,1
2016,5.19688,47.8369,2
2016,5.19848,23.8054,1
2016,5.26234,26.19328,1
2016,5.26426,26.18686,1
2016,5.26844,26.58376,1
2016,5.29005,6.0722,2
2016,5.30555,120.125,1
2016,5.30602,117.97595,1
2016,5.30801,45.88036,2
2016,5.31112,-76.41546,1
2016,5.31621,5.38356,1
2016,5.31621,6.88594,1
2016,5.31667,5.38333,1
2016,5.32428,20.71238,1
2016,5.34154,6.65547,1
2016,5.34165,6.649,1
2016,5.34191,6.65579,2
2016,5.3489,-72.40052,1
2016,5.35097,5.50662,1
2016,5.35178,46.90499,1
2016,5.35306,5.50806,1
2016,5.35398,6.76814,1
2016,5.36946,46.19144,1
2016,5.38528,100.39268,1
2016,5.4019,-77.40053,1
2016,5.41222,6.84049,1
2016,5.42099,5.92764,1
2016,5.42273,7.52414,1
2016,5.43454,5.67769,2
2016,5.43806,5.87806,1
2016,5.43981,5.65308,1
2016,5.44531,5.73264,1
2016,5.45894,6.20309,1
2016,5.48115,5.86839,1
2016,5.49954,5.9823,1
2016,5.49996,5.9832,2
2016,5.5,5.98333,4
2016,5.50303,5.83507,1
2016,5.5046,5.67673,1
2016,5.51679,6.01166,1
2016,5.51702,5.75001,1
2016,5.51727,5.25484,1
2016,5.51825,30.34307,2
2016,5.52367,5.45315,5
2016,5.52372,5.75317,7
2016,5.52641,-76.9913,1
2016,5.53098,5.7852,1
2016,5.53246,5.89871,6
2016,5.53384,5.53824,1
2016,5.53392,5.76167,1
2016,5.55236,6.23788,1
2016,5.5544,5.7932,2
2016,5.55443,5.79304,1
2016,5.5593,95.32682,1
2016,5.56245,5.77992,1
2016,5.58972,7.02111,1
2016,5.60269,5.45878,1
2016,5.61264,5.20114,1
2016,5.61318,7.12882,1
2016,5.61364,5.61101,1
2016,5.61379,5.20617,1
2016,5.64288,100.48917,1
2016,5.69729,22.78257,1
2016,5.70518,-73.7322,1
2016,5.70983,6.43436,1
2016,5.73822,5.92298,1
2016,5.73989,20.0539,1
2016,5.74015,20.05133,1
2016,5.75893,-71.5724,1
2016,5.76001,-67.70621,1
2016,5.76355,20.67404,3
2016,5.77838,24.85354,1
2016,5.80001,-72.19616,1
2016,5.81191,-76.21366,1
2016,5.83944,118.11717,2
2016,5.85117,5.3053,1
2016,5.88393,5.27651,3
2016,5.8852,6.72599,1
2016,5.88806,124.82972,1
2016,5.91632,101.86684,1
2016,5.9278,101.8847,1
2016,5.92886,101.88432,1
2016,5.93004,101.88456,1
2016,5.93293,121.02552,1
2016,5.94107,6.50498,1
2016,5.95255,121.16818,1
2016,5.96526,120.98308,1
2016,5.96769,-71.86642,1
2016,5.97884,116.07532,1
2016,5.97972,121.05483,1
2016,5.98006,121.05407,1
2016,5.98968,121.0397,2
2016,6.00802,101.6467,1
2016,6.01392,101.95024,7
2016,6.01523,101.95208,1
2016,6.01624,101.96292,1
2016,6.02183,121.16568,1
2016,6.02976,101.9661,1
2016,6.03086,121.01022,1
2016,6.03128,120.97192,1
2016,6.03577,37.55019,1
2016,6.04027,101.9775,1
2016,6.04343,120.99426,2
2016,6.04651,121.00838,1
2016,6.05046,121.01224,6
2016,6.05108,101.62382,1
2016,6.05221,101.97088,3
2016,6.05634,121.05584,1
2016,6.06031,124.49596,1
2016,6.06069,124.49564,1
2016,6.0626,20.8937,1
2016,6.06403,121.15906,1
2016,6.0668,121.09839,1
2016,6.06687,121.10012,1
2016,6.06823,101.66129,1
2016,6.07709,101.29798,1
2016,6.08297,125.28267,1
2016,6.08495,125.28902,1
2016,6.08522,101.87916,2
2016,6.08607,101.88099,1
2016,6.08795,121.10542,1
2016,6.08806,121.09922,1
2016,6.08822,121.10933,3
2016,6.09471,102.04361,1
2016,6.09896,101.18857,1
2016,6.10137,102.03304,1
2016,6.10282,118.44703,1
2016,6.11622,125.16939,1
2016,6.11756,101.85907,1
2016,6.13413,46.6317,1
2016,6.13714,102.06627,1
2016,6.14202,6.89148,1
2016,6.14223,101.64951,1
2016,6.14834,46.39848,3
2016,6.15028,124.78389,1
2016,6.15071,6.83307,1
2016,6.1665,6.783,1
2016,6.16667,6.78333,1
2016,6.16699,101.18957,1
2016,6.19388,6.97135,1
2016,6.19765,8.23062,1
2016,6.19838,125.06131,1
2016,6.20057,101.76063,1
2016,6.20222,101.23765,1
2016,6.2125,31.56083,1
2016,6.21327,31.56554,1
2016,6.21537,102.06037,1
2016,6.21537,102.0604,2
2016,6.21765,125.06679,1
2016,6.21837,125.06441,1
2016,6.22258,101.8094,1
2016,6.2242,101.64951,1
2016,6.2256,101.81108,1
2016,6.22578,101.84519,3
2016,6.22854,101.4992,3
2016,6.2316,101.50142,1
2016,6.23258,101.80443,1
2016,6.23482,101.80141,1
2016,6.23755,102.082,1
2016,6.2397,101.97011,1
2016,6.24024,101.81045,1
2016,6.24203,-75.56476,1
2016,6.24817,102.00421,1
2016,6.25158,101.99914,1
2016,6.25264,101.96005,1
2016,6.25318,101.72983,1
2016,6.25439,101.28899,1
2016,6.25439,101.7307,1
2016,6.2549,101.82461,1
2016,6.25617,102.05776,1
2016,6.25633,101.72647,1
2016,6.25934,102.05482,1
2016,6.25949,102.05439,1
2016,6.26062,101.25368,11
2016,6.2653,101.26394,1
2016,6.26554,101.26308,1
2016,6.26562,101.26302,1
2016,6.26576,101.26362,1
2016,6.28742,7.53603,1
2016,6.28845,101.99311,1
2016,6.28999,102.00156,1
2016,6.29172,101.7161,1
2016,6.29365,101.71143,1
2016,6.29652,101.72871,1
2016,6.29654,101.72655,1
2016,6.29669,101.72835,1
2016,6.29882,101.9568,2
2016,6.30121,120.57396,1
2016,6.30846,124.84518,1
2016,6.31212,101.36065,1
2016,6.31585,125.01455,1
2016,6.31682,20.71225,1
2016,6.32056,19.08169,1
2016,6.33213,101.02593,1
2016,6.3324,101.0261,1
2016,6.34347,101.30468,1
2016,6.34591,101.7647,1
2016,6.35114,101.51267,1
2016,6.35347,100.97483,1
2016,6.35383,101.49912,1
2016,6.36972,101.35822,1
2016,6.37136,101.16748,1
2016,6.37631,124.74598,1
2016,6.38028,101.80194,1
2016,6.38269,101.5016,1
2016,6.38382,101.4944,1
2016,6.3843,125.58159,1
2016,6.38458,101.50208,1
2016,6.3849,101.70118,1
2016,6.39063,101.22971,2
2016,6.39146,101.23069,1
2016,6.39146,101.5173,1
2016,6.39612,101.7234,1
2016,6.40274,101.70597,1
2016,6.40283,101.70619,1
2016,6.40371,101.70773,1
2016,6.40972,101.28041,1
2016,6.41587,101.34847,1
2016,6.41999,101.81782,1
2016,6.42274,101.68358,1
2016,6.42419,101.80895,1
2016,6.42546,101.82531,1
2016,6.42613,101.28134,1
2016,6.42636,101.82295,1
2016,6.43184,124.67349,1
2016,6.43581,101.82581,2
2016,6.43714,101.49071,2
2016,6.43715,124.67444,1
2016,6.4388,101.24113,1
2016,6.44185,3.81949,2
2016,6.44337,3.35526,1
2016,6.44853,121.96809,1
2016,6.45126,101.10224,1
2016,6.4514,101.10364,1
2016,6.45171,101.10463,2
2016,6.45302,101.34838,1
2016,6.45316,125.03875,1
2016,6.45576,-71.74541,1
2016,6.45709,-71.74552,1
2016,6.45727,-71.74563,1
2016,6.45837,7.54639,1
2016,6.46297,122.17107,1
2016,6.46388,124.86118,1
2016,6.46958,101.02467,1
2016,6.47379,122.16385,1
2016,6.47568,101.55305,1
2016,6.47654,122.07951,1
2016,6.47866,101.42406,1
2016,6.47883,101.13333,1
2016,6.48129,101.13275,1
2016,6.48231,121.96159,1
2016,6.4829,122.01555,2
2016,6.48567,101.12971,1
2016,6.48828,101.12839,1
2016,6.48909,101.13961,1
2016,6.49103,101.38826,1
2016,6.49171,101.39251,1
2016,6.49194,3.19774,1
2016,6.49303,101.04216,1
2016,6.49342,101.76304,1
2016,6.49401,101.38876,1
2016,6.49539,122.06801,1
2016,6.4966,101.11572,1
2016,6.4974,101.11529,1
2016,6.49766,124.84965,2
2016,6.49769,101.3923,1
2016,6.49837,122.06964,1
2016,6.51147,101.62961,1
2016,6.51454,101.63442,1
2016,6.51609,124.82512,1
2016,6.51778,101.62715,1
2016,6.52958,100.96547,1
2016,6.53037,4.63987,1
2016,6.53126,101.2468,1
2016,6.53369,122.16673,1
2016,6.53388,122.167,1
2016,6.53665,21.9888,2
2016,6.53848,5.8707,1
2016,6.53858,121.88036,1
2016,6.54033,121.88172,1
2016,6.54085,101.53617,1
2016,6.54338,101.63395,1
2016,6.54344,101.63284,1
2016,6.54381,5.89871,1
2016,6.5455,101.2799,3
2016,6.54608,-70.98414,1
2016,6.54622,101.6334,1
2016,6.54694,101.30506,1
2016,6.54731,-71.00223,2
2016,6.54788,-71.00248,1
2016,6.5479,101.64634,1
2016,6.54813,101.67929,1
2016,6.54858,3.2326,1
2016,6.54923,101.63987,1
2016,6.55054,122.11599,1
2016,6.55366,125.4699,1
2016,6.55371,122.11001,1
2016,6.55865,-75.82655,1
2016,6.55917,101.53417,1
2016,6.55953,101.67956,1
2016,6.56302,101.22085,1
2016,6.56567,47.76376,4
2016,6.56667,23.23333,1
2016,6.56673,101.55328,1
2016,6.57191,124.75829,1
2016,6.5735,122.09387,1
2016,6.57443,101.20152,1
2016,6.5746,101.19932,1
2016,6.5753,101.63284,1
2016,6.57532,122.02419,1
2016,6.57602,101.63297,1
2016,6.57612,101.19926,1
2016,6.57962,124.75826,1
2016,6.58028,101.53802,1
2016,6.5823,122.17924,1
2016,6.58367,124.98903,1
2016,6.58906,101.26372,1
2016,6.59998,3.4997,1
2016,6.60177,122.17325,1
2016,6.60225,101.6019,1
2016,6.60395,101.33857,1
2016,6.60544,122.17143,1
2016,6.60589,101.44527,1
2016,6.6123,100.26108,1
2016,6.61922,100.9479,1
2016,6.61941,3.51045,6
2016,6.62032,3.51045,1
2016,6.6224,101.67519,1
2016,6.63154,124.59788,1
2016,6.63454,101.44522,1
2016,6.6348,124.60528,1
2016,6.63912,3.37864,1
2016,6.6421,122.1366,1
2016,6.64219,122.1357,1
2016,6.64398,101.60626,1
2016,6.64484,3.91426,2
2016,6.6449,122.09981,1
2016,6.64608,5.61286,1
2016,6.64711,3.9134,1
2016,6.64757,3.91206,1
2016,6.65049,101.17825,1
2016,6.65274,122.10409,1
2016,6.65541,126.07414,1
2016,6.65668,101.63,1
2016,6.6596,101.40776,1
2016,6.6601,122.13985,1
2016,6.6605,122.13899,4
2016,6.66068,101.41102,1
2016,6.66154,101.41272,1
2016,6.66164,122.10642,1
2016,6.66217,122.13787,1
2016,6.66371,122.15379,1
2016,6.66518,3.45768,1
2016,6.66591,122.15484,1
2016,6.66746,3.46166,1
2016,6.6699,122.16027,1
2016,6.67031,101.4511,1
2016,6.67172,101.58899,1
2016,6.67254,121.85149,1
2016,6.67361,101.30126,1
2016,6.67807,3.51551,1
2016,6.67854,101.30426,1
2016,6.68106,101.221,1
2016,6.68254,101.14438,1
2016,6.68451,-71.85165,2
2016,6.68661,-1.62313,1
2016,6.68932,124.67411,3
2016,6.69406,124.66156,1
2016,6.69709,3.46003,1
2016,6.69767,101.54104,5
2016,6.69942,3.51551,1
2016,6.7004,124.5519,1
2016,6.70041,121.97256,6
2016,6.7011,101.61726,1
2016,6.7021,124.74154,1
2016,6.7027,121.96877,1
2016,6.70471,125.21221,1
2016,6.70484,7.32749,1
2016,6.71139,101.17729,1
2016,6.71187,101.17872,1
2016,6.71223,121.96888,1
2016,6.71413,101.41758,1
2016,6.71417,15.35139,1
2016,6.71578,101.56657,1
2016,6.71607,101.41752,1
2016,6.71724,101.4171,1
2016,6.71821,101.41204,1
2016,6.7192,101.4171,1
2016,6.71926,124.79336,1
2016,6.72,124.79516,1
2016,6.72158,124.5205,1
2016,6.7271,124.529,1
2016,6.72942,101.09589,1
2016,6.7295,101.31708,2
2016,6.72975,101.60293,1
2016,6.72991,101.09665,1
2016,6.73058,124.78854,1
2016,6.73433,101.11721,1
2016,6.73519,101.17427,2
2016,6.73625,101.47471,1
2016,6.73678,101.42825,1
2016,6.74015,3.42208,1
2016,6.74072,101.28127,1
2016,6.74102,101.28041,1
2016,6.74131,101.28141,1
2016,6.7418,122.39814,1
2016,6.74326,124.80172,1
2016,6.74526,101.33701,1
2016,6.74632,101.29046,1
2016,6.74806,125.34567,1
2016,6.75151,101.0948,2
2016,6.75841,101.45111,1
2016,6.75926,101.45059,2
2016,6.75975,101.29339,1
2016,6.76183,101.32326,2
2016,6.76317,101.29452,1
2016,6.76371,101.29411,5
2016,6.76843,100.95105,1
2016,6.77028,47.43119,2
2016,6.7724,101.29206,2
2016,6.7744,47.42903,5
2016,6.7794,101.18992,1
2016,6.77954,101.19306,1
2016,6.7818,101.43931,1
2016,6.78462,100.92517,1
2016,6.78641,101.14827,5
2016,6.78697,101.45968,1
2016,6.78748,100.931,2
2016,6.78974,100.91821,1
2016,6.79437,-71.77155,2
2016,6.79451,101.28293,1
2016,6.79738,124.70275,1
2016,6.79933,7.14973,1
2016,6.8,7.96667,1
2016,6.80048,-58.16791,1
2016,6.80117,101.15055,1
2016,6.80162,101.15193,1
2016,6.81018,101.42247,1
2016,6.81197,101.4246,2
2016,6.81774,101.37968,1
2016,6.8217,101.38338,1
2016,6.82292,101.38282,1
2016,6.82306,101.34752,1
2016,6.82323,101.12749,1
2016,6.8248,101.08224,1
2016,6.82806,101.3885,1
2016,6.83023,100.9459,1
2016,6.83226,125.17666,1
2016,6.83398,101.20822,1
2016,6.83506,125.15849,1
2016,6.83508,124.18288,1
2016,6.83573,101.00135,1
2016,6.83587,7.23477,1
2016,6.83911,101.33494,1
2016,6.84051,101.33437,1
2016,6.84459,101.18004,1
2016,6.84524,101.18162,2
2016,6.84592,101.33171,1
2016,6.84669,101.26938,1
2016,6.84682,125.41716,1
2016,6.84728,101.26953,1
2016,6.85243,124.39858,1
2016,6.85308,101.20727,1
2016,6.85535,101.29031,1
2016,6.8561,101.13399,1
2016,6.85667,7.39583,1
2016,6.86091,101.49614,1
2016,6.86224,101.48532,1
2016,6.86231,100.88461,1
2016,6.86281,124.44365,7
2016,6.86324,124.40839,1
2016,6.86439,101.49034,1
2016,6.86543,101.49052,1
2016,6.86596,101.49061,1
2016,6.86644,31.4913,1
2016,6.86656,101.36849,1
2016,6.86779,101.22314,1
2016,6.86786,101.25207,3
2016,6.86867,101.366,1
2016,6.86906,101.25121,1
2016,6.8694,101.25052,1
2016,6.86946,101.21421,1
2016,6.8697,101.35319,1
2016,6.87395,101.23471,3
2016,6.87481,101.30619,1
2016,6.87791,101.26909,1
2016,6.87818,101.26923,1
2016,6.88335,124.40824,1
2016,6.88493,124.40759,1
2016,6.88504,124.40747,1
2016,6.88958,124.43234,1
2016,6.89112,100.70812,1
2016,6.90956,100.74008,2
2016,6.91504,125.1568,1
2016,6.91552,124.45856,1
2016,6.91699,124.43718,1
2016,6.91993,124.45327,1
2016,6.92048,124.45314,1
2016,6.92447,126.28079,1
2016,6.92602,124.41399,1
2016,6.92909,122.07885,5
2016,6.93351,124.42417,1
2016,6.93368,124.42422,1
2016,6.93667,124.42565,1
2016,6.93713,124.42951,1
2016,6.93849,124.51423,1
2016,6.93932,122.07818,1
2016,6.94036,125.12416,1
2016,6.94062,124.55147,1
2016,6.94181,-71.8811,1
2016,6.94226,124.41982,1
2016,6.94997,-71.56666,1
2016,6.95129,124.44779,1
2016,6.95288,124.38593,1
2016,6.9541,124.38654,1
2016,6.95438,-71.87189,1
2016,6.95611,-71.8726,4
2016,6.95713,124.47441,1
2016,6.95737,-71.86086,1
2016,6.95976,124.39708,1
2016,6.96138,124.45753,1
2016,6.96357,-71.86836,1
2016,6.96452,-71.97279,1
2016,6.96491,124.45388,1
2016,6.96577,-71.45302,1
2016,6.96605,124.34818,1
2016,6.96969,124.75103,1
2016,6.97472,-71.37417,1
2016,6.97805,124.42442,1
2016,6.97836,124.48324,1
2016,6.97844,125.42038,1
2016,6.98324,125.03843,1
2016,6.98425,124.45218,1
2016,6.98627,124.44589,1
2016,6.98654,124.4791,1
2016,6.98902,125.32197,1
2016,6.99154,124.40703,1
2016,6.99223,124.44845,1
2016,6.99322,124.45687,1
2016,6.99484,124.455,1
2016,6.99618,15.64216,1
2016,6.99627,124.44938,2
2016,6.99648,124.46356,1
2016,6.99675,124.45861,1
2016,6.99778,19.18097,1
2016,6.99806,124.45864,1
2016,6.99816,19.18425,1
2016,7.00066,-76.26544,1
2016,7.00865,100.47469,2
2016,7.00957,124.48846,1
2016,7.01038,124.16111,1
2016,7.01349,124.46882,2
2016,7.01548,124.50523,2
2016,7.01849,124.47388,2
2016,7.0209,125.09147,1
2016,7.02116,-71.38499,1
2016,7.02209,-71.38522,1
2016,7.02707,124.38655,1
2016,7.0277,125.11426,1
2016,7.028,124.16933,1
2016,7.03293,-72.06382,1
2016,7.03553,124.49883,1
2016,7.04176,-75.22185,1
2016,7.04642,124.68182,1
2016,7.04711,8.59172,1
2016,7.05048,124.63402,1
2016,7.05248,124.67517,1
2016,7.05296,124.62426,1
2016,7.0536,124.16478,1
2016,7.05547,9.33035,1
2016,7.05557,124.67189,1
2016,7.05809,124.70156,1
2016,7.05813,124.61619,1
2016,7.05993,124.50958,1
2016,7.06665,8.48434,1
2016,7.06782,6.26333,1
2016,7.06954,122.20716,3
2016,7.08177,-70.75364,1
2016,7.08324,125.601,1
2016,7.08333,124.9,1
2016,7.08642,-70.75814,1
2016,7.0927,-74.71014,1
2016,7.09306,124.2241,1
2016,7.09926,122.2372,1
2016,7.0993,125.41825,1
2016,7.106,126.17664,1
2016,7.10748,125.12336,1
2016,7.11402,125.93212,1
2016,7.11644,126.1742,1
2016,7.1191,124.59746,1
2016,7.11922,124.59721,1
2016,7.12216,124.30898,1
2016,7.12815,124.59044,1
2016,7.13028,125.94897,1
2016,7.13396,-74.64854,1
2016,7.13739,125.89387,1
2016,7.13905,9.07647,1
2016,7.15003,125.94987,1
2016,7.15323,124.4987,1
2016,7.16222,124.21513,1
2016,7.16667,9.28333,1
2016,7.16844,17.30757,1
2016,7.17849,124.21962,1
2016,7.18196,32.3561,1
2016,7.1864,124.49654,1
2016,7.18664,124.5362,1
2016,7.1887,124.63027,1
2016,7.18894,124.63034,1
2016,7.18918,124.5325,1
2016,7.18945,124.92525,1
2016,7.18977,100.59538,2
2016,7.19008,124.63273,1
2016,7.19095,125.46158,1
2016,7.19097,124.53425,1
2016,7.19114,124.53269,1
2016,7.19283,47.5283,1
2016,7.19522,79.86007,1
2016,7.20578,122.23295,1
2016,7.20803,5.26762,1
2016,7.20959,124.24197,8
2016,7.21418,124.29616,1
2016,7.22852,125.12322,1
2016,7.23228,125.86252,1
2016,7.23611,9.70056,1
2016,7.23624,124.34342,1
2016,7.23865,9.29225,1
2016,7.24153,125.43982,1
2016,7.24217,124.31981,1
2016,7.24347,125.13548,1
2016,7.24426,125.89114,1
2016,7.24908,10.34787,1
2016,7.24968,124.7906,1
2016,7.25492,126.1544,1
2016,7.25879,8.80564,1
2016,7.26217,126.15616,1
2016,7.26575,124.78866,1
2016,7.2684,124.26243,1
2016,7.27008,124.23888,1
2016,7.27413,124.25918,1
2016,7.27639,15.6625,1
2016,7.27722,124.30722,1
2016,7.27932,6.11185,1
2016,7.28359,124.27365,1
2016,7.28469,124.78654,1
2016,7.28774,122.07208,1
2016,7.28857,124.23208,1
2016,7.2895,124.25885,1
2016,7.28997,-75.39269,1
2016,7.29449,124.2655,1
2016,7.29664,9.25071,2
2016,7.30638,124.24799,1
2016,7.30795,125.68433,1
2016,7.31487,126.54255,1
2016,7.31721,126.54654,1
2016,7.33311,31.4158,1
2016,7.34052,124.26018,1
2016,7.34464,8.83217,1
2016,7.34534,8.74172,1
2016,7.34944,125.46866,1
2016,7.34945,8.83991,1
2016,7.34973,8.83519,1
2016,7.35032,8.75094,1
2016,7.35083,8.83628,20
2016,7.35098,124.55533,1
2016,7.35201,125.46715,1
2016,7.35235,126.12568,1
2016,7.35328,9.77392,1
2016,7.35328,125.14784,1
2016,7.35485,9.77228,1
2016,7.35806,8.82534,1
2016,7.35925,125.85799,1
2016,7.36333,125.46769,1
2016,7.36664,11.48679,1
2016,7.3668,11.48698,1
2016,7.36794,8.74654,1
2016,7.38691,126.03327,1
2016,7.38764,126.03356,1
2016,7.42441,12.81348,1
2016,7.43631,-74.69026,1
2016,7.44744,125.8025,1
2016,7.44809,125.45954,1
2016,7.45092,125.82356,1
2016,7.45166,123.31406,1
2016,7.481,9.39145,1
2016,7.48747,9.23672,1
2016,7.49301,124.7256,1
2016,7.50114,122.3488,1
2016,7.53194,9.3913,2
2016,7.53521,122.36014,1
2016,7.54153,122.3774,1
2016,7.5586,99.61199,1
2016,7.56272,6.63412,1
2016,7.56884,9.74937,1
2016,7.57493,122.14586,1
2016,7.57649,-75.35034,1
2016,7.58209,122.83137,1
2016,7.58213,122.85681,1
2016,7.58512,122.14252,1
2016,7.58633,122.14077,1
2016,7.5869,122.13921,1
2016,7.58758,4.56244,1
2016,7.59697,8.83593,2
2016,7.60114,122.4281,1
2016,7.60328,125.96934,1
2016,7.60881,122.4079,1
2016,7.62612,125.61916,1
2016,7.63665,123.30585,1
2016,7.63894,123.39445,1
2016,7.63896,123.39448,1
2016,7.64174,122.9351,1
2016,7.64208,125.62936,1
2016,7.64492,9.56326,1
2016,7.65743,9.77197,1
2016,7.66191,9.59403,1
2016,7.66618,126.08437,1
2016,7.67027,125.38367,1
2016,7.67492,123.15296,1
2016,7.67958,125.5259,1
2016,7.68066,124.71389,1
2016,7.68307,9.24624,2
2016,7.68718,126.19005,1
2016,7.68917,9.25028,2
2016,7.69122,9.24773,2
2016,7.69287,9.24126,1
2016,7.69796,9.20564,1
2016,7.69906,123.14503,1
2016,7.69997,9.22003,1
2016,7.70038,126.01143,1
2016,7.70165,9.21036,1
2016,7.70614,27.99147,1
2016,7.70697,9.21407,1
2016,7.70919,27.98347,1
2016,7.71904,9.2387,2
2016,7.72046,123.00625,1
2016,7.72056,9.21228,1
2016,7.72779,-72.47672,2
2016,7.73215,8.53914,1
2016,7.7323,9.21041,1
2016,7.73327,8.53639,1
2016,7.73399,124.31628,1
2016,7.7348,125.51262,1
2016,7.75025,34.50011,1
2016,7.76162,9.08751,1
2016,7.78417,122.58328,2
2016,7.78803,9.16621,4
2016,7.78811,6.72973,4
2016,7.79644,23.38236,1
2016,7.81041,9.47686,1
2016,7.81163,10.58445,1
2016,7.81625,7.94812,1
2016,7.81936,125.79286,1
2016,7.82091,9.24292,1
2016,7.82144,126.05151,1
2016,7.8223,8.05995,1
2016,7.8252,123.43738,3
2016,7.84406,123.46119,1
2016,7.84507,7.86371,1
2016,7.84583,5.18306,1
2016,7.84986,124.33967,1
2016,7.85026,124.3432,1
2016,7.85288,7.91775,1
2016,7.85324,10.96351,1
2016,7.85362,124.34257,1
2016,7.85386,10.96164,1
2016,7.85742,124.34121,1
2016,7.85831,7.8716,1
2016,7.86619,8.09502,1
2016,7.86662,7.90282,1
2016,7.86709,8.09452,1
2016,7.86819,124.33494,1
2016,7.86858,8.06086,1
2016,7.87077,7.89121,1
2016,7.87107,7.91575,1
2016,7.87194,8.00833,1
2016,7.873,8.0444,1
2016,7.87302,123.00122,1
2016,7.87351,7.90662,1
2016,7.8891,-72.49669,1
2016,7.88911,7.91251,1
2016,7.89112,-72.50566,1
2016,7.89383,125.35883,1
2016,7.8967,98.30188,1
2016,7.89674,98.30283,1
2016,7.89732,10.98686,1
2016,7.89798,98.29616,2
2016,7.90006,8.83348,1
2016,7.9011,-77.51498,1
2016,7.90545,125.09121,1
2016,7.9055,8.73732,1
2016,7.90579,7.85456,1
2016,7.90791,7.85616,1
2016,7.90855,7.85536,1
2016,7.91073,124.19742,1
2016,7.91933,33.16679,10
2016,7.92467,-72.44444,1
2016,7.94628,-72.89881,1
2016,7.95075,5.54528,1
2016,7.95126,98.33742,1
2016,7.96423,49.84552,1
2016,7.96739,8.05441,1
2016,7.96803,49.82115,1
2016,7.98413,125.01283,1
2016,7.98693,124.37839,1
2016,7.99604,125.00864,1
2016,8.00105,124.30004,1
2016,8.00117,124.28446,4
2016,8.00133,124.29029,2
2016,8.00168,124.2999,1
2016,8.00244,124.28712,2
2016,8.00291,124.26825,1
2016,8.0038,124.28821,1
2016,8.00402,124.28843,2
2016,8.00493,124.28756,1
2016,8.00693,124.2876,1
2016,8.01089,124.68713,1
2016,8.01849,124.4833,1
2016,8.02132,124.28424,1
2016,8.02855,8.59654,1
2016,8.0365,98.83272,1
2016,8.04532,126.06184,1
2016,8.04587,-73.08169,1
2016,8.04589,126.06368,1
2016,8.06306,122.57302,1
2016,8.0749,-73.17435,1
2016,8.08184,-72.79952,1
2016,8.08796,125.13123,1
2016,8.0902,125.32355,1
2016,8.09415,123.45131,1
2016,8.11179,125.12818,1
2016,8.12632,125.12247,1
2016,8.13333,123.1,1
2016,8.13334,15.06402,1
2016,8.13508,125.13796,1
2016,8.13764,125.12649,1
2016,8.13904,125.125,1
2016,8.15455,125.1333,1
2016,8.15781,123.84675,1
2016,8.16938,77.26432,1
2016,8.18306,126.35018,1
2016,8.18355,126.34997,1
2016,8.18545,122.96415,1
2016,8.20537,123.80164,1
2016,8.20539,123.80265,1
2016,8.21202,-73.32573,1
2016,8.22777,124.24468,1
2016,8.23983,124.37066,1
2016,8.23985,46.32852,2
2016,8.25193,-73.35399,1
2016,8.26032,123.36394,1
2016,8.26241,125.02906,1
2016,8.27188,-73.87399,1
2016,8.28065,-73.57917,1
2016,8.28927,125.02747,1
2016,8.29932,123.58459,1
2016,8.29949,98.76671,1
2016,8.30205,30.13458,1
2016,8.3067,124.2596,1
2016,8.34231,125.64838,1
2016,8.36326,-13.0798,1
2016,8.36626,8.76597,1
2016,8.36667,8.76667,1
2016,8.37128,126.3094,1
2016,8.37182,126.33734,1
2016,8.39585,-73.43178,1
2016,8.40272,-73.20727,3
2016,8.40809,33.18713,1
2016,8.4174,125.52936,1
2016,8.43067,125.01236,1
2016,8.43237,99.96,1
2016,8.4457,125.78786,1
2016,8.446,-73.2876,1
2016,8.44673,124.63103,1
2016,8.44935,98.52524,1
2016,8.46087,123.20226,1
2016,8.46116,25.68059,1
2016,8.47008,25.67848,1
2016,8.474,126.11847,1
2016,8.50693,-73.44728,1
2016,8.51568,123.25448,1
2016,8.52307,126.12628,1
2016,8.54783,7.7119,1
2016,8.54792,-73.12173,1
2016,8.57059,-74.07577,1
2016,8.57284,-73.09557,1
2016,8.576,-73.09487,3
2016,8.5866,10.36172,3
2016,8.58958,10.36692,1
2016,8.59755,29.99065,1
2016,8.61218,-72.78122,1
2016,8.62647,10.24292,1
2016,8.64236,-72.73773,2
2016,8.64977,123.41901,1
2016,8.65406,29.89254,1
2016,8.65515,98.25215,1
2016,8.65517,98.25125,2
2016,8.65892,7.25919,2
2016,8.66026,7.26011,1
2016,8.71486,125.74968,1
2016,8.7424,-73.1036,1
2016,8.74251,8.54189,1
2016,8.74266,124.781,1
2016,8.77775,125.56972,1
2016,8.77799,125.56946,1
2016,8.80119,125.42218,1
2016,8.81026,125.52562,1
2016,8.81547,76.66858,1
2016,8.81997,4.97082,1
2016,8.83491,125.21076,1
2016,8.84045,7.05427,1
2016,8.86981,125.42743,1
2016,8.89316,76.61415,1
2016,8.91446,124.78456,1
2016,8.93905,125.24799,1
2016,8.9641,124.89543,1
2016,8.99048,125.29514,1
2016,9.02353,29.67754,1
2016,9.03212,-69.72557,1
2016,9.0669,7.48326,1
2016,9.11667,123.20015,1
2016,9.12154,125.5384,1
2016,9.13666,99.32516,2
2016,9.15958,7.33838,1
2016,9.16121,125.56101,1
2016,9.1926,7.20733,1
2016,9.19952,123.58638,1
2016,9.21679,125.96384,1
2016,9.23509,9.71673,1
2016,9.24143,125.55881,1
2016,9.24518,29.7912,1
2016,9.24576,29.79114,1
2016,9.25969,29.80015,1
2016,9.28001,123.24545,1
2016,9.29348,29.7892,1
2016,9.31669,125.5563,1
2016,9.32505,12.43806,1
2016,9.32758,12.01906,1
2016,9.34202,-70.60039,1
2016,9.34203,125.51633,1
2016,9.3492,12.07909,1
2016,9.36646,12.54997,1
2016,9.36655,12.54997,1
2016,9.36676,12.54997,1
2016,9.36706,12.54967,1
2016,9.36731,12.54988,1
2016,9.40139,8.31627,1
2016,9.41028,8.36111,1
2016,9.4134,8.52356,1
2016,9.4325,8.35361,2
2016,9.43333,8.35,4
2016,9.4336,8.35294,1
2016,9.43423,8.35003,2
2016,9.44141,8.34462,1
2016,9.45893,12.3567,1
2016,9.46417,8.42083,1
2016,9.50784,8.31988,1
2016,9.50786,8.31989,1
2016,9.50789,8.31986,1
2016,9.5082,8.31987,1
2016,9.50909,8.31055,1
2016,9.52139,8.38778,2
2016,9.52478,123.30568,1
2016,9.52999,31.65548,1
2016,9.53138,125.48194,1
2016,9.53992,8.90002,1
2016,9.54083,8.64639,1
2016,9.55694,44.07414,1
2016,9.5849,8.29242,1
2016,9.59993,125.63355,1
2016,9.60801,125.63888,1
2016,9.61716,125.40147,1
2016,9.63218,8.50346,2
2016,9.64038,-13.5779,1
2016,9.64844,125.59861,1
2016,9.68049,78.44962,2
2016,9.72313,99.11207,1
2016,9.76526,8.85971,1
2016,9.81,28.75,1
2016,9.82686,122.6423,1
2016,9.90565,78.10963,1
2016,9.91139,-67.35361,1
2016,9.92133,78.12516,1
2016,9.92384,78.13578,1
2016,9.92487,78.11244,1
2016,9.9252,78.11978,3
2016,9.92527,78.11973,1
2016,9.92554,78.11938,1
2016,10.02327,-73.35883,1
2016,10.0261,123.23082,1
2016,10.04848,78.10941,1
2016,10.05059,123.4332,1
2016,10.08546,123.59652,1
2016,10.08979,122.8685,1
2016,10.09024,122.86832,1
2016,10.11667,123.26667,1
2016,10.1169,123.26725,1
2016,10.15591,12.73823,1
2016,10.18784,123.00489,1
2016,10.20115,122.98316,1
2016,10.20223,122.98777,1
2016,10.20235,122.98432,1
2016,10.2216,78.53672,1
2016,10.22256,78.37423,1
2016,10.24196,6.2523,1
2016,10.24198,6.25233,3
2016,10.24552,-67.60393,1
2016,10.25594,7.22934,1
2016,10.26496,8.2415,1
2016,10.26622,7.11304,1
2016,10.29104,77.87661,1
2016,10.29533,123.87825,1
2016,10.29922,123.11494,1
2016,10.31694,123.28388,1
2016,10.31761,-6.07684,1
2016,10.32987,77.9088,1
2016,10.33175,12.17829,1
2016,10.36267,77.97102,1
2016,10.36636,123.17902,1
2016,10.36731,77.98029,1
2016,10.37336,124.74922,1
2016,10.37721,77.97315,1
2016,10.39105,-75.47943,1
2016,10.41187,7.33288,1
2016,10.44579,-75.3685,1
2016,10.47611,24.98167,1
2016,10.48283,-66.96213,1
2016,10.49136,12.24748,1
2016,10.51046,7.4165,1
2016,10.55833,13.3899,1
2016,10.57481,8.14888,2
2016,10.5955,122.11004,1
2016,10.61168,12.19186,1
2016,10.63156,14.65878,2
2016,10.63873,124.31092,1
2016,10.65703,14.58808,1
2016,10.65738,12.90614,1
2016,10.65775,12.9055,1
2016,10.69866,37.06085,1
2016,10.71432,123.51604,1
2016,10.71647,123.51604,1
2016,10.71675,25.16826,1
2016,10.71833,14.50333,1
2016,10.72857,124.00836,1
2016,10.74998,13.23335,1
2016,10.76933,13.14621,3
2016,10.77936,123.48876,1
2016,10.80351,78.73725,1
2016,10.8079,7.71518,1
2016,10.80959,28.60882,1
2016,10.81045,14.637,1
2016,10.81378,13.14707,2
2016,10.81857,12.99107,1
2016,10.82667,14.58667,1
2016,10.85275,13.55087,1
2016,10.85389,13.12444,2
2016,10.86652,14.15066,1
2016,10.86748,12.9754,1
2016,10.86794,12.84833,4
2016,10.86919,12.84779,1
2016,10.8692,12.84762,7
2016,10.86941,12.85055,1
2016,10.87604,12.92242,1
2016,10.87639,12.92389,1
2016,10.87838,123.40829,1
2016,10.88707,12.70418,1
2016,10.88828,12.94542,1
2016,10.88894,13.62912,1
2016,10.88917,13.62806,1
2016,10.89093,13.62759,2
2016,10.89122,13.62752,1
2016,10.89787,13.37882,1
2016,10.90841,12.0884,1
2016,10.91667,13.06667,1
2016,10.92753,13.02608,1
2016,10.95063,123.33639,1
2016,10.95394,10.176,1
2016,10.95938,10.18271,1
2016,10.97311,14.23424,1
2016,10.9825,13.66056,1
2016,10.98255,13.66063,1
2016,10.98596,49.05507,1
2016,10.98998,49.05688,4
2016,10.99087,14.23145,1
2016,10.99892,11.71445,1
2016,10.99954,13.94132,2
2016,11.00121,13.32875,1
2016,11.01025,29.71252,1
2016,11.01043,29.71263,1
2016,11.01054,29.71305,1
2016,11.01684,76.95583,1
2016,11.01689,124.60061,2
2016,11.02032,13.9664,1
2016,11.02345,30.12024,1
2016,11.041,76.083,1
2016,11.04407,14.14872,1
2016,11.04674,14.14046,7
2016,11.05693,11.9303,1
2016,11.05731,11.93367,1
2016,11.08398,13.69309,1
2016,11.08972,13.68838,1
2016,11.09947,14.19593,1
2016,11.1064,13.507,1
2016,11.10852,77.34107,1
2016,11.1104,14.03857,1
2016,11.11359,25.29474,2
2016,11.11469,25.29422,1
2016,11.11475,25.29469,1
2016,11.11547,13.93492,2
2016,11.11565,25.29491,1
2016,11.11574,25.2949,1
2016,11.12712,78.65689,1
2016,11.14845,13.95328,1
2016,11.14997,12.75009,2
2016,11.15505,14.07269,1
2016,11.15608,12.75661,1
2016,11.15632,12.7564,1
2016,11.15707,12.75797,1
2016,11.16136,14.00439,1
2016,11.16254,14.01398,2
2016,11.16966,124.85356,1
2016,11.17275,13.42955,2
2016,11.18369,14.01698,1
2016,11.18416,13.91416,1
2016,11.1845,13.91412,1
2016,11.21428,125.00214,1
2016,11.21722,13.10472,1
2016,11.22223,13.78382,3
2016,11.22833,25.13708,1
2016,11.23868,14.15384,3
2016,11.24304,14.14139,1
2016,11.25512,14.15453,1
2016,11.25806,25.22453,1
2016,11.26051,50.20478,1
2016,11.26658,122.68334,1
2016,11.2705,25.15148,4
2016,11.2748,49.17966,5
2016,11.27552,14.14407,2
2016,11.2761,25.15316,1
2016,11.27642,14.24768,2
2016,11.27693,25.14407,1
2016,11.29101,23.1918,2
2016,11.34679,76.28719,1
2016,11.34867,14.4036,1
2016,11.37854,125.20158,1
2016,11.44728,125.49116,1
2016,11.45113,25.15454,1
2016,11.45252,26.12959,5
2016,11.47142,123.08826,1
2016,11.48502,12.31189,2
2016,11.4895,12.96492,1
2016,11.50647,12.96616,1
2016,11.50975,12.97891,5
2016,11.51218,14.06629,1
2016,11.52685,13.69271,3
2016,11.52929,8.65717,1
2016,11.56212,11.91629,1
2016,11.59362,75.58702,1
2016,11.64586,13.34764,1
2016,11.64886,24.90422,7
2016,11.65339,24.8989,1
2016,11.65639,13.24833,1
2016,11.6802,24.91564,1
2016,11.68318,14.65018,1
2016,11.68387,75.68264,1
2016,11.6845,75.68263,1
2016,11.70043,6.33341,1
2016,11.70719,12.51775,1
2016,11.71713,75.6936,4
2016,11.72581,13.28527,1
2016,11.74329,124.05489,1
2016,11.74628,13.25277,1
2016,11.74859,75.57558,1
2016,11.75967,75.57774,1
2016,11.7619,13.26631,2
2016,11.76283,13.26616,1
2016,11.7696,75.54223,1
2016,11.80136,76.00437,1
2016,11.8311,13.15097,1
2016,11.83543,13.16084,1
2016,11.83877,13.15909,1
2016,11.84079,13.14139,27
2016,11.84266,12.77595,1
2016,11.84643,12.93546,1
2016,11.8475,13.24972,1
2016,11.8525,13.68639,1
2016,11.86604,75.51916,1
2016,11.86826,123.91487,1
2016,11.873,13.25053,1
2016,11.88205,13.30495,1
2016,11.88284,13.45512,1
2016,11.88815,75.47234,1
2016,11.88952,75.36599,1
2016,11.89747,13.29117,2
2016,11.89889,13.29139,1
2016,11.90009,124.03309,1
2016,11.90464,124.03259,1
2016,11.90635,13.28978,2
2016,11.90932,79.7483,1
2016,11.90955,13.5884,1
2016,11.91156,12.80523,1
2016,11.92184,13.60436,1
2016,11.92466,13.60131,1
2016,11.92623,15.05397,1
2016,11.94284,124.00737,1
2016,11.95209,124.8336,1
2016,11.95639,23.21056,1
2016,11.95735,31.03179,1
2016,11.97286,13.71223,1
2016,11.98186,75.67026,1
2016,11.99254,75.44904,1
2016,11.99983,123.98326,1
2016,12.00434,25.01122,1
2016,12.01769,13.86089,1
2016,12.01831,13.96033,1
2016,12.03178,123.21453,1
2016,12.03658,13.91724,3
2016,12.04502,29.65205,1
2016,12.04785,14.48073,1
2016,12.05002,14.36665,1
2016,12.05719,24.8787,13
2016,12.0592,124.61495,1
2016,12.06624,124.60114,1
2016,12.10497,75.2057,1
2016,12.11078,75.21031,1
2016,12.12669,15.0284,1
2016,12.14722,124.4525,1
2016,12.1496,124.88226,1
2016,12.15466,11.77422,1
2016,12.16731,31.30321,1
2016,12.17,6.66389,1
2016,12.18458,6.23769,1
2016,12.19163,123.75933,1
2016,12.19363,123.78834,1
2016,12.20351,14.01755,1
2016,12.21343,123.80512,1
2016,12.22112,123.82337,4
2016,12.22509,123.78374,1
2016,12.23072,6.29802,1
2016,12.26853,14.46611,2
2016,12.27171,14.08691,1
2016,12.29156,124.61636,1
2016,12.29581,76.63938,1
2016,12.31928,14.61221,1
2016,12.33227,6.40013,1
2016,12.3367,23.41887,1
2016,12.34603,23.41646,1
2016,12.35744,123.55041,1
2016,12.35947,14.21093,1
2016,12.36067,14.45988,3
2016,12.36094,14.46054,1
2016,12.36175,14.35738,2
2016,12.36977,123.62685,1
2016,12.37078,14.41828,1
2016,12.37368,-1.53698,3
2016,12.37903,14.22436,1
2016,12.38293,125.29949,2
2016,12.39861,-7.93778,1
2016,12.39986,14.34999,1
2016,12.40822,123.75379,1
2016,12.42608,123.50739,1
2016,12.46667,25.26667,1
2016,12.47514,23.26631,1
2016,12.484,123.38251,1
2016,12.48811,14.44564,1
2016,12.492,12.78155,1
2016,12.52635,13.57966,1
2016,12.52659,123.74656,1
2016,12.53826,13.58754,1
2016,12.53956,14.4201,1
2016,12.54222,23.34556,1
2016,12.56664,123.73336,1
2016,12.56838,99.95769,4
2016,12.57511,14.45402,1
2016,12.59234,121.09221,1
2016,12.61171,124.05511,1
2016,12.62095,124.04477,1
2016,12.62468,43.28846,1
2016,12.62619,101.37479,1
2016,12.6348,-8.02137,1
2016,12.6496,43.92081,1
2016,12.65005,-7.99996,1
2016,12.66421,43.43334,1
2016,12.66475,123.88764,1
2016,12.66967,14.57538,2
2016,12.67269,13.61672,1
2016,12.67326,13.61543,1
2016,12.68171,13.44097,1
2016,12.70841,123.35909,1
2016,12.71673,121.3828,1
2016,12.71739,24.90056,2
2016,12.73327,24.26668,1
2016,12.74102,43.50575,1
2016,12.7438,44.84368,1
2016,12.75105,44.88071,1
2016,12.75295,44.88152,1
2016,12.76007,44.89027,4
2016,12.7604,44.83937,1
2016,12.76597,43.5174,2
2016,12.77555,45.03237,1
2016,12.78446,6.7842,2
2016,12.79974,45.03379,1
2016,12.81407,44.72899,1
2016,12.82806,43.68908,1
2016,12.82862,44.79632,1
2016,12.83258,45.02707,1
2016,12.83386,124.14605,1
2016,12.83592,23.07345,1
2016,12.83672,44.92206,1
2016,12.84908,45.03728,57
2016,12.85055,124.07131,1
2016,12.85164,33.98868,1
2016,12.85333,44.97228,1
2016,12.85357,44.97288,1
2016,12.86714,44.98396,45
2016,12.87342,44.90676,1
2016,12.87448,24.29567,1
2016,12.8751,45.01126,1
2016,12.88309,24.48699,2
2016,12.88665,12.50588,1
2016,12.88814,74.85583,1
2016,12.89985,23.47687,1
2016,12.90178,123.24628,1
2016,12.91103,74.8562,1
2016,12.91306,24.50137,1
2016,12.91336,24.43612,1
2016,12.91429,45.01088,1
2016,12.91549,23.47828,1
2016,12.91652,79.1325,2
2016,12.92004,6.45955,1
2016,12.92101,24.31832,1
2016,12.92296,13.56394,1
2016,12.92879,24.47236,1
2016,12.9336,123.68315,1
2016,12.93612,24.05325,1
2016,12.94223,43.41269,2
2016,12.94961,24.11328,1
2016,12.95089,24.26606,1
2016,12.95587,24.17302,1
2016,12.95594,22.86382,1
2016,12.95634,124.0472,1
2016,12.9598,24.03983,2
2016,12.9614,24.04412,1
2016,12.96326,24.50672,1
2016,12.96394,24.04167,1
2016,12.96667,79.94678,1
2016,12.97077,43.89327,1
2016,12.9716,77.59456,1
2016,12.97488,24.21291,1
2016,12.97788,23.35897,1
2016,12.99372,44.91944,2
2016,12.99862,24.56747,1
2016,13.0183,23.86421,1
2016,13.01855,23.85689,1
2016,13.01857,23.86435,1
2016,13.02342,23.85847,1
2016,13.02481,23.85632,1
2016,13.03679,80.26763,1
2016,13.03837,43.94283,1
2016,13.04677,123.68759,1
2016,13.05775,44.88325,1
2016,13.0634,44.88088,14
2016,13.06657,44.8763,1
2016,13.09569,44.19335,1
2016,13.09711,44.19101,1
2016,13.09808,44.19196,1
2016,13.10083,12.10782,1
2016,13.11955,45.35028,1
2016,13.12082,80.08611,1
2016,13.12973,45.38557,5
2016,13.13346,24.48333,1
2016,13.1363,24.46628,1
2016,13.14074,24.49057,1
2016,13.14404,43.7472,1
2016,13.14686,43.74486,2
2016,13.1473,44.10004,1
2016,13.14896,44.85055,1
2016,13.15105,43.73878,1
2016,13.15972,23.635,1
2016,13.16825,43.74241,1
2016,13.16853,44.82772,1
2016,13.16867,43.77083,1
2016,13.16869,43.74191,1
2016,13.16917,43.85194,1
2016,13.17005,43.73275,1
2016,13.17111,43.85191,1
2016,13.1764,23.53679,1
2016,13.17988,43.76364,1
2016,13.18524,23.86273,1
2016,13.18545,44.18408,1
2016,13.20695,79.09857,1
2016,13.207,44.7583,1
2016,13.21632,44.19424,1
2016,13.2194,45.30784,3
2016,13.22198,44.18457,1
2016,13.23361,44.11944,1
2016,13.23773,24.4351,1
2016,13.24588,43.77909,2
2016,13.24677,13.50166,1
2016,13.27205,44.26626,2
2016,13.27396,24.38181,1
2016,13.28469,44.22565,1
2016,13.29057,44.26056,1
2016,13.29072,45.29439,1
2016,13.29254,44.26063,1
2016,13.2944,-4.89875,1
2016,13.29729,25.10696,1
2016,13.31062,13.50617,1
2016,13.31156,13.50636,1
2016,13.31325,12.61588,1
2016,13.31484,25.08894,3
2016,13.31489,12.6047,1
2016,13.32269,24.89512,2
2016,13.32618,13.47514,1
2016,13.33943,12.45745,1
2016,13.33948,77.11356,1
2016,13.34369,44.20612,1
2016,13.34474,44.20446,1
2016,13.34889,44.21584,1
2016,13.35541,44.19591,1
2016,13.3576,45.69648,3
2016,13.35898,123.29146,1
2016,13.36002,44.51722,1
2016,13.36554,44.05088,1
2016,13.3672,44.00218,1
2016,13.36907,44.49096,4
2016,13.37053,12.79517,1
2016,13.37164,43.63544,1
2016,13.37178,44.13879,1
2016,13.40537,44.19675,1
2016,13.40831,44.03381,1
2016,13.41293,43.63011,1
2016,13.41312,43.63753,7
2016,13.42275,44.04786,1
2016,13.43166,-6.24822,1
2016,13.43283,43.9939,1
2016,13.43284,43.68916,1
2016,13.44089,22.44173,3
2016,13.44915,14.73477,1
2016,13.45049,14.73398,1
2016,13.45841,44.0159,1
2016,13.46732,23.29372,2
2016,13.46794,44.01478,1
2016,13.47389,43.88806,3
2016,13.47486,25.3958,1
2016,13.4759,45.00558,1
2016,13.48064,43.88849,1
2016,13.4872,43.88718,1
2016,13.49447,43.78411,1
2016,13.50015,24.90006,1
2016,13.50482,43.76142,1
2016,13.50555,24.88819,1
2016,13.51383,24.86908,11
2016,13.51507,44.05165,1
2016,13.51809,23.89683,1
2016,13.51942,44.02741,1
2016,13.52024,46.712,1
2016,13.52192,46.71159,1
2016,13.52198,122.40595,1
2016,13.52941,43.94986,5
2016,13.53115,44.04644,1
2016,13.53252,43.94992,1
2016,13.53253,44.84967,1
2016,13.53449,44.03347,1
2016,13.5345,44.04861,1
2016,13.53507,43.94932,1
2016,13.53657,43.76081,1
2016,13.5389,44.04748,1
2016,13.54931,-7.44555,4
2016,13.55225,43.96979,1
2016,13.55448,43.96119,1
2016,13.5597,12.85333,1
2016,13.5606,44.06028,1
2016,13.56302,43.9977,1
2016,13.5702,23.44239,1
2016,13.5735,44.01888,1
2016,13.57365,44.02021,1
2016,13.57593,124.21144,1
2016,13.57759,44.0178,3
2016,13.57764,44.02885,1
2016,13.57836,44.01817,1
2016,13.57889,44.02194,1
2016,13.58166,44.01821,1
2016,13.58296,44.01632,3
2016,13.58648,44.0241,196
2016,13.58725,44.03514,1
2016,13.59906,43.88771,1
2016,13.60611,43.92765,1
2016,13.61111,43.93278,3
2016,13.61232,25.35068,1
2016,13.61445,14.31801,1
2016,13.61817,13.26524,1
2016,13.62084,43.66751,1
2016,13.6242,25.34498,2
2016,13.62456,25.49297,1
2016,13.6299,43.96496,1
2016,13.63033,25.34998,1
2016,13.63047,25.3501,1
2016,13.63048,25.35008,1
2016,13.63434,46.05632,3
2016,13.63718,44.12111,1
2016,13.64767,24.09633,7
2016,13.64845,24.07967,1
2016,13.64967,24.08346,1
2016,13.65114,24.09042,9
2016,13.6515,24.09063,1
2016,13.65908,46.03087,1
2016,13.6669,43.6831,3
2016,13.66691,43.6831,1
2016,13.66694,43.68313,1
2016,13.66702,43.6833,1
2016,13.66778,13.1275,2
2016,13.67078,123.00838,1
2016,13.67315,13.34051,1
2016,13.67317,121.39707,1
2016,13.67726,44.18756,1
2016,13.6819,44.13692,4
2016,13.68517,101.06829,1
2016,13.6936,44.34247,1
2016,13.69361,1.74333,1
2016,13.69598,13.32243,1
2016,13.69718,45.0679,1
2016,13.70043,44.73104,1
2016,13.70076,13.30902,1
2016,13.7008,13.309,3
2016,13.70164,44.73213,1
2016,13.70266,44.73357,14
2016,13.70326,44.73345,2
2016,13.71123,44.72163,1
2016,13.71406,44.72306,1
2016,13.71801,123.23508,1
2016,13.73175,43.72051,1
2016,13.73508,123.41609,1
2016,13.74657,121.05656,1
2016,13.75319,44.7236,1
2016,13.75586,121.22665,1
2016,13.75646,121.05831,1
2016,13.75974,43.84174,1
2016,13.76182,121.36579,1
2016,13.76207,44.14032,1
2016,13.77053,46.01026,1
2016,13.77118,44.01114,1
2016,13.77379,121.16693,1
2016,13.78157,121.00525,1
2016,13.78188,121.06861,1
2016,13.78579,100.56085,2
2016,13.7922,121.00856,1
2016,13.79912,45.8848,1
2016,13.79985,45.88615,2
2016,13.80099,45.88572,1
2016,13.80116,45.88591,1
2016,13.80498,44.77564,2
2016,13.80994,44.77008,1
2016,13.81083,43.69806,1
2016,13.81892,122.79165,1
2016,13.81945,45.93638,1
2016,13.82183,102.06825,1
2016,13.83454,45.24495,1
2016,13.849,44.80965,1
2016,13.84988,44.69979,1
2016,13.84996,44.70021,1
2016,13.86127,44.72564,1
2016,13.87662,121.10495,1
2016,13.87927,45.86952,2
2016,13.87955,121.09513,1
2016,13.88222,13.17333,1
2016,13.88303,13.1775,1
2016,13.8874,45.86365,4
2016,13.89244,44.7739,1
2016,13.89927,44.46661,3
2016,13.89978,44.46593,1
2016,13.90008,44.74999,1
2016,13.90034,44.7505,3
2016,13.90209,44.74741,2
2016,13.90235,44.72069,1
2016,13.90273,44.7469,1
2016,13.90327,44.74656,1
2016,13.90428,123.37007,1
2016,13.9057,44.1169,1
2016,13.90583,44.70389,1
2016,13.90763,44.06131,1
2016,13.91056,44.13306,1
2016,13.91521,44.68722,1
2016,13.91847,44.71415,1
2016,13.91913,121.60591,1
2016,13.92308,13.12742,1
2016,13.93265,44.64865,1
2016,13.93295,44.69581,3
2016,13.933,46.08326,1
2016,13.93839,13.11135,1
2016,13.94188,121.16442,1
2016,13.94239,121.1643,1
2016,13.9439,120.8813,1
2016,13.94473,44.73915,1
2016,13.95768,14.19309,1
2016,13.96144,44.6888,1
2016,13.96341,44.68008,1
2016,13.9636,-5.3625,1
2016,13.96382,44.68609,1
2016,13.96463,45.46729,1
2016,13.96586,23.67705,1
2016,13.96611,-5.36346,1
2016,13.96744,44.68086,1
2016,13.96809,44.68336,1
2016,13.96856,44.16754,1
2016,13.96889,24.40712,1
2016,13.96979,44.14787,1
2016,13.9707,44.16511,1
2016,13.97083,24.64144,1
2016,13.9714,121.08383,1
2016,13.97186,44.16271,1
2016,13.97209,44.16253,1
2016,13.97995,44.57984,1
2016,13.98501,45.55848,4
2016,13.98892,45.5771,1
2016,13.98936,121.08945,1
2016,13.99172,45.42152,1
2016,14.00145,44.90866,1
2016,14.00665,44.66593,1
2016,14.01126,44.87627,1
2016,14.01263,45.67494,1
2016,14.0128,45.56621,1
2016,14.01862,120.72895,1
2016,14.02446,44.93415,1
2016,14.02711,121.20397,1
2016,14.02735,44.17677,2
2016,14.04231,44.91724,1
2016,14.04233,121.28904,1
2016,14.04283,45.71245,1
2016,14.04778,44.68139,1
2016,14.04809,44.68125,1
2016,14.04861,43.98472,1
2016,14.04997,47.85468,1
2016,14.05223,120.93314,1
2016,14.05529,44.20562,1
2016,14.06162,46.91497,1
2016,14.06166,46.91491,1
2016,14.06404,-3.07904,1
2016,14.0667,120.63332,1
2016,14.06712,121.1564,1
2016,14.06898,45.42089,2
2016,14.07116,120.76195,1
2016,14.07406,120.66467,1
2016,14.07413,44.49899,1
2016,14.07556,45.49472,1
2016,14.07656,44.50465,1
2016,14.08224,121.18583,1
2016,14.08404,43.98423,1
2016,14.08632,44.66797,1
2016,14.09207,44.17308,1
2016,14.09303,121.02121,1
2016,14.09344,-1.63408,1
2016,14.10009,-0.1495,1
2016,14.10184,120.72378,1
2016,14.1041,44.63992,1
2016,14.10535,45.4473,1
2016,14.10563,121.14069,1
2016,14.11125,45.46414,1
2016,14.11126,44.65701,1
2016,14.11749,121.30224,1
2016,14.11961,44.94834,1
2016,14.1324,25.5496,1
2016,14.13792,44.24668,1
2016,14.14157,44.2479,2
2016,14.14423,44.00087,1
2016,14.1444,44.00077,1
2016,14.1589,45.53647,1
2016,14.16667,45.83098,1
2016,14.18174,43.9883,1
2016,14.18269,122.78439,1
2016,14.18897,44.00232,1
2016,14.19806,44.54556,1
2016,14.19938,44.31057,1
2016,14.20012,43.32225,1
2016,14.20967,24.65964,1
2016,14.20979,24.6574,5
2016,14.22612,-5.97533,1
2016,14.23333,24.01667,2
2016,14.24311,-4.2176,1
2016,14.28029,-4.59956,1
2016,14.29411,121.07084,1
2016,14.31292,45.68212,1
2016,14.32116,44.15584,1
2016,14.32666,47.44721,2
2016,14.32793,44.90665,1
2016,14.32816,44.90927,1
2016,14.32922,44.9071,1
2016,14.35652,45.43031,1
2016,14.35887,45.44981,1
2016,14.35922,45.43943,1
2016,14.36028,47.34194,1
2016,14.37855,79.91367,1
2016,14.40796,120.84908,1
2016,14.40935,-1.55201,1
2016,14.4277,46.15147,1
2016,14.43592,44.38894,1
2016,14.4426,79.98646,1
2016,14.45081,-2.24408,1
2016,14.45121,48.21476,1
2016,14.47377,120.60273,1
2016,14.484,-4.18443,1
2016,14.51187,44.85406,2
2016,14.51854,44.77462,1
2016,14.52416,-4.09075,1
2016,14.52974,46.82955,2
2016,14.53639,46.83306,2
2016,14.53644,46.83311,1
2016,14.54397,49.12458,22
2016,14.54943,121.03359,1
2016,14.54983,44.96433,1
2016,14.55046,44.39771,5
2016,14.55556,44.90583,1
2016,14.5559,120.58943,1
2016,14.56312,44.8991,1
2016,14.56606,45.31238,1
2016,14.57636,44.21381,1
2016,14.57898,0.7224,1
2016,14.58354,45.92542,1
2016,14.5876,44.94643,1
2016,14.59027,121.19379,1
2016,14.59935,120.98477,5
2016,14.60588,121.30036,1
2016,14.61333,0.27278,1
2016,14.62802,43.7122,1
2016,14.6338,-3.41955,1
2016,14.64223,0.03594,1
2016,14.65285,45.35028,1
2016,14.65568,45.02996,1
2016,14.66193,120.9571,1
2016,14.66661,-1.01099,1
2016,14.67204,120.95772,2
2016,14.6766,-1.95135,1
2016,14.6769,-4.72766,1
2016,14.68505,24.84935,1
2016,14.68972,44.27506,2
2016,14.70417,120.98238,1
2016,14.72449,121.03331,1
2016,14.72944,43.90611,1
2016,14.73538,46.52742,1
2016,14.73544,0.92168,1
2016,14.75463,46.51626,5
2016,14.77611,49.36611,1
2016,14.78129,42.97285,3
2016,14.78239,42.97309,1
2016,14.78844,120.88235,1
2016,14.7908,42.97076,1
2016,14.79499,44.29466,1
2016,14.79762,45.71894,2
2016,14.79818,45.71736,2
2016,14.79835,45.71904,1
2016,14.80442,44.29238,1
2016,14.81238,121.04635,1
2016,14.82499,-5.25165,1
2016,14.92052,47.0356,1
2016,14.93103,45.50365,1
2016,14.95008,-0.36206,1
2016,15.0,-2.95,1
2016,15.00051,-7.6696,3
2016,15.00082,121.1764,1
2016,15.00174,120.89909,1
2016,15.00222,-0.34944,1
2016,15.00955,120.93685,1
2016,15.03111,45.82673,1
2016,15.03196,45.82837,2
2016,15.0408,2.705,1
2016,15.04364,45.81583,1
2016,15.04703,43.71454,1
2016,15.04942,121.04518,1
2016,15.04976,23.71681,1
2016,15.05227,45.8359,1
2016,15.07161,43.01226,1
2016,15.07922,-2.21935,4
2016,15.08863,45.87801,1
2016,15.11271,45.89356,1
2016,15.15478,45.99572,1
2016,15.17033,46.02727,2
2016,15.18283,120.79461,1
2016,15.18963,46.00134,1
2016,15.22139,121.40824,1
2016,15.23533,44.33414,1
2016,15.24592,44.07523,1
2016,15.24692,120.85437,1
2016,15.25737,44.05615,1
2016,15.27401,43.14226,1
2016,15.27902,-5.55139,1
2016,15.28635,-1.70072,2
2016,15.30414,120.93271,1
2016,15.31167,120.96182,1
2016,15.32544,44.2119,32
2016,15.33024,119.97431,1
2016,15.33188,43.00491,1
2016,15.33206,119.97954,1
2016,15.3529,121.00198,1
2016,15.38335,46.22458,1
2016,15.3875,44.83667,1
2016,15.39487,120.92377,1
2016,15.41278,44.15139,1
2016,15.41698,45.08188,2
2016,15.43628,121.04609,1
2016,15.44331,45.02532,1
2016,15.44858,74.98809,1
2016,15.44916,44.29112,2
2016,15.44989,45.01869,1
2016,15.45021,45.0196,1
2016,15.45025,45.01967,1
2016,15.45033,45.01982,1
2016,15.45092,45.01995,1
2016,15.45138,45.01977,2
2016,15.45389,-1.53536,1
2016,15.45639,45.32487,27
2016,15.45813,36.40338,1
2016,15.46034,45.32369,1
2016,15.46278,45.32198,2
2016,15.46361,45.3228,1
2016,15.46429,6.2854,1
2016,15.46705,45.32478,1
2016,15.47003,45.32286,4
2016,15.47018,120.9801,1
2016,15.4753,0.70829,1
2016,15.47991,44.21701,1
2016,15.48061,45.32248,1
2016,15.48207,44.22274,1
2016,15.48755,120.82343,1
2016,15.49195,45.352,1
2016,15.51178,45.40245,1
2016,15.51589,45.44981,2
2016,15.53862,45.43285,1
2016,15.54832,45.12857,1
2016,15.56932,24.80118,1
2016,15.5753,44.24943,1
2016,15.58289,120.91842,1
2016,15.5891,121.0991,1
2016,15.60209,44.49537,1
2016,15.6045,121.07831,1
2016,15.61319,120.91568,1
2016,15.61454,44.59658,3
2016,15.61629,44.56458,1
2016,15.62858,44.58743,1
2016,15.63333,44.58333,2
2016,15.63721,-3.3699,1
2016,15.64978,44.56722,1
2016,15.65,44.18333,1
2016,15.65764,-85.99685,1
2016,15.65899,121.22214,1
2016,15.66512,44.56322,1
2016,15.66655,43.94579,1
2016,15.695,43.5975,1
2016,15.71262,44.50237,1
2016,15.71704,-4.90009,1
2016,15.7221,0.68184,1
2016,15.72324,42.99723,1
2016,15.7344,45.7738,1
2016,15.74495,44.57707,2
2016,15.74997,44.49999,6
2016,15.75001,44.50004,1
2016,15.75139,44.57444,1
2016,15.75586,80.31443,1
2016,15.7662,24.90422,1
2016,15.77044,24.88976,1
2016,15.77292,44.48783,1
2016,15.78142,120.66453,1
2016,15.80444,44.54444,1
2016,15.80715,121.00069,1
2016,15.82128,-1.30057,1
2016,15.82692,44.79426,1
2016,15.82758,-4.43673,1
2016,15.83364,44.82964,1
2016,15.8402,48.45438,3
2016,15.84294,120.63742,1
2016,15.8501,-2.784,3
2016,15.88248,-0.87723,1
2016,15.89228,120.59302,1
2016,15.90126,120.58722,1
2016,15.91443,2.39737,4
2016,15.91492,48.65074,2
2016,15.92782,48.60569,1
2016,15.94001,48.78975,1
2016,15.993,120.43135,1
2016,15.99906,120.95321,1
2016,16.00948,120.4111,1
2016,16.08841,44.52401,1
2016,16.09102,44.68659,1
2016,16.09482,44.70676,1
2016,16.09587,44.56666,1
2016,16.09737,44.56113,1
2016,16.10216,44.57331,2
2016,16.10704,44.55276,1
2016,16.13703,-3.74511,1
2016,16.15586,44.62142,1
2016,16.16522,44.77691,2
2016,16.16541,44.7769,11
2016,16.1825,44.62611,5
2016,16.18272,44.62643,1
2016,16.18274,44.62663,1
2016,16.18346,44.62651,2
2016,16.19055,81.13615,1
2016,16.20104,77.34904,1
2016,16.22502,13.28976,1
2016,16.22963,44.58986,1
2016,16.23062,44.58491,1
2016,16.23432,44.57202,1
2016,16.25171,44.54365,1
2016,16.26398,-0.02799,2
2016,16.27228,-0.04896,1
2016,16.27432,-0.04335,1
2016,16.27565,-0.05008,3
2016,16.27646,44.6349,1
2016,16.28697,44.63897,1
2016,16.28871,44.64353,1
2016,16.322,42.81408,7
2016,16.3275,120.36436,1
2016,16.37651,44.08674,1
2016,16.4021,43.05595,2
2016,16.40367,43.0632,1
2016,16.40553,43.06509,1
2016,16.41748,-3.6661,1
2016,16.41754,-3.6646,1
2016,16.41756,-3.66458,1
2016,16.45144,42.90469,1
2016,16.5146,121.7481,1
2016,16.52426,42.9679,5
2016,16.52886,44.9471,1
2016,16.52927,42.96844,1
2016,16.52937,43.01342,1
2016,16.52944,42.9675,1
2016,16.54358,121.84918,1
2016,16.54694,42.97944,1
2016,16.55226,42.95325,1
2016,16.55719,121.70584,1
2016,16.56616,121.76103,1
2016,16.57065,45.80468,1
2016,16.57666,42.92051,1
2016,16.58193,121.78752,2
2016,16.58201,121.7875,1
2016,16.59652,42.93903,1
2016,16.60129,42.93462,1
2016,16.60169,42.94059,8
2016,16.60891,44.9627,1
2016,16.63649,-3.30029,1
2016,16.64065,121.6822,1
2016,16.65193,121.08524,1
2016,16.66293,81.33719,1
2016,16.67401,121.4663,1
2016,16.67834,121.6614,1
2016,16.71285,-2.98067,1
2016,16.72639,120.39351,1
2016,16.74472,45.40716,1
2016,16.74667,43.2173,1
2016,16.74892,45.40628,1
2016,16.7513,122.02856,1
2016,16.75593,45.72174,1
2016,16.75652,43.24078,1
2016,16.75662,43.23094,1
2016,16.75775,-2.99936,8
2016,16.7593,43.18475,1
2016,16.76068,43.21211,1
2016,16.76247,43.22816,1
2016,16.76436,43.253,1
2016,16.77389,-3.00811,1
2016,16.77532,-3.00826,1
2016,16.77896,121.69827,1
2016,16.7881,43.19348,1
2016,16.79018,45.29939,2
2016,16.8003,43.15034,1
2016,16.80123,43.15066,1
2016,16.80342,-3.55939,1
2016,16.83017,75.71003,1
2016,16.83561,-2.5242,1
2016,16.86587,121.93668,1
2016,16.87591,97.64396,1
2016,16.87613,4.40568,1
2016,16.87818,-1.92104,1
2016,16.87856,122.12908,1
2016,16.88778,96.14956,4
2016,16.88823,49.07474,1
2016,16.88917,42.56111,1
2016,16.88921,42.57228,1
2016,16.88936,42.57057,4
2016,16.88938,42.57055,1
2016,16.89073,42.56744,1
2016,16.89297,1.52581,2
2016,16.89319,42.57526,5
2016,16.90257,49.32891,1
2016,16.90258,49.36381,1
2016,16.90283,121.95673,1
2016,16.90793,43.26203,1
2016,16.92386,96.22698,1
2016,16.93041,49.36532,1
2016,16.96855,42.83076,1
2016,16.96993,120.7488,1
2016,16.97178,7.99176,1
2016,16.98527,121.93124,1
2016,16.99162,120.73545,1
2016,17.01657,43.6839,1
2016,17.0359,-1.40357,1
2016,17.09802,121.73677,1
2016,17.10451,43.025,1
2016,17.11008,120.74577,1
2016,17.14944,42.62528,1
2016,17.20325,121.63212,1
2016,17.22787,120.57396,1
2016,17.25564,42.72731,2
2016,17.29484,42.69558,1
2016,17.30007,120.4499,1
2016,17.30176,121.23478,1
2016,17.32125,82.04071,1
2016,17.33795,43.13789,1
2016,17.38851,96.51065,1
2016,17.39962,78.56515,1
2016,17.44746,44.71852,1
2016,17.45866,121.7956,1
2016,17.46511,42.75701,2
2016,17.46686,121.46538,1
2016,17.49091,44.13176,1
2016,17.50472,121.1029,1
2016,17.55494,44.23236,16
2016,17.5656,44.22894,2
2016,17.56582,44.22917,2
2016,17.57754,43.32464,2
2016,17.59965,120.61691,1
2016,17.61551,121.40607,1
2016,17.62769,121.71703,1
2016,17.62936,120.9385,1
2016,17.65178,43.52619,1
2016,17.65627,121.72581,1
2016,17.65814,45.26102,1
2016,17.66562,45.25011,1
2016,17.68936,120.96469,1
2016,17.70059,43.60414,1
2016,17.72039,120.70597,1
2016,17.74287,81.39627,1
2016,17.77423,81.89172,1
2016,17.77908,81.031,1
2016,17.79912,82.81859,1
2016,17.80979,81.05667,1
2016,17.81208,81.38304,2
2016,17.82503,81.3717,1
2016,17.82912,81.33321,1
2016,17.83958,121.25518,1
2016,17.84683,79.66121,1
2016,17.91677,43.36162,1
2016,17.92862,81.34215,1
2016,17.93333,120.46667,1
2016,17.94395,81.35931,1
2016,17.95178,82.30449,1
2016,17.96872,121.93152,1
2016,17.98346,121.93388,1
2016,18.01037,81.09816,1
2016,18.01457,81.38983,2
2016,18.02243,80.9343,1
2016,18.03077,81.32402,1
2016,18.04833,4.44792,1
2016,18.06154,121.64581,1
2016,18.07295,80.8256,1
2016,18.10871,82.10879,1
2016,18.13407,82.61867,1
2016,18.14178,82.68679,1
2016,18.14194,82.68667,1
2016,18.18348,81.42223,1
2016,18.18454,81.41142,2
2016,18.19604,80.97773,1
2016,18.19746,80.8984,1
2016,18.20109,42.63131,1
2016,18.20218,121.56052,1
2016,18.20428,-73.75367,1
2016,18.22346,42.52605,2
2016,18.22926,81.91248,1
2016,18.24567,81.3185,1
2016,18.2457,81.31865,1
2016,18.26759,82.43578,1
2016,18.28456,45.51131,1
2016,18.29752,81.5568,1
2016,18.30092,42.7959,1
2016,18.30413,82.35746,1
2016,18.31475,42.72516,4
2016,18.34037,81.18164,3
2016,18.34351,120.67704,1
2016,18.34359,81.88253,1
2016,18.35147,45.60071,1
2016,18.35816,120.68168,1
2016,18.35825,120.68171,1
2016,18.37805,82.17816,1
2016,18.3869,81.65647,1
2016,18.38899,81.65616,1
2016,18.39101,81.65693,3
2016,18.39102,81.65451,1
2016,18.39113,81.65927,5
2016,18.39122,81.65903,1
2016,18.39136,81.65856,2
2016,18.39548,82.35333,1
2016,18.42307,81.19033,1
2016,18.43844,79.8687,1
2016,18.4427,1.41133,6
2016,18.45205,1.40912,1
2016,18.45207,1.40965,2
2016,18.46393,82.54324,1
2016,18.46421,121.34067,1
2016,18.4674,120.89959,1
2016,18.47329,81.76811,1
2016,18.48056,81.29028,1
2016,18.48376,81.29042,1
2016,18.48665,81.2292,1
2016,18.48741,80.97488,1
2016,18.49325,81.30689,1
2016,18.49328,81.30649,1
2016,18.49625,81.29455,2
2016,18.50582,81.55454,1
2016,18.5059,81.55416,1
2016,18.50599,81.70031,1
2016,18.51028,81.90361,1
2016,18.52207,83.00344,1
2016,18.52851,80.88596,1
2016,18.53214,80.94467,1
2016,18.53288,80.94596,1
2016,18.55529,81.34546,1
2016,18.55642,80.88349,1
2016,18.56111,80.9204,2
2016,18.56811,-99.60422,1
2016,18.57827,81.51864,1
2016,18.5786,81.7287,1
2016,18.61601,80.74473,1
2016,18.62999,82.97198,1
2016,18.63397,82.98913,1
2016,18.63555,81.05974,1
2016,18.64293,82.02316,1
2016,18.65333,82.94389,2
2016,18.70164,81.24845,1
2016,18.70831,80.9955,1
2016,18.72342,82.20972,1
2016,18.72868,81.90826,1
2016,18.7365,80.61291,1
2016,18.75112,81.70598,1
2016,18.76682,80.9402,1
2016,18.77518,80.5367,1
2016,18.77717,81.96919,1
2016,18.79167,80.81667,3
2016,18.79436,81.62575,1
2016,18.79577,80.81882,1
2016,18.79607,80.82151,2
2016,18.79776,80.81996,1
2016,18.79861,80.52612,1
2016,18.80189,82.71839,1
2016,18.80246,81.14104,1
2016,18.8111,80.80369,1
2016,18.81335,82.7123,1
2016,18.81349,82.71233,1
2016,18.81779,80.86697,1
2016,18.84402,81.38362,1
2016,18.84526,81.15983,1
2016,18.84551,81.38415,1
2016,18.84563,81.38203,1
2016,18.84666,-97.10175,1
2016,18.85203,81.48768,1
2016,18.8542,82.73764,1
2016,18.86068,80.73803,2
2016,18.86083,80.72144,3
2016,18.86365,82.87686,1
2016,18.87554,81.15177,1
2016,18.87827,83.16881,1
2016,18.88034,83.16758,1
2016,18.88149,81.15279,1
2016,18.89523,81.35699,1
2016,18.89817,81.34888,4
2016,18.92293,80.85302,1
2016,18.94445,102.94621,1
2016,18.96044,81.54145,1
2016,18.97084,81.97083,1
2016,18.98577,80.9873,1
2016,18.99598,82.62798,1
2016,19.00335,81.06284,1
2016,19.00633,82.9993,1
2016,19.00783,81.05793,1
2016,19.0103,81.09597,1
2016,19.03327,81.00107,1
2016,19.04407,80.66356,1
2016,19.04938,42.86818,1
2016,19.06092,80.69233,1
2016,19.09028,94.21278,1
2016,19.09297,1.73705,1
2016,19.09691,42.86379,2
2016,19.10713,81.95348,1
2016,19.10762,1.74838,1
2016,19.12147,81.86867,1
2016,19.1287,82.05016,1
2016,19.1695,83.41956,1
2016,19.19031,84.18582,1
2016,19.19122,84.18571,1
2016,19.19123,80.71452,1
2016,19.20515,81.93236,1
2016,19.21942,81.98999,1
2016,19.22664,80.18025,1
2016,19.25365,102.27657,1
2016,19.28664,80.70338,1
2016,19.33197,81.40627,1
2016,19.35645,81.52932,1
2016,19.35648,81.52947,1
2016,19.39063,81.82744,1
2016,19.41292,80.58432,1
2016,19.41336,80.00591,1
2016,19.41408,80.59306,1
2016,19.41796,79.96452,1
2016,19.43261,-99.13321,2
2016,19.43523,81.51027,1
2016,19.45621,102.42281,2
2016,19.46485,0.85639,5
2016,19.48529,-3.39717,1
2016,19.49497,80.18579,1
2016,19.49557,84.17897,1
2016,19.49687,80.27673,2
2016,19.49921,81.10226,1
2016,19.51555,81.11419,1
2016,19.5262,81.10197,1
2016,19.52857,84.82515,1
2016,19.56112,83.37986,1
2016,19.56538,81.36187,1
2016,19.57787,81.34643,1
2016,19.58345,83.50102,1
2016,19.58371,83.50064,1
2016,19.59001,80.40893,1
2016,19.59064,81.66661,1
2016,19.59157,80.36795,1
2016,19.59325,81.6639,1
2016,19.59336,81.66348,1
2016,19.59585,81.66378,4
2016,19.59585,81.66473,1
2016,19.59812,81.66521,1
2016,19.59862,80.22658,2
2016,19.60001,81.66991,1
2016,19.60851,80.48174,1
2016,19.61004,83.38372,1
2016,19.61033,83.38419,1
2016,19.62292,83.49777,1
2016,19.62493,83.38486,1
2016,19.63876,81.1376,1
2016,19.70903,83.19735,1
2016,19.71352,83.25124,1
2016,19.72353,81.24241,3
2016,19.72402,81.24238,1
2016,19.72562,81.23382,1
2016,19.72576,81.23363,1
2016,19.73423,83.24877,1
2016,19.75877,83.19422,1
2016,19.79347,93.99376,1
2016,19.80905,85.84895,1
2016,19.81009,93.98784,2
2016,19.81338,85.83147,1
2016,19.81662,85.83993,1
2016,19.83495,0.91513,1
2016,19.85364,80.63524,1
2016,19.85945,81.14859,1
2016,19.87717,75.34334,1
2016,19.88718,85.8142,1
2016,19.90797,80.44588,1
2016,19.90903,83.16447,1
2016,19.91374,83.1649,1
2016,19.94317,80.46576,1
2016,19.95412,81.14736,1
2016,19.96,80.98917,1
2016,19.96006,83.98622,1
2016,19.98144,42.6016,2
2016,20.02636,93.60958,1
2016,20.04215,81.22384,1
2016,20.05507,80.4731,1
2016,20.0702,81.32772,1
2016,20.07982,81.58965,1
2016,20.14606,92.89638,1
2016,20.15277,92.86769,1
2016,20.16021,81.10114,1
2016,20.16543,85.02335,1
2016,20.17507,81.14381,1
2016,20.17917,81.29028,1
2016,20.19901,81.07547,2
2016,20.21544,80.14425,1
2016,20.23224,81.56787,1
2016,20.23464,86.38249,1
2016,20.24563,81.07636,1
2016,20.25296,85.84187,1
2016,20.25571,0.98793,1
2016,20.26467,81.10426,1
2016,20.27,81.49,2
2016,20.27906,80.99217,1
2016,20.28067,81.84022,1
2016,20.30335,86.34655,1
2016,20.31724,81.26973,1
2016,20.33384,86.07144,1
2016,20.33574,86.05677,1
2016,20.34176,80.69921,1
2016,20.37707,94.3991,1
2016,20.38886,81.09772,1
2016,20.41981,80.88946,1
2016,20.48491,92.75558,1
2016,20.48914,80.37422,1
2016,20.49397,80.92626,1
2016,20.50329,82.6045,1
2016,20.50913,82.59354,1
2016,20.54856,-97.52512,1
2016,20.58475,86.66244,1
2016,20.59627,41.05335,1
2016,20.62722,92.5025,3
2016,20.70278,92.62917,1
2016,20.71118,81.54994,1
2016,20.71714,80.4702,1
2016,20.81667,92.36667,4
2016,20.82374,92.37079,3
2016,20.82411,92.36902,2
2016,20.83049,92.4035,1
2016,20.86667,92.53333,1
2016,20.95519,92.25186,1
2016,20.95611,92.37333,1
2016,20.96755,82.46851,1
2016,20.97361,92.29694,1
2016,21.0125,96.68028,1
2016,21.02111,92.29361,1
2016,21.07405,80.99876,1
2016,21.09581,80.77674,1
2016,21.09754,81.03778,2
2016,21.09983,81.02814,1
2016,21.10006,81.03005,1
2016,21.18633,82.2989,1
2016,21.20608,83.5659,1
2016,21.27866,81.86614,1
2016,21.32325,85.86556,1
2016,21.39666,80.66056,1
2016,21.39688,80.77963,1
2016,21.4,92.38333,2
2016,21.4088,83.60953,1
2016,21.41913,39.87239,1
2016,21.42693,92.17574,1
2016,21.43727,40.51271,1
2016,21.48971,92.25493,1
2016,21.50357,39.1792,1
2016,21.51067,81.92236,1
2016,21.51393,92.17665,2
2016,21.52356,41.91965,1
2016,21.52507,39.16519,1
2016,21.54333,39.17278,1
2016,21.63404,92.5308,1
2016,21.66514,91.9564,1
2016,21.6787,87.56313,1
2016,21.80518,83.60624,1
2016,21.81286,80.18385,1
2016,21.81288,80.18383,1
2016,21.8132,80.18511,1
2016,21.81346,80.18297,1
2016,21.81383,80.18395,1
2016,21.86879,88.18509,1
2016,21.88212,80.57679,1
2016,21.92416,77.87452,1
2016,21.9568,100.45442,1
2016,21.95718,50.75461,1
2016,21.98333,92.47167,1
2016,22.0362,98.13386,3
2016,22.04941,80.71608,1
2016,22.05297,85.16395,1
2016,22.06302,85.23359,1
2016,22.10256,97.61948,1
2016,22.11488,74.37352,1
2016,22.12786,82.99343,1
2016,22.13002,88.49999,1
2016,22.19245,87.7237,1
2016,22.19531,92.21832,1
2016,22.22972,82.09056,1
2016,22.24406,68.96831,1
2016,22.27167,98.46639,2
2016,22.28935,86.5981,1
2016,22.3419,91.81512,4
2016,22.36215,85.43875,1
2016,22.40877,87.37332,4
2016,22.424,87.319,1
2016,22.44607,88.37131,1
2016,22.4495,88.39112,1
2016,22.45138,86.58928,1
2016,22.52,86.44994,1
2016,22.54115,79.59391,1
2016,22.54165,98.66625,1
2016,22.54367,97.03371,2
2016,22.54744,85.80254,1
2016,22.58142,86.48335,1
2016,22.58527,87.0497,1
2016,22.60357,86.63274,1
2016,22.64502,96.938,1
2016,22.65003,86.3603,1
2016,22.65545,89.76615,1
2016,22.67677,-3.97891,1
2016,22.7115,88.37448,1
2016,22.71634,88.47797,1
2016,22.73616,89.03705,1
2016,22.79077,86.16612,1
2016,22.8167,89.56891,1
2016,22.84045,84.82029,1
2016,22.84564,89.54033,1
2016,22.85543,86.01316,1
2016,22.87284,88.0377,1
2016,22.90769,89.89838,1
2016,22.90772,85.93556,1
2016,22.92161,89.19789,1
2016,22.96283,85.92556,1
2016,22.9725,85.28083,1
2016,23.02133,98.10518,1
2016,23.02364,85.1894,1
2016,23.0279,88.9975,1
2016,23.04204,88.89558,1
2016,23.04413,84.53795,2
2016,23.04586,84.5419,1
2016,23.04711,84.54116,2
2016,23.06482,85.27332,1
2016,23.07528,85.27889,1
2016,23.07867,85.27778,1
2016,23.07976,85.27932,1
2016,23.09296,97.39758,2
2016,23.12097,85.0701,1
2016,23.12875,84.4696,1
2016,23.16282,89.21814,1
2016,23.17059,84.50387,1
2016,23.17106,90.20555,1
2016,23.17611,89.21647,1
2016,23.17917,89.65611,3
2016,23.18289,97.39786,1
2016,23.19114,84.29563,1
2016,23.192,84.52222,1
2016,23.21158,88.40386,1
2016,23.23829,87.8654,1
2016,23.24172,89.04241,1
2016,23.25667,74.03862,1
2016,23.26631,85.30716,1
2016,23.27102,80.01209,1
2016,23.3007,97.96252,1
2016,23.30209,97.96201,1
2016,23.3441,85.30956,1
2016,23.34658,84.7669,1
2016,23.38024,85.31814,1
2016,23.39182,88.88509,1
2016,23.41006,89.13737,1
2016,23.42102,89.89494,1
2016,23.43088,88.63194,1
2016,23.45748,97.92932,1
2016,23.45966,97.93623,2
2016,23.48293,84.44646,1
2016,23.51741,84.66624,1
2016,23.54499,89.1726,5
2016,23.54531,89.17228,2
2016,23.61285,83.84877,1
2016,23.61434,83.84864,1
2016,23.61569,88.74968,1
2016,23.61629,90.50042,1
2016,23.64644,84.97765,1
2016,23.65094,84.94408,1
2016,23.6693,86.15111,2
2016,23.67118,84.23578,2
2016,23.69328,98.77232,1
2016,23.69644,87.86,1
2016,23.70492,87.07905,1
2016,23.71206,89.6615,1
2016,23.7389,83.82266,1
2016,23.74046,84.44396,1
2016,23.75,84.5,1
2016,23.75558,84.3542,1
2016,23.75965,85.69073,1
2016,23.78431,85.69785,1
2016,23.78508,83.9831,1
2016,23.78589,85.71406,1
2016,23.79128,90.4182,8
2016,23.79276,90.27609,1
2016,23.79565,86.43039,1
2016,23.79744,86.43181,1
2016,23.81024,85.7652,1
2016,23.8148,84.57385,1
2016,23.83086,87.69139,1
2016,23.83094,84.66013,3
2016,23.85253,86.04531,1
2016,23.85437,85.4425,1
2016,23.86528,85.09216,1
2016,23.86866,84.35863,1
2016,23.89446,85.94695,1
2016,23.89671,84.30457,1
2016,23.89878,89.12496,1
2016,23.89942,90.32313,1
2016,23.905,86.19393,1
2016,23.9222,84.09455,1
2016,23.92938,84.64066,1
2016,23.93051,84.64092,1
2016,23.94099,85.28153,1
2016,23.97917,97.90472,3
2016,23.9809,97.97836,1
2016,23.99687,85.37176,2
2016,23.99918,85.99919,1
2016,24.00538,93.916,1
2016,24.00793,86.14929,2
2016,24.01696,85.75385,1
2016,24.01696,85.75386,1
2016,24.02206,89.26405,1
2016,24.02825,89.216,1
2016,24.03037,85.22502,1
2016,24.03194,85.27722,1
2016,24.0478,90.23901,1
2016,24.06536,90.21496,1
2016,24.07808,94.01973,1
2016,24.0887,84.80944,1
2016,24.09602,98.30815,1
2016,24.09606,88.27458,1
2016,24.10776,87.1611,1
2016,24.12861,84.18571,1
2016,24.13438,90.78601,1
2016,24.14996,47.30052,1
2016,24.18094,85.89174,1
2016,24.18163,86.28656,1
2016,24.18275,94.15138,1
2016,24.18706,84.88242,1
2016,24.19173,86.29982,1
2016,24.19575,91.19531,9
2016,24.21028,84.65528,1
2016,24.21475,94.26881,1
2016,24.2451,89.9113,1
2016,24.24589,93.63841,1
2016,24.24849,94.3037,1
2016,24.24983,94.30075,1
2016,24.24997,94.30185,1
2016,24.2505,94.30036,1
2016,24.25106,94.30118,1
2016,24.25108,94.30068,1
2016,24.25128,94.3013,3
2016,24.25135,94.30124,1
2016,24.26672,84.81247,1
2016,24.27223,87.23078,1
2016,24.28547,87.24217,1
2016,24.2941,89.08095,1
2016,24.29687,84.63608,1
2016,24.29774,93.25811,1
2016,24.3262,94.0006,1
2016,24.33538,93.68338,2
2016,24.33619,93.68332,1
2016,24.34193,93.69816,1
2016,24.34347,84.26495,1
2016,24.36632,88.60021,1
2016,24.37336,84.19353,1
2016,24.37384,88.60845,1
2016,24.37445,93.91439,1
2016,24.37468,84.19362,1
2016,24.38379,94.14818,2
2016,24.39526,93.59551,1
2016,24.40201,87.53603,1
2016,24.4069,32.91888,1
2016,24.43476,90.79236,1
2016,24.4411,84.54853,1
2016,24.44125,93.72522,1
2016,24.44181,84.39561,1
2016,24.4422,84.39523,1
2016,24.4464,94.03974,1
2016,24.45485,92.57925,2
2016,24.45821,88.04511,1
2016,24.51845,44.39791,1
2016,24.52397,90.29958,1
2016,24.53356,84.90603,1
2016,24.54355,93.96744,2
2016,24.55576,86.39642,1
2016,24.56868,90.69033,1
2016,24.57333,84.39626,1
2016,24.57352,92.87214,1
2016,24.584,94.07871,1
2016,24.58442,84.41055,1
2016,24.60405,93.68296,1
2016,24.61598,94.00776,1
2016,24.62151,88.43677,1
2016,24.63042,93.75994,1
2016,24.64236,94.0005,1
2016,24.6503,84.55231,1
2016,24.65917,84.74972,1
2016,24.66372,93.90627,1
2016,24.6811,92.56381,1
2016,24.68179,93.9452,1
2016,24.68459,46.70267,1
2016,24.68469,90.05616,1
2016,24.6988,93.78736,1
2016,24.70389,84.37684,1
2016,24.70464,93.85407,1
2016,24.71314,84.69993,1
2016,24.71608,93.83531,1
2016,24.72884,79.55996,1
2016,24.74352,93.41764,1
2016,24.74572,84.38049,2
2016,24.74916,93.42191,1
2016,24.75042,84.5004,1
2016,24.751,67.92586,1
2016,24.76008,86.33626,1
2016,24.76719,86.33425,1
2016,24.77664,93.94396,1
2016,24.7799,94.13016,1
2016,24.78147,84.98641,1
2016,24.7829,93.88661,1
2016,24.78297,94.12947,1
2016,24.78825,94.01591,1
2016,24.78965,93.30852,1
2016,24.79545,84.99943,3
2016,24.79545,85.003,1
2016,24.79792,93.94052,50
2016,24.79951,93.32265,1
2016,24.80675,93.11743,1
2016,24.81306,93.92144,1
2016,24.82488,93.56229,1
2016,24.82788,92.79198,1
2016,24.8301,85.41996,1
2016,24.83802,94.14692,1
2016,24.8404,39.32062,1
2016,24.85185,87.23228,1
2016,24.8547,93.61672,1
2016,24.86504,94.51996,2
2016,24.86646,94.04951,1
2016,24.86981,94.51257,1
2016,24.87035,94.01333,1
2016,24.8714,86.20609,1
2016,24.88494,90.73213,1
2016,24.88528,87.00248,1
2016,24.88947,99.9906,1
2016,24.89112,67.14331,75
2016,24.89548,95.91027,2
2016,24.91798,94.13616,1
2016,24.92826,86.23036,1
2016,24.94215,94.21436,1
2016,24.94371,94.09466,1
2016,24.94904,84.03143,1
2016,24.95006,94.21095,1
2016,24.95391,84.01594,2
2016,24.96206,10.17624,1
2016,24.97064,84.97041,1
2016,24.98449,93.50352,2
2016,24.99833,83.83861,1
2016,25.01593,86.29269,1
2016,25.0168,88.10033,1
2016,25.04454,66.87468,4
2016,25.04631,93.92731,1
2016,25.04669,121.53953,1
2016,25.04928,94.35982,1
2016,25.05258,61.74685,1
2016,25.05455,83.67739,1
2016,25.06581,81.08571,1
2016,25.0847,94.35604,1
2016,25.09539,94.36165,1
2016,25.12704,94.36376,1
2016,25.13171,89.19321,1
2016,25.13435,89.43792,1
2016,25.13687,89.38774,1
2016,25.13982,94.48276,1
2016,25.1458,62.32656,1
2016,25.15172,93.96986,1
2016,25.15192,93.96996,2
2016,25.16331,93.01282,2
2016,25.17073,86.22356,1
2016,25.17121,93.97271,1
2016,25.18284,93.12026,1
2016,25.18732,90.48001,1
2016,25.19349,90.63463,1
2016,25.22687,84.98988,1
2016,25.24042,86.98512,1
2016,25.24823,87.00695,1
2016,25.25116,85.08094,1
2016,25.26705,94.02229,1
2016,25.26786,63.46099,3
2016,25.28071,94.03264,1
2016,25.28414,81.93663,1
2016,25.28493,84.93846,1
2016,25.28669,81.97384,1
2016,25.2898,86.57362,1
2016,25.29356,63.4419,1
2016,25.29403,88.81894,1
2016,25.30542,90.60868,1
2016,25.31587,94.16513,1
2016,25.31855,90.44009,1
2016,25.32493,90.56648,1
2016,25.33018,90.56345,2
2016,25.33459,61.77195,3
2016,25.33571,86.45861,1
2016,25.34692,93.01738,1
2016,25.3507,63.20239,1
2016,25.3511,97.43509,1
2016,25.35646,63.07446,1
2016,25.3622,86.46407,1
2016,25.37253,92.32579,1
2016,25.37732,90.67602,1
2016,25.38289,88.0168,1
2016,25.38929,68.35734,2
2016,25.4,88.51667,1
2016,25.40305,49.58979,1
2016,25.4163,68.28672,1
2016,25.42648,68.54335,1
2016,25.42944,68.52446,1
2016,25.44663,84.86978,1
2016,25.45038,62.11396,1
2016,25.47381,90.82426,1
2016,25.48231,90.22663,1
2016,25.49528,90.61667,1
2016,25.49581,90.61667,1
2016,25.50546,90.59733,1
2016,25.51361,90.2043,1
2016,25.51594,90.53886,1
2016,25.52752,90.58782,1
2016,25.53021,90.17617,1
2016,25.55207,84.66046,1
2016,25.55496,84.65861,1
2016,25.55661,92.96948,1
2016,25.56436,89.51909,1
2016,25.56471,83.97775,1
2016,25.56717,90.52578,2
2016,25.56721,68.55872,1
2016,25.57955,91.89192,1
2016,25.58152,90.27282,1
2016,25.59411,85.13768,1
2016,25.59454,90.25027,1
2016,25.60341,85.13664,1
2016,25.60547,85.14621,1
2016,25.611,85.144,2
2016,25.6127,96.3125,1
2016,25.6146,96.31536,2
2016,25.61543,96.31756,1
2016,25.61554,84.0762,1
2016,25.61559,96.30083,1
2016,25.61614,96.29628,1
2016,25.6164,96.31486,1
2016,25.61667,96.31667,1
2016,25.61984,85.0508,1
2016,25.63817,62.18837,1
2016,25.6492,90.49249,1
2016,25.65142,90.60741,1
2016,25.65324,90.39313,1
2016,25.6838,85.35506,1
2016,25.70257,90.44634,1
2016,25.7075,86.29244,1
2016,25.70806,96.2325,1
2016,25.71792,89.25925,1
2016,25.72256,94.67992,1
2016,25.74004,89.87373,1
2016,25.74054,84.82486,2
2016,25.75454,81.69184,1
2016,25.77657,67.01903,1
2016,25.79972,88.46219,1
2016,25.80579,66.62311,1
2016,25.81131,89.64232,1
2016,25.81382,91.04788,1
2016,25.82157,88.57586,1
2016,25.83256,62.2611,1
2016,25.8462,93.42988,1
2016,25.84828,88.94141,1
2016,25.84953,63.54732,1
2016,25.85768,69.47845,1
2016,25.86246,85.78104,1
2016,25.86269,85.78397,1
2016,25.88083,62.38833,1
2016,25.88634,85.14014,1
2016,25.89868,90.48799,1
2016,25.89877,90.48736,1
2016,25.92,93.73,1
2016,25.92026,93.72986,1
2016,25.93295,88.85248,1
2016,25.93449,14.45869,1
2016,25.95797,91.05319,1
2016,25.95816,90.55588,1
2016,25.97,88.45833,1
2016,25.9859,90.78683,1
2016,25.98858,94.61451,1
2016,25.99941,63.04745,11
2016,26.00493,48.81395,1
2016,26.00806,63.03831,1
2016,26.00862,63.89123,2
2016,26.02736,88.46461,1
2016,26.02899,62.86856,1
2016,26.03325,90.66497,1
2016,26.03476,85.35301,1
2016,26.03542,63.08006,1
2016,26.04185,63.38968,1
2016,26.04233,63.38889,1
2016,26.07806,84.13111,1
2016,26.08341,91.81656,1
2016,26.09104,94.25897,1
2016,26.09331,65.47645,1
2016,26.09668,65.47622,1
2016,26.09744,62.36144,1
2016,26.09827,65.47574,2
2016,26.10008,62.24798,1
2016,26.10085,92.68883,1
2016,26.10288,62.36894,5
2016,26.11563,62.03764,3
2016,26.11953,88.74774,1
2016,26.11968,85.3644,1
2016,26.12227,85.37788,1
2016,26.13438,62.29685,3
2016,26.14979,91.76393,2
2016,26.15194,85.89694,1
2016,26.15606,63.01476,1
2016,26.16224,63.00816,1
2016,26.17097,64.03926,1
2016,26.21038,50.46233,1
2016,26.21963,84.35642,1
2016,26.22096,32.05876,1
2016,26.22418,93.77631,1
2016,26.23065,50.52812,1
2016,26.25216,92.3416,1
2016,26.26709,93.24699,1
2016,26.28323,50.6315,1
2016,26.28386,86.82223,1
2016,26.29928,74.73539,1
2016,26.30348,89.85111,1
2016,26.33918,62.94882,1
2016,26.34637,92.68404,1
2016,26.37425,65.61299,5
2016,26.37851,87.29175,1
2016,26.40144,90.2667,3
2016,26.40721,81.5894,1
2016,26.4286,50.06652,2
2016,26.43097,65.20955,1
2016,26.43362,65.44673,1
2016,26.43465,90.86589,1
2016,26.44559,78.74776,1
2016,26.45734,65.23111,2
2016,26.46197,87.49129,1
2016,26.47011,85.69753,1
2016,26.47947,89.52059,1
2016,26.48242,65.2821,1
2016,26.49151,50.00872,1
2016,26.54071,86.74859,1
2016,26.55478,50.00452,7
2016,26.56451,78.78825,1
2016,26.57352,50.03856,1
2016,26.57735,50.07529,1
2016,26.57774,50.07526,1
2016,26.58353,91.7468,1
2016,26.58735,49.98415,3
2016,26.6157,87.83535,1
2016,26.61635,86.70207,1
2016,26.61726,86.70139,1
2016,26.62696,63.35314,1
2016,26.6308,94.38392,1
2016,26.64716,84.91376,1
2016,26.65383,63.95536,1
2016,26.65709,91.91248,1
2016,26.65727,91.91237,1
2016,26.66229,95.22046,1
2016,26.72706,93.14799,1
2016,26.73032,64.14782,1
2016,26.77099,84.25093,1
2016,26.7723,85.00385,1
2016,26.77871,86.12235,1
2016,26.78817,82.71641,1
2016,26.79874,87.36688,1
2016,26.81964,-107.0699,1
2016,26.8302,86.26665,1
2016,26.84343,95.38014,1
2016,26.84671,80.94616,1
2016,26.87754,85.2892,1
2016,26.89065,64.1912,1
2016,26.93013,94.81946,1
2016,26.9494,65.49224,6
2016,26.9542,84.87503,1
2016,26.97214,64.11457,1
2016,26.98261,94.64245,1
2016,26.9864,14.41157,1
2016,26.99725,87.33317,1
2016,27.02287,14.44122,5
2016,27.04208,64.91084,4
2016,27.04234,64.91654,1
2016,27.04679,95.12106,1
2016,27.05824,95.17711,1
2016,27.05982,27.9723,1
2016,27.06969,65.55468,1
2016,27.0879,68.49566,1
2016,27.13,84.07,1
2016,27.17529,67.81525,1
2016,27.18428,68.6365,1
2016,27.19451,95.46953,1
2016,27.20364,87.81567,1
2016,27.20533,33.80377,1
2016,27.24817,85.93523,1
2016,27.28,95.33019,1
2016,27.29107,95.66946,2
2016,27.34255,66.36792,5
2016,27.37083,62.33417,1
2016,27.37229,-80.34035,1
2016,27.39681,95.62204,2
2016,27.43943,95.76422,1
2016,27.43965,95.75895,1
2016,27.46438,94.93655,1
2016,27.47394,95.30892,1
2016,27.48648,95.4358,1
2016,27.49219,95.34678,4
2016,27.49259,95.34659,1
2016,27.49262,95.3487,1
2016,27.49412,95.3592,1
2016,27.49753,82.78724,1
2016,27.50781,95.90725,1
2016,27.51325,95.87558,1
2016,27.52999,60.58207,1
2016,27.53021,68.74569,1
2016,27.54984,85.33352,1
2016,27.56008,68.21572,1
2016,27.56774,95.55724,2
2016,27.56807,95.32823,1
2016,27.56989,95.56874,1
2016,27.58664,68.1921,1
2016,27.59186,21.61093,1
2016,27.62696,84.50085,1
2016,27.6534,85.51049,1
2016,27.65892,22.49511,1
2016,27.66061,84.03657,1
2016,27.66897,85.31982,1
2016,27.67616,96.6067,1
2016,27.68404,84.43313,1
2016,27.68591,68.88648,1
2016,27.69436,83.45327,1
2016,27.70875,85.3295,3
2016,27.72784,85.37821,5
2016,27.74106,96.64474,1
2016,27.76001,67.16785,1
2016,27.76681,85.4066,1
2016,27.77606,85.69485,1
2016,27.80992,66.62095,4
2016,27.86561,78.05731,1
2016,27.87747,82.57265,1
2016,27.90668,68.51132,1
2016,27.91704,84.40676,1
2016,27.92353,62.92459,1
2016,27.96529,82.4861,1
2016,27.99644,-82.4448,2
2016,27.9971,-82.36535,1
2016,28.00047,68.72847,1
2016,28.00228,68.72801,1
2016,28.00514,84.71588,1
2016,28.01142,-82.57587,1
2016,28.01722,83.60757,1
2016,28.05606,81.62802,1
2016,28.064,82.59612,1
2016,28.0876,30.7613,1
2016,28.16046,77.25632,1
2016,28.21379,77.78025,1
2016,28.23142,61.19276,1
2016,28.26222,84.01674,1
2016,28.27057,83.59969,1
2016,28.27655,84.3542,1
2016,28.28294,68.43649,1
2016,28.3023,66.06738,1
2016,28.38066,68.34314,2
2016,28.38333,36.58333,1
2016,28.42802,19.03665,1
2016,28.42974,70.27738,1
2016,28.43717,82.0952,1
2016,28.45361,67.945,1
2016,28.46019,68.02539,1
2016,28.47716,-81.33686,1
2016,28.49073,65.09578,1
2016,28.49576,77.18555,1
2016,28.51882,68.54111,2
2016,28.52121,77.17898,1
2016,28.54374,68.21844,8
2016,28.54691,17.53586,2
2016,28.55648,68.09898,1
2016,28.55736,66.77659,1
2016,28.57257,17.7121,1
2016,28.58584,77.15334,2
2016,28.58736,65.42061,2
2016,28.5876,68.04775,2
2016,28.6029,83.33619,1
2016,28.633,-106.0691,1
2016,28.63331,69.19037,14
2016,28.65108,68.56771,1
2016,28.70406,77.10249,1
2016,28.73094,77.77595,1
2016,28.77032,77.4987,1
2016,28.84594,81.70837,1
2016,28.86111,70.81389,1
2016,28.86923,68.33442,8
2016,28.87717,19.37712,1
2016,28.88264,69.18498,1
2016,28.89374,64.40585,1
2016,28.90702,69.13332,1
2016,28.92322,68.99981,1
2016,28.92345,69.00165,6
2016,28.94724,61.58476,1
2016,28.94947,69.05931,1
2016,28.95115,69.05886,1
2016,28.95984,69.39012,1
2016,28.95994,69.39775,1
2016,28.97072,77.70364,1
2016,28.98915,68.01142,2
2016,29.02497,69.15034,1
2016,29.03441,69.15866,6
2016,29.03568,69.15509,1
2016,29.036,69.15882,1
2016,29.03666,69.15661,1
2016,29.03689,69.16348,1
2016,29.0454,69.15871,1
2016,29.04785,66.59332,1
2016,29.08009,31.09818,1
2016,29.08386,68.86276,2
2016,29.08853,2.21267,1
2016,29.10177,70.32447,1
2016,29.11614,66.54469,1
2016,29.1187,15.95407,1
2016,29.12145,78.62102,1
2016,29.14387,69.09979,7
2016,29.15492,16.15612,2
2016,29.16784,46.60003,1
2016,29.18192,68.21156,5
2016,29.19877,-81.10149,1
2016,29.20287,19.21754,2
2016,29.29044,68.91169,1
2016,29.31354,64.00963,1
2016,29.33333,66.96601,1
2016,29.3477,47.94912,1
2016,29.36256,67.82045,1
2016,29.36429,67.81391,1
2016,29.37457,32.17793,1
2016,29.39453,76.97032,2
2016,29.39572,71.68333,2
2016,29.40874,67.18945,2
2016,29.4453,71.65432,1
2016,29.45579,67.08039,1
2016,29.4658,-98.52534,1
2016,29.47412,30.95915,1
2016,29.48519,68.06042,3
2016,29.50369,67.56568,1
2016,29.53956,67.87592,2
2016,29.54547,66.04537,1
2016,29.54828,67.87919,5
2016,29.55231,66.02051,5
2016,29.5558,66.01959,1
2016,29.56805,24.67299,1
2016,29.59059,32.71328,1
2016,29.62302,31.25993,1
2016,29.6425,66.3925,1
2016,29.67386,68.7155,1
2016,29.73417,66.45639,1
2016,29.73472,67.58689,1
2016,29.79241,67.98634,1
2016,29.79727,66.84349,1
2016,29.79842,66.84691,1
2016,29.80092,66.84966,1
2016,29.80396,66.85099,5
2016,29.80999,67.39942,1
2016,29.81001,67.3995,1
2016,29.81577,31.27152,1
2016,29.81668,31.26672,1
2016,29.8469,31.272,1
2016,29.85408,31.31768,1
2016,29.85538,67.33993,5
2016,29.87757,67.65229,1
2016,29.89609,69.25024,2
2016,29.89826,69.52765,1
2016,29.89972,69.25064,1
2016,29.90563,33.74946,1
2016,29.90882,45.29914,1
2016,29.92959,31.18593,1
2016,29.944,68.09734,1
2016,29.96661,66.74483,1
2016,29.97021,67.03617,1
2016,29.98053,76.88989,1
2016,29.98124,67.01096,1
2016,29.98358,14.26848,1
2016,29.98879,66.88182,1
2016,29.99791,30.96303,2
2016,30.00278,34.68167,1
2016,30.02292,31.18519,10
2016,30.02653,31.45642,3
2016,30.03055,31.11074,1
2016,30.08452,66.98344,5
2016,30.08463,31.33431,5
2016,30.0862,71.65474,1
2016,30.08844,33.73887,1
2016,30.09826,66.94448,2
2016,30.09997,67.94342,1
2016,30.11012,67.87263,1
2016,30.12028,65.18083,1
2016,30.13309,67.28468,1
2016,30.14429,16.78649,2
2016,30.1483,17.00769,1
2016,30.15566,68.57595,1
2016,30.16567,31.31405,1
2016,30.19268,35.72493,1
2016,30.19535,67.71322,2
2016,30.20082,66.99435,61
2016,30.22834,31.4799,1
2016,30.23966,66.04823,2
2016,30.2766,66.97272,1
2016,30.28666,68.35004,1
2016,30.28892,68.34998,1
2016,30.31837,36.17748,1
2016,30.31922,63.73811,1
2016,30.32506,36.13776,1
2016,30.35493,66.94431,1
2016,30.37097,68.59932,1
2016,30.37121,30.53145,1
2016,30.38192,67.72623,1
2016,30.38442,74.47994,1
2016,30.39279,34.48979,1
2016,30.40053,19.60605,2
2016,30.44196,-91.13105,1
2016,30.4653,33.78569,2
2016,30.46593,30.93058,1
2016,30.49179,18.54712,6
2016,30.51005,47.77809,4
2016,30.54215,66.27422,2
2016,30.5502,63.78606,2
2016,30.55107,63.7823,1
2016,30.55262,63.78312,1
2016,30.55363,63.78721,1
2016,30.55449,49.18674,1
2016,30.55659,-91.95649,1
2016,30.55905,63.59016,1
2016,30.58221,15.40797,5
2016,30.58333,66.99651,2
2016,30.58516,-96.29597,1
2016,30.58786,20.3401,1
2016,30.59703,33.61949,1
2016,30.59951,33.58176,1
2016,30.60523,33.61784,1
2016,30.60847,33.61758,23
2016,30.61066,33.63876,1
2016,30.61141,66.57679,1
2016,30.61155,66.57473,1
2016,30.61247,66.5767,1
2016,30.62201,64.03114,4
2016,30.62225,33.6419,1
2016,30.62721,18.3382,5
2016,30.65238,46.81062,1
2016,30.65979,31.58837,1
2016,30.66118,73.10858,1
2016,30.66669,34.36858,2
2016,30.68734,73.10841,1
2016,30.70708,76.21699,1
2016,30.72722,18.2152,1
2016,30.73004,31.79884,1
2016,30.73266,31.71955,1
2016,30.74972,20.2166,1
2016,30.75713,20.23754,2
2016,30.78021,17.83741,4
2016,30.80162,18.08622,5
2016,30.82556,67.7448,1
2016,30.82956,35.03882,10
2016,30.87468,17.55077,1
2016,30.8826,34.39205,1
2016,30.89802,75.86007,4
2016,30.90733,17.74975,2
2016,30.92211,66.45153,3
2016,30.92702,76.04518,1
2016,30.94929,46.59904,1
2016,30.9516,20.1189,2
2016,30.95648,66.16892,1
2016,30.95993,61.86895,6
2016,30.96369,61.8522,1
2016,30.96417,66.62806,1
2016,30.96792,17.57526,1
2016,30.97418,66.43703,1
2016,30.97653,-87.26295,1
2016,30.98795,66.17038,1
2016,30.99614,34.24717,1
2016,31.00692,33.87175,2
2016,31.01678,33.00859,1
2016,31.02615,62.45042,2
2016,31.03349,73.13365,1
2016,31.0391,15.68166,1
2016,31.04437,46.26145,3
2016,31.05008,33.40832,1
2016,31.05238,16.66196,8
2016,31.05397,17.28497,12
2016,31.06138,66.34427,1
2016,31.06208,33.81248,1
2016,31.06653,33.85005,1
2016,31.07336,33.4724,1
2016,31.08287,34.14627,7
2016,31.11196,30.94217,1
2016,31.11655,33.72472,5
2016,31.12616,64.20666,1
2016,31.12665,33.80086,110
2016,31.13146,64.21348,1
2016,31.13215,64.21284,1
2016,31.13893,17.04694,13
2016,31.14679,72.68522,1
2016,31.14711,72.6865,1
2016,31.14861,34.24139,1
2016,31.1489,34.22746,1
2016,31.16371,33.95593,6
2016,31.16754,16.57113,1
2016,31.1678,44.36866,1
2016,31.16954,34.00621,1
2016,31.16983,34.08742,3
2016,31.17041,72.70972,1
2016,31.17232,34.19679,1
2016,31.17307,34.21994,2
2016,31.17308,34.13612,1
2016,31.17414,33.96743,1
2016,31.18204,35.73357,2
2016,31.18265,30.52503,1
2016,31.18606,34.00856,1
2016,31.18969,16.57019,2
2016,31.19365,16.55388,82
2016,31.19634,34.06752,1
2016,31.20024,16.5748,3
2016,31.20034,16.58461,1
2016,31.20234,46.21635,1
2016,31.20445,16.58555,1
2016,31.20488,16.58945,1
2016,31.20649,34.06843,1
2016,31.20738,34.08274,1
2016,31.20788,34.06887,1
2016,31.2113,34.11002,1
2016,31.21139,15.49452,1
2016,31.21164,34.11042,1
2016,31.21176,34.10986,1
2016,31.21179,34.15104,2
2016,31.21222,34.11706,78
2016,31.21344,34.12108,1
2016,31.21368,16.39732,1
2016,31.22822,34.23045,2
2016,31.23185,34.24007,1
2016,31.2414,34.19408,1
2016,31.24456,34.25173,1
2016,31.2486,36.04914,1
2016,31.2502,34.24128,49
2016,31.25083,34.175,1
2016,31.27452,34.23393,1
2016,31.30021,45.27709,3
2016,31.30217,64.2641,1
2016,31.3054,64.2593,1
2016,31.3066,64.26036,1
2016,31.31833,48.67062,1
2016,31.32045,34.34573,1
2016,31.33361,64.53081,1
2016,31.33858,34.34926,1
2016,31.34145,75.57485,1
2016,31.34312,69.45286,3
2016,31.34754,69.45033,1
2016,31.35101,63.94498,1
2016,31.3544,75.55626,1
2016,31.36041,75.5916,1
2016,31.36365,63.95861,1
2016,31.37733,63.95188,1
2016,31.38697,73.19986,1
2016,31.38728,64.30697,1
2016,31.38769,34.75515,1
2016,31.39584,15.72474,1
2016,31.40469,65.68915,1
2016,31.40755,64.30196,1
2016,31.41754,31.81444,1
2016,31.41883,73.09567,1
2016,31.42045,31.79932,1
2016,31.4289,22.46946,1
2016,31.42974,64.30375,1
2016,31.43987,35.02897,1
2016,31.44258,35.02857,1
2016,31.44584,12.98923,1
2016,31.44621,67.2527,1
2016,31.44891,15.25601,16
2016,31.45626,72.96682,1
2016,31.45717,66.51668,1
2016,31.46122,66.52239,2
2016,31.4614,74.34798,1
2016,31.46515,65.76632,1
2016,31.46746,64.09244,8
2016,31.4762,34.55345,2
2016,31.47629,64.29101,1
2016,31.47649,64.29006,1
2016,31.4767,64.29172,1
2016,31.4769,64.2903,1
2016,31.48623,64.32139,1
2016,31.49971,65.00085,3
2016,31.50067,65.845,1
2016,31.50199,65.84813,1
2016,31.50547,74.34288,9
2016,31.50871,62.70064,1
2016,31.51511,64.998,2
2016,31.51523,14.75706,1
2016,31.51544,65.17141,1
2016,31.51848,35.16279,2
2016,31.52742,34.595,1
2016,31.5282,34.59638,3
2016,31.5296,64.23222,1
2016,31.52973,35.11823,6
2016,31.52989,65.02796,1
2016,31.53024,35.09416,12
2016,31.53253,65.96906,1
2016,31.53259,35.09963,1
2016,31.5343,64.25025,1
2016,31.53783,34.48953,1
2016,31.55275,34.50894,1
2016,31.55302,34.50635,1
2016,31.5559,70.76251,2
2016,31.55706,64.87709,5
2016,31.56411,35.12692,1
2016,31.56613,35.1296,2
2016,31.57044,62.82346,1
2016,31.57285,67.04244,1
2016,31.57721,34.52701,1
2016,31.57841,35.10207,1
2016,31.58056,15.54203,1
2016,31.58349,63.79171,1
2016,31.5881,64.23153,1
2016,31.58983,64.33795,3
2016,31.59516,64.37624,1
2016,31.60063,64.36965,20
2016,31.60557,34.77177,1
2016,31.60599,64.33476,1
2016,31.60624,64.33906,1
2016,31.60711,65.63467,1
2016,31.60898,35.09936,4
2016,31.61031,64.96053,1
2016,31.61135,64.46966,1
2016,31.61284,65.70216,1
2016,31.61522,65.68165,1
2016,31.61621,65.7072,1
2016,31.61709,65.69486,1
2016,31.61713,65.71827,1
2016,31.61778,-2.20472,1
2016,31.61932,65.05016,1
2016,31.62071,65.04894,1
2016,31.62086,74.23328,1
2016,31.62102,35.13853,2
2016,31.62164,35.1549,1
2016,31.62304,65.05425,2
2016,31.6267,35.10497,1
2016,31.62887,65.73717,1
2016,31.63108,65.74223,16
2016,31.63205,65.70316,1
2016,31.63325,65.02113,1
2016,31.63661,14.67643,1
2016,31.63782,64.2378,1
2016,31.64011,64.2395,1
2016,31.64052,64.24355,3
2016,31.64131,65.40125,1
2016,31.64355,35.2163,1
2016,31.64556,66.54417,1
2016,31.6528,35.22958,2
2016,31.65344,35.12564,4
2016,31.65552,35.1515,2
2016,31.6569,65.03327,1
2016,31.65718,65.42478,1
2016,31.65845,64.32955,2
2016,31.66208,68.40317,1
2016,31.66267,63.01476,1
2016,31.66361,64.26615,1
2016,31.66402,64.26472,1
2016,31.66422,64.26615,1
2016,31.66442,14.65451,1
2016,31.6672,64.3544,2
2016,31.66767,63.01476,1
2016,31.66918,20.24964,1
2016,31.66968,64.93456,1
2016,31.67015,34.57515,1
2016,31.67832,35.14399,2
2016,31.67876,35.10129,1
2016,31.6802,64.31221,3
2016,31.69262,64.65333,2
2016,31.69292,35.17175,2
2016,31.69518,35.11448,2
2016,31.70456,35.19446,4
2016,31.70503,65.68963,1
2016,31.70688,35.10382,1
2016,31.70691,70.13516,1
2016,31.71028,65.6801,1
2016,31.71627,64.40032,1
2016,31.71703,73.9855,1
2016,31.725,61.63853,1
2016,31.73534,65.65272,1
2016,31.73585,62.91024,1
2016,31.73586,62.91039,1
2016,31.7478,64.44217,4
2016,31.75386,64.71593,1
2016,31.75426,14.00796,2
2016,31.76174,35.26504,1
2016,31.7716,35.2034,7
2016,31.77347,35.29891,1
2016,31.77472,35.17778,1
2016,31.78484,35.22461,22
2016,31.78494,49.21846,1
2016,31.78703,64.52065,1
2016,31.79183,64.56519,1
2016,31.79424,35.03779,1
2016,31.80262,66.32472,3
2016,31.8029,65.94888,1
2016,31.80514,67.85809,1
2016,31.80753,70.89598,1
2016,31.81297,64.57512,1
2016,31.81314,64.5587,1
2016,31.81367,64.54566,1
2016,31.81468,64.54824,1
2016,31.82012,64.56772,1
2016,31.82042,64.59006,1
2016,31.82119,64.54805,1
2016,31.8245,35.12966,1
2016,31.82552,64.59486,1
2016,31.82587,64.57643,4
2016,31.82648,69.37076,1
2016,31.82727,64.56722,1
2016,31.82878,61.23356,1
2016,31.82919,64.56858,2
2016,31.82924,64.56829,3
2016,31.82939,64.56769,1
2016,31.82959,61.2307,1
2016,31.82965,64.56751,2
2016,31.82975,64.56757,1
2016,31.82984,64.56541,1
2016,31.82993,64.57554,1
2016,31.82995,64.56811,2
2016,31.83123,70.90162,1
2016,31.83226,35.06852,1
2016,31.83308,35.2967,1
2016,31.83429,35.26401,1
2016,31.83433,70.90905,7
2016,31.83446,64.59349,1
2016,31.83528,64.5903,1
2016,31.84834,35.15938,1
2016,31.84891,65.51869,1
2016,31.85188,70.91078,1
2016,31.85346,22.53473,5
2016,31.86147,35.20843,1
2016,31.86309,35.17103,1
2016,31.86324,35.2281,7
2016,31.8651,66.48712,1
2016,31.86603,35.26199,1
2016,31.86677,65.87106,1
2016,31.86694,65.87086,1
2016,31.8765,35.12522,1
2016,31.87993,35.1241,1
2016,31.87998,35.12407,1
2016,31.88966,67.86077,1
2016,31.8951,35.04781,1
2016,31.89518,35.08387,1
2016,31.89891,35.009,1
2016,31.90714,35.19822,1
2016,31.90861,67.64611,1
2016,31.90872,67.6461,1
2016,31.90925,35.14136,1
2016,31.91272,65.51111,1
2016,31.9268,35.13261,2
2016,31.92879,34.86666,1
2016,31.93272,70.46088,1
2016,31.93958,35.13255,1
2016,31.9397,66.01444,1
2016,31.94034,22.63143,1
2016,31.94059,66.01444,1
2016,31.94151,35.22286,1
2016,31.9416,35.22273,3
2016,31.94186,35.22277,1
2016,31.94449,20.02559,1
2016,31.94536,35.92839,1
2016,31.94586,40.45262,1
2016,31.95131,35.46902,1
2016,31.9551,35.26032,3
2016,31.95649,67.42957,1
2016,31.97264,67.37566,1
2016,31.9729,67.37546,1
2016,31.9781,75.40871,1
2016,31.98541,65.47309,1
2016,31.98716,67.05583,1
2016,31.98778,14.57524,1
2016,32.00004,35.07042,1
2016,32.00606,35.12593,1
2016,32.00659,20.07247,2
2016,32.00831,35.12888,1
2016,32.01779,65.53007,1
2016,32.01822,35.04303,1
2016,32.01852,66.97512,1
2016,32.01961,44.35335,1
2016,32.02729,67.11201,1
2016,32.03237,65.13483,1
2016,32.03333,65.13389,1
2016,32.04298,42.25426,1
2016,32.05956,35.36773,2
2016,32.06929,20.15114,84
2016,32.0711,64.85259,1
2016,32.0712,64.85235,1
2016,32.0717,64.84211,1
2016,32.07193,64.83884,1
2016,32.07217,66.13451,1
2016,32.0729,66.15178,1
2016,32.07324,23.94485,1
2016,32.07408,66.13487,1
2016,32.07408,66.14153,5
2016,32.0765,66.14533,1
2016,32.07724,35.26567,1
2016,32.07753,35.84321,1
2016,32.07944,66.00556,1
2016,32.08229,68.56026,1
2016,32.08297,34.81189,6
2016,32.08509,35.18083,1
2016,32.08908,64.93779,1
2016,32.08916,34.88382,2
2016,32.08981,64.88543,1
2016,32.09495,20.26887,8
2016,32.10021,66.90102,6
2016,32.10241,35.2465,1
2016,32.10464,35.17451,1
2016,32.10611,66.90694,1
2016,32.10622,66.90978,1
2016,32.10653,65.94866,1
2016,32.10706,35.19036,1
2016,32.10784,34.96842,1
2016,32.10796,35.18636,1
2016,32.10931,66.907,1
2016,32.10945,61.88327,1
2016,32.11315,66.90255,1
2016,32.11326,66.02556,1
2016,32.11542,65.89285,2
2016,32.11554,35.25746,1
2016,32.11649,67.09912,1
2016,32.11667,20.06667,1
2016,32.11673,70.15751,2
2016,32.11857,64.988,1
2016,32.11875,64.99056,1
2016,32.11982,35.2498,3
2016,32.12795,62.80341,1
2016,32.1377,64.98576,3
2016,32.14082,65.02147,2
2016,32.14939,70.24816,1
2016,32.15452,35.25855,1
2016,32.15737,65.01747,1
2016,32.16421,63.42427,1
2016,32.16597,13.01642,2
2016,32.16866,35.2362,1
2016,32.17469,67.1829,1
2016,32.17546,35.33648,1
2016,32.17586,66.51718,1
2016,32.17902,67.13628,1
2016,32.17988,66.48786,2
2016,32.18584,67.01755,1
2016,32.18773,76.36219,1
2016,32.18916,35.25567,1
2016,32.19188,67.18945,1
2016,32.19278,65.98833,1
2016,32.20306,35.26415,1
2016,32.20334,20.17018,2
2016,32.20944,70.38354,1
2016,32.21174,35.15815,1
2016,32.2143,70.37773,2
2016,32.21917,66.97694,1
2016,32.22124,68.29551,1
2016,32.2218,65.08191,1
2016,32.2222,67.56371,1
2016,32.22227,35.25351,4
2016,32.22522,35.26089,1
2016,32.22883,67.56138,1
2016,32.23083,62.92059,2
2016,32.2345,67.54382,2
2016,32.23568,35.26978,1
2016,32.24139,62.94917,1
2016,32.24259,35.05126,1
2016,32.24301,35.4561,1
2016,32.24419,75.43466,1
2016,32.24654,66.01459,1
2016,32.25141,35.26936,1
2016,32.26434,75.64211,1
2016,32.26454,68.52472,3
2016,32.26872,75.65551,1
2016,32.27018,65.04961,1
2016,32.27503,69.8664,1
2016,32.27597,67.14673,1
2016,32.27954,66.0879,1
2016,32.28204,65.06679,1
2016,32.28444,65.53861,1
2016,32.28664,61.46767,1
2016,32.29,65.57722,1
2016,32.29403,69.71585,1
2016,32.3048,67.17529,1
2016,32.3061,69.57996,4
2016,32.30632,69.5879,1
2016,32.30655,61.34918,1
2016,32.30729,35.11913,1
2016,32.30793,65.80755,1
2016,32.31187,64.81108,1
2016,32.31193,35.02658,1
2016,32.31354,69.98937,1
2016,32.31616,65.53786,1
2016,32.32024,69.85974,3
2016,32.32197,65.08671,1
2016,32.3252,44.91875,1
2016,32.32677,34.85834,1
2016,32.33907,71.87821,1
2016,32.34169,70.52649,1
2016,32.34191,14.57901,1
2016,32.35492,15.10552,5
2016,32.35551,68.44777,1
2016,32.35669,67.25744,1
2016,32.36723,69.68694,1
2016,32.37001,62.12846,10
2016,32.37246,62.12009,1
2016,32.37252,62.12399,1
2016,32.38329,61.53582,1
2016,32.38905,66.05444,1
2016,32.39144,65.64351,1
2016,32.40129,66.81345,1
2016,32.40789,14.62269,1
2016,32.41585,62.12498,1
2016,32.41694,14.81301,1
2016,32.41814,62.02747,4
2016,32.42288,35.30272,1
2016,32.42667,65.63694,1
2016,32.43138,13.63833,1
2016,32.43276,69.66607,1
2016,32.4414,62.06367,1
2016,32.44566,62.14446,1
2016,32.44646,62.14541,1
2016,32.4472,65.05753,1
2016,32.45054,43.85798,1
2016,32.45242,69.65594,1
2016,32.45607,64.74006,1
2016,32.46062,35.30125,3
2016,32.46819,44.55019,1
2016,32.4684,14.56723,1
2016,32.46924,44.41664,2
2016,32.47072,62.11554,1
2016,32.47215,43.51636,1
2016,32.47269,35.16918,1
2016,32.47442,74.8931,1
2016,32.47556,69.63606,1
2016,32.47917,65.49806,1
2016,32.48092,62.02824,1
2016,32.48166,62.03494,1
2016,32.48664,67.36875,1
2016,32.48694,62.05889,1
2016,32.48694,62.05891,2
2016,32.48716,62.0404,1
2016,32.48999,62.09245,1
2016,32.49228,62.25607,2
2016,32.49524,67.39721,1
2016,32.49528,75.29448,1
2016,32.49533,35.32515,1
2016,32.49533,62.26266,1
2016,32.49792,62.07137,1
2016,32.5032,67.41589,1
2016,32.5042,67.41601,1
2016,32.50932,62.15155,1
2016,32.50949,41.64487,1
2016,32.51191,62.1333,2
2016,32.51211,62.10108,1
2016,32.51364,62.32294,1
2016,32.51384,45.32091,1
2016,32.51577,69.28948,1
2016,32.5177,41.9204,1
2016,32.51857,62.11368,1
2016,32.51865,67.41478,1
2016,32.51874,62.11412,1
2016,32.52028,62.19274,1
2016,32.52145,67.41314,1
2016,32.53088,62.32787,2
2016,32.53114,44.4114,1
2016,32.53329,45.82945,1
2016,32.53788,66.13162,1
2016,32.5387,67.05839,1
2016,32.54303,62.32339,1
2016,32.54444,45.40746,1
2016,32.54704,12.93808,1
2016,32.54704,65.99949,1
2016,32.54737,12.93806,1
2016,32.54804,41.91979,21
2016,32.54842,68.88172,1
2016,32.55317,75.11069,1
2016,32.5573,67.47582,1
2016,32.55976,41.91965,8
2016,32.56508,43.49096,1
2016,32.57,65.43935,1
2016,32.57123,34.95138,1
2016,32.57621,75.09251,1
2016,32.57688,41.89917,1
2016,32.58209,70.06193,1
2016,32.58646,73.49188,1
2016,32.59444,62.7275,1
2016,32.59874,44.01063,1
2016,32.60241,45.7521,1
2016,32.60439,44.00714,1
2016,32.60621,70.90862,2
2016,32.61797,65.87237,14
2016,32.62233,36.10376,1
2016,32.62333,69.5058,1
2016,32.62347,62.51008,2
2016,32.62399,65.45601,1
2016,32.62401,65.45602,1
2016,32.62474,62.47965,1
2016,32.62492,65.45608,1
2016,32.62628,65.87156,1
2016,32.62646,65.87028,1
2016,32.6276,62.46983,1
2016,32.62778,62.53111,1
2016,32.62789,65.87769,1
2016,32.62789,65.87837,1
2016,32.6293,65.81727,1
2016,32.62975,62.49081,1
2016,32.63405,65.89361,1
2016,32.63652,74.91414,1
2016,32.63983,65.85726,1
2016,32.64076,65.57078,2
2016,32.64088,65.46818,1
2016,32.6413,65.43839,1
2016,32.64699,14.26097,3
2016,32.65475,44.40899,1
2016,32.66491,65.90552,1
2016,32.66748,69.85974,1
2016,32.67035,67.70972,1
2016,32.67597,22.6001,1
2016,32.68454,35.27451,1
2016,32.68665,62.73239,1
2016,32.68665,62.73428,1
2016,32.68773,68.23618,1
2016,32.68812,68.23811,1
2016,32.68952,44.41782,1
2016,32.68979,66.15059,1
2016,32.68984,62.73239,2
2016,32.70227,22.66136,1
2016,32.70884,67.68392,1
2016,32.70928,65.93007,1
2016,32.72626,74.86194,1
2016,32.72814,67.63673,1
2016,32.73808,62.58886,1
2016,32.73821,70.75267,1
2016,32.74083,70.71389,1
2016,32.74815,39.02797,1
2016,32.74899,67.71263,1
2016,32.74999,62.58665,5
2016,32.75561,22.63774,1
2016,32.75574,12.72305,3
2016,32.7571,12.57362,1
2016,32.76074,21.75721,2
2016,32.76224,22.24119,1
2016,32.76554,22.62112,20
2016,32.76667,22.63333,1
2016,32.77541,69.52926,1
2016,32.77734,44.28935,1
2016,32.77742,61.65802,1
2016,32.77959,34.99118,1
2016,32.77979,67.61959,1
2016,32.78258,72.37403,1
2016,32.78748,62.75054,2
2016,32.79156,12.48903,3
2016,32.79359,-96.76625,2
2016,32.79832,74.91516,1
2016,32.80058,70.49556,3
2016,32.80294,13.28329,1
2016,32.80358,69.36013,1
2016,32.80429,21.86821,1
2016,32.82224,13.01141,1
2016,32.82305,70.78375,1
2016,32.82896,70.80875,1
2016,32.83565,35.97017,1
2016,32.83805,13.18259,38
2016,32.84573,66.05011,1
2016,32.84722,66.05,1
2016,32.85024,66.05006,1
2016,32.85144,69.08595,1
2016,32.85281,70.78055,1
2016,32.86151,69.12683,1
2016,32.86609,66.03972,1
2016,32.86943,44.26704,1
2016,32.87244,66.0574,1
2016,32.88018,44.38696,1
2016,32.88118,70.9468,1
2016,32.88716,44.34164,5
2016,32.88719,13.19131,1
2016,32.88721,13.19134,1
2016,32.88939,69.66302,1
2016,32.89952,74.74248,1
2016,32.90029,70.65567,1
2016,32.90496,66.13977,1
2016,32.91613,68.07277,1
2016,32.9213,68.6471,1
2016,32.92221,72.86045,1
2016,32.92568,12.08631,1
2016,32.92713,66.14153,2
2016,32.92906,65.54437,1
2016,32.92977,70.66927,1
2016,32.93088,68.63561,1
2016,32.93254,10.45117,1
2016,32.93826,73.72726,1
2016,32.94064,65.61302,1
2016,32.94885,65.60264,1
2016,32.95176,66.23362,1
2016,32.9529,65.536,1
2016,32.95521,65.60334,1
2016,32.95688,70.5025,2
2016,32.95994,65.5246,1
2016,32.96037,65.50741,1
2016,32.96065,65.50776,3
2016,32.96618,35.59203,1
2016,32.97083,69.83944,1
2016,32.97464,70.14558,1
2016,32.97792,70.60764,1
2016,32.97956,67.97888,2
2016,32.98156,35.74946,1
2016,32.98293,44.3616,29
2016,32.98333,67.96667,3
2016,32.98406,70.614,1
2016,32.98611,70.60417,1
2016,32.98735,70.60253,3
2016,32.98972,70.60383,1
2016,33.00417,69.04934,1
2016,33.01302,61.22654,1
2016,33.02043,36.1282,1
2016,33.03602,40.28816,12
2016,33.03609,40.28446,1
2016,33.03639,40.28333,33
2016,33.03639,40.28393,1
2016,33.03676,40.28356,1
2016,33.03806,40.28444,4
2016,33.0432,44.64195,2
2016,33.04862,68.65334,1
2016,33.04892,44.25782,1
2016,33.04894,44.25776,2
2016,33.05498,44.35203,1
2016,33.05545,43.71425,1
2016,33.05799,44.35484,41
2016,33.06114,44.35584,1
2016,33.0673,36.53103,1
2016,33.06748,107.02332,1
2016,33.07383,70.14369,1
2016,33.07835,44.25472,48
2016,33.08038,75.29279,1
2016,33.08234,44.64438,1
2016,33.08449,68.31183,1
2016,33.08454,44.61696,2
2016,33.08614,66.17838,1
2016,33.09982,44.58317,1
2016,33.09982,44.58346,1
2016,33.09987,44.58284,1
2016,33.09988,44.58344,1
2016,33.10053,44.58449,52
2016,33.1008,44.58492,1
2016,33.10113,44.58253,1
2016,33.10143,44.58427,1
2016,33.1059,44.56468,8
2016,33.1068,35.22513,1
2016,33.10695,44.57094,1
2016,33.11497,44.55942,1
2016,33.11671,44.56593,1
2016,33.11784,44.36936,5
2016,33.11832,68.33628,1
2016,33.12507,68.35809,1
2016,33.12602,44.68522,8
2016,33.12694,35.8258,1
2016,33.12933,11.20247,4
2016,33.13437,70.73407,1
2016,33.13972,68.07763,1
2016,33.155,43.89061,1
2016,33.15573,69.3268,1
2016,33.15775,74.24202,1
2016,33.1609,70.40457,1
2016,33.16356,43.8631,18
2016,33.17023,44.558,2
2016,33.17109,35.87036,1
2016,33.1782,68.75253,4
2016,33.1783,43.85859,1
2016,33.18168,44.23542,12
2016,33.18415,44.61113,1
2016,33.18824,40.04233,1
2016,33.18852,68.73695,1
2016,33.1889,44.10422,1
2016,33.1899,44.5379,3
2016,33.19293,68.10206,1
2016,33.19392,44.40858,14
2016,33.19458,68.10167,1
2016,33.19652,70.38191,1
2016,33.20056,44.49502,1
2016,33.20057,62.18894,1
2016,33.20242,44.5269,1
2016,33.20302,44.54373,3
2016,33.20336,44.58669,3
2016,33.2259,67.99495,1
2016,33.22704,44.52779,4
2016,33.22804,69.9578,1
2016,33.23688,44.52783,1
2016,33.23796,62.2121,1
2016,33.23867,35.21525,1
2016,33.24182,44.60045,4
2016,33.24245,44.56217,3
2016,33.24602,44.59623,1
2016,33.24718,44.02545,4
2016,33.25336,43.91234,1
2016,33.25341,44.60719,3
2016,33.25592,43.83954,1
2016,33.25698,68.41313,1
2016,33.26109,68.57336,1
2016,33.26308,68.57241,1
2016,33.26387,68.56908,1
2016,33.26756,44.51403,1
2016,33.26949,44.04633,2
2016,33.2713,44.49307,1
2016,33.27287,43.74786,1
2016,33.2733,44.06701,2
2016,33.27676,35.57891,1
2016,33.27723,35.57824,1
2016,33.28317,45.24466,1
2016,33.28432,44.12796,1
2016,33.29126,44.06468,1
2016,33.29151,35.7234,1
2016,33.29187,44.06503,2
2016,33.29197,44.06533,1
2016,33.29385,68.88349,1
2016,33.29416,43.99322,1
2016,33.29711,44.0669,3
2016,33.29739,68.49542,1
2016,33.29753,44.08177,1
2016,33.29761,44.08177,1
2016,33.3,44.63333,1
2016,33.30014,44.04746,1
2016,33.30179,62.14858,1
2016,33.30278,62.14731,1
2016,33.30289,62.15897,1
2016,33.30357,44.37177,993
2016,33.30438,62.1542,5
2016,33.30488,62.1569,1
2016,33.30505,62.154,1
2016,33.30506,62.14878,1
2016,33.30656,62.15693,1
2016,33.30666,62.13647,1
2016,33.30695,62.13639,1
2016,33.30696,43.83633,1
2016,33.30705,62.13642,3
2016,33.30874,68.91205,1
2016,33.30876,62.15048,1
2016,33.30894,75.18226,1
2016,33.31065,44.03821,47
2016,33.31274,43.78092,1
2016,33.31293,62.1432,2
2016,33.31387,38.70215,2
2016,33.31416,68.46438,1
2016,33.31485,68.41233,1
2016,33.31659,68.45017,1
2016,33.31667,68.45,1
2016,33.31701,68.45348,1
2016,33.31705,68.45115,2
2016,33.32197,62.28034,1
2016,33.32537,68.42263,2
2016,33.3262,68.43785,2
2016,33.32768,69.1943,2
2016,33.33239,43.71282,4
2016,33.33526,69.92847,7
2016,33.3397,43.66642,2
2016,33.3403,74.23848,1
2016,33.34034,43.65905,5
2016,33.34322,68.42599,1
2016,33.34795,68.38436,1
2016,33.34916,43.7842,59
2016,33.35002,43.78328,1
2016,33.35026,43.93721,1
2016,33.36579,43.95932,4
2016,33.37274,69.84863,1
2016,33.37427,36.11474,1
2016,33.37481,43.56213,1
2016,33.37576,44.70287,34
2016,33.38046,43.91664,1
2016,33.38081,70.32376,1
2016,33.38205,43.89929,1
2016,33.3834,43.89995,2
2016,33.3835,43.89929,3
2016,33.3835,43.89987,7
2016,33.38423,43.90103,1
2016,33.38805,43.5317,43
2016,33.39289,43.11363,1
2016,33.39364,42.84949,2
2016,33.39663,43.62571,20
2016,33.39686,43.62555,1
2016,33.39744,43.66114,1
2016,33.39781,43.70628,43
2016,33.39882,66.22331,11
2016,33.39895,43.31581,1
2016,33.39964,68.35515,1
2016,33.40088,44.4913,1
2016,33.40149,42.90351,1
2016,33.40306,43.91187,19
2016,33.40889,68.21194,1
2016,33.4108,43.56143,4
2016,33.41267,43.71022,1
2016,33.41638,43.94094,1
2016,33.41736,43.80487,52
2016,33.42095,43.29566,57
2016,33.4229,36.68507,1
2016,33.42676,44.22807,1
2016,33.42851,44.34568,1
2016,33.42855,44.34549,1
2016,33.4315,43.38442,2
2016,33.43332,43.96666,1
2016,33.43381,38.92288,2
2016,33.43445,43.23651,1
2016,33.43491,43.28119,1
2016,33.43528,43.28116,1
2016,33.43556,70.0857,1
2016,33.43567,44.53414,1
2016,33.43612,43.39033,8
2016,33.43806,44.01667,2
2016,33.4396,43.40122,1
2016,33.43993,43.77381,1
2016,33.44285,70.66277,1
2016,33.44648,36.3345,6
2016,33.4468,36.33621,1
2016,33.44716,43.34074,3
2016,33.44984,70.06404,1
2016,33.45331,43.37225,1
2016,33.45646,43.39287,8
2016,33.45712,43.47143,83
2016,33.46082,44.15743,25
2016,33.46205,68.49625,1
2016,33.46419,68.51223,1
2016,33.46478,68.50882,1
2016,33.46599,68.65019,1
2016,33.46668,43.95008,1
2016,33.46733,43.23251,2
2016,33.46737,68.76557,1
2016,33.46856,68.76319,1
2016,33.46932,43.22491,1
2016,33.47307,64.82118,1
2016,33.47327,43.17109,1
2016,33.47694,43.11111,1
2016,33.48707,43.60449,1
2016,33.48831,75.35287,1
2016,33.48942,43.26376,1
2016,33.48944,43.27514,1
2016,33.49777,68.59436,1
2016,33.5009,44.21665,17
2016,33.50374,35.83978,1
2016,33.5058,43.30297,1
2016,33.50902,44.20248,1
2016,33.51149,70.29638,2
2016,33.51472,36.12472,2
2016,33.51524,36.29208,34
2016,33.51663,43.10006,1
2016,33.51665,43.10008,1
2016,33.51856,42.97426,1
2016,33.5196,70.94197,1
2016,33.51988,64.41709,1
2016,33.52214,43.09839,4
2016,33.52533,42.93768,1
2016,33.52765,36.3923,1
2016,33.52849,36.38609,1
2016,33.52856,70.05891,1
2016,33.52866,71.0676,1
2016,33.52889,71.05612,1
2016,33.53167,69.73603,1
2016,33.53184,68.39146,1
2016,33.53282,71.0597,1
2016,33.53287,70.35184,1
2016,33.53355,74.92088,1
2016,33.53424,65.00085,5
2016,33.53753,75.24621,1
2016,33.53906,36.36671,2
2016,33.54067,44.25127,31
2016,33.542,35.38115,8
2016,33.5423,35.39137,2
2016,33.54235,44.36533,10
2016,33.54262,68.41533,21
2016,33.54506,68.4174,6
2016,33.54724,68.428,1
2016,33.54831,44.41574,37
2016,33.54847,71.48554,1
2016,33.54917,68.4151,1
2016,33.55044,35.37096,1
2016,33.55191,44.53421,1
2016,33.55502,68.3856,1
2016,33.5573,36.47506,4
2016,33.5615,36.36876,1
2016,33.56401,69.89895,1
2016,33.56412,73.12255,1
2016,33.5661,36.48514,2
2016,33.56656,69.87835,1
2016,33.56657,69.87838,1
2016,33.56659,69.87822,1
2016,33.56673,69.71497,1
2016,33.56686,69.87916,1
2016,33.57158,36.40044,1
2016,33.57181,44.53607,1
2016,33.57223,-112.08912,1
2016,33.57349,44.54743,1
2016,33.5834,71.43322,1
2016,33.58455,75.22263,1
2016,33.58743,43.32947,3
2016,33.5906,71.44062,1
2016,33.59206,42.61896,6
2016,33.59401,73.06908,1
2016,33.59685,75.16594,1
2016,33.59863,69.229,6
2016,33.59993,42.86891,1
2016,33.60092,73.94355,1
2016,33.60508,74.14308,1
2016,33.61146,36.75523,1
2016,33.61343,74.92613,1
2016,33.62258,74.9968,1
2016,33.62286,75.37182,1
2016,33.63389,42.82596,1
2016,33.6339,42.83208,15
2016,33.63418,44.28584,1
2016,33.64042,42.82436,1
2016,33.64069,70.77576,1
2016,33.6432,36.69044,1
2016,33.64352,42.82537,4
2016,33.64449,62.26785,1
2016,33.64463,42.82659,1
2016,33.64476,42.82642,1
2016,33.64499,75.01803,1
2016,33.64542,75.01967,2
2016,33.64675,70.06353,1
2016,33.64806,74.99455,1
2016,33.64861,44.69611,1
2016,33.64936,75.16455,1
2016,33.64997,44.26154,17
2016,33.65527,74.9194,1
2016,33.65694,68.57444,1
2016,33.66481,75.22676,1
2016,33.66824,69.78732,3
2016,33.66969,44.38132,38
2016,33.67164,73.05606,8
2016,33.67318,44.35849,1
2016,33.67436,44.23842,1
2016,33.678,43.47631,1
2016,33.67825,69.45112,1
2016,33.6783,35.96525,1
2016,33.68074,74.88175,1
2016,33.68327,43.47326,9
2016,33.68492,75.22022,1
2016,33.68553,75.16487,1
2016,33.68801,45.06988,1
2016,33.68889,43.20045,1
2016,33.6917,36.10068,2
2016,33.69299,35.42627,1
2016,33.69341,44.79608,3
2016,33.69395,45.06742,1
2016,33.6944,45.06513,1
2016,33.69482,68.89279,1
2016,33.69528,68.67,1
2016,33.69597,70.33607,1
2016,33.7023,69.36996,1
2016,33.70503,75.24785,1
2016,33.70546,74.84176,3
2016,33.7062,69.38311,2
2016,33.70912,69.37333,1
2016,33.70921,74.84511,2
2016,33.71098,35.91469,1
2016,33.71321,74.85026,1
2016,33.71696,74.83332,1
2016,33.717,74.83609,1
2016,33.71781,74.83614,1
2016,33.72119,75.0164,3
2016,33.72129,74.83107,5
2016,33.72428,75.08394,1
2016,33.7296,75.10866,1
2016,33.72983,75.15775,1
2016,33.73014,75.14959,1
2016,33.73094,70.31502,1
2016,33.73113,75.1487,2
2016,33.73222,75.15792,6
2016,33.73305,74.81841,1
2016,33.73668,70.32068,1
2016,33.74324,44.62382,27
2016,33.74405,74.91065,1
2016,33.745,45.54562,1
2016,33.74881,74.87835,1
2016,33.75217,70.7351,1
2016,33.75924,76.57996,1
2016,33.75936,74.80392,1
2016,33.76287,44.41127,1
2016,33.76506,69.37638,1
2016,33.76679,69.37267,1
2016,33.767,74.0924,3
2016,33.76785,74.05498,1
2016,33.76808,74.08613,1
2016,33.76873,72.36215,1
2016,33.77084,68.3697,1
2016,33.77197,75.14213,1
2016,33.77335,45.14945,2
2016,33.77494,75.00475,1
2016,33.77817,76.57617,2
2016,33.78425,44.50972,1
2016,33.78655,69.49465,1
2016,33.78733,74.86387,1
2016,33.78907,70.80088,1
2016,33.7895,75.10338,8
2016,33.7895,75.24353,1
2016,33.79077,70.83619,1
2016,33.79172,42.43772,1
2016,33.79175,68.93579,1
2016,33.79258,42.44294,1
2016,33.79348,42.44197,1
2016,33.79653,68.93405,1
2016,33.7968,68.93418,1
2016,33.79694,68.93458,1
2016,33.79701,69.0949,2
2016,33.79781,68.93514,1
2016,33.80176,69.83112,1
2016,33.80231,69.83052,1
2016,33.80254,68.94572,1
2016,33.80388,72.02543,1
2016,33.80514,69.81829,1
2016,33.80734,70.94106,1
2016,33.80797,36.74183,1
2016,33.8085,74.24911,1
2016,33.81144,75.17162,1
2016,33.81192,74.89144,1
2016,33.81202,68.93935,1
2016,33.81207,44.77421,1
2016,33.81725,68.89779,1
2016,33.8182,70.6448,1
2016,33.82118,35.88241,1
2016,33.82171,44.41262,1
2016,33.8223,70.77436,1
2016,33.82303,35.89093,1
2016,33.82612,68.95384,1
2016,33.82724,70.61739,1
2016,33.82778,69.96472,1
2016,33.82898,44.6748,1
2016,33.83333,69.65,1
2016,33.83563,44.24741,2
2016,33.84096,69.95164,1
2016,33.84202,70.61776,1
2016,33.84304,44.52194,2
2016,33.84477,35.90287,1
2016,33.8475,69.63861,1
2016,33.85694,73.75154,1
2016,33.85751,44.72088,1
2016,33.86072,44.68387,1
2016,33.86262,64.73011,1
2016,33.86324,75.28481,2
2016,33.86348,74.76793,2
2016,33.8648,42.53638,6
2016,33.86652,74.86455,1
2016,33.8714,68.61632,1
2016,33.87161,74.89457,2
2016,33.87295,36.20241,1
2016,33.87339,74.90042,8
2016,33.8741,74.90044,1
2016,33.8762,71.39079,1
2016,33.87751,74.88726,2
2016,33.87962,74.94857,1
2016,33.882,65.97963,2
2016,33.88309,74.88144,1
2016,33.88443,44.76115,1
2016,33.88617,42.54048,1
2016,33.88648,71.12028,1
2016,33.8881,70.64176,1
2016,33.88835,74.90771,1
2016,33.88852,35.50351,1
2016,33.88956,42.62325,32
2016,33.89062,68.94498,1
2016,33.8931,68.66034,1
2016,33.89716,72.41993,1
2016,33.8978,44.81311,8
2016,33.89799,70.10753,4
2016,33.89917,74.88108,1
2016,33.90235,75.03958,1
2016,33.90412,75.0854,1
2016,33.90493,68.67248,2
2016,33.90647,44.84462,1
2016,33.90803,68.66126,1
2016,33.90812,72.16576,1
2016,33.91119,44.73594,1
2016,33.91218,42.73538,2
2016,33.9138,75.09177,1
2016,33.91523,71.45868,1
2016,33.91758,71.56204,1
2016,33.92085,74.94384,1
2016,33.92553,70.89417,1
2016,33.926,74.90256,1
2016,33.92659,44.77206,2
2016,33.93101,75.11421,2
2016,33.93238,44.85996,1
2016,33.93316,71.22918,1
2016,33.93332,72.85284,1
2016,33.93573,71.48752,1
2016,33.93728,68.92435,1
2016,33.93739,68.92525,1
2016,33.93859,68.91524,1
2016,33.93965,68.91524,1
2016,33.94238,42.48976,1
2016,33.94364,68.92051,1
2016,33.94625,74.79831,2
2016,33.94644,44.91607,1
2016,33.94738,74.55253,1
2016,33.94787,74.92987,2
2016,33.94859,68.86577,2
2016,33.94867,44.91764,1
2016,33.94991,68.89419,1
2016,33.95014,44.9832,1
2016,33.95316,44.9219,55
2016,33.96031,68.91298,1
2016,33.96102,74.83022,1
2016,33.96125,69.94294,1
2016,33.96272,69.02599,1
2016,33.96356,71.51064,1
2016,33.96425,69.02475,1
2016,33.96532,69.80641,1
2016,33.96556,71.46956,1
2016,33.96616,69.80613,1
2016,33.96672,71.42217,1
2016,33.96699,72.22097,1
2016,33.96818,71.55162,1
2016,33.96828,69.90755,1
2016,33.96899,68.94997,1
2016,33.96909,68.95098,1
2016,33.96956,68.94858,1
2016,33.97178,68.99644,1
2016,33.9749,71.69326,2
2016,33.97609,71.37211,1
2016,33.97626,69.02556,1
2016,33.97631,71.43716,6
2016,33.98139,45.02361,1
2016,33.98173,73.76898,1
2016,33.98201,42.59483,2
2016,33.98467,75.02022,1
2016,33.9867,71.64079,1
2016,33.99694,74.91334,1
2016,33.99775,74.68988,1
2016,33.99917,71.42648,1
2016,33.99994,69.01953,3
2016,34.0007,71.42727,1
2016,34.00097,69.26797,1
2016,34.00151,71.38541,1
2016,34.00161,44.86838,1
2016,34.00171,69.21027,1
2016,34.00258,71.38248,3
2016,34.00286,36.21265,1
2016,34.00494,69.01746,1
2016,34.0059,71.64887,3
2016,34.006,71.53743,55
2016,34.00602,42.4216,1
2016,34.00714,74.78143,1
2016,34.00721,71.98308,1
2016,34.00751,36.14238,1
2016,34.00843,68.71789,1
2016,34.00902,71.40071,1
2016,34.01023,74.91726,1
2016,34.01047,44.14824,3
2016,34.01407,35.79494,1
2016,34.01455,69.19239,3
2016,34.01498,71.58049,2
2016,34.01868,36.26939,2
2016,34.0194,72.91357,1
2016,34.01965,71.64597,1
2016,34.01973,69.00238,1
2016,34.02081,44.86728,1
2016,34.0211,71.28742,3
2016,34.02119,68.99954,12
2016,34.02182,44.93351,1
2016,34.02278,69.00714,1
2016,34.02511,74.91758,1
2016,34.03055,71.66491,1
2016,34.03079,74.90542,1
2016,34.0314,74.90565,1
2016,34.03458,74.85546,1
2016,34.04091,74.79515,1
2016,34.04217,74.78672,1
2016,34.04389,70.53806,4
2016,34.04453,70.82801,1
2016,34.04697,72.32885,1
2016,34.04702,71.61545,1
2016,34.04792,71.5212,1
2016,34.05049,71.60607,1
2016,34.05104,-117.17126,1
2016,34.05267,44.93325,1
2016,34.05434,68.75175,1
2016,34.05535,44.54846,2
2016,34.05592,71.54831,1
2016,34.0567,73.1534,1
2016,34.05961,44.88206,1
2016,34.05981,72.46814,2
2016,34.0621,74.51337,1
2016,34.07009,72.62262,1
2016,34.0705,70.69994,1
2016,34.07222,44.29138,1
2016,34.07359,44.86224,1
2016,34.0737,70.28471,1
2016,34.07726,70.28702,1
2016,34.07784,44.06334,1
2016,34.07996,71.19692,1
2016,34.08033,70.14518,1
2016,34.08158,70.66745,1
2016,34.08221,70.66692,1
2016,34.0824,70.66773,1
2016,34.08272,70.66673,1
2016,34.08374,74.7899,16
2016,34.08446,71.55096,1
2016,34.08452,71.4779,1
2016,34.08526,42.36034,4
2016,34.08716,69.09411,1
2016,34.08811,74.03393,1
2016,34.08812,74.03398,1
2016,34.09266,42.38547,3
2016,34.09268,70.46926,1
2016,34.09374,44.21817,6
2016,34.09431,71.14573,1
2016,34.09719,62.17308,1
2016,34.09899,45.0564,1
2016,34.09958,64.90596,2
2016,34.10072,45.05196,1
2016,34.11032,71.16381,2
2016,34.11068,74.64768,1
2016,34.11136,44.91351,1
2016,34.11486,74.76229,1
2016,34.11632,72.61007,1
2016,34.11667,72.46667,1
2016,34.1174,72.46966,1
2016,34.11756,69.6328,1
2016,34.12226,69.1384,1
2016,34.12309,74.49139,1
2016,34.12311,72.46901,1
2016,34.12499,42.37488,1
2016,34.12556,42.37371,1
2016,34.12573,45.00334,1
2016,34.12872,71.08582,1
2016,34.13098,70.80888,1
2016,34.13246,64.30705,2
2016,34.13298,71.69181,1
2016,34.13336,69.63081,2
2016,34.13684,71.83818,1
2016,34.13862,74.79953,1
2016,34.13972,42.37806,2
2016,34.14328,70.60718,4
2016,34.14422,72.37847,3
2016,34.1445,69.20331,1
2016,34.14452,74.5683,1
2016,34.14574,42.48203,1
2016,34.14658,71.74354,5
2016,34.15235,70.60901,1
2016,34.15265,70.60109,1
2016,34.15421,41.57238,2
2016,34.15686,70.60479,1
2016,34.16059,42.37254,9
2016,34.16154,74.55309,1
2016,34.1617,74.8317,1
2016,34.16258,70.6048,1
2016,34.16271,74.55687,1
2016,34.16277,70.61726,1
2016,34.16522,43.90537,1
2016,34.16551,70.62188,1
2016,34.16575,43.90551,1
2016,34.16575,43.90621,1
2016,34.16909,62.70658,1
2016,34.17058,70.62088,1
2016,34.17183,70.62168,2
2016,34.17194,72.2746,1
2016,34.17332,73.22787,2
2016,34.17971,42.25237,3
2016,34.1824,69.63046,1
2016,34.18411,71.4169,1
2016,34.1846,36.42401,5
2016,34.18472,72.39111,1
2016,34.18846,74.35142,1
2016,34.19204,42.49727,1
2016,34.19294,43.88952,1
2016,34.19472,43.80067,1
2016,34.19575,70.78639,3
2016,34.19584,70.78752,1
2016,34.19601,70.78708,1
2016,34.19664,71.46607,1
2016,34.19702,70.03153,1
2016,34.19813,71.43303,3
2016,34.19899,45.19309,1
2016,34.19905,74.34995,1
2016,34.2,70.27806,1
2016,34.2,70.28333,3
2016,34.20059,72.04844,8
2016,34.20086,70.28336,1
2016,34.20382,62.22293,1
2016,34.20497,70.27758,1
2016,34.2056,74.35386,3
2016,34.20619,44.00664,4
2016,34.20842,43.89071,5
2016,34.21527,70.16686,1
2016,34.21576,72.2991,1
2016,34.21578,71.026,1
2016,34.21578,71.02672,1
2016,34.2165,74.77194,2
2016,34.21656,71.026,1
2016,34.21729,71.56104,4
2016,34.21737,68.29806,1
2016,34.21751,69.11352,1
2016,34.21816,71.55635,1
2016,34.21934,70.17968,1
2016,34.21934,74.41853,1
2016,34.21942,69.09891,1
2016,34.22007,72.26841,2
2016,34.22124,69.07802,2
2016,34.22137,69.0788,1
2016,34.2218,36.37681,1
2016,34.2228,74.3291,1
2016,34.22685,70.19321,1
2016,34.2274,72.14741,1
2016,34.22898,43.63806,2
2016,34.22921,70.19321,1
2016,34.22941,70.1906,1
2016,34.22991,70.19416,1
2016,34.22996,74.36595,1
2016,34.23034,71.00614,1
2016,34.23057,69.1053,1
2016,34.23117,74.4696,1
2016,34.23512,69.98379,1
2016,34.23707,70.15516,1
2016,34.23778,72.34144,1
2016,34.23915,71.04529,1
2016,34.23958,70.94862,1
2016,34.24156,44.52862,2
2016,34.24454,45.20596,1
2016,34.24601,74.56694,1
2016,34.25,70.56667,2
2016,34.25067,38.29832,1
2016,34.25521,72.06308,1
2016,34.26269,70.70777,1
2016,34.26301,69.42284,1
2016,34.26315,70.78821,2
2016,34.26315,70.78963,1
2016,34.26666,42.52893,1
2016,34.26685,44.53976,1
2016,34.27104,45.16357,1
2016,34.27403,44.54254,2
2016,34.27512,70.73666,1
2016,34.27609,70.36025,2
2016,34.27624,71.38758,1
2016,34.27647,71.38888,1
2016,34.27775,71.38769,1
2016,34.27812,70.36012,1
2016,34.27884,69.88359,1
2016,34.27885,69.88166,1
2016,34.28003,69.88356,1
2016,34.28535,71.93212,1
2016,34.28748,70.3881,1
2016,34.28889,74.46371,5
2016,34.29237,70.57409,2
2016,34.29642,70.21465,1
2016,34.2965,70.21465,1
2016,34.29927,70.75425,1
2016,34.29929,69.83092,1
2016,34.30508,68.85577,1
2016,34.30693,74.44881,1
2016,34.31972,45.05028,1
2016,34.32002,71.399,3
2016,34.32011,74.64736,1
2016,34.32622,108.94785,1
2016,34.32873,70.2068,1
2016,34.3411,43.80814,3
2016,34.34142,61.50193,1
2016,34.34197,36.47803,3
2016,34.342,61.50157,1
2016,34.34401,63.73907,1
2016,34.34672,62.19732,13
2016,34.34717,71.01332,1
2016,34.35005,68.24015,1
2016,34.35135,68.23853,3
2016,34.35286,62.20403,1
2016,34.35333,74.34333,1
2016,34.35422,70.95468,1
2016,34.35531,74.3423,2
2016,34.35574,45.38344,1
2016,34.35694,45.24333,1
2016,34.36191,44.50021,1
2016,34.3635,41.116,1
2016,34.36509,43.74522,1
2016,34.36665,69.21095,1
2016,34.36733,61.77662,1
2016,34.36774,41.98528,9
2016,34.36879,41.09414,1
2016,34.36893,63.18157,1
2016,34.37079,68.71985,1
2016,34.37081,63.19768,1
2016,34.37091,63.19625,1
2016,34.37276,70.54321,1
2016,34.37321,41.98658,1
2016,34.37632,74.30742,2
2016,34.37636,36.02508,1
2016,34.37847,62.14181,1
2016,34.37881,74.30724,1
2016,34.38147,61.79101,1
2016,34.3847,71.92096,1
2016,34.39432,72.61512,2
2016,34.3968,68.86394,3
2016,34.39745,73.86066,1
2016,34.39889,71.26444,1
2016,34.39962,74.28175,1
2016,34.40062,70.27558,1
2016,34.40659,71.55415,1
2016,34.40766,74.23701,2
2016,34.40956,74.31329,1
2016,34.41183,74.539,1
2016,34.41428,70.34224,1
2016,34.41688,41.09998,1
2016,34.41712,70.44959,28
2016,34.4178,63.91133,1
2016,34.42121,71.11733,1
2016,34.42468,70.33798,1
2016,34.42556,69.12611,1
2016,34.42795,70.36625,1
2016,34.43082,44.0191,6
2016,34.43084,44.93409,1
2016,34.43192,74.124,1
2016,34.4333,44.17218,2
2016,34.43534,74.12453,1
2016,34.43594,35.85148,1
2016,34.43711,43.80053,1
2016,34.43834,35.83154,1
2016,34.44022,71.12999,1
2016,34.44082,44.17203,1
2016,34.44107,70.4804,1
2016,34.44364,70.49401,1
2016,34.445,71.05888,1
2016,34.44549,44.16484,1
2016,34.44789,44.43291,1
2016,34.44797,70.66849,1
2016,34.44879,71.08801,1
2016,34.44957,70.50017,1
2016,34.4504,71.05637,1
2016,34.45193,40.91119,2
2016,34.45245,71.36223,1
2016,34.45381,70.48484,1
2016,34.45544,43.79767,1
2016,34.45611,68.72889,1
2016,34.45762,46.67053,1
2016,34.45802,71.1173,1
2016,34.45868,43.79565,100
2016,34.45889,43.79101,6
2016,34.45991,71.0992,1
2016,34.46446,63.28056,1
2016,34.46609,68.71585,1
2016,34.4678,68.63771,1
2016,34.46925,68.63627,1
2016,34.47078,65.06145,1
2016,34.47453,68.64338,1
2016,34.47466,69.28054,1
2016,34.47616,71.36391,1
2016,34.47751,69.27949,1
2016,34.47762,41.92077,2
2016,34.47838,72.5419,1
2016,34.47876,71.36272,1
2016,34.49068,69.26987,1
2016,34.49293,74.28082,1
2016,34.4937,69.26987,1
2016,34.49491,69.29664,1
2016,34.49721,35.99467,1
2016,34.49959,74.11777,1
2016,34.50352,71.89761,1
2016,34.50368,68.9938,1
2016,34.50818,70.20067,1
2016,34.51328,69.32814,1
2016,34.5134,43.48195,1
2016,34.5169,69.14701,90
2016,34.51962,71.14203,1
2016,34.52096,69.53648,1
2016,34.52132,65.24924,2
2016,34.52217,71.45402,1
2016,34.52313,37.62541,1
2016,34.52367,37.63266,1
2016,34.52618,74.25461,3
2016,34.52639,74.25661,1
2016,34.5264,74.25416,1
2016,34.52678,65.25482,1
2016,34.52932,74.24493,1
2016,34.52969,68.97512,1
2016,34.53132,61.34502,1
2016,34.53183,71.02973,1
2016,34.53277,71.3275,1
2016,34.53302,8.36642,1
2016,34.53375,43.48374,8
2016,34.53637,43.48978,1
2016,34.53896,62.16819,2
2016,34.53919,71.33173,1
2016,34.54286,71.32836,1
2016,34.54403,36.07983,1
2016,34.54906,43.48553,1
2016,34.55061,38.26883,1
2016,34.55224,71.25793,1
2016,34.5527,71.25994,1
2016,34.55273,64.96284,1
2016,34.55384,71.25687,1
2016,34.55547,73.84234,1
2016,34.5564,71.2575,4
2016,34.55692,71.25464,1
2016,34.55737,65.76626,1
2016,34.55852,38.29367,7
2016,34.56549,71.47743,3
2016,34.56773,71.47744,1
2016,34.57135,71.3512,3
2016,34.57749,70.59292,1
2016,34.58065,71.23235,1
2016,34.58114,71.43719,2
2016,34.5903,69.76062,1
2016,34.59044,43.56903,1
2016,34.59046,68.95711,1
2016,34.59162,68.957,2
2016,34.59543,71.26175,1
2016,34.59749,43.70347,1
2016,34.59833,71.3354,1
2016,34.59917,68.14639,1
2016,34.59959,43.68353,1
2016,34.59989,71.20826,1
2016,34.60034,43.68337,2
2016,34.60074,43.78222,1
2016,34.60205,71.51636,1
2016,34.60806,71.23833,1
2016,34.60967,-117.83392,1
2016,34.6115,72.28486,1
2016,34.61305,43.61245,1
2016,34.61306,69.89833,1
2016,34.61786,43.65674,1
2016,34.61872,43.65672,1
2016,34.62152,43.66838,17
2016,34.62414,71.18604,1
2016,34.62849,69.88946,1
2016,34.65401,61.20073,1
2016,34.65536,73.95208,1
2016,34.65564,76.34057,1
2016,34.6562,70.17542,1
2016,34.66702,71.30852,2
2016,34.66816,61.10948,1
2016,34.67332,72.21591,1
2016,34.67426,70.21107,1
2016,34.67487,70.21344,12
2016,34.67555,43.55064,1
2016,34.67696,70.21103,1
2016,34.67713,71.30262,1
2016,34.6786,71.25581,2
2016,34.67932,72.34074,1
2016,34.68328,71.21629,3
2016,34.68868,71.21839,1
2016,34.68917,70.23556,1
2016,34.68977,70.14558,1
2016,34.7035,37.73696,1
2016,34.70444,70.23944,1
2016,34.70514,42.29664,1
2016,34.70595,43.69707,2
2016,34.70656,44.221,3
2016,34.71029,44.28608,1
2016,34.71074,37.76485,1
2016,34.71177,44.22908,1
2016,34.71178,71.17153,1
2016,34.71534,36.25529,1
2016,34.71724,71.46193,1
2016,34.7177,36.72282,5
2016,34.72055,42.70238,1
2016,34.72581,70.13565,1
2016,34.72627,44.58491,5
2016,34.72716,44.58563,1
2016,34.73004,71.52115,1
2016,34.73028,72.8032,1
2016,34.73133,36.7102,1
2016,34.73351,71.51966,1
2016,34.73479,62.67231,1
2016,34.73715,65.36328,1
2016,34.7394,71.11666,1
2016,34.74168,71.72564,1
2016,34.74176,70.28681,2
2016,34.74184,71.18372,1
2016,34.74444,44.96778,1
2016,34.7462,71.18771,1
2016,34.7484,71.19074,1
2016,34.75102,71.45968,1
2016,34.753,71.12074,1
2016,34.7539,71.38509,1
2016,34.75479,70.1011,1
2016,34.7623,37.55345,2
2016,34.77298,71.26527,1
2016,34.77448,72.36405,1
2016,34.77674,71.43986,1
2016,34.7832,70.108,1
2016,34.78427,70.10774,1
2016,34.78804,72.92912,1
2016,34.7881,70.47889,1
2016,34.79,71.10944,1
2016,34.79066,44.66215,2
2016,34.79125,32.41361,1
2016,34.79172,71.10946,1
2016,34.79413,72.41,1
2016,34.79462,72.36441,1
2016,34.7951,69.67822,1
2016,34.80283,71.00916,1
2016,34.80321,71.61194,1
2016,34.80996,72.35773,1
2016,34.81079,72.43936,1
2016,34.81224,69.66886,1
2016,34.8127,71.34575,1
2016,34.81667,70.35,1
2016,34.81706,69.64959,1
2016,34.8176,72.46565,1
2016,34.82155,43.04172,2
2016,34.8224,70.35555,1
2016,34.82445,72.39452,1
2016,34.82681,67.83029,1
2016,34.8295,61.33044,1
2016,34.83108,37.68414,2
2016,34.83576,72.44357,2
2016,34.83911,7.03139,1
2016,34.83946,72.44179,1
2016,34.84149,37.93955,1
2016,34.84383,69.15439,1
2016,34.84397,71.09503,1
2016,34.84451,71.13185,1
2016,34.84659,71.09732,4
2016,34.84837,71.58887,1
2016,34.84866,72.22531,1
2016,34.85449,69.65025,1
2016,34.85509,63.4862,2
2016,34.85556,69.64944,1
2016,34.85566,69.64894,1
2016,34.85569,69.65157,1
2016,34.85614,44.56997,1
2016,34.8569,71.42994,6
2016,34.85746,71.58971,2
2016,34.86139,69.6512,1
2016,34.8615,71.82704,1
2016,34.8625,71.95333,1
2016,34.86366,63.50236,1
2016,34.86489,71.39972,1
2016,34.86621,71.52639,1
2016,34.86967,71.52631,1
2016,34.87024,71.21808,1
2016,34.87026,71.21719,1
2016,34.87055,36.6525,1
2016,34.87089,63.45794,2
2016,34.8721,71.23041,1
2016,34.87221,71.14729,1
2016,34.8749,71.15066,1
2016,34.87511,62.82432,1
2016,34.87566,71.152,8
2016,34.8792,63.33963,1
2016,34.87954,63.34024,1
2016,34.88096,44.62076,3
2016,34.88135,44.62513,5
2016,34.88333,64.35,1
2016,34.88576,70.38001,1
2016,34.88604,70.11082,1
2016,34.89514,43.81064,1
2016,34.89593,35.88665,2
2016,34.89611,35.88655,1
2016,34.8962,43.80877,1
2016,34.89635,35.88644,2
2016,34.89654,43.81278,1
2016,34.89703,43.80659,1
2016,34.89761,43.80695,1
2016,34.89841,43.80955,1
2016,34.89981,43.80851,1
2016,34.89986,43.80706,1
2016,34.90046,43.80701,1
2016,34.90096,43.80991,1
2016,34.90398,69.20912,3
2016,34.91093,71.1274,1
2016,34.91981,43.38818,2
2016,34.92044,43.81085,1
2016,34.92065,36.65954,1
2016,34.92144,43.81102,2
2016,34.92171,71.29337,1
2016,34.92184,43.80653,1
2016,34.92341,43.81105,2
2016,34.92374,43.80973,1
2016,34.92465,43.80916,1
2016,34.92497,43.80852,1
2016,34.92506,43.80711,1
2016,34.92551,64.14782,1
2016,34.92907,43.4932,1
2016,34.93071,72.41694,1
2016,34.93085,68.85988,1
2016,34.93383,69.23279,2
2016,34.93402,44.73243,1
2016,34.93739,69.81528,1
2016,34.93994,8.56661,1
2016,34.94025,69.25497,2
2016,34.94032,69.25505,1
2016,34.94124,72.46981,1
2016,34.9418,64.36853,1
2016,34.94279,69.27064,1
2016,34.94342,43.49651,1
2016,34.95028,70.07083,1
2016,34.9508,43.49454,6
2016,34.95726,71.41615,1
2016,34.9618,63.62074,2
2016,34.9631,68.81088,3
2016,34.96609,69.56489,1
2016,34.96636,69.60819,1
2016,34.96814,71.27366,1
2016,34.96944,65.62167,1
2016,34.97353,71.34559,1
2016,34.97359,65.61793,1
2016,34.97581,71.84664,1
2016,34.97702,70.09654,1
2016,34.98106,69.62146,2
2016,34.98388,43.76153,1
2016,34.98894,70.91121,4
2016,34.99005,63.13254,2
2016,34.99049,70.91043,1
2016,34.99221,70.91222,1
2016,34.9925,71.41917,1
2016,34.99641,68.74476,1
2016,35.0018,71.40666,1
2016,35.00181,71.4043,1
2016,35.00219,71.40619,1
2016,35.00283,62.90835,1
2016,35.00608,68.86463,1
2016,35.00804,43.67611,1
2016,35.0121,43.57954,1
2016,35.01231,43.56239,1
2016,35.01279,37.05151,1
2016,35.01403,69.28532,1
2016,35.01511,69.34875,2
2016,35.01578,40.45521,1
2016,35.01681,43.44528,1
2016,35.018,43.44522,2
2016,35.01816,69.16899,3
2016,35.02089,71.08198,1
2016,35.0225,68.79461,1
2016,35.02577,43.7036,1
2016,35.03051,43.64612,2
2016,35.03158,68.78428,1
2016,35.03175,43.64697,1
2016,35.03178,43.62239,1
2016,35.0325,43.64639,1
2016,35.03253,43.64646,1
2016,35.0377,69.62021,1
2016,35.03936,71.36104,1
2016,35.0397,43.6594,1
2016,35.04057,71.36014,1
2016,35.04667,69.26194,1
2016,35.04913,44.37191,1
2016,35.05017,43.66186,1
2016,35.06487,43.55161,7
2016,35.06534,36.34209,2
2016,35.06653,69.29238,1
2016,35.06667,69.25,1
2016,35.07086,72.47537,1
2016,35.08056,69.2475,1
2016,35.08091,8.66006,1
2016,35.08327,63.0501,1
2016,35.0845,44.32366,1
2016,35.08476,44.32511,1
2016,35.08527,44.32478,1
2016,35.09043,44.32184,1
2016,35.09286,69.37381,1
2016,35.09854,43.41853,1
2016,35.10221,71.21323,1
2016,35.10419,43.39345,1
2016,35.10532,-106.64642,1
2016,35.10548,44.29721,1
2016,35.10756,69.34116,1
2016,35.11085,44.36353,1
2016,35.11574,63.22858,1
2016,35.11581,69.07318,1
2016,35.11692,65.12841,1
2016,35.1171,44.30858,1
2016,35.12002,68.97098,1
2016,35.12015,63.4621,1
2016,35.12159,68.98918,1
2016,35.12586,69.31411,1
2016,35.12918,36.76074,2
2016,35.1353,44.08766,4
2016,35.13611,43.4225,1
2016,35.14089,36.7552,1
2016,35.14317,44.4465,2
2016,35.15741,8.80994,1
2016,35.15872,43.45729,1
2016,35.16385,70.56124,1
2016,35.16526,71.39018,1
2016,35.16628,33.14566,1
2016,35.16667,8.83333,1
2016,35.16789,71.46149,1
2016,35.1725,43.37744,1
2016,35.17349,44.4242,1
2016,35.17533,43.39337,1
2016,35.1782,43.3752,1
2016,35.18242,43.38985,3
2016,35.18396,44.30237,1
2016,35.18879,37.21158,2
2016,35.19576,70.99655,1
2016,35.20093,43.27492,1
2016,35.20357,43.27367,1
2016,35.20562,72.54329,1
2016,35.20912,70.38134,1
2016,35.21549,43.71371,2
2016,35.22199,71.36762,1
2016,35.22527,71.36179,1
2016,35.22645,71.528,1
2016,35.22733,43.82512,1
2016,35.22768,71.36418,1
2016,35.23237,71.36209,1
2016,35.23974,44.20603,1
2016,35.24114,71.33056,1
2016,35.24462,44.27549,16
2016,35.24844,36.57145,1
2016,35.25246,71.52606,1
2016,35.25339,62.28026,1
2016,35.25568,37.56822,1
2016,35.25801,68.62011,1
2016,35.26064,36.60663,1
2016,35.26161,43.9102,1
2016,35.26265,36.60669,2
2016,35.26481,62.9995,1
2016,35.26637,36.711,1
2016,35.26724,71.54061,1
2016,35.27083,36.29342,1
2016,35.27083,43.84695,1
2016,35.27102,43.45808,2
2016,35.27208,43.91504,13
2016,35.27553,43.59188,1
2016,35.27786,43.59432,1
2016,35.28011,44.15082,1
2016,35.28149,72.00288,1
2016,35.29144,36.748,3
2016,35.29698,40.20231,1
2016,35.29886,43.62778,1
2016,35.29937,36.80252,3
2016,35.30304,44.32993,12
2016,35.30399,43.82616,1
2016,35.31111,44.84028,1
2016,35.31205,43.95185,1
2016,35.31269,69.04696,1
2016,35.313,43.18155,1
2016,35.31306,44.51722,1
2016,35.31324,44.51747,1
2016,35.31405,8.85416,1
2016,35.31513,44.51016,1
2016,35.31529,44.5099,1
2016,35.31657,43.76689,1
2016,35.31667,43.76667,1
2016,35.31962,43.748,1
2016,35.32067,43.76728,1
2016,35.32139,64.81108,5
2016,35.3242,43.76705,1
2016,35.32463,43.76603,1
2016,35.32478,43.76692,1
2016,35.32482,43.76692,15
2016,35.3251,43.76726,1
2016,35.32512,43.76603,1
2016,35.32512,43.76704,1
2016,35.32612,43.78081,12
2016,35.32756,8.84087,1
2016,35.32804,72.6118,1
2016,35.3292,43.94368,3
2016,35.33226,69.0255,1
2016,35.33306,40.13874,17
2016,35.34916,43.61689,1
2016,35.3536,43.63435,1
2016,35.3578,36.79552,3
2016,35.35894,44.14592,1
2016,35.3595,43.66403,1
2016,35.36058,44.47126,1
2016,35.36157,35.92716,3
2016,35.36536,71.09852,1
2016,35.36658,37.78487,1
2016,35.37679,36.53746,1
2016,35.37686,44.1868,1
2016,35.38111,43.62944,1
2016,35.38697,40.08879,2
2016,35.38725,36.46254,1
2016,35.38748,44.1751,2
2016,35.3875,44.17528,1
2016,35.38759,44.17542,1
2016,35.39385,43.2594,2
2016,35.40117,44.09752,1
2016,35.40188,35.94831,1
2016,35.40907,36.4874,1
2016,35.40975,71.33892,1
2016,35.4099,36.50384,1
2016,35.41224,43.1115,1
2016,35.41585,43.11477,10
2016,35.42102,40.05169,1
2016,35.42111,44.02278,1
2016,35.43014,43.29671,1
2016,35.43027,43.98863,1
2016,35.4323,43.7538,1
2016,35.44274,42.39384,1
2016,35.44668,44.34331,1
2016,35.45087,36.05416,1
2016,35.45211,44.37546,32
2016,35.45415,43.2606,1
2016,35.45898,44.38506,1
2016,35.46285,65.93558,1
2016,35.46539,44.38291,1
2016,35.46558,44.38039,2
2016,35.46576,44.37706,1
2016,35.46661,44.37841,1
2016,35.4699,44.12767,1
2016,35.48567,43.24038,1
2016,35.48583,43.24056,3
2016,35.4859,43.24096,1
2016,35.48909,43.23554,1
2016,35.49185,43.23998,1
2016,35.49203,72.52048,1
2016,35.49234,43.23724,1
2016,35.49547,43.84084,2
2016,35.49667,43.70917,1
2016,35.49944,43.23489,18
2016,35.5,44.18333,1
2016,35.50202,43.86663,1
2016,35.51321,43.23997,1
2016,35.51538,72.47458,2
2016,35.5218,46.18359,1
2016,35.52556,43.26111,1
2016,35.5288,35.79298,1
2016,35.52987,43.84045,1
2016,35.53046,44.13477,4
2016,35.53168,66.72271,1
2016,35.53865,36.29985,1
2016,35.53917,70.27528,1
2016,35.54071,35.79527,1
2016,35.54166,74.7003,1
2016,35.54528,44.06889,1
2016,35.56383,64.43,1
2016,35.5646,64.43189,2
2016,35.56701,45.3855,1
2016,35.56943,42.72302,2
2016,35.58105,63.33498,1
2016,35.58913,63.33151,1
2016,35.59703,36.05788,1
2016,35.59743,64.76461,1
2016,35.59821,64.76366,3
2016,35.59911,36.92757,1
2016,35.61221,44.16327,1
2016,35.61361,139.21319,1
2016,35.61562,36.55839,1
2016,35.6177,69.46825,1
2016,35.62244,43.55929,1
2016,35.62485,36.13631,1
2016,35.62824,64.84133,1
2016,35.63125,44.00856,3
2016,35.6315,43.63142,1
2016,35.63245,65.28301,1
2016,35.6419,64.26692,1
2016,35.64264,65.11428,1
2016,35.64684,63.91276,1
2016,35.6478,36.67526,2
2016,35.6485,66.02338,1
2016,35.64916,64.26697,1
2016,35.6522,36.19253,1
2016,35.65988,67.62567,1
2016,35.66459,66.05525,1
2016,35.66616,46.52082,1
2016,35.67075,66.04635,1
2016,35.67155,65.13845,2
2016,35.67235,44.07001,1
2016,35.67293,44.07014,4
2016,35.67574,44.07035,1
2016,35.67688,43.29439,1
2016,35.68199,43.88017,1
2016,35.68846,71.64955,1
2016,35.68951,64.29507,1
2016,35.69004,64.76464,1
2016,35.69127,43.92511,1
2016,35.69206,64.29574,1
2016,35.6956,43.28399,1
2016,35.69585,36.1508,1
2016,35.69812,43.28051,1
2016,35.70027,44.09932,1
2016,35.7004,43.28043,1
2016,35.70172,63.84324,1
2016,35.7075,65.211,1
2016,35.70927,43.30288,1
2016,35.7131,43.29924,2
2016,35.71463,65.265,1
2016,35.72062,36.13359,1
2016,35.72214,63.7884,1
2016,35.72556,63.78944,7
2016,35.73015,36.16679,1
2016,35.73031,36.19724,1
2016,35.73265,68.66398,1
2016,35.73677,44.48436,1
2016,35.73677,64.05537,1
2016,35.73926,43.32104,6
2016,35.74249,36.16502,4
2016,35.74428,43.36732,2
2016,35.74518,36.17195,1
2016,35.74799,43.28374,2
2016,35.75778,64.6984,1
2016,35.75837,43.12946,1
2016,35.75933,71.67132,1
2016,35.7613,36.18048,1
2016,35.7648,43.58972,1
2016,35.76835,43.58897,6
2016,35.7693,43.12372,1
2016,35.76985,43.58129,1
2016,35.77106,43.36268,2
2016,35.77355,43.58138,1
2016,35.77495,43.58102,2
2016,35.77542,43.58102,1
2016,35.77998,35.98215,1
2016,35.78129,37.49922,1
2016,35.78325,43.26799,1
2016,35.78936,69.21178,1
2016,35.79483,43.29045,1
2016,35.79744,43.59376,2
2016,35.79813,43.29418,19
2016,35.8043,69.28775,4
2016,35.81053,63.13463,2
2016,35.81223,69.29298,2
2016,35.81287,68.48014,1
2016,35.81516,68.47894,1
2016,35.81958,36.15139,1
2016,35.8206,64.69572,1
2016,35.82723,43.38965,5
2016,35.82798,43.38945,2
2016,35.82805,38.75032,1
2016,35.83125,67.334,1
2016,35.83929,65.90854,1
2016,35.84206,64.53995,1
2016,35.84291,64.49146,1
2016,35.85604,64.54606,2
2016,35.857,64.55034,4
2016,35.85759,64.50739,1
2016,35.85792,39.01981,1
2016,35.86385,43.19207,3
2016,35.86709,71.62601,1
2016,35.86851,36.80467,1
2016,35.87097,43.29677,3
2016,35.87196,36.09275,1
2016,35.87224,65.34078,1
2016,35.88088,65.45352,1
2016,35.88435,68.76995,1
2016,35.88763,66.37268,1
2016,35.88917,68.45806,1
2016,35.90113,68.56179,1
2016,35.90429,43.05843,1
2016,35.9063,66.38804,1
2016,35.91771,36.14953,1
2016,35.91784,64.77552,2
2016,35.91823,68.53729,1
2016,35.91943,66.45939,1
2016,35.91943,68.53156,1
2016,35.92105,64.77454,6
2016,35.92367,68.53897,1
2016,35.9288,36.63145,2
2016,35.92969,43.34879,1
2016,35.93303,64.75016,1
2016,35.94298,43.31878,1
2016,35.9438,68.70954,1
2016,35.94556,65.19279,1
2016,35.94755,68.71033,19
2016,35.95152,39.00956,4
2016,35.95325,68.70724,1
2016,35.95341,66.42407,1
2016,35.95503,66.42491,1
2016,35.95771,64.74588,2
2016,35.97287,65.79829,1
2016,35.98276,36.70465,5
2016,35.98279,43.34014,1
2016,35.98639,42.28278,1
2016,35.99009,36.67722,3
2016,35.99235,65.36738,1
2016,35.99395,36.99838,2
2016,35.99768,65.36264,1
2016,36.00145,65.36289,1
2016,36.00146,65.35938,1
2016,36.00165,65.36289,7
2016,36.00583,65.55028,1
2016,36.02404,64.9886,1
2016,36.02548,68.675,1
2016,36.03191,66.22032,1
2016,36.03498,68.64522,2
2016,36.03554,68.64311,4
2016,36.0383,65.36745,1
2016,36.0408,64.99579,1
2016,36.04187,65.01413,1
2016,36.04327,43.49884,4
2016,36.04413,43.12278,1
2016,36.04901,65.91242,1
2016,36.05067,64.90687,1
2016,36.05417,64.85611,1
2016,36.05496,40.72496,1
2016,36.05517,67.45329,1
2016,36.05602,65.96155,1
2016,36.05861,64.96583,1
2016,36.06091,68.59381,1
2016,36.06274,65.83499,1
2016,36.06283,65.83386,1
2016,36.06417,69.10121,1
2016,36.06459,37.00778,1
2016,36.06541,37.10502,1
2016,36.06632,65.37589,2
2016,36.06813,-79.0994,1
2016,36.06878,43.06546,1
2016,36.07039,69.10692,1
2016,36.0749,64.89775,1
2016,36.07956,64.90596,2
2016,36.0807,-115.13693,1
2016,36.08317,44.63023,2
2016,36.08909,66.23674,2
2016,36.09167,66.06417,1
2016,36.09253,68.52482,1
2016,36.09299,64.85377,1
2016,36.09346,64.9141,1
2016,36.09348,64.84894,1
2016,36.09457,64.85493,1
2016,36.09488,64.85101,1
2016,36.09628,64.9886,1
2016,36.09863,43.32848,2
2016,36.10126,68.64091,1
2016,36.10147,65.40784,2
2016,36.11544,37.04935,2
2016,36.11948,128.34457,1
2016,36.12003,66.05537,1
2016,36.12291,65.42349,1
2016,36.1235,65.42725,1
2016,36.14119,68.74997,1
2016,36.14165,64.88413,2
2016,36.1444,43.31009,1
2016,36.14863,42.98968,1
2016,36.15509,37.03533,1
2016,36.1584,45.47599,1
2016,36.15856,43.2551,6
2016,36.1602,43.10662,1
2016,36.16173,68.68677,3
2016,36.16538,66.09094,1
2016,36.16548,37.09915,1
2016,36.16549,37.09912,3
2016,36.17454,65.40469,1
2016,36.17468,68.74331,1
2016,36.1762,68.75097,1
2016,36.17654,42.32249,1
2016,36.17767,68.74854,1
2016,36.17818,68.75437,1
2016,36.1789,68.74531,1
2016,36.17905,68.7459,1
2016,36.18051,65.35649,1
2016,36.18057,37.2243,1
2016,36.18272,37.21945,1
2016,36.18388,64.87504,1
2016,36.18441,37.21835,1
2016,36.18487,43.20731,1
2016,36.18501,37.21694,1
2016,36.18745,65.35355,1
2016,36.18767,65.35054,1
2016,36.19259,44.00462,3
2016,36.19403,43.55947,1
2016,36.1975,43.59139,1
2016,36.20172,37.14352,179
2016,36.20717,37.15723,1
2016,36.20759,43.19765,1
2016,36.20765,43.53766,1
2016,36.2091,37.15576,1
2016,36.20945,65.36274,1
2016,36.20976,65.36305,1
2016,36.20983,65.36312,1
2016,36.20985,65.36304,1
2016,36.2103,69.14106,1
2016,36.21098,37.14826,1
2016,36.21131,69.14053,1
2016,36.21148,37.47906,1
2016,36.21227,37.14719,1
2016,36.21254,69.15249,1
2016,36.21546,37.49435,1
2016,36.21569,65.93251,2
2016,36.21766,65.93304,6
2016,36.21831,65.93325,1
2016,36.22398,37.46828,1
2016,36.2253,68.80221,1
2016,36.22624,37.46814,1
2016,36.22624,68.77348,1
2016,36.22728,37.46747,1
2016,36.22869,43.10565,2
2016,36.22957,42.23624,3
2016,36.22994,64.86508,1
2016,36.23227,42.23624,1
2016,36.23335,-115.26541,2
2016,36.2371,64.86507,1
2016,36.23764,64.86316,1
2016,36.2379,64.86646,1
2016,36.23828,64.86427,1
2016,36.23828,64.86444,2
2016,36.23857,64.865,1
2016,36.24783,68.77814,1
2016,36.24804,64.86524,1
2016,36.25237,37.08267,1
2016,36.25481,37.16066,1
2016,36.25659,68.74021,1
2016,36.26102,2.23431,1
2016,36.26383,42.70767,2
2016,36.26599,68.733,1
2016,36.2667,37.20334,1
2016,36.26693,68.01969,3
2016,36.26869,43.50526,2
2016,36.26881,64.85092,2
2016,36.27382,64.8258,1
2016,36.27441,43.37751,2
2016,36.28167,42.40361,1
2016,36.28357,42.83004,1
2016,36.28683,64.86837,1
2016,36.28803,-115.09012,1
2016,36.29137,37.15876,2
2016,36.29782,68.6866,2
2016,36.29844,68.63803,1
2016,36.30287,43.4147,1
2016,36.31044,36.68916,1
2016,36.31045,68.83388,1
2016,36.31385,36.66031,1
2016,36.3144,41.8625,1
2016,36.31834,42.21035,2
2016,36.31939,41.86148,2
2016,36.3225,41.86417,4
2016,36.32505,42.84099,1
2016,36.32915,68.66729,1
2016,36.33054,68.76319,1
2016,36.33054,68.76462,1
2016,36.33092,68.76367,1
2016,36.33168,68.75796,1
2016,36.33245,68.76557,1
2016,36.33245,68.76604,2
2016,36.3479,43.62234,1
2016,36.35282,68.64394,1
2016,36.35415,43.14357,224
2016,36.35416,43.38178,1
2016,36.35481,43.15669,1
2016,36.35696,43.16398,2
2016,36.35714,43.16404,1
2016,36.3662,37.51228,6
2016,36.36834,68.56469,1
2016,36.36957,66.89063,1
2016,36.37006,37.44106,1
2016,36.3711,69.35881,1
2016,36.37213,37.51631,1
2016,36.37486,64.87877,1
2016,36.37682,42.44888,10
2016,36.37763,3.89624,1
2016,36.37872,43.00302,1
2016,36.38082,38.17857,1
2016,36.3826,6.63371,1
2016,36.38319,65.84914,1
2016,36.38588,38.8639,1
2016,36.38634,69.32523,1
2016,36.38823,69.33001,1
2016,36.39503,36.3522,1
2016,36.39665,37.46622,1
2016,36.40185,36.34981,1
2016,36.40211,36.38707,1
2016,36.4031,42.97818,1
2016,36.41254,64.89409,1
2016,36.41783,69.36572,1
2016,36.42089,65.86832,1
2016,36.4218,69.35713,1
2016,36.42243,64.88952,1
2016,36.43247,37.56614,1
2016,36.43291,32.46509,1
2016,36.43456,43.15842,4
2016,36.44749,43.35106,13
2016,36.45288,43.34214,1
2016,36.45892,43.19872,1
2016,36.46532,43.18281,1
2016,36.4661,67.64397,1
2016,36.46953,42.67058,1
2016,36.47203,37.72244,1
2016,36.47297,37.09436,1
2016,36.48258,37.1971,2
2016,36.48519,70.34525,1
2016,36.48944,43.11917,1
2016,36.49056,43.12144,1
2016,36.49108,37.6841,1
2016,36.50206,65.00086,1
2016,36.50306,41.49389,1
2016,36.50359,40.74063,2
2016,36.50741,65.00085,1
2016,36.5104,68.89878,1
2016,36.51073,68.90311,1
2016,36.5112,68.90216,1
2016,36.51302,42.73848,1
2016,36.51614,37.48364,1
2016,36.51812,43.00724,1
2016,36.52039,66.60573,1
2016,36.52443,64.91555,1
2016,36.52856,37.95409,7
2016,36.52915,37.95103,1
2016,36.53336,37.95028,1
2016,36.53664,68.89861,1
2016,36.53678,68.89996,2
2016,36.5413,36.79514,1
2016,36.54576,71.34087,1
2016,36.54606,43.06273,1
2016,36.553,36.85227,1
2016,36.55444,40.74806,1
2016,36.5566,37.08956,1
2016,36.55726,-82.21535,1
2016,36.56648,37.21624,1
2016,36.57311,43.37446,1
2016,36.58247,69.99701,1
2016,36.58544,37.04692,2
2016,36.58661,37.04335,3
2016,36.58662,37.42704,1
2016,36.59569,39.12832,1
2016,36.59699,71.25298,1
2016,36.5987,43.10565,1
2016,36.6052,64.87202,1
2016,36.60797,37.6323,1
2016,36.61279,37.44903,2
2016,36.61507,3.9878,1
2016,36.62517,66.29527,1
2016,36.62976,66.30091,1
2016,36.63064,37.08535,1
2016,36.65727,40.37056,1
2016,36.6597,65.75241,1
2016,36.6602,68.97137,1
2016,36.66047,66.9828,1
2016,36.6609,42.60528,1
2016,36.6624,65.74851,1
2016,36.665,65.752,1
2016,36.66622,65.7548,1
2016,36.66627,68.98683,1
2016,36.66798,65.75108,1
2016,36.66837,68.88261,1
2016,36.66858,69.00946,1
2016,36.66903,65.74699,1
2016,36.6698,69.47845,2
2016,36.67394,37.75164,1
2016,36.67428,69.06316,1
2016,36.67456,69.06262,1
2016,36.67467,65.7484,3
2016,36.67509,37.46911,1
2016,36.67681,69.1163,1
2016,36.67991,65.79027,1
2016,36.68073,69.09848,1
2016,36.6815,69.11496,2
2016,36.68164,69.1149,1
2016,36.68171,65.74906,1
2016,36.68231,69.11469,1
2016,36.68253,69.11547,1
2016,36.68328,65.66959,1
2016,36.69414,68.81503,1
2016,36.69423,68.80158,1
2016,36.69591,38.94673,2
2016,36.70028,37.4468,1
2016,36.70306,67.70839,1
2016,36.70428,68.9076,1
2016,36.70563,66.32807,1
2016,36.70578,68.87706,19
2016,36.70843,67.20902,1
2016,36.70993,67.1157,5
2016,36.71217,69.08671,6
2016,36.71644,4.05005,1
2016,36.71648,37.11466,3
2016,36.71667,37.11531,1
2016,36.7178,37.11462,1
2016,36.71928,37.11557,44
2016,36.72355,68.86785,1
2016,36.72388,68.86922,1
2016,36.72859,68.86807,2
2016,36.72877,68.8202,1
2016,36.73111,42.44861,1
2016,36.73191,70.14396,1
2016,36.73346,69.53776,1
2016,36.74434,66.52773,1
2016,36.74498,66.72198,1
2016,36.74953,70.82638,1
2016,36.75506,66.89754,2
2016,36.75563,66.72208,1
2016,36.75895,64.85376,1
2016,36.77385,68.90612,1
2016,36.77602,64.97601,1
2016,36.78147,66.37353,1
2016,36.78889,66.58028,1
2016,36.79442,70.82736,1
2016,36.79972,30.57843,2
2016,36.8008,66.40612,1
2016,36.80274,66.65989,1
2016,36.80304,37.76089,1
2016,36.80729,66.49668,1
2016,36.80907,66.49606,1
2016,36.8121,34.64148,1
2016,36.81445,66.34146,1
2016,36.81811,70.0977,1
2016,36.81863,38.01113,1
2016,36.81983,38.00806,1
2016,36.82265,66.45934,1
2016,36.83351,38.00055,5
2016,36.83528,37.99892,1
2016,36.8357,6.64503,1
2016,36.83581,37.99531,2
2016,36.83706,70.28057,1
2016,36.84153,66.62357,1
2016,36.8429,66.10317,1
2016,36.84334,66.62202,1
2016,36.85038,66.13832,1
2016,36.85226,65.0682,1
2016,36.85516,28.27105,1
2016,36.86018,68.30184,1
2016,36.86081,42.97646,1
2016,36.86731,30.62804,1
2016,36.8679,42.94886,1
2016,36.86863,70.83388,2
2016,36.88181,65.66659,1
2016,36.88817,68.42932,1
2016,36.88948,68.36108,5
2016,36.89689,30.71332,1
2016,36.89697,65.66586,3
2016,36.89956,66.18637,1
2016,36.9015,66.18317,2
2016,36.90261,30.75972,1
2016,36.9109,68.36595,1
2016,36.91632,66.30593,1
2016,36.92018,66.19314,1
2016,36.9465,36.51261,1
2016,36.94754,37.4711,1
2016,36.95013,42.14632,1
2016,36.95064,65.92754,1
2016,36.95217,69.1662,1
2016,36.95334,66.25648,1
2016,36.95481,65.12539,1
2016,36.9566,69.16242,1
2016,36.95893,66.22803,1
2016,36.95916,69.16678,1
2016,36.96233,69.16549,1
2016,36.96486,65.05473,1
2016,36.96605,69.15413,1
2016,36.96772,67.056,3
2016,36.96824,68.56884,2
2016,36.98277,70.72077,1
2016,36.98832,66.82421,1
2016,36.98889,66.82397,1
2016,36.99033,66.82096,1
2016,36.99124,35.32782,1
2016,36.99142,35.33083,1
2016,36.99236,35.33178,1
2016,36.99604,69.3989,1
2016,36.99663,68.43482,1
2016,36.99849,70.90125,1
2016,37.00278,70.9075,1
2016,37.00465,70.8718,1
2016,37.00679,66.07138,1
2016,37.00702,66.02674,1
2016,37.01439,69.3959,1
2016,37.01795,41.40828,1
2016,37.02424,70.90588,1
2016,37.02506,66.35685,1
2016,37.02845,66.74765,1
2016,37.03051,70.90756,1
2016,37.03278,69.20246,1
2016,37.03393,69.38137,1
2016,37.04487,37.37184,1
2016,37.05133,66.32841,1
2016,37.05336,41.22734,9
2016,37.06039,68.81988,1
2016,37.06389,69.42047,1
2016,37.06492,71.1005,1
2016,37.06595,37.37811,1
2016,37.06763,37.37315,6
2016,37.06892,71.13621,1
2016,37.06964,41.214,1
2016,37.06979,44.24157,1
2016,37.07065,36.28206,1
2016,37.07085,71.12313,1
2016,37.07109,41.21523,1
2016,37.07178,36.27153,1
2016,37.07463,36.2464,3
2016,37.07652,41.213,1
2016,37.07744,66.01098,1
2016,37.07865,41.21489,1
2016,37.07879,41.2156,1
2016,37.08018,41.22019,35
2016,37.08082,41.21518,2
2016,37.08735,65.21416,1
2016,37.10994,69.91954,1
2016,37.12694,67.54889,1
2016,37.1339,67.66679,1
2016,37.14337,69.79284,1
2016,37.15411,69.43391,1
2016,37.1674,38.79552,1
2016,37.17172,68.98788,1
2016,37.17704,38.79415,2
2016,37.17793,68.89955,2
2016,37.17905,41.87773,1
2016,37.18474,67.70914,1
2016,37.18945,40.58531,1
2016,37.19089,40.58464,2
2016,37.19311,40.58704,3
2016,37.20157,70.6104,1
2016,37.21581,68.99605,1
2016,37.22208,42.49892,1
2016,37.22538,-80.00729,1
2016,37.23023,43.43937,1
2016,37.23301,39.75998,1
2016,37.23999,44.6597,1
2016,37.2454,43.61458,1
2016,37.24658,44.31087,2
2016,37.24673,44.66326,1
2016,37.24682,43.61153,2
2016,37.2487,42.4713,5
2016,37.25092,43.61132,1
2016,37.25153,42.47857,1
2016,37.2686,44.3837,1
2016,37.27729,79.72881,1
2016,37.29371,43.67119,5
2016,37.29678,43.66362,1
2016,37.29678,43.66366,1
2016,37.30222,44.57692,1
2016,37.30276,44.57416,1
2016,37.3033,44.57574,1
2016,37.30344,44.57696,5
2016,37.30372,44.57596,5
2016,37.30517,42.49832,1
2016,37.30543,44.57364,1
2016,37.30596,44.57082,2
2016,37.30754,44.57456,1
2016,37.3129,40.73395,1
2016,37.31482,40.73343,1
2016,37.31876,40.71815,1
2016,37.3201,44.55611,1
2016,37.32012,41.79399,1
2016,37.32962,43.38471,2
2016,37.33189,42.1859,1
2016,37.332,42.18522,1
2016,37.33235,42.18547,2
2016,37.3336,42.18361,1
2016,37.33878,40.26905,1
2016,37.3393,40.82498,1
2016,37.3402,41.8934,5
2016,37.3405,40.82193,1
2016,37.3419,41.89303,2
2016,37.34279,42.12172,1
2016,37.35532,69.42026,1
2016,37.35553,43.26323,1
2016,37.35861,43.50465,1
2016,37.36439,40.26934,1
2016,37.36466,40.26794,2
2016,37.36496,40.2678,1
2016,37.3653,40.26899,1
2016,37.37271,41.93286,1
2016,37.37346,44.08568,2
2016,37.37356,69.45147,1
2016,37.37798,44.08565,1
2016,37.38244,42.3511,1
2016,37.38272,69.45122,1
2016,37.38483,69.45336,1
2016,37.38515,44.08526,1
2016,37.38522,40.56964,1
2016,37.39354,43.53426,1
2016,37.40149,40.95437,1
2016,37.40706,44.11576,1
2016,37.40832,44.54028,1
2016,37.41491,42.49298,1
2016,37.41515,41.37343,2
2016,37.41636,41.37325,1
2016,37.41875,42.49183,3
2016,37.42023,41.36645,1
2016,37.42577,44.44746,1
2016,37.42918,42.88313,4
2016,37.44511,42.85686,2
2016,37.44528,42.85695,2
2016,37.45901,69.52284,1
2016,37.45959,69.52422,3
2016,37.45996,69.52374,1
2016,37.45997,69.52612,1
2016,37.4742,69.62517,1
2016,37.4773,40.48666,1
2016,37.47737,40.48674,1
2016,37.47791,41.61044,1
2016,37.47809,40.48754,1
2016,37.4806,44.30072,1
2016,37.48165,43.11617,2
2016,37.50289,39.11395,1
2016,37.51498,42.45844,1
2016,37.51755,42.45165,1
2016,37.51897,42.45371,5
2016,37.51907,42.45228,1
2016,37.52176,42.4578,1
2016,37.52178,42.45521,1
2016,37.52639,40.68608,1
2016,37.53393,40.88709,1
2016,37.53642,40.88752,1
2016,37.54615,41.71646,1
2016,37.54618,41.7196,1
2016,37.56769,22.80276,1
2016,37.56939,43.16156,1
2016,37.56965,43.16226,1
2016,37.57003,43.16426,3
2016,37.57172,44.2823,5
2016,37.57411,43.16433,1
2016,37.57456,43.75245,1
2016,37.57708,43.73743,1
2016,37.57743,43.73678,2
2016,37.58041,43.73671,1
2016,37.5824,43.73628,1
2016,37.62321,42.35068,1
2016,37.62363,42.35279,1
2016,37.62401,70.58187,1
2016,37.62536,70.71811,1
2016,37.63742,-121.00279,1
2016,37.64789,70.58461,1
2016,37.65245,70.56254,1
2016,37.67189,70.46864,1
2016,37.71991,44.04996,1
2016,37.72414,40.41348,1
2016,37.72418,40.4136,1
2016,37.7504,42.18003,1
2016,37.75052,42.17988,1
2016,37.7541,39.31772,1
2016,37.77179,38.27065,1
2016,37.79045,68.6678,1
2016,37.82501,40.29295,1
2016,37.83824,27.84554,1
2016,37.84135,42.26083,1
2016,37.84235,70.04629,1
2016,37.84263,39.98423,1
2016,37.84651,40.6613,1
2016,37.84969,40.66099,1
2016,37.85005,40.66869,1
2016,37.8651,43.5291,1
2016,37.8679,38.4297,1
2016,37.88924,38.33616,1
2016,37.92222,40.18438,22
2016,37.92312,41.94444,2
2016,37.92497,40.21098,3
2016,37.9274,41.94198,1
2016,37.92835,40.22549,1
2016,37.95625,39.92416,1
2016,37.99749,23.76273,22
2016,38.00784,43.05896,1
2016,38.0476,44.0149,1
2016,38.05198,44.01488,1
2016,38.05976,40.3886,1
2016,38.06219,42.02942,1
2016,38.06458,40.38177,13
2016,38.07827,40.44312,1
2016,38.07926,42.54899,1
2016,38.12839,42.80452,1
2016,38.1408,41.00462,1
2016,38.14101,41.00942,1
2016,38.14122,41.01281,3
2016,38.2066,44.2712,1
2016,38.20989,43.56327,2
2016,38.22022,27.64623,3
2016,38.22552,42.42811,2
2016,38.25376,40.78081,1
2016,38.26803,39.76173,1
2016,38.29288,41.02244,1
2016,38.29586,43.1094,1
2016,38.32467,43.4091,1
2016,38.36718,40.07725,1
2016,38.37331,40.07558,1
2016,38.37449,40.07294,1
2016,38.39565,27.13564,2
2016,38.40057,42.1095,3
2016,38.41118,40.39616,1
2016,38.41165,40.39598,1
2016,38.41426,40.39266,1
2016,38.42248,43.24164,1
2016,38.42263,43.245,1
2016,38.42312,43.2419,1
2016,38.42495,40.67041,1
2016,38.42734,27.42072,1
2016,38.45319,40.65206,2
2016,38.4537,40.65131,1
2016,38.45696,40.64589,1
2016,38.45728,40.6521,1
2016,38.45741,40.65201,1
2016,38.47959,42.30915,1
2016,38.49083,42.29315,1
2016,38.49546,41.01011,1
2016,38.49788,41.01109,1
2016,38.49927,41.01923,1
2016,38.49928,43.37321,2
2016,38.49983,43.37655,1
2016,38.50022,43.3711,1
2016,38.50121,43.37298,3
2016,38.50126,43.37554,1
2016,38.50155,43.38051,2
2016,38.502,42.28128,1
2016,38.50299,43.37518,1
2016,38.50322,44.30801,1
2016,38.50364,43.39503,1
2016,38.50466,43.37573,1
2016,38.5076,43.37655,1
2016,38.5131,43.36474,1
2016,38.51646,40.54574,1
2016,38.52585,41.14223,1
2016,38.53229,43.3589,1
2016,38.60273,43.37767,1
2016,38.61498,40.80674,1
2016,38.63573,-90.24524,2
2016,38.65231,42.4202,1
2016,38.65519,43.90072,1
2016,38.6583,43.9893,1
2016,38.66202,-90.44306,1
2016,38.66442,40.57561,1
2016,38.66611,40.80872,1
2016,38.6676,40.8075,1
2016,38.67482,39.22252,1
2016,38.69632,43.36607,2
2016,38.72049,35.4826,1
2016,38.73456,41.49104,2
2016,38.77898,41.32186,1
2016,38.83349,39.66178,1
2016,38.85872,40.58961,1
2016,38.88546,40.49662,1
2016,38.88845,40.50115,3
2016,38.90993,-77.01473,1
2016,38.93624,39.61227,1
2016,38.99454,43.76726,2
2016,39.0186,40.57455,2
2016,39.02904,43.35912,1
2016,39.02956,43.35778,1
2016,39.0304,43.36192,1
2016,39.03643,43.35042,1
2016,39.09024,-78.22294,1
2016,39.10617,39.54826,3
2016,39.10788,39.21916,1
2016,39.10802,39.21867,2
2016,39.12394,-94.55414,1
2016,39.142,43.914,2
2016,39.15028,39.28837,1
2016,39.17329,41.45597,1
2016,39.17913,39.82844,4
2016,39.18278,27.60603,2
2016,39.1855,39.82716,1
2016,39.20783,-86.23818,1
2016,39.26005,39.48482,1
2016,39.30833,40.34954,1
2016,39.33129,43.88769,1
2016,39.35708,39.21653,1
2016,39.35747,39.21663,1
2016,39.35808,39.21456,1
2016,39.41427,44.37748,1
2016,39.41564,44.35762,1
2016,39.48914,21.71678,1
2016,39.54002,43.67738,1
2016,39.54707,44.06878,1
2016,39.77713,-86.14582,2
2016,39.79851,32.80561,2
2016,39.90627,41.26695,1
2016,39.92006,44.04362,1
2016,39.92575,-74.07755,1
2016,39.93077,32.76754,14
2016,39.96333,-105.5072,1
2016,39.98622,-82.98501,2
2016,40.00932,-75.13337,2
2016,40.14065,43.11912,2
2016,40.17857,44.53576,1
2016,40.18399,29.06178,1
2016,40.41724,49.90346,1
2016,40.46499,19.48499,1
2016,40.4656,-3.69626,1
2016,40.49566,-111.86059,1
2016,40.55787,39.29328,1
2016,40.58266,22.95297,1
2016,40.62066,22.952,4
2016,40.66647,-74.1939,1
2016,40.68185,39.12588,1
2016,40.69426,-73.93068,7
2016,40.74008,38.44964,1
2016,40.74171,38.45181,1
2016,40.79436,22.41445,1
2016,40.8074,44.49703,1
2016,40.80899,-96.67879,2
2016,40.81414,39.60907,1
2016,40.90136,29.35698,1
2016,40.91737,38.39274,1
2016,41.03846,28.97006,1
2016,41.04591,29.03448,1
2016,41.09153,29.06181,1
2016,41.10618,28.68986,33
2016,41.15435,-73.99088,2
2016,41.25276,42.35467,1
2016,41.29222,-92.6404,1
2016,41.41061,33.70006,1
2016,41.4783,46.62017,1
2016,41.57886,-93.02292,2
2016,41.61686,48.34625,1
2016,41.63101,48.11107,1
2016,41.67376,8.90162,1
2016,41.67468,8.90191,1
2016,41.69639,-93.04024,1
2016,41.71667,44.78333,1
2016,41.71706,44.78302,1
2016,41.83305,48.22774,1
2016,41.83322,48.22837,1
2016,41.84113,48.21628,1
2016,41.88215,47.8551,1
2016,41.91923,8.73864,1
2016,41.94055,20.0065,1
2016,41.94122,48.04083,1
2016,41.98541,44.10841,1
2016,42.02655,-1.57779,1
2016,42.09796,-76.06395,1
2016,42.21526,20.74147,1
2016,42.23578,48.03945,1
2016,42.28147,46.99174,1
2016,42.28202,46.99238,1
2016,42.41622,46.49456,1
2016,42.41806,46.49556,2
2016,42.43003,46.73536,1
2016,42.4436,46.54962,2
2016,42.46802,46.50054,1
2016,42.49917,47.06754,1
2016,42.50319,47.06412,1
2016,42.5685,47.87538,1
2016,42.64601,21.12252,1
2016,42.65182,21.1562,1
2016,42.65556,47.56107,1
2016,42.66291,21.1655,3
2016,42.67487,-71.42434,1
2016,42.69714,23.33239,1
2016,42.78389,-71.08716,1
2016,42.80504,74.59174,1
2016,42.82214,47.11612,1
2016,42.82286,47.66031,1
2016,42.87462,74.56976,1
2016,42.87472,74.61222,1
2016,42.88178,74.52273,1
2016,42.89139,20.866,1
2016,42.89718,-2.16897,1
2016,42.91481,20.68975,1
2016,42.95571,-81.6232,1
2016,42.97822,45.01363,1
2016,42.98542,47.45067,2
2016,43.00152,41.02342,1
2016,43.08929,12.44099,1
2016,43.14813,44.84927,1
2016,43.15969,13.72023,1
2016,43.16117,13.71689,1
2016,43.17569,13.66619,1
2016,43.18557,46.96824,1
2016,43.18615,46.97375,1
2016,43.201,46.86386,1
2016,43.2267,44.77057,1
2016,43.22979,13.77626,1
2016,43.24855,46.59784,1
2016,43.2513,-79.84416,1
2016,43.27872,-118.58353,1
2016,43.27965,45.0749,1
2016,43.28771,2.96894,1
2016,43.30456,44.9888,1
2016,43.30827,44.89933,1
2016,43.31719,5.3901,1
2016,43.31821,45.04861,1
2016,43.32023,45.65449,2
2016,43.3486,46.1095,1
2016,43.35838,3.11984,1
2016,43.39325,43.56285,1
2016,43.46157,1.33071,1
2016,43.60494,1.4489,1
2016,43.6259,1.46758,1
2016,43.66766,46.82253,1
2016,43.69361,7.25583,1
2016,43.7252,-79.38703,1
2016,43.75459,44.02637,1
2016,43.75882,2.09197,1
2016,43.93561,42.47408,1
2016,44.40565,8.94626,1
2016,44.49084,11.35318,1
2016,44.74609,33.86156,1
2016,44.74768,43.43656,1
2016,44.80148,10.3279,1
2016,44.93348,4.89236,1
2016,45.07273,7.67954,2
2016,45.1854,38.22496,1
2016,45.53282,9.22569,1
2016,45.53394,-94.17181,1
2016,45.56011,-73.60029,1
2016,45.67973,-122.6553,1
2016,45.71364,-122.61146,1
2016,46.17597,34.8008,1
2016,46.20439,6.14316,1
2016,46.22762,34.64187,2
2016,46.4822,30.72378,1
2016,46.68916,32.65092,1
2016,47.01045,28.86381,1
2016,47.04064,-122.89527,1
2016,47.14042,-122.38267,1
2016,47.23164,-1.54831,1
2016,47.35132,37.93101,2
2016,47.50032,8.73816,1
2016,47.50151,34.63419,1
2016,47.5053,19.06349,1
2016,47.56746,34.39482,1
2016,47.59544,37.48267,1
2016,47.94229,37.50403,4
2016,47.94258,37.50405,1
2016,48.01582,37.80289,3
2016,48.01588,37.80285,1
2016,48.01608,37.80293,1
2016,48.03032,38.76499,1
2016,48.04596,37.96669,1
2016,48.04738,11.96305,1
2016,48.06434,37.67413,1
2016,48.08484,39.36912,1
2016,48.12214,37.87659,1
2016,48.15688,17.11369,1
2016,48.16911,14.03576,1
2016,48.18333,11.53164,1
2016,48.21141,16.38004,1
2016,48.3071,38.02963,1
2016,48.32857,9.89531,1
2016,48.36629,38.35449,1
2016,48.37798,2.79517,1
2016,48.39754,37.97389,1
2016,48.40541,2.7013,1
2016,48.43466,38.22046,1
2016,48.48555,13.97014,1
2016,48.4958,-67.95979,1
2016,48.50777,32.26229,1
2016,48.52345,34.61336,1
2016,48.53319,39.09486,1
2016,48.5734,7.75211,1
2016,48.57404,39.30782,2
2016,48.58508,7.73475,1
2016,48.67084,39.46246,1
2016,48.69272,-116.31831,1
2016,48.72482,38.585,1
2016,48.83482,39.42554,1
2016,48.85664,2.34233,4
2016,48.89021,36.30371,1
2016,48.92256,24.71016,1
2016,48.969,1.68461,1
2016,49.04599,3.40262,1
2016,49.27368,38.92555,1
2016,49.28273,-123.12074,1
2016,49.3,10.58333,1
2016,49.38275,1.10672,1
2016,49.43097,32.04953,1
2016,49.47708,8.44529,1
2016,49.48463,8.44297,1
2016,49.52785,23.9756,1
2016,49.75611,9.97061,1
2016,49.81699,24.02124,1
2016,49.84314,24.03055,1
2016,49.87828,24.08374,1
2016,49.88488,36.11352,1
2016,49.90211,24.08983,1
2016,49.9935,36.23038,1
2016,50.02939,8.69483,1
2016,50.07554,14.4378,1
2016,50.08814,14.46637,1
2016,50.29197,57.21057,3
2016,50.34443,-5.15444,1
2016,50.37546,-4.14266,1
2016,50.41118,4.4463,1
2016,50.42063,30.54927,1
2016,50.4336,30.4718,1
2016,50.43365,30.47213,1
2016,50.45004,30.49142,1
2016,50.4501,30.5234,4
2016,50.6199,26.25162,1
2016,50.74723,25.32538,1
2016,50.76562,13.75839,1
2016,50.82784,12.92137,1
2016,50.83065,12.93965,1
2016,50.83643,4.36742,4
2016,50.89776,4.47838,1
2016,50.9077,34.7981,1
2016,50.96939,9.79733,1
2016,50.97091,14.27387,1
2016,50.97141,1.90255,1
2016,51.05041,13.73726,1
2016,51.05486,13.68402,1
2016,51.05837,13.73098,1
2016,51.10359,13.21417,2
2016,51.10908,17.0345,1
2016,51.18229,14.42378,1
2016,51.24094,33.20505,1
2016,51.26022,-0.75912,1
2016,51.27522,9.54571,1
2016,51.34224,12.37477,4
2016,51.44338,7.35318,1
2016,51.44389,7.3532,1
2016,51.46611,7.08088,1
2016,51.4702,7.00255,1
2016,51.49633,6.86378,1
2016,51.4982,31.28935,1
2016,51.50438,-0.14004,1
2016,51.72858,12.45215,1
2016,51.75074,11.9797,1
2016,51.8133,4.69009,2
2016,51.91395,-8.43195,1
2016,51.91889,-8.48078,1
2016,51.95611,5.24004,1
2016,52.12053,11.62762,2
2016,52.17991,20.94838,1
2016,52.21266,5.98111,1
2016,52.21341,6.89293,1
2016,52.26608,6.15558,1
2016,52.36839,9.75401,1
2016,52.37591,9.73198,1
2016,52.38163,9.72664,1
2016,52.50153,13.40185,5
2016,52.57355,-2.00415,1
2016,52.60066,-8.97175,1
2016,52.63616,1.2965,1
2016,52.64677,0.55278,1
2016,52.6629,-8.62496,1
2016,52.79613,1.25086,1
2016,52.79613,1.2547,1
2016,52.79616,1.25463,1
2016,52.99183,-6.98573,1
2016,53.29015,-8.99791,1
2016,53.32174,-6.39522,1
2016,53.34461,-1.33567,1
2016,53.35478,83.76978,1
2016,53.36167,-6.24548,3
2016,53.36275,-6.52394,1
2016,53.518,-2.27158,1
2016,53.55108,9.99368,1
2016,53.55115,9.98404,1
2016,53.60792,10.01973,1
2016,53.61353,-2.14896,1
2016,53.71608,-6.35016,1
2016,53.73499,-1.66308,1
2016,53.83858,9.99107,1
2016,53.99385,-6.39659,1
2016,53.99558,-7.35464,1
2016,54.09297,-6.81266,1
2016,54.2381,-6.16115,1
2016,54.34804,-6.65692,1
2016,54.35028,-6.65279,1
2016,54.35275,-6.41243,1
2016,54.3561,-6.41476,1
2016,54.3561,-6.27656,1
2016,54.42054,-6.45401,1
2016,54.46337,-6.3286,4
2016,54.48116,-8.08854,1
2016,54.50299,-6.47212,1
2016,54.50853,-6.76313,1
2016,54.51569,-6.05572,2
2016,54.52568,-1.18462,1
2016,54.54536,-5.90273,1
2016,54.54819,-6.69929,1
2016,54.54984,-5.90521,2
2016,54.55269,-6.01631,2
2016,54.55342,-6.00331,1
2016,54.57423,-1.23496,1
2016,54.60771,-5.95621,27
2016,54.61212,-6.18516,1
2016,54.62012,-6.22056,1
2016,54.64182,-6.74439,1
2016,54.647,-6.61318,1
2016,54.68347,-6.53175,1
2016,54.7264,-5.80974,1
2016,54.72902,-5.80863,2
2016,54.75433,-6.61116,1
2016,54.81916,-7.46791,1
2016,54.85578,-5.81552,1
2016,54.85582,-5.81638,1
2016,54.86509,-6.27247,2
2016,54.98456,-5.99179,1
2016,55.01156,-7.31204,17
2016,55.07114,-6.51315,1
2016,55.12319,-6.47124,1
2016,55.12578,-6.04293,1
2016,55.20529,-6.2533,1
2016,55.56032,13.02018,2
2016,55.67256,12.50629,1
2016,55.68079,37.88974,1
2016,55.75138,37.57991,3
2016,55.79825,37.96805,1
2016,55.86424,-4.25181,1
2016,55.94554,-3.18718,1
2016,56.1349,13.12904,1
2016,56.1483,101.57327,1
2016,56.2965,43.93606,1
2016,57.54316,12.43756,3
2016,57.69187,11.95576,1
2016,57.70887,11.97456,1
2016,57.72118,12.9398,1
2016,59.21807,39.8978,1
2016,59.24713,17.85715,1
2016,59.25,18.05,2
2016,59.25074,17.86265,1
2016,59.61915,17.72342,1
2016,59.85337,30.34843,1
2016,60.29335,25.03777,1
2016,62.25709,25.18835,1
2016,62.63227,17.94087,1
2016,62.63227,17.94194,1
2016,64.07506,24.53176,1
2016,64.55102,40.54651,1
2016,69.98379,69.98379,1
2017,-42.25046,-71.14909,1
2017,-41.15,-71.3,1
2017,-40.23102,-72.33111,1
2017,-38.94892,-72.33111,1
2017,-38.73597,-72.58926,1
2017,-38.7359,-72.59037,1
2017,-38.67172,-72.22306,1
2017,-38.38118,-72.29619,1
2017,-38.23508,-72.34588,1
2017,-38.23265,-72.35151,1
2017,-38.0817,-72.4117,1
2017,-38.06382,-72.37422,1
2017,-38.0149,-72.42598,1
2017,-37.9552,-72.43274,1
2017,-37.90663,145.00763,1
2017,-37.8182,144.965,1
2017,-35.3493,149.24438,1
2017,-33.93449,151.17969,1
2017,-33.89296,18.59349,6
2017,-33.68616,-71.21668,1
2017,-33.36624,-70.5053,4
2017,-32.77424,26.63337,1
2017,-31.59065,28.78399,1
2017,-30.32314,30.68914,1
2017,-30.27451,29.92086,1
2017,-30.26422,29.91912,1
2017,-30.26335,29.93826,1
2017,-30.26044,29.94001,1
2017,-30.15446,30.0691,1
2017,-29.92694,30.99628,1
2017,-29.90334,30.23973,1
2017,-29.87398,30.27278,1
2017,-29.72802,30.53215,1
2017,-29.56639,30.18076,1
2017,-29.20945,30.00276,1
2017,-28.57532,30.5618,1
2017,-28.41846,32.18522,1
2017,-28.3091,31.4205,1
2017,-25.66667,27.25,1
2017,-25.05021,33.64996,1
2017,-23.91884,29.44332,1
2017,-23.89617,29.44863,3
2017,-23.75972,-56.49492,2
2017,-23.72025,-56.4999,1
2017,-23.66696,-56.47565,1
2017,-23.45953,-56.73817,1
2017,-23.45948,-56.73852,1
2017,-23.45726,-56.73775,1
2017,-23.3447,-57.05152,1
2017,-23.28181,-56.44145,2
2017,-23.09475,34.38498,1
2017,-23.09288,34.38397,1
2017,-21.39436,165.82611,1
2017,-20.81176,-49.37623,1
2017,-17.86402,31.02981,1
2017,-17.8333,30.93327,1
2017,-17.83267,30.93332,1
2017,-17.42479,-49.66447,1
2017,-15.41894,28.27613,1
2017,-15.39082,28.25882,1
2017,-15.11723,39.26646,1
2017,-14.07143,-75.73629,1
2017,-13.48721,-73.19022,1
2017,-12.76758,-73.6564,1
2017,-11.96737,-76.97846,2
2017,-11.93167,40.43626,1
2017,-11.88121,40.43397,1
2017,-11.80203,-74.77851,1
2017,-11.66435,27.47911,1
2017,-11.40738,33.98713,1
2017,-11.3536,40.35224,7
2017,-11.27911,40.40736,1
2017,-11.27716,40.4088,1
2017,-9.44194,147.21889,1
2017,-8.81472,13.24741,1
2017,-8.45522,118.72793,1
2017,-8.45444,118.72464,1
2017,-8.25,29.71667,1
2017,-7.73323,38.92033,1
2017,-7.72561,38.9381,1
2017,-7.72366,38.93846,1
2017,-7.59537,38.73413,1
2017,-7.51417,109.29417,1
2017,-7.48482,108.7834,1
2017,-7.42411,22.49952,1
2017,-7.27539,112.72267,1
2017,-7.26024,110.39684,1
2017,-7.22095,22.48124,1
2017,-7.18845,20.20442,1
2017,-7.15904,-78.51338,1
2017,-7.00903,23.4538,1
2017,-6.98475,111.95225,1
2017,-6.90922,107.59338,1
2017,-6.88195,20.92367,1
2017,-6.81355,39.23942,1
2017,-6.65773,23.25704,1
2017,-6.61688,23.50843,1
2017,-6.60416,147.85236,1
2017,-6.59843,147.8533,3
2017,-6.49472,22.03722,1
2017,-6.47867,22.8612,3
2017,-6.28556,23.22167,1
2017,-6.27401,27.9249,2
2017,-6.24166,106.8005,1
2017,-6.22996,106.86652,2
2017,-6.19402,106.82531,1
2017,-6.17475,21.55804,1
2017,-6.17273,35.7431,1
2017,-6.13242,106.87444,1
2017,-6.06667,144.25,1
2017,-5.89731,22.41461,1
2017,-5.7821,144.64235,1
2017,-5.62361,21.57722,1
2017,-5.57655,12.1953,1
2017,-5.56039,14.4374,1
2017,-5.35124,21.42163,1
2017,-5.35,21.41667,1
2017,-5.34085,12.34165,1
2017,-5.17361,28.59139,1
2017,-4.95193,12.6227,1
2017,-4.76773,12.54986,1
2017,-4.6934,139.36438,1
2017,-4.68202,28.65316,2
2017,-4.45783,137.12255,2
2017,-4.44193,15.26629,1
2017,-4.38917,15.33762,6
2017,-4.37114,136.96227,1
2017,-4.33319,136.99994,1
2017,-4.33318,136.99919,1
2017,-4.28336,39.56673,1
2017,-4.17704,29.06861,1
2017,-4.16669,39.45008,1
2017,-4.14358,137.09049,2
2017,-4.1416,137.09047,1
2017,-4.13024,29.0952,1
2017,-4.09051,39.64776,1
2017,-4.02,27.53556,1
2017,-4.00008,137.11342,1
2017,-3.90263,27.27869,1
2017,-3.81702,27.27162,1
2017,-3.56604,28.80288,1
2017,-3.50901,29.46436,1
2017,-3.4425,29.61667,1
2017,-3.37583,29.36411,11
2017,-3.3729,29.14511,2
2017,-3.34511,29.48322,2
2017,-3.34479,29.39181,3
2017,-3.33589,29.25769,1
2017,-2.98333,29.65,1
2017,-2.90606,27.92908,1
2017,-2.84374,23.38236,3
2017,-2.71107,28.54832,1
2017,-2.70812,28.6469,1
2017,-2.61758,29.03488,1
2017,-2.60026,30.43892,1
2017,-2.57812,150.80861,1
2017,-2.48332,28.8,1
2017,-2.47428,28.82854,1
2017,-2.36549,40.32088,1
2017,-2.36522,40.32106,1
2017,-2.32917,40.37694,1
2017,-2.32531,40.33128,5
2017,-2.30947,40.22519,1
2017,-2.30511,-78.11469,1
2017,-2.29736,40.31213,2
2017,-2.29119,40.28993,1
2017,-2.27355,40.18006,1
2017,-2.26956,40.90064,2
2017,-2.23797,40.46533,1
2017,-2.23758,40.84697,1
2017,-2.23433,40.47779,8
2017,-2.21028,40.69917,1
2017,-2.21028,40.69924,1
2017,-2.2037,28.8189,1
2017,-2.17686,40.81461,2
2017,-2.09427,40.68245,1
2017,-1.96956,41.29674,1
2017,-1.78782,30.00347,1
2017,-1.78764,28.89303,1
2017,-1.78746,28.8939,1
2017,-1.78298,40.81548,1
2017,-1.75926,40.59471,1
2017,-1.75324,40.94182,1
2017,-1.7436,28.98489,1
2017,-1.72712,41.4032,1
2017,-1.72182,41.50364,1
2017,-1.70328,41.30294,1
2017,-1.70269,41.30188,1
2017,-1.6585,29.22046,1
2017,-1.63216,29.247,1
2017,-1.59524,40.51426,4
2017,-1.52843,40.50934,1
2017,-1.4825,40.03333,1
2017,-1.40657,28.81229,1
2017,-1.3128,28.53333,1
2017,-1.29833,29.49179,1
2017,-1.29207,36.82195,1
2017,-1.27153,36.91361,1
2017,-1.24054,29.46509,1
2017,-1.22478,29.47921,1
2017,-1.21134,29.40052,1
2017,-1.18665,29.45052,1
2017,-1.17762,29.44152,1
2017,-1.15983,29.43017,1
2017,-1.15156,41.06366,1
2017,-1.13691,41.22317,4
2017,-1.11206,101.61578,1
2017,-1.10919,29.03378,1
2017,-1.06888,34.47061,1
2017,-1.02565,29.11248,1
2017,-1.02409,29.11256,1
2017,-1.02326,36.83108,1
2017,-1.00008,29.12492,1
2017,-0.98157,28.69053,1
2017,-0.98146,29.11128,1
2017,-0.97573,29.06209,1
2017,-0.91667,29.16667,1
2017,-0.87801,29.57062,1
2017,-0.83081,-70.10944,1
2017,-0.79177,29.04599,3
2017,-0.73964,29.62384,1
2017,-0.72873,29.37431,1
2017,-0.68834,29.38817,1
2017,-0.67817,29.48095,1
2017,-0.67733,34.7796,1
2017,-0.5714,29.60209,1
2017,-0.56898,29.60058,1
2017,-0.53504,34.4531,1
2017,-0.48394,29.17696,1
2017,-0.42902,42.31071,1
2017,-0.4225,42.27492,1
2017,-0.39377,40.32662,3
2017,-0.35785,42.54665,9
2017,-0.35605,42.54606,1
2017,-0.35604,42.54606,1
2017,-0.34066,40.91565,1
2017,-0.32962,42.51757,1
2017,-0.25556,29.16372,1
2017,-0.24926,42.60133,2
2017,-0.24078,29.29599,1
2017,-0.22729,29.29529,1
2017,-0.21119,-78.52263,2
2017,-0.18582,40.37656,1
2017,-0.17383,41.2699,3
2017,-0.15171,29.24287,2
2017,-0.13622,28.63232,1
2017,-0.13474,29.24885,1
2017,-0.11746,42.56381,3
2017,-0.09466,29.27271,1
2017,-0.09458,34.2755,1
2017,-0.07448,42.57202,3
2017,-0.06507,29.51886,1
2017,-0.06306,29.51097,1
2017,-0.05084,40.88577,1
2017,0.00013,40.36925,2
2017,0.01246,29.25812,1
2017,0.05067,29.68781,1
2017,0.07063,42.74972,1
2017,0.11121,40.31424,2
2017,0.14997,29.28334,1
2017,0.20268,29.41648,1
2017,0.20479,30.01363,1
2017,0.2781,41.24863,1
2017,0.30366,41.44077,1
2017,0.30824,32.55306,1
2017,0.34566,29.71457,2
2017,0.34947,40.87599,2
2017,0.35161,41.21794,1
2017,0.35316,32.60864,1
2017,0.36027,32.78728,1
2017,0.3604,40.88491,1
2017,0.37157,29.59909,1
2017,0.37529,32.61079,1
2017,0.38001,29.3773,1
2017,0.38331,32.92433,1
2017,0.38496,29.37563,1
2017,0.38497,29.42094,1
2017,0.39722,32.6387,1
2017,0.40051,-76.5431,1
2017,0.41003,29.56209,1
2017,0.41212,41.00811,1
2017,0.41281,9.46086,4
2017,0.41752,32.60049,1
2017,0.42972,41.00969,1
2017,0.43017,41.00937,1
2017,0.4528,29.42809,1
2017,0.4553,32.5203,1
2017,0.46626,29.51726,1
2017,0.49534,42.77789,1
2017,0.49594,29.45961,13
2017,0.50387,29.45004,1
2017,0.51507,42.07571,1
2017,0.55017,29.57115,1
2017,0.559,121.21112,1
2017,0.59044,36.37159,1
2017,0.64379,29.91241,1
2017,0.65116,34.87621,2
2017,0.68636,29.70468,2
2017,0.73809,29.79322,1
2017,0.7953,42.13184,1
2017,1.11423,44.0287,5
2017,1.1162,44.03182,1
2017,1.12698,34.58432,2
2017,1.15137,43.99526,1
2017,1.21267,-71.96565,1
2017,1.21484,30.08414,1
2017,1.23178,42.70761,1
2017,1.23373,42.68747,1
2017,1.29547,30.22866,1
2017,1.35855,29.02933,1
2017,1.36238,29.03287,1
2017,1.37517,-78.5991,1
2017,1.40182,28.57741,1
2017,1.415,-78.66956,1
2017,1.41688,-78.43489,1
2017,1.43155,44.30624,2
2017,1.43915,29.84391,1
2017,1.43956,29.8441,1
2017,1.44056,29.84395,1
2017,1.45237,29.87516,1
2017,1.45237,29.87519,3
2017,1.54256,-72.28869,1
2017,1.63916,44.52645,1
2017,1.64209,42.45328,1
2017,1.64731,44.56343,1
2017,1.65828,44.58002,4
2017,1.67167,-78.13972,1
2017,1.7046,44.69271,2
2017,1.71634,44.76869,2
2017,1.71747,44.76861,1
2017,1.74411,44.59697,1
2017,1.76545,-78.1819,1
2017,1.78809,44.529,1
2017,1.78859,44.5305,1
2017,1.78964,44.52998,14
2017,1.79001,-78.78651,1
2017,1.8077,44.69357,1
2017,1.82581,-78.54485,1
2017,1.85388,44.7455,1
2017,1.86159,-71.96199,1
2017,1.87608,44.82965,1
2017,1.87665,44.2479,1
2017,1.91309,44.55272,1
2017,1.91601,-75.24289,1
2017,1.9205,-72.55418,1
2017,1.95016,45.18074,1
2017,1.95944,43.18917,1
2017,1.96935,30.50206,1
2017,1.97389,27.81806,1
2017,1.97894,44.83206,2
2017,1.99189,45.25964,1
2017,1.9964,44.9884,6
2017,1.99961,45.27137,1
2017,2.00298,45.27388,1
2017,2.03313,45.02844,2
2017,2.03794,30.24904,1
2017,2.04693,45.31816,1
2017,2.04763,44.89763,9
2017,2.05211,45.04012,1
2017,2.05524,45.05189,2
2017,2.05982,45.32611,215
2017,2.06778,45.25417,2
2017,2.07211,45.22142,2
2017,2.07524,45.21776,1
2017,2.07843,45.24782,3
2017,2.08007,-76.81366,1
2017,2.08206,45.20749,4
2017,2.0835,45.20622,1
2017,2.08552,45.40279,1
2017,2.08616,45.07113,3
2017,2.0898,45.22573,1
2017,2.09968,45.15723,1
2017,2.10302,45.0822,1
2017,2.10614,45.26341,1
2017,2.11134,-74.76587,1
2017,2.1188,45.09402,1
2017,2.12054,45.14404,1
2017,2.1254,45.09199,1
2017,2.12589,45.07445,1
2017,2.13181,45.13932,1
2017,2.13335,45.30014,1
2017,2.13509,45.05683,1
2017,2.13573,45.11097,1
2017,2.14262,45.11672,3
2017,2.14383,45.11806,22
2017,2.14861,44.54556,1
2017,2.20482,41.61965,1
2017,2.25007,44.69232,1
2017,2.25644,-77.24898,1
2017,2.26697,41.85134,1
2017,2.29719,45.26496,1
2017,2.29962,45.79947,1
2017,2.32716,42.07735,1
2017,2.33025,42.3114,1
2017,2.3319,-72.62813,1
2017,2.33297,-72.60397,1
2017,2.3391,42.288,1
2017,2.33999,45.32286,2
2017,2.34013,45.38818,1
2017,2.34931,42.28034,7
2017,2.35313,-72.8319,1
2017,2.35913,45.38367,2
2017,2.35967,45.38503,1
2017,2.38288,45.42801,1
2017,2.39814,45.0187,2
2017,2.40582,42.97707,2
2017,2.41709,45.36776,1
2017,2.44904,45.35419,1
2017,2.44917,45.35417,1
2017,2.47881,-78.11097,1
2017,2.56426,-72.63798,1
2017,2.59102,45.37018,1
2017,2.60901,40.84906,3
2017,2.61974,44.89368,1
2017,2.63807,45.3739,1
2017,2.67238,41.32134,1
2017,2.70498,-76.82596,1
2017,2.71581,44.51184,3
2017,2.71635,43.34168,1
2017,2.71645,45.68372,1
2017,2.73335,45.68946,1
2017,2.73526,45.49571,1
2017,2.74859,41.14704,1
2017,2.77726,45.50064,5
2017,2.78,45.5008,2
2017,2.7857,41.02716,1
2017,2.78856,45.52637,1
2017,2.79202,41.07709,1
2017,2.79283,41.01436,4
2017,2.79817,44.07856,3
2017,2.80443,45.478,1
2017,2.807,40.92839,1
2017,2.80909,40.92744,3
2017,2.84717,44.10758,1
2017,2.85333,45.76306,1
2017,2.86732,43.00352,1
2017,2.86876,43.0053,2
2017,2.90108,30.81075,1
2017,2.92502,45.90397,1
2017,2.93448,-75.2809,1
2017,2.93567,45.79166,4
2017,2.93625,45.79144,1
2017,2.94618,-73.20696,1
2017,2.95936,45.51519,1
2017,2.96169,-76.26931,1
2017,2.96333,45.65944,2
2017,2.96472,45.51222,2
2017,2.97092,45.53036,1
2017,2.9733,45.5356,5
2017,2.97391,45.79806,1
2017,3.00491,43.84003,1
2017,3.0153,101.7124,1
2017,3.0292,30.91917,1
2017,3.03015,-76.29228,1
2017,3.03404,-76.40799,1
2017,3.03739,43.79696,1
2017,3.03799,-76.40897,1
2017,3.03856,43.79839,1
2017,3.05812,43.70334,1
2017,3.06725,43.74279,1
2017,3.10528,45.85222,1
2017,3.1072,101.60359,1
2017,3.11564,43.64658,6
2017,3.11667,43.65,1
2017,3.13894,101.69132,1
2017,3.15078,-76.2237,1
2017,3.151,41.18288,1
2017,3.15366,41.18541,1
2017,3.1543,41.01501,1
2017,3.17025,43.54736,1
2017,3.17416,-76.2588,1
2017,3.18542,43.76075,1
2017,3.18829,41.3215,1
2017,3.193,101.59234,1
2017,3.19988,-76.21725,1
2017,3.21148,43.57333,1
2017,3.25048,-76.23029,1
2017,3.26038,-76.58763,1
2017,3.28555,39.57174,2
2017,3.31229,43.47213,5
2017,3.32728,42.21856,1
2017,3.35007,42.21606,1
2017,3.37125,-71.74162,1
2017,3.37904,41.41452,2
2017,3.38158,45.59839,4
2017,3.38513,-74.04364,1
2017,3.46458,31.79856,1
2017,3.50159,42.15472,1
2017,3.5142,42.31852,1
2017,3.54909,30.88147,1
2017,3.55132,42.37723,1
2017,3.5562,41.50409,1
2017,3.55802,41.50714,1
2017,3.57331,40.95738,1
2017,3.59143,98.66948,1
2017,3.59158,32.06386,1
2017,3.61853,28.56962,1
2017,3.65274,31.7281,1
2017,3.68269,31.70375,1
2017,3.68995,41.69166,1
2017,3.7086,42.52024,1
2017,3.72466,31.65848,1
2017,3.75494,41.66324,1
2017,3.7898,31.98417,1
2017,3.79185,31.575,1
2017,3.79801,42.54446,1
2017,3.80131,42.54434,1
2017,3.80828,42.54729,1
2017,3.80929,43.2461,1
2017,3.81095,43.2465,3
2017,3.85325,45.56523,3
2017,3.92686,41.87717,6
2017,3.93872,41.84471,4
2017,3.94021,42.44492,1
2017,3.99166,-73.76613,3
2017,4.0104,9.20406,1
2017,4.02247,9.19544,1
2017,4.02373,9.19514,1
2017,4.02585,9.20966,1
2017,4.0298,9.10058,1
2017,4.0324,31.95415,1
2017,4.05339,43.244,1
2017,4.05383,9.22708,1
2017,4.05634,45.2568,3
2017,4.06469,25.82236,1
2017,4.08925,9.3146,1
2017,4.09894,30.67334,2
2017,4.1085,14.7279,1
2017,4.1133,29.64609,1
2017,4.11369,43.85472,1
2017,4.1206,43.89053,4
2017,4.1228,43.88881,1
2017,4.12284,43.89176,1
2017,4.14645,43.70909,1
2017,4.15336,9.26737,1
2017,4.1755,73.50935,1
2017,4.17735,73.51365,1
2017,4.18258,30.68942,1
2017,4.19321,44.99421,1
2017,4.19984,-73.74504,1
2017,4.21001,8.9901,1
2017,4.21053,45.56049,3
2017,4.22482,-77.31948,1
2017,4.22634,31.68255,1
2017,4.2454,45.63002,1
2017,4.33146,45.39314,1
2017,4.33472,45.45889,1
2017,4.37474,18.55129,1
2017,4.38963,46.0872,1
2017,4.39114,46.08747,1
2017,4.39261,46.08733,1
2017,4.39697,43.90864,1
2017,4.4333,7.16687,1
2017,4.43332,7.16671,1
2017,4.46569,27.30584,1
2017,4.48333,47.95,1
2017,4.50073,21.99814,1
2017,4.60377,14.52629,1
2017,4.61088,45.24522,1
2017,4.6152,21.88369,1
2017,4.62922,9.44753,1
2017,4.63222,45.29042,1
2017,4.64756,5.92856,1
2017,4.65457,47.85837,1
2017,4.66089,45.212,1
2017,4.66713,-74.10605,3
2017,4.71398,6.01166,1
2017,4.73099,45.15631,1
2017,4.73538,45.2024,9
2017,4.73989,6.36516,1
2017,4.74252,45.25319,1
2017,4.74294,45.20094,1
2017,4.74688,22.81478,10
2017,4.76312,-75.03057,1
2017,4.76801,45.1037,1
2017,4.78101,7.15491,1
2017,4.78715,45.03295,1
2017,4.80717,7.34195,1
2017,4.80861,47.13402,1
2017,4.8128,6.60202,1
2017,4.81686,7.04869,1
2017,4.83232,9.01045,1
2017,4.84056,5.54575,1
2017,4.84342,22.98286,1
2017,4.84581,45.23996,1
2017,4.85535,31.56778,1
2017,4.87167,44.8704,1
2017,4.8724,44.86922,1
2017,4.91267,7.58974,1
2017,4.91634,7.61883,1
2017,4.92141,8.31615,1
2017,4.92304,6.27289,1
2017,4.92581,6.2874,1
2017,4.92635,7.61227,1
2017,4.92689,45.21625,1
2017,4.93397,6.31286,1
2017,4.9343,6.30885,1
2017,4.95004,8.32493,1
2017,4.95021,8.32518,1
2017,4.95118,5.81429,1
2017,4.95516,-76.60706,1
2017,4.96667,-76.23333,1
2017,4.9735,23.93206,1
2017,4.97509,46.48372,1
2017,5.02929,25.13286,2
2017,5.03089,25.13259,2
2017,5.03333,23.25,2
2017,5.03783,21.21,1
2017,5.04458,9.13394,1
2017,5.10604,-5.58536,4
2017,5.11368,7.33465,1
2017,5.15728,8.05362,1
2017,5.17248,5.9079,1
2017,5.19443,31.77338,1
2017,5.20595,120.05398,1
2017,5.20741,96.38378,1
2017,5.2528,-76.82596,2
2017,5.27862,7.96764,1
2017,5.31369,-4.2388,1
2017,5.3466,-4.01184,3
2017,5.43812,6.62305,1
2017,5.44814,47.99738,1
2017,5.47044,5.83538,1
2017,5.48514,7.03498,1
2017,5.49299,5.9974,1
2017,5.4937,7.06598,1
2017,5.51691,30.33692,1
2017,5.52372,5.75317,1
2017,5.52829,7.49338,1
2017,5.53351,7.48341,1
2017,5.53495,5.78811,1
2017,5.53577,5.7765,1
2017,5.55684,23.76328,1
2017,5.56164,31.82849,3
2017,5.63021,9.23449,1
2017,5.6333,-4.08341,1
2017,5.66131,31.78256,1
2017,5.66897,6.34023,1
2017,5.69526,-76.64748,1
2017,5.69557,9.18319,1
2017,5.7,-76.66667,1
2017,5.7077,8.88239,1
2017,5.70854,9.30257,1
2017,5.74592,9.31278,2
2017,5.7492,46.51024,1
2017,5.76258,9.05959,1
2017,5.76355,20.67404,1
2017,5.77998,101.03724,1
2017,5.78882,6.10034,1
2017,5.7895,6.10238,1
2017,5.78957,6.10492,1
2017,5.82244,125.20337,1
2017,5.83849,6.15871,1
2017,5.84606,19.41154,1
2017,5.88141,20.90963,1
2017,5.88248,8.9787,1
2017,5.88528,124.84946,1
2017,5.89364,5.53524,1
2017,5.89387,5.67667,1
2017,5.90016,101.75238,1
2017,5.90494,125.56755,1
2017,5.92125,20.85024,2
2017,5.92305,6.48853,1
2017,5.92782,101.88481,3
2017,5.92795,101.36791,1
2017,5.92871,101.88347,1
2017,5.93011,101.36578,1
2017,5.9334,121.03326,1
2017,5.94838,9.31031,1
2017,5.96372,10.15957,17
2017,5.96509,121.0707,1
2017,5.96889,101.75472,1
2017,5.97185,101.9236,4
2017,5.97241,5.39436,1
2017,5.97314,120.95034,1
2017,5.9749,121.03351,1
2017,5.97643,124.77264,1
2017,5.98945,124.62918,1
2017,5.99512,124.7433,1
2017,5.99627,125.29239,1
2017,5.99638,121.10794,1
2017,6.00295,101.73032,1
2017,6.01298,124.59326,1
2017,6.01392,101.95024,2
2017,6.01512,101.95192,2
2017,6.01574,124.8252,1
2017,6.01651,120.99255,1
2017,6.01754,124.55021,1
2017,6.02356,124.82503,1
2017,6.02667,121.04167,1
2017,6.03344,101.97742,1
2017,6.03473,124.60519,1
2017,6.04871,121.02915,1
2017,6.04951,101.61984,1
2017,6.05046,121.01224,1
2017,6.05123,120.99985,1
2017,6.05558,121.03963,1
2017,6.05798,101.986,1
2017,6.06132,124.47002,1
2017,6.06302,121.10229,2
2017,6.06522,80.17726,1
2017,6.07084,101.88173,1
2017,6.07337,101.90058,1
2017,6.07464,101.90417,1
2017,6.0747,101.90482,1
2017,6.07599,101.29773,3
2017,6.07824,118.31405,1
2017,6.0792,8.1487,1
2017,6.08161,10.63936,1
2017,6.08514,101.8792,1
2017,6.08522,101.87916,1
2017,6.08525,125.27262,1
2017,6.08544,101.87706,1
2017,6.087,4.84332,1
2017,6.08822,121.10933,1
2017,6.09833,101.69333,1
2017,6.09864,-72.24839,1
2017,6.10179,125.29048,1
2017,6.10263,118.44698,1
2017,6.10715,-3.85535,3
2017,6.11706,6.83334,1
2017,6.11756,101.85907,3
2017,6.11916,6.7928,1
2017,6.12013,125.11734,1
2017,6.1205,80.48243,4
2017,6.12533,6.8084,1
2017,6.12879,101.73506,1
2017,6.12966,101.73465,1
2017,6.13413,46.6317,3
2017,6.14156,101.65072,1
2017,6.14634,101.91208,1
2017,6.15226,101.55233,1
2017,6.15785,102.06004,1
2017,6.15814,102.05961,1
2017,6.15861,101.66972,2
2017,6.15879,101.67044,1
2017,6.1594,101.32261,1
2017,6.17578,101.50208,1
2017,6.18153,6.75208,1
2017,6.18503,125.34662,1
2017,6.19796,6.72848,1
2017,6.21041,101.82076,2
2017,6.2111,7.07129,1
2017,6.21448,6.65615,1
2017,6.21842,7.64975,1
2017,6.21998,124.81992,1
2017,6.22452,125.06127,1
2017,6.22563,101.20624,1
2017,6.22818,5.54108,1
2017,6.23256,6.64819,1
2017,6.23351,101.21397,1
2017,6.23755,102.082,1
2017,6.24192,101.80936,1
2017,6.24203,-75.56476,1
2017,6.2428,101.29773,1
2017,6.24443,102.06943,1
2017,6.24541,101.99793,1
2017,6.24792,102.0033,1
2017,6.24934,102.00282,3
2017,6.2519,102.05837,2
2017,6.25318,101.82521,1
2017,6.25371,25.47336,1
2017,6.25415,101.7296,1
2017,6.25446,101.24104,3
2017,6.25618,101.55664,1
2017,6.25917,102.05306,2
2017,6.26062,101.25368,1
2017,6.26132,25.48226,1
2017,6.26324,21.19835,1
2017,6.26334,21.19836,1
2017,6.26858,101.58222,1
2017,6.2713,101.69707,1
2017,6.27332,6.26016,1
2017,6.27454,6.31228,1
2017,6.28872,118.11032,1
2017,6.29162,101.71049,1
2017,6.29653,101.7291,1
2017,6.29708,101.50824,1
2017,6.30181,120.58362,1
2017,6.30984,101.33633,1
2017,6.31343,-10.8014,1
2017,6.33,124.95,1
2017,6.33141,101.02223,1
2017,6.33331,124.95005,1
2017,6.33634,5.62175,3
2017,6.33757,101.26372,1
2017,6.38203,101.80525,2
2017,6.38458,101.50208,2
2017,6.38529,101.70114,2
2017,6.38738,101.16248,1
2017,6.3884,124.79615,1
2017,6.39144,100.9926,1
2017,6.39146,101.5173,1
2017,6.3951,7.51021,1
2017,6.40358,101.1473,2
2017,6.40414,101.70547,1
2017,6.41264,31.68216,1
2017,6.41296,4.09847,1
2017,6.42153,101.34648,1
2017,6.42551,101.69614,1
2017,6.42556,101.69611,1
2017,6.42586,101.67306,1
2017,6.42614,101.28071,1
2017,6.42626,101.2807,1
2017,6.42849,7.47916,1
2017,6.42898,101.58043,2
2017,6.43574,101.50213,1
2017,6.4388,101.24113,1
2017,6.44004,122.08048,1
2017,6.45084,101.48905,1
2017,6.45194,121.94778,1
2017,6.45431,-71.74047,1
2017,6.4556,5.30339,1
2017,6.45577,124.98157,1
2017,6.45721,-71.74522,1
2017,6.45929,-71.73628,1
2017,6.46681,3.27324,1
2017,6.47072,3.75671,1
2017,6.47224,122.04019,1
2017,6.47952,25.39415,1
2017,6.49152,122.14172,1
2017,6.49222,5.88444,1
2017,6.49315,122.16591,1
2017,6.50383,100.84515,2
2017,6.50468,5.60375,1
2017,6.50965,124.1086,1
2017,6.51026,4.17319,1
2017,6.51035,4.18978,1
2017,6.51615,121.91002,2
2017,6.51705,101.65154,1
2017,6.51749,3.25635,1
2017,6.52194,124.89,1
2017,6.52931,-71.78602,1
2017,6.52991,121.9102,1
2017,6.53441,124.13776,1
2017,6.53665,21.9888,3
2017,6.53722,122.00861,1
2017,6.53985,121.87294,1
2017,6.54278,101.19917,3
2017,6.54381,5.89871,1
2017,6.5455,101.2799,2
2017,6.54731,-71.00223,1
2017,6.54743,101.64376,1
2017,6.54783,101.30581,1
2017,6.54896,101.63853,1
2017,6.54996,121.88315,1
2017,6.55094,101.67186,2
2017,6.55213,101.03724,1
2017,6.55394,122.15474,1
2017,6.55505,30.76267,1
2017,6.56098,30.502,1
2017,6.56567,47.76376,1
2017,6.57056,122.02953,1
2017,6.57459,101.54401,1
2017,6.57807,122.04148,1
2017,6.57819,122.03147,1
2017,6.58255,80.5744,1
2017,6.5871,29.73319,1
2017,6.58813,122.17819,1
2017,6.597,121.90749,1
2017,6.60395,101.33857,2
2017,6.60596,3.31845,1
2017,6.61151,122.26306,3
2017,6.61587,101.62847,1
2017,6.61778,-71.10972,1
2017,6.62042,101.46762,1
2017,6.62138,101.43337,1
2017,6.62611,101.63682,1
2017,6.62734,125.23564,1
2017,6.632,124.60181,1
2017,6.63226,124.59781,1
2017,6.63261,101.4494,1
2017,6.63528,124.975,1
2017,6.63738,4.05337,1
2017,6.64448,124.59619,1
2017,6.6447,122.29949,1
2017,6.64997,122.13334,1
2017,6.6528,121.92555,1
2017,6.65298,122.13565,1
2017,6.6605,122.13899,5
2017,6.66152,122.10647,1
2017,6.66497,122.15474,2
2017,6.66596,3.46489,1
2017,6.66928,101.30439,1
2017,6.67072,124.52398,1
2017,6.67434,101.22376,1
2017,6.67824,101.26934,1
2017,6.68139,101.41944,1
2017,6.6816,101.58411,1
2017,6.6876,121.98133,1
2017,6.68828,121.95008,1
2017,6.68932,124.67411,3
2017,6.69264,101.59594,1
2017,6.6934,101.3091,1
2017,6.7021,124.74154,1
2017,6.70419,101.10373,1
2017,6.70549,101.58483,1
2017,6.70783,79.92421,2
2017,6.71423,-71.69158,1
2017,6.71578,101.56858,1
2017,6.71861,101.41,1
2017,6.71889,101.31472,1
2017,6.71939,101.41268,1
2017,6.72164,124.1131,1
2017,6.72226,101.4112,2
2017,6.72393,125.15024,1
2017,6.72467,4.51218,1
2017,6.73764,101.42819,1
2017,6.73806,101.28579,1
2017,6.74074,101.34393,1
2017,6.7418,122.39814,1
2017,6.74232,100.69214,1
2017,6.74245,100.992,1
2017,6.74968,4.87731,1
2017,6.75091,4.90726,1
2017,6.75185,4.878,2
2017,6.75372,3.22975,1
2017,6.75855,101.49484,1
2017,6.76028,101.29333,1
2017,6.76183,101.32326,1
2017,6.7744,47.42903,9
2017,6.77954,101.19306,2
2017,6.78406,125.21797,2
2017,6.78641,101.14827,1
2017,6.79069,100.91815,1
2017,6.79437,-71.77155,1
2017,6.79833,33.13028,3
2017,6.8002,101.46219,1
2017,6.80162,101.15193,2
2017,6.80334,101.07254,1
2017,6.8055,101.15322,1
2017,6.80636,124.46973,1
2017,6.8067,6.22704,1
2017,6.80882,100.98243,1
2017,6.81314,124.41344,2
2017,6.81889,101.30972,1
2017,6.8194,101.30907,1
2017,6.82011,9.52389,1
2017,6.82282,101.38284,1
2017,6.82889,31.38306,1
2017,6.83358,126.19572,1
2017,6.83733,101.27814,1
2017,6.83748,101.21271,1
2017,6.84167,101.19917,1
2017,6.84444,101.17861,1
2017,6.85222,79.92487,2
2017,6.85308,124.39764,1
2017,6.8531,79.91502,1
2017,6.85521,124.44618,1
2017,6.85532,79.90922,1
2017,6.86019,124.4427,1
2017,6.86281,124.44365,3
2017,6.86478,124.44162,2
2017,6.86589,101.34878,1
2017,6.8694,101.25052,2
2017,6.8697,101.35319,1
2017,6.87372,124.46864,1
2017,6.87379,124.46919,1
2017,6.87395,101.23471,2
2017,6.87608,124.47804,1
2017,6.87972,15.55444,1
2017,6.88098,124.49909,1
2017,6.88195,124.48393,1
2017,6.89068,79.89718,1
2017,6.89856,124.4767,1
2017,6.89924,100.91456,1
2017,6.90074,124.43791,1
2017,6.90113,124.47339,1
2017,6.90518,124.44612,1
2017,6.90598,124.49648,1
2017,6.90984,124.54921,1
2017,6.91256,9.45616,1
2017,6.91578,100.73712,1
2017,6.91861,124.45194,1
2017,6.91933,100.74911,1
2017,6.92306,125.155,1
2017,6.92343,125.08286,1
2017,6.9235,124.51221,1
2017,6.92804,124.50616,1
2017,6.92813,124.53622,1
2017,6.92909,122.07885,1
2017,6.93111,124.505,1
2017,6.93131,124.8618,1
2017,6.93186,-71.85117,1
2017,6.93333,124.33333,1
2017,6.93417,124.45,1
2017,6.94184,79.86169,2
2017,6.94387,79.91519,1
2017,6.94389,125.12944,1
2017,6.94595,124.87907,1
2017,6.94811,125.15974,1
2017,6.94905,8.03447,1
2017,6.94932,125.16018,1
2017,6.9499,125.10108,1
2017,6.95085,124.44803,1
2017,6.95165,47.624,1
2017,6.95306,126.21611,1
2017,6.95556,-71.87222,1
2017,6.95611,-71.8726,1
2017,6.95706,124.44429,1
2017,6.95718,124.44462,1
2017,6.96034,11.11536,1
2017,6.96281,124.36264,1
2017,6.96494,-71.81532,1
2017,6.96672,124.46991,1
2017,6.96683,124.4531,1
2017,6.97282,124.63086,1
2017,6.97608,124.4815,1
2017,6.97631,124.38604,1
2017,6.97635,124.48207,1
2017,6.97811,124.3843,1
2017,6.97924,124.38294,1
2017,6.98056,124.38194,1
2017,6.98085,124.48292,2
2017,6.98395,124.42066,1
2017,6.9853,-72.0127,1
2017,6.98896,124.47705,1
2017,6.99123,17.27762,1
2017,6.99646,15.63832,1
2017,6.99648,124.46356,1
2017,6.99778,19.18097,3
2017,6.99892,5.67708,1
2017,7.00222,124.45368,1
2017,7.00327,124.4531,1
2017,7.00691,124.48964,1
2017,7.0089,124.32698,1
2017,7.00922,125.4942,1
2017,7.01,124.1625,1
2017,7.0113,126.07737,1
2017,7.01351,31.37095,1
2017,7.01437,47.3805,1
2017,7.0171,124.17544,1
2017,7.0209,125.09147,2
2017,7.02378,-71.42498,1
2017,7.0257,124.48358,1
2017,7.0315,124.37504,1
2017,7.04206,8.00372,1
2017,7.04242,125.00712,1
2017,7.0425,124.16944,1
2017,7.04278,126.44922,1
2017,7.04722,-72.17024,1
2017,7.05,124.67,1
2017,7.05011,-72.17024,1
2017,7.05029,124.68843,1
2017,7.05314,124.61927,1
2017,7.054,124.672,1
2017,7.05848,80.53639,1
2017,7.06243,124.51082,1
2017,7.06402,125.08726,1
2017,7.06526,124.96105,1
2017,7.06605,6.0194,1
2017,7.06775,125.03316,1
2017,7.06995,3.67748,1
2017,7.07326,124.50284,1
2017,7.08324,125.601,1
2017,7.08424,6.23972,2
2017,7.09085,124.658,1
2017,7.106,126.17664,1
2017,7.10719,124.84034,1
2017,7.10834,125.03882,2
2017,7.11221,124.80974,1
2017,7.11417,125.04528,1
2017,7.1191,124.59746,1
2017,7.12111,124.7425,1
2017,7.12394,125.59877,1
2017,7.12462,124.3966,1
2017,7.13017,125.04951,1
2017,7.13554,125.05736,1
2017,7.13793,-72.66412,1
2017,7.13849,125.9314,1
2017,7.1525,124.92364,1
2017,7.15317,124.22117,1
2017,7.15997,124.2187,1
2017,7.1609,125.06084,1
2017,7.16312,125.57423,1
2017,7.1707,125.40031,1
2017,7.17275,124.22966,2
2017,7.17434,125.37405,1
2017,7.1744,122.28546,1
2017,7.17822,9.45992,4
2017,7.17976,124.22088,1
2017,7.18056,124.22556,1
2017,7.18109,124.21273,2
2017,7.18307,124.51794,1
2017,7.18517,125.51647,1
2017,7.18599,125.54937,1
2017,7.18771,125.04639,1
2017,7.18778,124.53255,1
2017,7.18894,124.63034,1
2017,7.18918,124.5325,1
2017,7.19009,124.5357,1
2017,7.20833,125.40361,1
2017,7.20887,5.26758,1
2017,7.20959,124.24197,5
2017,7.21389,125.11725,1
2017,7.22473,125.64086,1
2017,7.23234,124.38121,1
2017,7.23486,125.45625,1
2017,7.23708,122.25479,1
2017,7.23717,126.16029,1
2017,7.23748,-75.75883,1
2017,7.23822,9.29232,1
2017,7.23884,125.14207,1
2017,7.23897,125.142,1
2017,7.23922,125.1593,1
2017,7.2398,126.16165,1
2017,7.24231,124.41242,1
2017,7.24444,124.39056,1
2017,7.24482,125.1592,1
2017,7.24508,124.39039,3
2017,7.2467,125.38354,1
2017,7.2507,5.19501,1
2017,7.25508,125.10397,1
2017,7.25604,124.78994,1
2017,7.26003,126.1267,1
2017,7.26158,126.46601,1
2017,7.26385,-73.30104,1
2017,7.26775,125.44077,1
2017,7.2714,-73.30106,1
2017,7.28132,-72.5105,1
2017,7.28836,125.11037,1
2017,7.28847,124.26994,1
2017,7.28997,-75.39269,2
2017,7.29596,9.52712,1
2017,7.30021,125.41013,1
2017,7.30806,125.14732,1
2017,7.31004,125.85059,1
2017,7.31642,126.12543,1
2017,7.31743,126.54742,1
2017,7.31803,125.6773,1
2017,7.32249,9.17315,1
2017,7.32591,-75.33568,1
2017,7.33348,125.62519,1
2017,7.33357,124.31678,1
2017,7.33584,125.16724,1
2017,7.3431,-72.49765,1
2017,7.34568,125.09248,1
2017,7.34631,125.18295,1
2017,7.34876,125.08896,1
2017,7.3493,79.83528,1
2017,7.35333,6.11029,1
2017,7.35377,125.14744,1
2017,7.35799,125.85756,1
2017,7.36898,125.28324,1
2017,7.36972,125.4959,1
2017,7.37,125.95389,1
2017,7.43639,8.54132,1
2017,7.44311,125.14341,1
2017,7.44498,8.39649,1
2017,7.46684,125.81982,1
2017,7.47353,122.84568,1
2017,7.47687,122.86186,1
2017,7.48188,125.2121,1
2017,7.48571,125.04432,1
2017,7.48575,31.51436,1
2017,7.4863,40.58949,1
2017,7.49103,80.36486,1
2017,7.49596,125.96416,1
2017,7.50043,9.60622,1
2017,7.51261,9.74725,1
2017,7.513,125.93155,1
2017,7.51797,6.18749,1
2017,7.51944,125.97167,1
2017,7.52247,122.28874,1
2017,7.52826,123.366,1
2017,7.53213,123.35136,1
2017,7.55,6.23333,1
2017,7.55917,6.54317,1
2017,7.56142,6.2429,1
2017,7.56194,9.18679,1
2017,7.58222,34.50148,1
2017,7.58611,6.26667,2
2017,7.59093,9.63414,1
2017,7.59244,122.15482,1
2017,7.6,125.95,1
2017,7.60969,125.08836,1
2017,7.61064,125.08282,1
2017,7.6249,122.12789,1
2017,7.64839,123.26725,1
2017,7.67296,36.83334,1
2017,7.68224,123.29664,1
2017,7.69125,125.96422,1
2017,7.6955,126.54912,1
2017,7.7004,28.00004,1
2017,7.70325,122.1321,1
2017,7.70675,122.13852,1
2017,7.70945,126.19798,1
2017,7.71644,6.34388,2
2017,7.71672,8.53678,1
2017,7.73,125.099,1
2017,7.73007,125.0994,1
2017,7.74071,123.07651,1
2017,7.74457,126.39744,1
2017,7.74581,-76.55614,1
2017,7.75,33.83306,1
2017,7.75083,9.53,1
2017,7.75522,124.25327,1
2017,7.75792,122.12526,1
2017,7.76381,125.1202,2
2017,7.76931,126.45305,1
2017,7.78811,6.72973,3
2017,7.793,124.192,1
2017,7.79976,122.58674,1
2017,7.8004,7.32049,1
2017,7.80711,126.08389,1
2017,7.8116,10.58387,1
2017,7.81985,-72.45391,1
2017,7.82241,123.39104,1
2017,7.8252,123.43738,3
2017,7.83,125.82,1
2017,7.83611,124.36306,1
2017,7.83934,124.84034,1
2017,7.84703,10.9497,1
2017,7.85167,10.89338,1
2017,7.85506,5.34347,1
2017,7.86074,7.51222,1
2017,7.86319,125.17087,1
2017,7.87247,14.65878,1
2017,7.88022,123.30427,1
2017,7.88776,125.22153,1
2017,7.90271,125.522,1
2017,7.90496,125.09111,2
2017,7.90532,-72.9362,1
2017,7.91778,125.32862,1
2017,7.92196,125.74615,1
2017,7.92764,125.82207,1
2017,7.93891,125.91571,1
2017,7.94602,125.24447,1
2017,7.94628,-72.89881,1
2017,7.94989,124.23314,2
2017,7.95745,5.54794,1
2017,7.96576,124.20287,1
2017,7.97768,81.09202,1
2017,7.97819,124.22271,1
2017,7.98,124.07,1
2017,7.99115,11.10819,1
2017,7.99689,124.29738,1
2017,7.9998,124.30007,2
2017,7.99998,124.29994,1
2017,8.00009,124.29256,1
2017,8.00015,124.29995,3
2017,8.00018,124.30018,2
2017,8.00036,124.29972,1
2017,8.00072,124.29311,2
2017,8.00079,124.29742,1
2017,8.00131,124.29349,1
2017,8.00348,124.295,1
2017,8.00402,124.28718,4
2017,8.00516,124.28753,1
2017,8.00677,124.28399,1
2017,8.02701,7.5942,1
2017,8.03065,123.31188,1
2017,8.03551,124.6263,3
2017,8.03625,124.62616,1
2017,8.04532,126.06184,1
2017,8.04639,126.06154,1
2017,8.04929,-75.57405,1
2017,8.06673,122.51661,1
2017,8.06879,125.48895,1
2017,8.07038,126.06082,1
2017,8.07328,123.73735,1
2017,8.07689,125.04542,1
2017,8.08184,-72.79952,1
2017,8.08828,-63.55356,1
2017,8.10419,123.4944,1
2017,8.10833,124.22889,1
2017,8.11516,122.66998,1
2017,8.12191,126.04791,1
2017,8.12347,123.05358,1
2017,8.13306,30.00444,1
2017,8.13333,123.1,1
2017,8.13546,125.13791,1
2017,8.15632,123.34632,2
2017,8.18029,32.1523,1
2017,8.18197,32.1522,1
2017,8.19657,-62.56417,1
2017,8.19676,125.06471,1
2017,8.20529,123.26441,1
2017,8.21591,5.63359,1
2017,8.22515,123.42994,1
2017,8.22531,125.18245,1
2017,8.22632,124.25596,1
2017,8.22802,124.24524,1
2017,8.22817,126.27171,1
2017,8.23927,124.45691,1
2017,8.24589,34.59197,2
2017,8.24999,-73.16667,1
2017,8.25406,-73.47518,1
2017,8.26114,125.60955,1
2017,8.26667,124.98333,1
2017,8.2794,-73.86408,1
2017,8.29929,30.14669,1
2017,8.30055,-73.41262,1
2017,8.30097,-72.88964,1
2017,8.3013,30.14612,1
2017,8.3023,-62.71499,2
2017,8.31332,126.00935,1
2017,8.31667,124.56667,1
2017,8.32112,10.6116,1
2017,8.33861,125.79611,1
2017,8.34936,30.13927,1
2017,8.35364,-72.54917,1
2017,8.37776,4.70994,1
2017,8.38158,126.00247,1
2017,8.40352,81.3249,16
2017,8.42036,125.16948,1
2017,8.43564,-73.28715,1
2017,8.43721,-73.28706,2
2017,8.43765,-73.28687,1
2017,8.45189,-73.27525,1
2017,8.45815,126.15731,1
2017,8.46318,24.80632,1
2017,8.46336,24.80633,1
2017,8.4675,25.67833,2
2017,8.46831,25.67939,1
2017,8.48396,-13.23514,1
2017,8.49194,125.16376,1
2017,8.49306,-73.47056,1
2017,8.50874,-73.4488,1
2017,8.51224,-73.44728,1
2017,8.51254,-73.45868,1
2017,8.54478,125.44406,1
2017,8.57428,-73.09358,1
2017,8.57451,-73.09339,1
2017,8.57783,81.21872,1
2017,8.59554,-73.36775,1
2017,8.59755,29.99065,1
2017,8.61101,-73.63576,1
2017,8.6282,117.45124,1
2017,8.63639,-72.73512,1
2017,8.64236,-72.73773,2
2017,8.65012,30.98721,1
2017,8.65052,-72.77004,1
2017,8.65626,117.5105,1
2017,8.66455,126.0635,1
2017,8.6725,117.55944,1
2017,8.68317,126.06148,1
2017,8.69831,124.97906,1
2017,8.74446,124.7816,1
2017,8.75011,124.79794,1
2017,8.7661,126.2384,1
2017,8.76714,-12.78742,1
2017,8.76869,-12.78535,1
2017,8.79343,125.57946,1
2017,8.80028,99.36361,1
2017,8.80248,126.30094,1
2017,8.8104,125.10698,1
2017,8.8222,125.10099,1
2017,8.83477,117.87852,1
2017,8.85694,9.59849,1
2017,8.85793,125.73143,1
2017,8.86464,77.49601,1
2017,8.86666,126.03611,1
2017,8.86865,126.05024,1
2017,8.87471,-73.66862,1
2017,8.87969,126.02219,1
2017,8.88021,124.8681,1
2017,8.89131,-72.84859,1
2017,8.90666,8.40746,1
2017,8.91711,125.50724,1
2017,8.91958,124.78375,1
2017,8.92772,29.78892,1
2017,8.96103,125.75948,1
2017,8.9643,126.11108,1
2017,8.9816,38.75748,1
2017,9.02107,125.68607,1
2017,9.02328,29.67754,1
2017,9.05,125.9,2
2017,9.05111,125.89961,1
2017,9.06264,125.21194,1
2017,9.06772,7.48312,1
2017,9.07338,123.01699,1
2017,9.07648,7.39857,1
2017,9.09458,126.16043,1
2017,9.09935,125.66789,1
2017,9.09994,7.2781,1
2017,9.11466,29.6598,1
2017,9.13667,12.17864,1
2017,9.13972,125.55972,1
2017,9.20734,8.92613,1
2017,9.23038,125.56564,1
2017,9.23333,126.16666,1
2017,9.24166,125.63142,1
2017,9.2461,29.79309,1
2017,9.2533,29.72126,1
2017,9.26016,29.80028,1
2017,9.26709,80.81425,1
2017,9.2674,118.40423,1
2017,9.27017,5.1058,1
2017,9.28956,29.89901,1
2017,9.29593,125.96045,2
2017,9.2965,6.77937,1
2017,9.34,125.52,1
2017,9.34359,122.92445,2
2017,9.34528,125.5529,1
2017,9.36675,9.96095,1
2017,9.37489,12.09331,1
2017,9.39833,12.36417,1
2017,9.39905,11.91567,1
2017,9.40217,11.91427,1
2017,9.41588,7.37868,1
2017,9.41865,125.62069,1
2017,9.42066,125.62048,1
2017,9.42879,8.3336,1
2017,9.43333,8.16667,1
2017,9.44324,12.01328,1
2017,9.44528,125.58409,1
2017,9.44711,8.22995,1
2017,9.44786,12.03782,2
2017,9.44871,125.57143,3
2017,9.44927,12.06585,1
2017,9.44989,122.85358,1
2017,9.45265,12.06241,1
2017,9.45293,125.57447,1
2017,9.45382,11.86636,1
2017,9.45554,12.15255,2
2017,9.45803,-5.62961,1
2017,9.4582,8.45422,1
2017,9.45994,8.38964,1
2017,9.46221,12.03008,1
2017,9.46902,125.59722,1
2017,9.4696,125.5972,1
2017,9.49194,8.27278,1
2017,9.53716,28.47855,1
2017,9.54894,8.7805,1
2017,9.54952,125.62072,1
2017,9.55002,8.78743,1
2017,9.55359,8.8035,1
2017,9.55979,9.87947,1
2017,9.56796,8.73154,1
2017,9.58517,8.93487,1
2017,9.59364,28.43796,1
2017,9.60772,80.32993,1
2017,9.61378,125.41132,1
2017,9.6146,8.39358,1
2017,9.61747,125.40209,1
2017,9.62917,8.53028,1
2017,9.63218,8.50346,2
2017,9.63757,125.57126,1
2017,9.6664,80.02048,2
2017,9.68024,125.50399,1
2017,9.68184,125.39606,1
2017,9.69108,118.57785,1
2017,9.69423,125.50489,1
2017,9.71086,125.50238,1
2017,9.71623,125.50432,1
2017,9.71722,125.47665,1
2017,9.73028,125.43083,1
2017,9.7355,125.51926,1
2017,9.73552,125.51922,1
2017,9.78355,124.30197,1
2017,9.78472,125.48969,1
2017,9.83115,122.75345,1
2017,9.83495,118.73836,1
2017,9.835,8.40611,1
2017,9.83938,6.65389,1
2017,9.84994,8.68344,1
2017,9.85125,8.68343,1
2017,9.86707,32.73976,1
2017,9.86782,11.50689,1
2017,9.87325,76.30294,1
2017,9.87357,124.24531,1
2017,9.87435,9.1298,1
2017,9.88942,32.71814,2
2017,9.89915,123.84048,1
2017,9.93694,126.08861,1
2017,9.93766,122.82854,1
2017,9.95491,78.82145,1
2017,9.9797,122.48251,1
2017,10.00801,32.95876,1
2017,10.02898,122.8479,1
2017,10.03005,8.79999,2
2017,10.03302,12.48223,1
2017,10.0502,123.19137,1
2017,10.0535,8.87919,1
2017,10.06777,-69.34735,1
2017,10.08062,122.88402,1
2017,10.08896,8.745,1
2017,10.09321,8.79312,1
2017,10.09761,8.79218,2
2017,10.11786,123.22426,1
2017,10.11877,123.2704,2
2017,10.11963,123.27097,1
2017,10.12039,49.69114,2
2017,10.12725,32.09312,1
2017,10.1295,123.23913,1
2017,10.15792,-67.99711,1
2017,10.16198,12.52778,1
2017,10.18668,123.13102,1
2017,10.20695,122.94467,1
2017,10.22037,123.18575,1
2017,10.22736,-68.01645,1
2017,10.2299,12.98478,1
2017,10.24646,119.21464,1
2017,10.25528,13.27667,1
2017,10.26354,13.26411,1
2017,10.2813,123.1429,1
2017,10.33989,37.66376,1
2017,10.34385,8.28051,1
2017,10.37403,7.39602,1
2017,10.3772,-66.96684,1
2017,10.38,123.2,1
2017,10.4,12.98333,2
2017,10.40122,-67.5947,1
2017,10.41247,123.22575,1
2017,10.45683,-66.7823,2
2017,10.45704,122.85968,1
2017,10.46194,32.54028,1
2017,10.47424,-73.24363,1
2017,10.48283,-66.96213,5
2017,10.50324,11.84112,1
2017,10.50863,7.4082,1
2017,10.51308,7.42596,1
2017,10.51894,123.03455,1
2017,10.5329,122.83665,1
2017,10.55056,123.23639,1
2017,10.56284,119.30201,1
2017,10.56551,123.08171,1
2017,10.58045,122.06505,1
2017,10.61168,12.19186,1
2017,10.61215,12.19127,2
2017,10.62971,13.53888,1
2017,10.63156,14.65878,1
2017,10.633,-71.63327,1
2017,10.63408,39.29977,1
2017,10.64838,7.47317,1
2017,10.65101,7.28086,1
2017,10.6906,122.38736,1
2017,10.69885,123.349,1
2017,10.71667,122.26667,1
2017,10.71805,122.20156,1
2017,10.7377,122.96907,1
2017,10.73778,13.13056,1
2017,10.73798,13.13072,1
2017,10.74793,122.10399,1
2017,10.75111,122.22352,1
2017,10.76091,13.31357,1
2017,10.76502,122.06102,1
2017,10.78032,122.38787,1
2017,10.78046,13.45195,1
2017,10.78242,123.45984,1
2017,10.788,122.23398,1
2017,10.78905,122.59045,1
2017,10.79377,13.53375,1
2017,10.79534,13.57909,2
2017,10.79841,13.53311,1
2017,10.79922,13.5336,1
2017,10.8048,13.53109,1
2017,10.80627,13.53665,1
2017,10.80632,13.45809,2
2017,10.80937,13.45839,1
2017,10.80978,13.48141,1
2017,10.81394,13.53757,1
2017,10.81889,106.65194,1
2017,10.82222,14.47778,1
2017,10.82445,122.26781,1
2017,10.82627,12.42054,1
2017,10.82703,13.46282,1
2017,10.83642,12.7705,1
2017,10.83817,13.39925,1
2017,10.83852,48.9337,4
2017,10.83898,48.93223,1
2017,10.84159,13.45266,1
2017,10.84293,13.48358,1
2017,10.84357,14.68046,1
2017,10.84361,13.22472,1
2017,10.85064,12.21642,1
2017,10.85484,-74.77772,1
2017,10.85583,13.28056,1
2017,10.85776,13.61244,1
2017,10.86083,12.96222,1
2017,10.86811,12.70934,1
2017,10.8692,12.84762,2
2017,10.87476,49.53927,1
2017,10.875,13.32889,1
2017,10.87512,13.52916,1
2017,10.87787,12.49716,1
2017,10.88,122.43,1
2017,10.88639,12.94583,1
2017,10.89093,13.62759,6
2017,10.89234,123.3538,1
2017,10.893,122.435,1
2017,10.90253,12.83032,1
2017,10.90612,12.96658,1
2017,10.90718,12.08942,1
2017,10.91159,14.4209,1
2017,10.92635,123.30933,1
2017,10.92993,122.38786,1
2017,10.95741,106.84269,1
2017,10.96445,13.90431,3
2017,10.96673,14.23351,1
2017,10.98337,49.21844,1
2017,10.98422,13.85415,1
2017,10.98998,49.05688,3
2017,10.99087,14.23145,3
2017,10.99333,49.05733,1
2017,11.00006,13.86436,1
2017,11.00055,49.02069,1
2017,11.00409,13.83152,1
2017,11.00471,13.57579,1
2017,11.0081,-74.24922,1
2017,11.0085,49.02562,1
2017,11.01541,29.49636,1
2017,11.01684,76.95583,2
2017,11.01794,25.15543,1
2017,11.02,13.81167,1
2017,11.02519,122.44126,1
2017,11.04625,12.64596,1
2017,11.04652,14.1408,1
2017,11.04674,14.14046,8
2017,11.04696,14.21242,1
2017,11.0527,13.688,1
2017,11.05307,12.80724,1
2017,11.05451,12.72146,1
2017,11.05679,12.80872,1
2017,11.08378,12.84918,1
2017,11.08398,13.69309,3
2017,11.08947,24.67986,1
2017,11.08972,13.68838,1
2017,11.09368,14.19309,1
2017,11.0994,14.0966,1
2017,11.10487,48.97162,1
2017,11.1064,13.507,1
2017,11.11072,125.44576,1
2017,11.1145,14.2632,1
2017,11.11547,13.93492,1
2017,11.11651,14.32935,1
2017,11.11932,49.1593,1
2017,11.12123,13.87476,1
2017,11.12242,12.03961,1
2017,11.12723,13.79049,1
2017,11.13262,14.06043,1
2017,11.13264,22.92306,1
2017,11.14667,13.89278,1
2017,11.1468,13.89296,1
2017,11.1519,12.7587,1
2017,11.15594,12.75695,1
2017,11.15608,12.75661,3
2017,11.16254,14.01398,11
2017,11.16942,14.09227,1
2017,11.1696,13.7928,1
2017,11.18417,13.91423,1
2017,11.18481,13.9143,1
2017,11.19475,26.38335,1
2017,11.19592,49.31437,1
2017,11.20996,25.0456,1
2017,11.21275,14.11776,1
2017,11.21596,13.99225,1
2017,11.21608,35.09233,1
2017,11.21835,13.95892,1
2017,11.22223,13.78382,3
2017,11.22346,14.11912,1
2017,11.23527,75.79383,1
2017,11.23652,14.1262,4
2017,11.24707,12.01246,1
2017,11.24944,13.999,1
2017,11.25,13.4167,1
2017,11.25402,49.20042,1
2017,11.26357,14.00568,1
2017,11.26477,125.53592,1
2017,11.2748,49.17966,17
2017,11.27552,14.14407,3
2017,11.28472,49.1825,1
2017,11.28782,122.40589,1
2017,11.3,124.68,1
2017,11.34867,14.4036,1
2017,11.35232,25.59233,1
2017,11.38336,12.90611,1
2017,11.39112,12.90914,1
2017,11.40306,14.56784,2
2017,11.42395,24.96154,1
2017,11.42811,13.89983,1
2017,11.44199,122.94802,1
2017,11.44762,13.75957,1
2017,11.47201,49.87393,1
2017,11.48502,12.31189,1
2017,11.49214,12.96972,1
2017,11.49326,13.68712,1
2017,11.49981,11.93365,2
2017,11.50975,12.97891,1
2017,11.51302,13.42216,2
2017,11.52685,13.69271,3
2017,11.53955,13.15565,3
2017,11.54419,13.34286,1
2017,11.5656,12.95,1
2017,11.57112,13.16191,2
2017,11.5752,13.21189,1
2017,11.57728,13.387,1
2017,11.57944,13.58667,1
2017,11.58274,13.15137,1
2017,11.58548,13.58706,1
2017,11.59229,37.3826,1
2017,11.59998,37.38274,1
2017,11.60277,37.38334,2
2017,11.62636,13.27246,1
2017,11.62893,12.36109,1
2017,11.62995,12.39777,1
2017,11.63282,122.33954,1
2017,11.63542,13.03076,1
2017,11.63608,13.21786,1
2017,11.64586,13.34764,1
2017,11.64816,13.24336,1
2017,11.64928,13.4124,2
2017,11.64956,37.5183,1
2017,11.64999,14.10417,2
2017,11.65008,14.10449,1
2017,11.65353,24.89045,1
2017,11.65483,11.89938,1
2017,11.65541,13.41293,4
2017,11.66432,78.14601,1
2017,11.67584,13.41098,1
2017,11.67712,13.04907,1
2017,11.68396,75.65524,1
2017,11.68579,12.41513,1
2017,11.68804,23.39159,2
2017,11.6969,13.07168,1
2017,11.72004,24.91166,1
2017,11.72695,13.23172,1
2017,11.73333,12.46667,1
2017,11.73353,13.08441,1
2017,11.73841,13.10408,1
2017,11.7385,75.50826,1
2017,11.75069,13.12306,2
2017,11.75221,13.12278,1
2017,11.75329,75.49288,1
2017,11.7619,13.26631,8
2017,11.76324,75.58786,1
2017,11.76343,124.95051,1
2017,11.77365,75.56839,1
2017,11.77583,13.0725,1
2017,11.77638,75.46633,1
2017,11.77866,124.97852,1
2017,11.78941,124.89631,1
2017,11.8094,14.66684,1
2017,11.82342,124.69506,1
2017,11.82998,12.63018,1
2017,11.8311,13.15097,5
2017,11.83132,13.15085,1
2017,11.8319,75.56543,1
2017,11.83627,124.96169,1
2017,11.8385,13.13575,1
2017,11.84079,13.14139,55
2017,11.84261,75.56976,1
2017,11.84979,6.78335,1
2017,11.85139,13.82444,2
2017,11.86884,13.25116,1
2017,11.86922,13.24286,1
2017,11.87162,13.25065,1
2017,11.87296,75.36791,1
2017,11.873,13.25053,2
2017,11.87302,13.25056,1
2017,11.87308,13.25025,1
2017,11.87447,13.25061,1
2017,11.87463,13.28238,1
2017,11.87641,13.25204,2
2017,11.883,13.4557,1
2017,11.88432,13.455,1
2017,11.88444,123.88139,1
2017,11.88991,13.31001,1
2017,11.89921,13.29198,2
2017,11.89977,13.20334,1
2017,11.90955,13.5884,1
2017,11.92288,13.28136,1
2017,11.924,13.59865,1
2017,11.92466,13.60131,2
2017,11.92487,75.56392,1
2017,11.93028,13.24333,1
2017,11.93057,13.24397,1
2017,11.93291,13.24432,1
2017,11.93363,13.23581,1
2017,11.93543,123.9518,1
2017,11.94092,13.25336,1
2017,11.94686,13.27604,1
2017,11.94926,13.22627,1
2017,11.95444,13.25028,1
2017,11.9622,24.99465,1
2017,11.9712,13.66173,1
2017,11.97342,13.69084,1
2017,11.9886,-7.91026,1
2017,12.00524,23.06167,1
2017,12.02328,125.03354,1
2017,12.02598,75.70886,1
2017,12.02917,123.94278,1
2017,12.02933,13.65888,1
2017,12.03013,8.54393,1
2017,12.03417,13.89666,1
2017,12.03658,13.91724,4
2017,12.03703,75.35988,1
2017,12.04028,123.98306,2
2017,12.04463,13.92075,1
2017,12.05092,12.09917,1
2017,12.05579,123.72942,2
2017,12.05719,24.8787,3
2017,12.06263,14.67071,1
2017,12.0681,123.72237,1
2017,12.07187,75.70789,1
2017,12.07265,123.9709,1
2017,12.09636,13.98057,1
2017,12.11386,12.8252,3
2017,12.12052,13.17404,1
2017,12.12305,38.0498,1
2017,12.12357,37.77956,1
2017,12.12803,123.75397,1
2017,12.1281,42.81164,1
2017,12.16816,123.77404,1
2017,12.17789,12.68966,1
2017,12.17953,14.49417,1
2017,12.18714,11.70683,1
2017,12.18844,12.6977,1
2017,12.20289,14.01734,1
2017,12.21503,123.82056,1
2017,12.22576,21.41268,1
2017,12.23878,75.48043,1
2017,12.25167,12.33611,1
2017,12.257,13.10752,1
2017,12.26581,13.93868,1
2017,12.26701,14.10001,1
2017,12.26853,14.46611,2
2017,12.27215,14.09212,1
2017,12.28073,13.06069,1
2017,12.30641,125.01679,1
2017,12.32109,124.8925,1
2017,12.34032,125.0691,1
2017,12.34626,14.18469,2
2017,12.34904,123.57172,1
2017,12.35246,125.01954,1
2017,12.35947,14.21093,1
2017,12.36675,13.82888,1
2017,12.36915,14.20113,1
2017,12.36977,123.62685,1
2017,12.37368,-1.53698,2
2017,12.38107,23.24072,1
2017,12.38535,23.13885,1
2017,12.40144,121.32747,1
2017,12.40778,123.40583,1
2017,12.41667,124.61667,1
2017,12.41842,121.28552,1
2017,12.45472,123.77139,1
2017,12.45806,125.04556,1
2017,12.45917,-5.02611,1
2017,12.47056,77.00167,1
2017,12.48352,123.75867,1
2017,12.48694,13.2086,1
2017,12.49013,13.21256,1
2017,12.49093,13.21283,1
2017,12.4917,13.21208,1
2017,12.49211,13.21236,1
2017,12.5064,123.38087,1
2017,12.50829,24.28509,1
2017,12.51143,14.09184,1
2017,12.51394,74.98789,1
2017,12.51467,14.35594,1
2017,12.5164,25.21203,1
2017,12.53164,120.95322,1
2017,12.53561,125.12922,1
2017,12.55,37.06667,1
2017,12.55139,14.25861,1
2017,12.58333,124.08333,1
2017,12.58899,124.06938,1
2017,12.59872,121.48355,1
2017,12.60638,37.46149,4
2017,12.60806,123.60667,1
2017,12.61613,-7.86407,1
2017,12.62255,37.44786,1
2017,12.62473,37.45966,1
2017,12.62704,124.06938,1
2017,12.63597,123.65906,1
2017,12.63807,-8.00218,1
2017,12.66692,123.87602,1
2017,12.68355,43.4588,1
2017,12.70816,123.89414,1
2017,12.71864,24.9355,1
2017,12.72516,43.49448,1
2017,12.82333,77.69187,1
2017,12.83333,-4.11667,1
2017,12.83517,23.33445,1
2017,12.84908,45.03728,11
2017,12.84973,24.40464,1
2017,12.85038,124.07113,1
2017,12.86079,24.40719,1
2017,12.86714,44.98396,9
2017,12.8812,13.22018,1
2017,12.88166,13.22018,1
2017,12.89118,74.83463,1
2017,12.90068,44.97224,1
2017,12.90637,24.35592,1
2017,12.91054,124.04248,1
2017,12.91068,123.59459,1
2017,12.91549,23.47828,2
2017,12.91851,124.12032,1
2017,12.92006,124.123,1
2017,12.92101,24.31832,1
2017,12.92427,13.25872,1
2017,12.92547,43.69562,1
2017,12.92684,77.5189,1
2017,12.93528,124.08278,1
2017,12.93742,124.11812,1
2017,12.9417,24.39583,1
2017,12.9425,43.4175,1
2017,12.94315,124.06971,1
2017,12.94335,13.17909,1
2017,12.94376,13.17986,1
2017,12.94542,24.42909,1
2017,12.9487,24.48603,1
2017,12.95446,36.15726,1
2017,12.9598,24.03983,2
2017,12.96326,24.50672,6
2017,12.96495,24.35224,1
2017,12.97545,24.45914,1
2017,12.98066,24.48898,1
2017,12.98135,24.47386,1
2017,12.99322,24.50089,2
2017,13.0,37.66667,1
2017,13.00704,24.41539,2
2017,13.03312,123.44976,1
2017,13.03389,11.67444,1
2017,13.03755,43.4788,1
2017,13.04143,43.54258,1
2017,13.04863,80.2495,1
2017,13.05576,24.20776,1
2017,13.063,44.4301,1
2017,13.0634,44.88088,1
2017,13.06711,123.69515,1
2017,13.06825,43.50963,1
2017,13.09529,13.82223,1
2017,13.09592,13.82226,1
2017,13.09618,44.18931,1
2017,13.09779,44.19237,1
2017,13.09969,12.1079,1
2017,13.10548,123.69838,1
2017,13.10572,24.49548,1
2017,13.11154,123.67638,2
2017,13.11689,123.46845,1
2017,13.12041,-4.15906,1
2017,13.12158,-4.3669,1
2017,13.12973,45.38557,2
2017,13.14896,44.85055,2
2017,13.16528,-6.54083,1
2017,13.17035,43.74415,1
2017,13.18069,44.30418,2
2017,13.20667,44.20889,1
2017,13.22222,44.19694,1
2017,13.2335,44.11949,1
2017,13.23491,44.14598,1
2017,13.24035,43.99641,1
2017,13.26442,24.86237,1
2017,13.27258,44.27133,1
2017,13.29127,122.54445,1
2017,13.29471,44.26987,1
2017,13.30463,43.46453,1
2017,13.31056,13.50617,1
2017,13.31104,43.231,1
2017,13.31395,43.6216,1
2017,13.3142,24.84956,1
2017,13.31484,25.08894,4
2017,13.317,24.86787,1
2017,13.31962,43.25563,14
2017,13.32022,43.2754,1
2017,13.32257,25.08663,1
2017,13.32269,24.89512,1
2017,13.32339,43.21091,1
2017,13.32738,43.27127,1
2017,13.32972,122.53,1
2017,13.33253,44.09253,1
2017,13.3341,43.95535,1
2017,13.33663,43.73332,1
2017,13.3401,44.18152,1
2017,13.34047,44.20432,1
2017,13.34111,43.85,1
2017,13.34626,25.07934,1
2017,13.34722,43.82111,1
2017,13.3493,43.95252,1
2017,13.35074,44.20493,1
2017,13.35102,44.50694,1
2017,13.35172,43.41372,1
2017,13.35385,44.20171,1
2017,13.35541,44.19591,2
2017,13.3576,45.69648,4
2017,13.36377,43.62352,1
2017,13.36562,43.59016,1
2017,13.36907,44.49096,4
2017,13.371,123.4202,1
2017,13.37696,43.854,1
2017,13.37824,44.30352,1
2017,13.3798,43.64588,1
2017,13.39041,14.53878,1
2017,13.40009,24.30972,1
2017,13.40195,24.85943,1
2017,13.40917,43.38928,1
2017,13.41163,-4.58341,1
2017,13.41312,43.63753,4
2017,13.41715,43.72954,1
2017,13.42653,24.36229,1
2017,13.42676,44.22484,1
2017,13.44154,22.43993,1
2017,13.44619,43.36355,1
2017,13.44778,43.26989,1
2017,13.44872,43.26944,1
2017,13.45344,24.92772,1
2017,13.46139,43.89421,1
2017,13.46153,43.50329,1
2017,13.46198,43.50284,1
2017,13.4627,43.503,1
2017,13.46306,44.06667,1
2017,13.46359,44.05205,1
2017,13.46732,23.29372,2
2017,13.46816,43.87059,1
2017,13.47545,46.46883,1
2017,13.47599,43.98406,1
2017,13.47693,44.01549,1
2017,13.48337,12.84302,2
2017,13.48582,43.28172,1
2017,13.48617,43.85926,1
2017,13.48668,25.30952,1
2017,13.4878,120.95792,1
2017,13.48928,123.6185,1
2017,13.49891,24.85794,1
2017,13.5002,43.80388,1
2017,13.50846,43.86582,2
2017,13.50982,24.86615,1
2017,13.51383,24.86908,4
2017,13.51423,24.86034,1
2017,13.51536,22.7486,1
2017,13.51601,24.86554,1
2017,13.51698,24.86157,1
2017,13.51986,46.71174,1
2017,13.53225,24.92054,1
2017,13.53443,12.7224,1
2017,13.54095,44.02831,1
2017,13.54592,122.37256,1
2017,13.54776,25.09606,1
2017,13.55607,24.29784,1
2017,13.57971,25.03203,1
2017,13.58627,44.02192,1
2017,13.58648,44.0241,76
2017,13.59211,25.09439,1
2017,13.59518,122.32305,1
2017,13.60348,24.3079,1
2017,13.60499,43.93073,1
2017,13.60712,40.66155,1
2017,13.61515,44.09234,1
2017,13.61999,43.69084,1
2017,13.6222,122.2178,1
2017,13.62272,44.04798,1
2017,13.6242,25.34498,3
2017,13.62614,43.42187,1
2017,13.62816,46.05644,1
2017,13.63335,46.05655,1
2017,13.63434,46.05632,1
2017,13.63547,43.31719,1
2017,13.63939,-3.83387,1
2017,13.64286,123.08663,1
2017,13.64482,43.6837,1
2017,13.64767,24.09633,2
2017,13.65282,44.0016,1
2017,13.65408,123.16748,1
2017,13.65794,45.84272,2
2017,13.66229,43.99907,1
2017,13.6669,43.6831,1
2017,13.67017,43.7152,1
2017,13.67672,-5.83268,1
2017,13.67783,122.9325,1
2017,13.69325,44.72662,1
2017,13.70118,44.73344,1
2017,13.70147,24.09777,1
2017,13.70266,44.73357,2
2017,13.70556,123.44472,1
2017,13.70579,43.2894,1
2017,13.71167,44.72056,2
2017,13.71333,46.01194,1
2017,13.71801,24.02723,1
2017,13.73629,44.40971,1
2017,13.73862,12.931,1
2017,13.74165,45.68759,1
2017,13.74516,22.81287,1
2017,13.75044,121.37703,1
2017,13.75639,44.07111,1
2017,13.75737,121.04351,1
2017,13.76207,44.14032,1
2017,13.76445,45.8089,1
2017,13.77053,46.01026,1
2017,13.78579,100.56085,4
2017,13.80371,44.77875,1
2017,13.80493,44.77478,1
2017,13.80498,44.77564,3
2017,13.8065,43.2484,1
2017,13.80973,43.24732,1
2017,13.81024,43.24831,2
2017,13.81026,-2.06674,1
2017,13.81088,44.77428,1
2017,13.82076,43.26724,1
2017,13.82755,124.26764,2
2017,13.82895,121.39421,1
2017,13.83278,45.86016,1
2017,13.83881,-5.93179,1
2017,13.85066,44.70184,1
2017,13.85126,44.70292,1
2017,13.85667,43.60694,1
2017,13.8662,45.22176,1
2017,13.8719,120.70913,1
2017,13.87472,-5.27835,1
2017,13.87807,122.66299,1
2017,13.87927,45.86952,1
2017,13.88333,45.86667,2
2017,13.88333,122.25,1
2017,13.88723,46.2374,1
2017,13.8874,45.86365,9
2017,13.88758,45.76117,1
2017,13.89207,44.78007,1
2017,13.8992,44.4678,1
2017,13.90198,45.13963,1
2017,13.9033,44.46535,1
2017,13.90784,122.18312,1
2017,13.90812,44.13353,1
2017,13.91768,121.08224,1
2017,13.92278,44.14666,1
2017,13.93246,-2.61145,1
2017,13.93337,46.08333,1
2017,13.93356,46.08268,1
2017,13.93499,44.89036,1
2017,13.95076,-1.68574,1
2017,13.95641,45.43551,1
2017,13.96256,45.46747,1
2017,13.96275,-5.35777,1
2017,13.96318,45.5166,1
2017,13.96426,44.1689,1
2017,13.9643,45.46521,1
2017,13.9655,-5.36414,1
2017,13.96695,44.00226,9
2017,13.97175,44.16666,1
2017,13.97218,45.42538,1
2017,13.97275,45.43033,1
2017,13.97366,44.18252,1
2017,13.9786,121.08797,1
2017,13.98089,45.4223,1
2017,13.98245,45.39819,1
2017,13.98556,121.32843,1
2017,13.98852,44.3238,1
2017,13.98892,45.5771,1
2017,13.99331,46.69779,1
2017,13.99463,46.59864,1
2017,13.9967,45.82016,2
2017,13.99691,48.1846,1
2017,14.00214,46.72208,2
2017,14.00925,0.41503,1
2017,14.01221,45.5655,1
2017,14.02028,43.93361,1
2017,14.02855,-1.56032,1
2017,14.02953,45.39218,1
2017,14.0375,47.8381,1
2017,14.03944,-2.76037,1
2017,14.05833,45.43722,1
2017,14.0585,-1.59092,1
2017,14.06488,121.1236,1
2017,14.06669,-1.6683,1
2017,14.0677,-1.48045,2
2017,14.06898,45.42089,3
2017,14.07458,-3.08231,1
2017,14.07474,-3.08266,1
2017,14.07541,124.21753,1
2017,14.07546,45.42106,1
2017,14.07562,45.49564,1
2017,14.0785,-1.42897,1
2017,14.07976,44.18576,1
2017,14.08378,121.0699,1
2017,14.08598,-1.36632,1
2017,14.09002,121.17517,1
2017,14.09084,45.46048,2
2017,14.09096,45.46062,1
2017,14.09218,-1.36694,1
2017,14.09219,-1.22732,1
2017,14.09344,-1.63408,2
2017,14.10051,-1.62265,2
2017,14.10329,45.44625,1
2017,14.10973,45.46473,1
2017,14.11909,-1.51553,1
2017,14.1324,25.5496,1
2017,14.13408,-0.8036,1
2017,14.13743,122.41123,1
2017,14.13876,-5.01831,1
2017,14.14157,44.2479,1
2017,14.14914,45.4695,2
2017,14.14916,45.46983,2
2017,14.14928,45.46937,1
2017,14.14944,121.49361,1
2017,14.15073,121.53574,1
2017,14.15551,121.56603,1
2017,14.16371,120.62963,1
2017,14.17572,-1.55913,1
2017,14.18405,121.51666,1
2017,14.18408,122.7012,1
2017,14.18806,-1.54333,1
2017,14.1921,120.59982,1
2017,14.19472,44.2775,1
2017,14.19556,43.31661,1
2017,14.19827,121.50105,1
2017,14.20252,24.66382,1
2017,14.2065,-1.85293,2
2017,14.20979,24.6574,3
2017,14.21667,121.75,1
2017,14.22228,-4.49156,1
2017,14.22612,-5.97533,1
2017,14.22613,-5.97531,1
2017,14.22838,24.85822,1
2017,14.24082,44.29876,1
2017,14.25282,13.11082,1
2017,14.27185,-2.82597,1
2017,14.27405,122.6736,1
2017,14.27722,13.20042,1
2017,14.28006,-1.68736,1
2017,14.28191,-1.68098,1
2017,14.28312,24.42823,1
2017,14.28504,-4.06316,1
2017,14.29458,-1.78188,1
2017,14.29655,-2.54592,1
2017,14.29889,122.65028,1
2017,14.30371,121.07831,1
2017,14.31152,-2.73858,1
2017,14.32666,47.44721,1
2017,14.33,121.08,1
2017,14.34251,121.57696,1
2017,14.34479,121.08238,1
2017,14.34928,-3.60909,1
2017,14.35778,-2.11556,1
2017,14.35887,45.44981,2
2017,14.36176,22.43988,1
2017,14.38539,-1.3981,1
2017,14.38914,43.96361,1
2017,14.39012,120.85635,1
2017,14.40198,121.03278,1
2017,14.40935,-1.55201,1
2017,14.41399,44.83742,4
2017,14.4296,46.15105,1
2017,14.43,120.48,1
2017,14.43244,-4.66645,1
2017,14.43679,43.96543,1
2017,14.4563,-4.91942,3
2017,14.46402,44.41771,1
2017,14.467,47.27528,1
2017,14.4736,43.9481,1
2017,14.47475,49.03429,1
2017,14.48498,43.9663,1
2017,14.48501,-4.96188,1
2017,14.4867,43.97808,1
2017,14.50167,44.82083,1
2017,14.52168,43.32464,1
2017,14.52722,44.84556,1
2017,14.52782,45.40714,1
2017,14.52934,46.83049,1
2017,14.52956,46.83013,1
2017,14.53095,121.00426,2
2017,14.53389,-4.88556,1
2017,14.53391,46.83106,1
2017,14.53706,46.83311,1
2017,14.54397,49.12458,2
2017,14.54943,121.03359,1
2017,14.55046,44.39771,11
2017,14.55607,44.95621,1
2017,14.55621,44.9527,1
2017,14.55826,44.95946,1
2017,14.55944,44.96182,1
2017,14.5599,44.95576,1
2017,14.56042,44.9576,1
2017,14.56143,44.96284,1
2017,14.56667,44.85944,1
2017,14.56953,44.7766,1
2017,14.57876,44.78041,1
2017,14.57923,44.95628,1
2017,14.58251,121.08424,1
2017,14.58423,121.03904,2
2017,14.58541,121.20779,1
2017,14.58833,44.53667,1
2017,14.59935,120.98477,7
2017,14.60296,121.03382,1
2017,14.62648,-2.16067,1
2017,14.64168,120.48184,1
2017,14.64171,44.82415,1
2017,14.66347,120.94397,1
2017,14.66355,120.96479,1
2017,14.66789,-1.95025,1
2017,14.67278,44.61445,1
2017,14.67428,121.0575,3
2017,14.71953,44.2479,2
2017,14.72449,121.03331,2
2017,14.73544,0.92168,1
2017,14.7394,46.02393,1
2017,14.74278,0.36278,1
2017,14.76337,43.8989,1
2017,14.76944,-1.83972,1
2017,14.76953,44.02282,1
2017,14.77612,49.36613,1
2017,14.78129,42.97285,4
2017,14.78239,42.97309,1
2017,14.78333,46.02383,1
2017,14.79334,45.10216,1
2017,14.79674,-1.30356,2
2017,14.7991,44.558,1
2017,14.8075,44.56778,1
2017,14.81633,120.86616,1
2017,14.82588,44.27976,1
2017,14.83673,4.53489,1
2017,14.89347,-3.63254,1
2017,14.90168,43.20688,2
2017,14.91973,-4.59225,1
2017,14.92951,-3.88906,1
2017,14.93074,3.43469,1
2017,14.94182,48.32568,1
2017,14.94546,-3.89224,1
2017,14.95697,120.92661,1
2017,14.96533,47.94568,1
2017,14.96634,-5.85851,1
2017,14.96848,0.70222,1
2017,14.99861,47.86325,1
2017,15.00141,45.85573,1
2017,15.00705,-2.9543,3
2017,15.01676,-2.52053,1
2017,15.02018,45.81429,1
2017,15.03189,-5.66111,1
2017,15.03196,45.82837,4
2017,15.05222,120.93806,1
2017,15.0547,1.83537,1
2017,15.05684,-3.87399,1
2017,15.05707,23.67527,1
2017,15.06564,2.06038,1
2017,15.07186,120.07663,1
2017,15.07544,43.74058,1
2017,15.07922,-2.21935,5
2017,15.0898,25.33342,1
2017,15.10436,48.33,1
2017,15.11058,-1.7345,2
2017,15.11063,-2.94016,1
2017,15.11385,45.88113,1
2017,15.14116,48.35722,1
2017,15.14771,-2.31513,1
2017,15.16882,-7.28856,1
2017,15.1703,46.0272,4
2017,15.17885,0.71884,1
2017,15.18783,46.03267,1
2017,15.22506,0.29165,1
2017,15.23389,-4.25694,1
2017,15.27258,-1.69954,1
2017,15.28,120.02,1
2017,15.3047,120.0417,1
2017,15.31689,44.4748,1
2017,15.32212,0.74734,1
2017,15.32544,44.2119,30
2017,15.32556,45.27611,1
2017,15.32662,120.58956,1
2017,15.3292,-0.00146,1
2017,15.36274,120.8838,1
2017,15.41302,-1.38342,1
2017,15.41698,45.08188,2
2017,15.42863,44.26911,1
2017,15.44672,1.04096,1
2017,15.45021,45.0196,1
2017,15.45639,45.32487,12
2017,15.46244,43.98571,1
2017,15.49146,44.12331,1
2017,15.49859,44.08713,1
2017,15.50639,44.06028,1
2017,15.50694,48.34395,1
2017,15.51589,45.44981,1
2017,15.51927,44.10257,1
2017,15.52474,44.10677,1
2017,15.55644,0.4949,1
2017,15.55951,44.97146,1
2017,15.58434,44.51866,1
2017,15.59246,120.905,1
2017,15.59602,0.53472,1
2017,15.60212,120.90813,1
2017,15.60889,44.135,1
2017,15.62414,-4.04892,1
2017,15.63821,44.50296,1
2017,15.65583,44.39722,1
2017,15.66085,43.94588,1
2017,15.66624,120.74305,1
2017,15.70075,43.60351,1
2017,15.7026,43.60399,1
2017,15.71704,-4.90009,1
2017,15.7228,-4.64756,1
2017,15.7318,44.51924,1
2017,15.73787,120.63797,1
2017,15.7469,44.52498,1
2017,15.7662,24.90422,2
2017,15.77326,-87.46535,1
2017,15.7743,120.43916,1
2017,15.82128,-1.30057,2
2017,15.82488,-1.28491,1
2017,15.8402,48.45438,4
2017,15.84406,-4.32313,1
2017,15.86902,1.52224,2
2017,15.87262,48.62994,1
2017,15.8976,1.84556,1
2017,15.8977,44.28541,1
2017,15.89873,44.27031,1
2017,15.90465,44.26683,1
2017,15.90497,-4.07944,1
2017,15.91443,2.39737,4
2017,15.91492,48.65074,3
2017,15.94001,48.78975,2
2017,15.993,120.43135,1
2017,16.03476,120.95895,1
2017,16.07024,120.76542,1
2017,16.07039,120.76496,1
2017,16.10959,120.02896,1
2017,16.13703,-3.74511,1
2017,16.16541,44.7769,5
2017,16.18694,119.85917,1
2017,16.19005,42.88241,1
2017,16.23432,44.57202,3
2017,16.25306,43.05627,1
2017,16.25592,121.68534,1
2017,16.26398,-0.02799,3
2017,16.26878,44.64652,2
2017,16.27004,121.537,1
2017,16.27024,44.64625,2
2017,16.27392,-0.03941,2
2017,16.28994,121.76529,1
2017,16.30454,44.64039,1
2017,16.31488,121.65968,1
2017,16.32047,42.8124,1
2017,16.322,42.81408,1
2017,16.33255,121.78792,1
2017,16.33307,0.69661,1
2017,16.33905,44.58389,1
2017,16.33978,121.68212,1
2017,16.35648,45.05157,1
2017,16.36027,120.67715,1
2017,16.3684,121.35557,1
2017,16.36871,44.48843,1
2017,16.39118,121.10731,1
2017,16.4176,-3.66486,1
2017,16.42212,121.51,1
2017,16.43181,42.93805,1
2017,16.4354,44.562,1
2017,16.43731,45.17307,1
2017,16.46755,-4.16904,1
2017,16.47793,43.0906,1
2017,16.49613,-3.49197,1
2017,16.52426,42.9679,1
2017,16.55996,45.69162,1
2017,16.57755,121.91183,1
2017,16.5796,42.91423,1
2017,16.59801,-3.39202,1
2017,16.66667,49.5,2
2017,16.67014,121.71711,1
2017,16.67027,121.71722,1
2017,16.67812,45.36744,1
2017,16.6909,-98.4102,1
2017,16.6915,42.94271,1
2017,16.70744,48.96525,1
2017,16.71285,-2.98067,1
2017,16.7147,44.8754,1
2017,16.71486,44.87545,1
2017,16.73743,-3.7307,1
2017,16.75775,-2.99936,7
2017,16.78083,122.02444,1
2017,16.78137,45.84343,1
2017,16.79018,45.29939,1
2017,16.79149,120.83092,1
2017,16.80272,1.52483,1
2017,16.81616,-99.66802,1
2017,16.81758,74.07848,1
2017,16.81921,79.92906,1
2017,16.83116,101.17798,1
2017,16.87818,-1.92104,1
2017,16.88556,122.12668,1
2017,16.88778,96.14956,1
2017,16.88917,42.56111,2
2017,16.8968,120.7634,1
2017,16.9146,120.76542,1
2017,16.91749,43.76241,1
2017,16.9192,120.7623,1
2017,16.95373,-0.34501,2
2017,16.98235,120.86349,1
2017,16.98333,122.01667,1
2017,17.00109,81.80749,1
2017,17.00154,-1.66457,1
2017,17.00897,74.86533,1
2017,17.028,43.03378,2
2017,17.0311,43.07265,1
2017,17.05868,121.61607,1
2017,17.08079,120.45056,1
2017,17.08152,120.6083,2
2017,17.09112,120.97853,1
2017,17.10218,120.68427,1
2017,17.1183,43.1323,1
2017,17.12985,0.40212,1
2017,17.13007,120.69968,1
2017,17.15,42.5,1
2017,17.19728,121.61091,1
2017,17.27073,43.21707,1
2017,17.30236,43.39422,1
2017,17.32125,82.04071,1
2017,17.32526,43.70129,1
2017,17.34171,43.13114,1
2017,17.34578,44.61812,1
2017,17.36028,0.15087,1
2017,17.36161,0.08,1
2017,17.36281,0.07274,1
2017,17.41598,121.4413,1
2017,17.45316,44.7206,1
2017,17.46151,121.79435,1
2017,17.4711,120.82442,1
2017,17.47407,97.80225,1
2017,17.47514,42.70761,1
2017,17.48936,47.64403,1
2017,17.55494,44.23236,5
2017,17.5656,44.22894,1
2017,17.56894,120.9834,1
2017,17.57747,121.36893,1
2017,17.58278,121.00542,1
2017,17.60651,120.6308,1
2017,17.61081,121.73237,1
2017,17.61611,80.77579,1
2017,17.65178,43.52619,3
2017,17.65596,121.75274,1
2017,17.66716,44.25082,1
2017,17.68098,120.42448,1
2017,17.68682,83.21848,2
2017,17.74287,81.39627,2
2017,17.80152,121.66485,1
2017,17.80677,81.15783,1
2017,17.81208,81.38304,1
2017,17.84361,82.15694,1
2017,17.85694,121.4925,1
2017,17.86293,82.19787,1
2017,17.88403,43.3266,1
2017,17.88994,121.87026,1
2017,17.89273,121.69152,1
2017,17.9167,82.8,1
2017,17.94924,-94.91688,1
2017,17.95476,121.9278,1
2017,17.97399,82.08837,1
2017,18.00262,80.99727,1
2017,18.00381,80.9973,1
2017,18.00528,81.78194,1
2017,18.01421,81.02886,1
2017,18.02143,-76.79828,2
2017,18.02918,81.36025,1
2017,18.03019,81.32086,1
2017,18.03107,81.3221,1
2017,18.03649,121.84163,1
2017,18.03979,82.32334,1
2017,18.04572,0.60265,1
2017,18.06203,81.97406,1
2017,18.08371,81.48579,1
2017,18.08643,80.86325,1
2017,18.08819,81.7043,1
2017,18.08917,81.545,1
2017,18.10211,82.4764,1
2017,18.10788,82.10491,1
2017,18.10871,82.10879,2
2017,18.10928,82.10881,1
2017,18.11151,82.10921,1
2017,18.1135,82.11236,1
2017,18.11442,81.74429,1
2017,18.13085,81.25507,1
2017,18.13356,82.44194,1
2017,18.13776,82.68618,1
2017,18.14235,81.58717,1
2017,18.14891,-95.14666,1
2017,18.15345,81.50895,1
2017,18.16408,81.95348,2
2017,18.18454,81.41142,2
2017,18.18997,82.93241,1
2017,18.19028,83.01935,1
2017,18.21375,121.92377,1
2017,18.2201,121.82753,1
2017,18.22103,82.70311,1
2017,18.23087,80.70489,1
2017,18.23611,82.37,1
2017,18.2382,121.80442,1
2017,18.25229,81.24482,2
2017,18.25255,81.24165,1
2017,18.28149,81.20122,1
2017,18.30713,80.54986,1
2017,18.31475,42.72516,3
2017,18.32308,81.42528,1
2017,18.3256,81.42961,1
2017,18.33558,81.12225,1
2017,18.33802,-64.96054,1
2017,18.34323,-64.93176,2
2017,18.35782,-100.66863,1
2017,18.37437,82.71456,1
2017,18.379,81.61438,1
2017,18.38544,-66.05671,1
2017,18.38851,81.64766,1
2017,18.39022,82.74023,1
2017,18.39101,81.65693,1
2017,18.39113,81.65927,6
2017,18.39327,81.66342,1
2017,18.39924,82.0511,1
2017,18.42581,37.73361,1
2017,18.44111,2.49002,1
2017,18.4427,1.41133,7
2017,18.45417,1.40969,4
2017,18.45439,-69.30169,1
2017,18.46446,82.3558,1
2017,18.49175,80.93684,1
2017,18.49601,80.86497,1
2017,18.49625,81.29455,1
2017,18.50842,80.93953,1
2017,18.51537,81.54378,1
2017,18.54345,82.22301,3
2017,18.54366,82.22295,1
2017,18.55684,81.65286,1
2017,18.56111,80.9204,2
2017,18.56999,80.80905,2
2017,18.57907,81.04399,2
2017,18.60686,81.96982,1
2017,18.61085,81.96644,1
2017,18.61096,81.96676,1
2017,18.6336,80.37977,1
2017,18.67226,81.29673,1
2017,18.67326,81.22083,1
2017,18.67365,80.98794,1
2017,18.70831,80.9955,1
2017,18.71389,81.41306,1
2017,18.73374,81.0006,1
2017,18.75,80.68333,1
2017,18.751,81.02954,1
2017,18.75206,81.65832,1
2017,18.7572,80.71272,1
2017,18.7583,81.17356,1
2017,18.7588,80.93555,1
2017,18.75896,80.27574,1
2017,18.75934,81.55612,1
2017,18.76163,81.38256,1
2017,18.76832,80.73156,2
2017,18.77171,81.01784,1
2017,18.77941,81.56003,1
2017,18.79,80.55889,1
2017,18.7926,80.81356,1
2017,18.79326,81.62415,1
2017,18.79633,1.82605,1
2017,18.7983,81.03418,1
2017,18.7989,80.52467,1
2017,18.80272,81.49767,1
2017,18.81323,81.5794,2
2017,18.82177,84.2529,1
2017,18.83339,-96.79997,1
2017,18.83944,83.23278,1
2017,18.84289,80.70932,1
2017,18.84563,81.38393,2
2017,18.85606,82.73471,1
2017,18.85743,81.12181,1
2017,18.86083,80.72144,3
2017,18.87521,83.15406,1
2017,18.9,81.35,1
2017,18.905,-3.52834,1
2017,18.92328,103.10229,1
2017,18.92331,81.12555,1
2017,18.96584,83.45167,1
2017,18.9795,80.03533,1
2017,18.99242,80.98645,1
2017,18.99411,82.06844,1
2017,19.01002,81.06167,1
2017,19.01593,93.89101,1
2017,19.02174,-102.09211,1
2017,19.03013,80.7196,1
2017,19.05769,81.57335,1
2017,19.07492,82.66725,1
2017,19.08111,82.02111,1
2017,19.08702,80.71439,1
2017,19.09691,42.86379,1
2017,19.10298,81.94912,1
2017,19.10713,81.95348,1
2017,19.11168,81.9527,1
2017,19.12132,81.35644,1
2017,19.13081,83.4017,1
2017,19.15366,81.43246,1
2017,19.17581,83.41065,1
2017,19.18851,73.04171,1
2017,19.19619,81.41279,1
2017,19.20872,81.99147,1
2017,19.28126,73.04829,1
2017,19.28543,81.46086,1
2017,19.28678,73.65068,1
2017,19.3127,84.78941,1
2017,19.3296,80.04092,1
2017,19.34149,81.52852,1
2017,19.36242,81.18101,1
2017,19.37776,81.54319,1
2017,19.3896,-98.70839,1
2017,19.40064,80.61911,1
2017,19.42735,80.57405,1
2017,19.42878,81.22809,1
2017,19.42972,80.53389,1
2017,19.43261,-99.13321,3
2017,19.4381,81.21525,1
2017,19.44342,80.7159,1
2017,19.45244,81.25188,2
2017,19.46485,0.85639,6
2017,19.47999,93.95558,1
2017,19.49665,80.27676,2
2017,19.49687,80.27673,1
2017,19.5088,83.50435,1
2017,19.52501,0.88057,1
2017,19.53853,93.50634,1
2017,19.55591,83.37497,1
2017,19.56805,80.66066,1
2017,19.59049,83.27053,1
2017,19.59579,81.66223,1
2017,19.59585,81.66378,1
2017,19.59654,81.67261,1
2017,19.59672,81.66377,1
2017,19.62303,81.62075,1
2017,19.63028,83.41888,1
2017,19.63092,83.49464,1
2017,19.67591,97.20918,1
2017,19.68074,83.15016,2
2017,19.69028,83.11861,1
2017,19.69097,81.02864,1
2017,19.7099,83.365,1
2017,19.7157,83.65878,1
2017,19.72353,81.24241,1
2017,19.7338,81.23631,1
2017,19.77078,-104.36676,1
2017,19.7827,94.03077,1
2017,19.78428,81.52673,1
2017,19.79585,85.81348,1
2017,19.80365,1.13838,1
2017,19.81009,93.98784,1
2017,19.84338,24.45324,1
2017,19.85762,80.50112,1
2017,19.86752,80.96634,1
2017,19.90102,83.49769,1
2017,19.91298,80.98635,1
2017,19.92488,83.14386,1
2017,19.92886,80.47721,1
2017,19.9531,81.15411,1
2017,19.95399,93.65338,1
2017,19.96458,80.9976,1
2017,19.9715,93.86458,1
2017,19.97982,0.94429,1
2017,20.00528,80.08056,1
2017,20.01552,84.18686,1
2017,20.04112,80.6265,1
2017,20.0548,81.22288,1
2017,20.07396,81.65899,2
2017,20.0937,81.16216,1
2017,20.09732,81.19983,1
2017,20.09848,81.15959,1
2017,20.09871,81.15877,1
2017,20.10316,93.00155,1
2017,20.1476,92.89595,1
2017,20.16311,80.53134,1
2017,20.16835,80.50979,1
2017,20.17892,80.63449,1
2017,20.18815,81.17841,1
2017,20.19901,81.07547,1
2017,20.2085,81.67502,1
2017,20.22774,80.46473,1
2017,20.25207,0.98153,2
2017,20.26223,81.20885,1
2017,20.27039,81.46771,1
2017,20.27082,81.48673,1
2017,20.27271,81.48831,1
2017,20.27318,80.30738,1
2017,20.27492,81.48818,1
2017,20.28933,93.37045,1
2017,20.29311,80.29378,1
2017,20.30907,83.7288,1
2017,20.31083,81.07192,1
2017,20.3335,93.00381,1
2017,20.33566,80.80898,1
2017,20.34029,93.06882,1
2017,20.36577,93.04459,1
2017,20.36673,93.26665,1
2017,20.44365,92.6366,1
2017,20.45737,85.88252,1
2017,20.46458,85.85831,1
2017,20.48146,92.75733,1
2017,20.493,92.77609,1
2017,20.50724,80.36142,1
2017,20.52706,-97.46291,1
2017,20.53278,92.5572,1
2017,20.54387,92.5439,1
2017,20.55151,80.5674,1
2017,20.55449,81.3846,1
2017,20.57454,92.6694,1
2017,20.59182,81.01865,1
2017,20.5966,82.02164,1
2017,20.62773,92.50267,2
2017,20.66929,92.47105,1
2017,20.67323,-103.36686,1
2017,20.68163,92.44416,1
2017,20.71372,80.4702,1
2017,20.75558,92.52872,1
2017,20.7961,23.85174,1
2017,20.81531,92.39938,2
2017,20.81568,92.4027,3
2017,20.81694,92.38577,1
2017,20.82155,92.36732,6
2017,20.82163,92.36682,2
2017,20.82183,92.36731,1
2017,20.8219,92.36666,1
2017,20.82193,92.3675,1
2017,20.82194,92.367,1
2017,20.82195,92.36699,1
2017,20.82198,92.36665,2
2017,20.822,92.36694,4
2017,20.82201,92.36735,2
2017,20.82203,92.36693,1
2017,20.82204,92.36663,1
2017,20.82212,92.36692,4
2017,20.82218,92.36691,1
2017,20.82244,92.36679,2
2017,20.82303,92.3662,1
2017,20.8232,92.36898,1
2017,20.82374,92.37079,11
2017,20.82392,92.35961,1
2017,20.82411,92.36902,3
2017,20.82434,92.36739,1
2017,20.82438,92.36938,1
2017,20.84464,92.38297,1
2017,20.86917,92.52742,1
2017,20.86929,92.52728,1
2017,20.86932,92.52725,1
2017,20.86951,92.52722,1
2017,20.87077,92.53028,1
2017,20.91072,92.55609,1
2017,20.92446,92.51826,1
2017,20.96038,40.04659,1
2017,21.00882,92.50326,2
2017,21.01994,-101.26075,1
2017,21.05194,83.38111,1
2017,21.06573,80.36804,1
2017,21.13566,92.23551,1
2017,21.1381,92.22848,1
2017,21.14438,80.97053,1
2017,21.15207,81.10087,1
2017,21.15384,92.24484,1
2017,21.15393,92.2449,2
2017,21.2125,92.16301,1
2017,21.21259,92.16344,1
2017,21.23236,70.89228,1
2017,21.2798,72.94753,1
2017,21.43727,40.51271,1
2017,21.43933,91.97755,1
2017,21.53891,39.14393,1
2017,21.77386,92.19652,1
2017,21.89995,88.39999,1
2017,22.1382,-104.64562,1
2017,22.25152,70.79397,1
2017,22.28166,113.93625,1
2017,22.28198,113.93655,1
2017,22.33148,85.39618,1
2017,22.4171,72.89671,1
2017,22.4695,88.14928,1
2017,22.5308,88.29792,1
2017,22.54367,97.03371,1
2017,22.57205,85.46078,1
2017,22.61821,97.29466,1
2017,22.63435,85.81124,1
2017,22.64142,84.8654,1
2017,22.64313,88.42231,1
2017,22.65437,89.76778,1
2017,22.65868,89.79332,1
2017,22.65987,90.36203,1
2017,22.70472,91.93472,1
2017,22.70793,85.53887,1
2017,22.70806,89.07167,1
2017,22.71333,91.77526,1
2017,22.72425,88.32904,1
2017,22.79564,91.19892,1
2017,22.84111,89.51694,1
2017,22.85625,89.43679,1
2017,22.89083,85.51314,3
2017,22.89189,88.39671,1
2017,22.89778,97.00722,1
2017,22.90225,86.20074,1
2017,22.96276,85.31547,1
2017,22.96397,84.91393,1
2017,22.96496,97.16326,1
2017,22.97022,92.19607,1
2017,22.97045,89.4506,1
2017,22.99471,85.21531,2
2017,23.02896,113.14344,2
2017,23.04413,84.53795,2
2017,23.06366,-109.70244,1
2017,23.07892,97.11868,1
2017,23.07976,85.27671,1
2017,23.08232,85.27743,1
2017,23.0912,85.25402,1
2017,23.10777,85.28845,1
2017,23.13391,87.54262,1
2017,23.16176,89.2136,1
2017,23.16667,79.93333,1
2017,23.17998,89.21058,1
2017,23.18278,97.39778,1
2017,23.21667,92.18333,1
2017,23.21806,88.09873,1
2017,23.2246,85.07172,1
2017,23.23108,84.89066,1
2017,23.25235,97.12146,1
2017,23.26503,84.55055,1
2017,23.29212,76.89322,1
2017,23.30187,97.96201,1
2017,23.36997,85.32501,1
2017,23.39455,82.82319,1
2017,23.46188,91.18691,1
2017,23.46802,91.1719,1
2017,23.47884,91.11087,1
2017,23.484,85.47904,1
2017,23.48661,84.26419,1
2017,23.48925,91.00836,1
2017,23.49272,85.53418,1
2017,23.50477,84.9772,1
2017,23.50576,84.57079,2
2017,23.54087,45.5089,1
2017,23.60481,88.77696,1
2017,23.61568,86.09814,1
2017,23.61873,84.7655,1
2017,23.62968,85.52309,1
2017,23.63694,84.01306,1
2017,23.64179,86.29203,1
2017,23.65172,85.00062,1
2017,23.65237,85.56121,1
2017,23.67667,84.80472,1
2017,23.68664,84.54358,1
2017,23.692,84.37324,1
2017,23.69328,98.77232,2
2017,23.72145,85.04806,1
2017,23.72259,85.04224,1
2017,23.72927,85.57219,1
2017,23.75,84.5,1
2017,23.75535,84.35425,1
2017,23.75636,85.66917,1
2017,23.76442,84.34102,1
2017,23.77019,84.41726,1
2017,23.78307,91.11612,1
2017,23.79128,90.4182,8
2017,23.80224,85.74643,1
2017,23.80287,85.82895,1
2017,23.80808,85.76351,1
2017,23.81509,84.1997,2
2017,23.82861,91.28968,1
2017,23.83045,85.69769,1
2017,23.8411,91.6277,1
2017,23.8552,85.0309,1
2017,23.85627,85.03062,1
2017,23.86048,91.4794,1
2017,23.86842,84.35946,1
2017,23.8846,85.05789,1
2017,23.89002,90.40577,1
2017,23.89714,98.04023,1
2017,23.90472,85.70444,1
2017,23.90477,85.70469,1
2017,23.91959,86.03956,1
2017,23.93994,86.27148,1
2017,23.94339,84.7185,1
2017,23.95142,86.1946,1
2017,23.95317,97.92153,1
2017,23.96667,97.9,1
2017,23.97292,84.12611,1
2017,23.97873,85.35496,1
2017,23.98867,93.55215,1
2017,23.99687,85.37176,1
2017,24.00356,86.14719,1
2017,24.04204,84.09072,1
2017,24.07244,86.81074,1
2017,24.07554,85.18359,1
2017,24.08554,38.06329,1
2017,24.128,84.18614,1
2017,24.12861,84.18571,2
2017,24.13843,92.46121,1
2017,24.14269,-110.31274,1
2017,24.17417,86.14336,1
2017,24.1786,83.98361,1
2017,24.20829,84.86605,1
2017,24.21988,94.31029,2
2017,24.227,89.29066,1
2017,24.25026,94.3012,1
2017,24.25075,94.30116,1
2017,24.25125,94.30135,1
2017,24.25128,94.30113,1
2017,24.25128,94.3013,2
2017,24.26519,91.71652,2
2017,24.27358,93.96512,1
2017,24.29748,85.1622,1
2017,24.30388,94.26457,1
2017,24.30681,94.26514,1
2017,24.31752,94.1569,1
2017,24.32381,94.00335,1
2017,24.32443,94.00959,1
2017,24.32532,94.23171,1
2017,24.38088,84.52682,1
2017,24.38302,84.02317,1
2017,24.38379,94.14818,1
2017,24.42889,87.69472,2
2017,24.43152,93.36748,1
2017,24.44242,84.39875,1
2017,24.46437,46.26659,1
2017,24.49052,83.93632,1
2017,24.50222,85.00694,1
2017,24.50224,94.07536,1
2017,24.50522,85.00533,2
2017,24.53863,94.04145,1
2017,24.5422,84.27923,1
2017,24.54355,93.96744,1
2017,24.55934,94.38722,1
2017,24.56148,84.23468,1
2017,24.59495,84.77259,1
2017,24.59596,93.77426,1
2017,24.59962,84.80334,1
2017,24.60271,86.22131,1
2017,24.60423,68.07756,1
2017,24.6059,93.77455,1
2017,24.61384,84.66754,1
2017,24.62139,93.33867,1
2017,24.64042,94.07408,1
2017,24.64299,80.76694,1
2017,24.64418,93.85217,1
2017,24.64492,93.99929,1
2017,24.64955,93.47929,1
2017,24.65214,84.57524,1
2017,24.65975,89.4222,1
2017,24.66372,93.90627,1
2017,24.66995,84.77273,1
2017,24.68459,46.70267,3
2017,24.6875,90.59791,1
2017,24.68776,86.20402,1
2017,24.73857,84.80086,1
2017,24.74097,85.5182,1
2017,24.74498,84.36425,1
2017,24.757,90.57,1
2017,24.76214,94.58885,1
2017,24.7665,84.8437,1
2017,24.78398,84.99977,1
2017,24.78644,93.15388,1
2017,24.79082,85.00621,1
2017,24.79792,93.94052,33
2017,24.80344,93.77001,1
2017,24.8074,93.9384,1
2017,24.80906,-107.39401,1
2017,24.82488,93.56229,1
2017,24.82973,93.94303,1
2017,24.8547,93.61672,4
2017,24.85819,94.5137,1
2017,24.86253,93.55688,1
2017,24.86454,94.06413,1
2017,24.86659,94.04975,1
2017,24.88375,83.90295,1
2017,24.89112,67.14331,41
2017,24.92878,85.92279,1
2017,24.93437,83.61152,1
2017,24.9446,86.31551,1
2017,24.95411,86.03514,1
2017,24.96206,10.17624,2
2017,24.96445,91.81233,1
2017,24.96493,93.88717,1
2017,24.97591,66.94519,1
2017,24.97891,86.3054,1
2017,24.98793,93.49529,1
2017,24.99846,93.90467,1
2017,24.99983,93.9034,1
2017,25.01028,85.18861,1
2017,25.03399,86.28695,1
2017,25.03903,94.28497,1
2017,25.04013,121.5113,1
2017,25.04238,86.17777,1
2017,25.04454,66.87468,6
2017,25.05258,61.74685,1
2017,25.0529,66.91291,1
2017,25.05455,83.67739,1
2017,25.06769,84.01682,1
2017,25.06859,84.01674,1
2017,25.07356,86.43864,1
2017,25.07801,86.22219,1
2017,25.08571,83.9352,1
2017,25.09541,86.17774,1
2017,25.09727,94.36835,1
2017,25.09796,94.3616,1
2017,25.09883,94.36162,1
2017,25.11667,94.36667,2
2017,25.12361,62.06667,2
2017,25.12444,84.65222,1
2017,25.14306,86.50528,1
2017,25.1458,62.32656,5
2017,25.15035,93.97206,1
2017,25.15192,93.96996,2
2017,25.17,86.09,1
2017,25.18016,93.01579,1
2017,25.18041,86.25906,1
2017,25.18381,86.89039,1
2017,25.19655,90.45306,1
2017,25.20839,90.23095,1
2017,25.21306,90.76282,1
2017,25.21659,86.31428,1
2017,25.21764,62.31125,1
2017,25.23163,62.4543,1
2017,25.23172,90.76086,1
2017,25.23487,86.35776,1
2017,25.23658,86.97294,1
2017,25.26786,63.46099,2
2017,25.28123,91.7304,1
2017,25.29007,32.55224,1
2017,25.29406,90.38289,1
2017,25.29407,90.4181,1
2017,25.29455,90.6043,1
2017,25.31866,90.4408,1
2017,25.3478,93.01757,1
2017,25.359,92.367,1
2017,25.37826,62.26763,1
2017,25.38575,94.22648,1
2017,25.38929,68.35734,1
2017,25.4163,68.28672,1
2017,25.41837,90.74914,1
2017,25.42664,-100.99536,1
2017,25.45684,62.72724,1
2017,25.45704,68.72146,1
2017,25.4727,90.08805,1
2017,25.51295,86.55269,1
2017,25.51657,85.31664,1
2017,25.52,91.27,1
2017,25.52319,91.27002,1
2017,25.52698,91.28778,1
2017,25.53029,63.41585,1
2017,25.56454,91.86741,1
2017,25.56717,90.52578,1
2017,25.56766,84.03397,1
2017,25.5683,91.88286,1
2017,25.56995,91.63015,1
2017,25.57574,91.91292,1
2017,25.57874,91.87402,1
2017,25.57916,91.87025,1
2017,25.58282,91.87459,1
2017,25.58488,91.874,1
2017,25.58597,91.87238,1
2017,25.5913,91.86966,1
2017,25.59228,91.99065,1
2017,25.59418,91.90872,1
2017,25.59859,91.88802,1
2017,25.611,85.144,1
2017,25.61622,96.29603,1
2017,25.61667,96.31667,1
2017,25.61792,96.31667,1
2017,25.62804,91.88649,1
2017,25.6586,94.10533,1
2017,25.67,94.12,1
2017,25.71476,84.4657,1
2017,25.7148,91.00547,1
2017,25.74138,91.88906,1
2017,25.74681,91.88917,1
2017,25.74957,86.00642,1
2017,25.74958,85.24249,1
2017,25.79972,88.46219,1
2017,25.83143,62.25974,1
2017,25.83236,62.26121,1
2017,25.83859,84.57922,1
2017,25.84095,63.23398,1
2017,25.86699,91.92487,1
2017,25.89632,91.76836,1
2017,25.90606,93.71495,1
2017,25.90879,93.72472,1
2017,25.91237,93.70461,1
2017,25.92,93.73,1
2017,25.95071,30.70531,1
2017,25.99941,63.04745,13
2017,26.0,50.61667,1
2017,26.0,50.61668,1
2017,26.0,79.5,1
2017,26.00244,63.03784,1
2017,26.00862,63.89123,3
2017,26.03892,63.37296,1
2017,26.04286,90.64636,1
2017,26.05371,93.16416,1
2017,26.05403,62.99271,1
2017,26.07275,62.65078,1
2017,26.09534,65.47592,1
2017,26.09827,65.47574,4
2017,26.10288,62.36894,2
2017,26.10756,65.39572,1
2017,26.10757,62.50287,1
2017,26.1113,50.48059,1
2017,26.11563,62.03764,2
2017,26.12015,84.7877,1
2017,26.12501,63.00374,1
2017,26.12836,61.51798,1
2017,26.13171,62.3292,1
2017,26.13438,62.29685,2
2017,26.13545,50.61421,1
2017,26.14121,-80.14646,1
2017,26.14376,50.60405,1
2017,26.14675,50.52559,1
2017,26.14787,50.49884,1
2017,26.1525,80.16778,1
2017,26.15405,81.81424,1
2017,26.15606,63.01476,4
2017,26.16908,50.61428,2
2017,26.17097,64.03926,1
2017,26.18522,50.52909,1
2017,26.20688,50.5567,1
2017,26.20976,50.5058,1
2017,26.21038,50.46233,1
2017,26.21093,50.44891,1
2017,26.21323,50.52779,1
2017,26.21462,50.52041,1
2017,26.21552,50.51239,1
2017,26.217,50.58742,1
2017,26.21912,50.46448,1
2017,26.2237,50.53663,1
2017,26.22656,50.54591,1
2017,26.25996,92.26304,1
2017,26.26873,95.0983,1
2017,26.2969,63.08012,2
2017,26.30704,63.12256,1
2017,26.31076,63.15352,1
2017,26.33382,89.89494,1
2017,26.35155,64.82082,1
2017,26.36333,92.20953,1
2017,26.37425,65.61299,1
2017,26.39854,62.92059,1
2017,26.41213,91.34974,1
2017,26.42148,67.86095,1
2017,26.42887,80.30928,1
2017,26.43164,11.84947,1
2017,26.43899,90.28746,1
2017,26.4409,89.97741,1
2017,26.45734,65.23111,1
2017,26.45839,65.2308,1
2017,26.48242,65.2821,1
2017,26.48933,50.00923,1
2017,26.50495,50.01616,1
2017,26.52623,86.927,1
2017,26.53838,86.74797,1
2017,26.53988,86.74855,1
2017,26.54052,86.7486,2
2017,26.54056,86.74861,1
2017,26.54058,86.74854,1
2017,26.54058,86.74866,1
2017,26.54219,86.7567,1
2017,26.54401,87.33982,1
2017,26.54423,88.0939,1
2017,26.54608,86.74736,1
2017,26.55478,50.00452,5
2017,26.56183,12.88087,2
2017,26.56222,86.74407,1
2017,26.57713,89.03152,1
2017,26.57724,89.03184,1
2017,26.58106,87.32578,1
2017,26.58702,86.73019,1
2017,26.58735,49.98415,10
2017,26.5884,86.13702,1
2017,26.59159,85.49071,1
2017,26.59372,85.49769,1
2017,26.59417,49.97717,1
2017,26.60771,86.71574,1
2017,26.60981,84.85679,1
2017,26.61726,86.70139,2
2017,26.62696,63.35314,2
2017,26.63865,87.98913,2
2017,26.64157,87.88738,1
2017,26.65,84.9167,1
2017,26.65419,86.20779,1
2017,26.65739,64.13113,1
2017,26.6637,87.6373,1
2017,26.66398,87.27516,1
2017,26.66649,87.2834,1
2017,26.67196,87.66771,1
2017,26.67206,87.25518,1
2017,26.68407,88.35061,1
2017,26.68972,91.90992,1
2017,26.69938,64.12877,1
2017,26.70431,88.41251,1
2017,26.70726,86.93173,1
2017,26.71667,95.03333,1
2017,26.7167,86.4831,1
2017,26.72746,86.48141,1
2017,26.73001,88.41205,1
2017,26.73081,85.92531,1
2017,26.73271,88.40894,1
2017,26.73594,94.81989,1
2017,26.76121,87.40371,1
2017,26.76667,85.36667,1
2017,26.77742,83.06567,1
2017,26.77987,88.24131,1
2017,26.78102,88.24119,1
2017,26.79078,86.69889,1
2017,26.7957,86.2971,1
2017,26.81302,87.28149,1
2017,26.81667,87.28333,1
2017,26.81934,94.7821,2
2017,26.82116,95.29341,1
2017,26.82152,88.24493,1
2017,26.82838,86.24771,1
2017,26.82861,86.62777,1
2017,26.84357,80.06189,1
2017,26.84528,65.73222,1
2017,26.85884,95.32251,1
2017,26.85901,88.31214,1
2017,26.86218,88.31579,1
2017,26.86546,88.28746,1
2017,26.86642,88.3106,1
2017,26.87134,86.04187,1
2017,26.87253,88.28746,1
2017,26.88035,95.31676,1
2017,26.88284,88.27982,5
2017,26.88311,85.18136,1
2017,26.88472,88.18285,1
2017,26.88556,88.18769,2
2017,26.88638,88.18806,1
2017,26.89086,88.18736,2
2017,26.89143,88.18283,1
2017,26.89261,88.27883,2
2017,26.89291,88.27883,1
2017,26.89313,87.43628,1
2017,26.89451,88.18285,1
2017,26.89577,88.58552,1
2017,26.89684,88.18628,1
2017,26.89793,88.4741,1
2017,26.89862,88.1872,1
2017,26.90077,86.70196,1
2017,26.9091,85.98802,1
2017,26.90972,86.51172,1
2017,26.9104,87.92753,1
2017,26.92475,63.39058,1
2017,26.93181,88.45038,1
2017,26.933,94.7481,1
2017,26.93878,68.42733,1
2017,26.94,87.2,1
2017,26.94415,65.4909,1
2017,26.94736,86.5229,1
2017,26.9494,65.49224,1
2017,26.95,87.26,1
2017,26.95046,88.09309,1
2017,26.95491,64.09907,1
2017,26.95702,64.85157,2
2017,26.96431,85.55553,1
2017,26.96579,88.26722,2
2017,26.96646,88.26867,1
2017,26.96667,64.1,1
2017,26.97214,64.11457,5
2017,26.9745,64.09016,1
2017,26.97979,87.47489,1
2017,26.98024,88.27355,1
2017,26.99804,88.16736,1
2017,26.99843,88.16619,1
2017,26.99884,88.16966,1
2017,27.00084,88.24368,1
2017,27.00852,88.16714,1
2017,27.01321,84.87458,1
2017,27.01492,84.87893,1
2017,27.02287,14.44122,2
2017,27.02476,88.3557,2
2017,27.02925,95.0213,1
2017,27.03994,95.0756,1
2017,27.04066,88.26152,1
2017,27.04344,85.86948,1
2017,27.04632,88.27116,9
2017,27.04665,88.26191,2
2017,27.05,88.26667,1
2017,27.05081,88.26282,1
2017,27.05095,88.26262,1
2017,27.05263,88.46671,1
2017,27.05725,88.42734,1
2017,27.05804,88.26427,1
2017,27.06286,88.46942,1
2017,27.0631,88.46939,1
2017,27.06622,88.42464,1
2017,27.06732,88.46688,2
2017,27.06793,88.46783,1
2017,27.06895,88.1922,1
2017,27.06961,77.9663,1
2017,27.07034,88.19223,1
2017,27.07137,88.47521,1
2017,27.07321,88.19226,1
2017,27.07442,88.19213,1
2017,27.07559,88.46017,1
2017,27.08992,88.37735,1
2017,27.09692,87.65628,1
2017,27.09963,68.42099,1
2017,27.09996,85.48165,1
2017,27.1,85.5,1
2017,27.10388,88.12338,1
2017,27.11717,88.58371,1
2017,27.13164,88.50586,1
2017,27.13335,85.36741,1
2017,27.14465,87.76346,1
2017,27.15081,87.40805,1
2017,27.15393,85.33515,1
2017,27.15597,77.98673,1
2017,27.15908,77.99067,1
2017,27.16439,85.352,1
2017,27.16531,87.14136,1
2017,27.17828,84.72235,1
2017,27.1891,87.02244,1
2017,27.1981,87.50365,1
2017,27.20533,33.80377,2
2017,27.2061,87.01036,1
2017,27.22208,87.80916,1
2017,27.2275,86.82109,1
2017,27.25269,86.67142,1
2017,27.25299,86.67278,1
2017,27.28455,95.33149,1
2017,27.29114,95.66944,1
2017,27.29795,87.07336,1
2017,27.29806,86.4201,1
2017,27.29981,64.45854,1
2017,27.30081,87.31748,1
2017,27.31155,85.47709,1
2017,27.31804,-80.34996,1
2017,27.32678,86.72966,1
2017,27.3367,96.00334,1
2017,27.34184,68.70809,1
2017,27.34255,66.36792,5
2017,27.34272,87.10168,1
2017,27.34327,87.09239,1
2017,27.34706,66.70254,1
2017,27.3518,96.01614,1
2017,27.35273,62.34461,1
2017,27.36186,95.95677,1
2017,27.36656,87.65687,1
2017,27.37663,87.66314,1
2017,27.38036,95.89704,1
2017,27.39515,95.63002,1
2017,27.43713,85.00301,1
2017,27.4376,87.11236,1
2017,27.43792,84.99355,1
2017,27.43824,84.99504,1
2017,27.449,95.08371,1
2017,27.45407,85.72569,1
2017,27.45819,17.56724,1
2017,27.45824,87.69831,1
2017,27.4706,94.91043,1
2017,27.4714,95.83087,1
2017,27.4798,94.5511,1
2017,27.48615,95.35609,1
2017,27.49324,95.34669,1
2017,27.51184,86.06825,1
2017,27.51582,95.88232,1
2017,27.51793,95.86197,1
2017,27.52594,85.56121,1
2017,27.52913,84.3542,1
2017,27.52999,60.58207,1
2017,27.53334,83.66722,1
2017,27.54036,83.1429,1
2017,27.54078,84.80738,1
2017,27.54503,14.27771,1
2017,27.55144,83.79731,1
2017,27.55189,83.76106,1
2017,27.56451,78.12152,1
2017,27.58906,68.00286,1
2017,27.59556,83.86488,1
2017,27.60019,78.05005,1
2017,27.60027,78.04992,2
2017,27.61485,84.57059,1
2017,27.61574,84.01491,1
2017,27.61971,84.51133,1
2017,27.61981,84.40158,1
2017,27.62157,84.51096,1
2017,27.62648,83.65121,1
2017,27.64201,84.12058,1
2017,27.64245,95.78448,1
2017,27.64362,84.12478,1
2017,27.64461,84.12383,1
2017,27.6484,14.26377,1
2017,27.64951,82.86616,1
2017,27.65285,95.67127,1
2017,27.65335,82.99316,2
2017,27.65345,83.12749,1
2017,27.65387,84.40769,1
2017,27.65856,84.43458,1
2017,27.6663,85.37854,1
2017,27.66749,85.37825,1
2017,27.6681,85.27498,1
2017,27.66897,85.31982,4
2017,27.66909,86.04055,1
2017,27.67049,83.17109,1
2017,27.67382,68.89339,1
2017,27.6765,85.37433,1
2017,27.6822,85.38388,1
2017,27.68333,84.43333,1
2017,27.68599,83.14556,1
2017,27.69032,85.22048,1
2017,27.69276,85.41214,1
2017,27.69298,85.4115,1
2017,27.69436,68.83622,1
2017,27.69825,84.42022,1
2017,27.69969,83.20007,1
2017,27.70355,85.26332,1
2017,27.70875,85.3295,5
2017,27.70991,84.39426,1
2017,27.71667,85.42972,2
2017,27.72185,82.88011,1
2017,27.72436,64.80908,1
2017,27.72524,85.08777,1
2017,27.73091,85.63763,1
2017,27.73882,85.10125,1
2017,27.74154,85.13515,1
2017,27.74564,83.95002,1
2017,27.74596,84.18179,1
2017,27.74667,85.50972,1
2017,27.74778,85.32343,2
2017,27.74921,85.31097,1
2017,27.75048,83.46191,1
2017,27.75456,85.06633,1
2017,27.76,84.98,1
2017,27.76378,85.17006,1
2017,27.77748,84.85055,1
2017,27.77785,85.36168,1
2017,27.79555,85.381,1
2017,27.79904,68.40554,1
2017,27.80431,84.83905,1
2017,27.80992,66.62095,4
2017,27.81621,96.01885,1
2017,27.82973,85.57621,1
2017,27.82995,85.37048,1
2017,27.8339,85.15638,1
2017,27.83616,85.57449,1
2017,27.83695,85.24593,1
2017,27.86018,95.6274,1
2017,27.86901,83.54537,1
2017,27.87915,83.91983,1
2017,27.8953,85.15841,1
2017,27.90121,85.32011,1
2017,27.94396,84.40998,1
2017,27.9447,84.22788,2
2017,27.9455,83.67341,1
2017,27.96614,84.89942,1
2017,27.97549,84.90736,1
2017,27.99049,85.18357,1
2017,27.99188,82.30389,1
2017,27.99644,-82.4448,2
2017,27.99824,84.6227,1
2017,28.01264,81.59813,1
2017,28.01591,85.15821,1
2017,28.01959,84.43139,1
2017,28.03383,82.48255,1
2017,28.04646,-82.29103,1
2017,28.04852,84.07636,1
2017,28.05923,83.73445,1
2017,28.08722,30.76186,1
2017,28.0934,82.27628,1
2017,28.1009,68.93233,1
2017,28.12779,82.29501,3
2017,28.15735,81.7543,1
2017,28.18749,81.4561,1
2017,28.19611,82.59948,1
2017,28.19816,83.43857,1
2017,28.20007,81.68297,1
2017,28.20386,83.99296,3
2017,28.221,83.67778,1
2017,28.22941,84.37967,1
2017,28.23769,84.38293,1
2017,28.24459,81.5213,1
2017,28.27012,83.59998,1
2017,28.27655,84.3542,1
2017,28.28059,82.66597,1
2017,28.28064,83.59829,1
2017,28.28294,68.43649,1
2017,28.3228,82.29202,1
2017,28.33261,83.57117,1
2017,28.34156,83.54569,1
2017,28.37519,82.54605,1
2017,28.38073,82.64361,1
2017,28.38682,82.64289,1
2017,28.38853,84.00859,1
2017,28.39827,77.05357,1
2017,28.40379,82.47258,1
2017,28.46681,68.27408,2
2017,28.46885,68.2818,1
2017,28.49073,65.09578,1
2017,28.49688,82.52092,1
2017,28.51313,16.52618,1
2017,28.51379,69.12302,1
2017,28.51866,68.54268,1
2017,28.54374,68.21844,6
2017,28.54942,70.62168,1
2017,28.55159,69.81517,1
2017,28.5707,33.97454,1
2017,28.57083,80.795,1
2017,28.57102,67.49709,1
2017,28.58349,80.00878,1
2017,28.58405,65.41664,1
2017,28.58736,65.42061,3
2017,28.59548,82.62954,1
2017,28.61275,68.09629,1
2017,28.63188,81.14412,1
2017,28.633,-106.0691,1
2017,28.63331,69.19037,5
2017,28.63726,81.80674,1
2017,28.64741,-106.08776,1
2017,28.64912,70.65142,1
2017,28.65184,80.46658,1
2017,28.6549,82.1992,1
2017,28.65643,82.19812,1
2017,28.66372,67.37023,1
2017,28.66804,82.41495,1
2017,28.66865,77.4549,1
2017,28.6979,30.76812,1
2017,28.70324,80.58563,5
2017,28.73058,77.77588,1
2017,28.77683,68.38162,2
2017,28.79588,80.62103,1
2017,28.8,82.39,1
2017,28.82853,-96.98501,1
2017,28.83314,80.90508,1
2017,28.84975,82.14514,1
2017,28.86149,68.34965,1
2017,28.86515,82.17136,1
2017,28.86912,68.33438,2
2017,28.86923,68.33442,4
2017,28.88843,64.40634,1
2017,28.88887,10.02698,2
2017,28.89059,80.43184,1
2017,28.89374,64.40585,4
2017,28.90333,66.15028,1
2017,28.91987,69.17087,1
2017,28.92306,68.32861,1
2017,28.92345,69.00165,2
2017,28.92619,81.64734,1
2017,28.94173,81.88704,1
2017,28.94724,61.58476,1
2017,28.94947,69.05931,2
2017,28.9582,60.37612,1
2017,28.96058,68.35316,1
2017,28.97423,80.17857,1
2017,28.98037,62.45042,1
2017,28.98915,68.01142,1
2017,28.99496,68.34848,1
2017,28.99899,77.78309,1
2017,29.0079,69.0164,1
2017,29.01393,61.44653,1
2017,29.03441,69.15866,14
2017,29.03626,69.19198,1
2017,29.04785,66.59332,3
2017,29.08386,68.86276,2
2017,29.08871,80.48355,1
2017,29.11771,80.33889,1
2017,29.13782,80.41545,1
2017,29.14387,69.09979,5
2017,29.15524,81.61668,1
2017,29.15812,16.14354,1
2017,29.17646,66.30129,1
2017,29.18192,68.21156,2
2017,29.20596,81.50478,1
2017,29.20886,81.73494,1
2017,29.2293,67.66622,1
2017,29.27586,77.7309,1
2017,29.29556,69.00639,3
2017,29.31938,30.87084,1
2017,29.3202,73.90071,1
2017,29.33333,66.96601,1
2017,29.35611,70.47167,1
2017,29.361,30.68244,1
2017,29.36221,19.20556,1
2017,29.39033,81.47942,1
2017,29.40215,67.19323,1
2017,29.40355,81.4461,1
2017,29.448,67.59276,1
2017,29.46452,81.02742,1
2017,29.48119,67.64383,1
2017,29.49248,34.8969,1
2017,29.49775,29.95864,1
2017,29.50846,82.11509,1
2017,29.53648,66.05003,1
2017,29.54828,67.87919,3
2017,29.55231,66.02051,4
2017,29.55455,34.94753,1
2017,29.55946,67.47542,1
2017,29.55991,67.4758,1
2017,29.56833,80.61833,1
2017,29.58213,78.12651,1
2017,29.58368,66.73351,1
2017,29.58903,66.00411,1
2017,29.596,68.8007,1
2017,29.60836,67.05162,4
2017,29.62302,31.25993,2
2017,29.62355,80.86084,2
2017,29.62524,67.86426,1
2017,29.65118,68.69139,1
2017,29.65444,68.70639,1
2017,29.67386,68.7155,2
2017,29.68382,66.88352,1
2017,29.71986,81.22283,1
2017,29.74546,17.28938,1
2017,29.78603,-95.38848,1
2017,29.80396,66.85099,6
2017,29.81891,80.65286,1
2017,29.83141,66.83286,1
2017,29.8469,31.272,1
2017,29.85408,31.31768,2
2017,29.85538,67.33993,6
2017,29.86492,32.65539,2
2017,29.87701,66.8598,1
2017,29.89609,69.25024,4
2017,29.90132,69.2597,1
2017,29.90132,69.26224,1
2017,29.90261,69.27411,1
2017,29.90563,33.74946,2
2017,29.90602,80.76502,1
2017,29.92908,67.2252,1
2017,29.94533,78.1646,1
2017,29.95274,33.76363,1
2017,29.96843,67.62663,1
2017,29.98133,14.24356,1
2017,30.0075,33.395,1
2017,30.02292,31.18519,1
2017,30.04857,66.92477,1
2017,30.06458,75.23174,1
2017,30.07923,20.12062,1
2017,30.08452,66.98344,2
2017,30.08463,31.33431,8
2017,30.09826,66.94448,1
2017,30.12371,67.28397,1
2017,30.14033,67.83758,1
2017,30.15566,68.57595,2
2017,30.17299,66.94981,1
2017,30.18174,71.424,1
2017,30.19535,67.71322,2
2017,30.19675,71.46753,1
2017,30.20082,66.99435,50
2017,30.22804,66.0711,1
2017,30.23091,31.39541,1
2017,30.25542,67.10147,1
2017,30.27365,47.22371,1
2017,30.27967,35.48301,1
2017,30.28089,47.61426,1
2017,30.29128,66.95717,1
2017,30.31742,36.17517,1
2017,30.35,61.91667,1
2017,30.35493,66.94431,3
2017,30.37148,75.5477,1
2017,30.38939,36.41144,1
2017,30.39644,68.55738,1
2017,30.40053,19.60605,1
2017,30.41401,-97.92807,1
2017,30.43159,67.01773,1
2017,30.44196,-91.13105,3
2017,30.44652,47.98179,1
2017,30.44839,47.983,1
2017,30.46068,33.14419,1
2017,30.4653,33.78569,4
2017,30.49179,18.54712,1
2017,30.5,33.6,1
2017,30.51005,47.77809,20
2017,30.51921,33.64331,1
2017,30.54395,31.13526,1
2017,30.55081,16.56876,1
2017,30.56312,67.03038,1
2017,30.57008,33.62868,1
2017,30.585,66.8725,1
2017,30.60847,33.61758,2
2017,30.62201,64.03114,1
2017,30.62721,18.3382,2
2017,30.63847,47.50606,1
2017,30.70174,33.85085,2
2017,30.71237,76.21292,1
2017,30.72145,34.87566,1
2017,30.75528,70.37167,1
2017,30.75713,20.23754,4
2017,30.78021,17.83741,2
2017,30.78768,30.99953,3
2017,30.80549,66.71291,3
2017,30.81984,64.17732,1
2017,30.82956,35.03882,1
2017,30.8425,69.95289,1
2017,30.8775,34.38194,1
2017,30.89053,66.45256,1
2017,30.89111,16.56054,1
2017,30.89802,75.86007,3
2017,30.92211,66.45153,7
2017,30.93436,29.69404,1
2017,30.9357,64.15001,1
2017,30.94843,64.17148,1
2017,30.95465,66.4384,1
2017,30.95648,66.16892,1
2017,30.95993,61.86895,2
2017,30.96815,33.02635,1
2017,30.97418,66.43703,1
2017,30.9742,33.03232,1
2017,30.9868,65.46742,2
2017,30.99391,65.47898,1
2017,30.99614,34.24717,2
2017,31.00274,66.40561,1
2017,31.00572,17.4663,1
2017,31.01678,33.00859,4
2017,31.02156,31.39467,1
2017,31.02615,62.45042,3
2017,31.04011,33.35089,1
2017,31.04437,46.26145,4
2017,31.05204,34.00528,1
2017,31.05238,16.66196,2
2017,31.05397,17.28497,1
2017,31.06152,33.82723,1
2017,31.0643,33.80859,1
2017,31.06896,16.31676,1
2017,31.07169,47.60891,1
2017,31.07807,33.83637,1
2017,31.07809,33.83607,1
2017,31.0808,33.63819,2
2017,31.08287,34.14627,2
2017,31.08576,33.80148,1
2017,31.08768,33.83708,2
2017,31.08794,33.83749,1
2017,31.09502,33.66088,2
2017,31.09906,33.81242,2
2017,31.10003,33.82392,1
2017,31.10407,33.81304,1
2017,31.10444,33.84153,1
2017,31.10455,46.36226,1
2017,31.10643,33.80042,1
2017,31.11655,33.72472,3
2017,31.11775,34.08063,1
2017,31.12665,33.80086,93
2017,31.13251,64.2129,2
2017,31.13253,64.21287,1
2017,31.13893,17.04694,1
2017,31.14444,33.88361,1
2017,31.14908,33.90308,1
2017,31.16371,33.95593,2
2017,31.16429,16.88776,1
2017,31.17307,34.21994,1
2017,31.18051,29.89499,4
2017,31.1893,34.31935,1
2017,31.19177,34.04089,1
2017,31.19365,16.55388,5
2017,31.20317,16.64345,1
2017,31.21222,34.11706,13
2017,31.2502,34.24128,20
2017,31.25355,34.23146,1
2017,31.26202,35.21459,1
2017,31.27879,34.25644,1
2017,31.27985,34.16822,1
2017,31.28939,62.29643,1
2017,31.29861,46.24166,1
2017,31.30021,45.27709,2
2017,31.31833,48.67062,1
2017,31.3185,65.9534,1
2017,31.32056,65.96111,1
2017,31.32982,31.70095,1
2017,31.34094,69.48243,1
2017,31.34312,69.45286,1
2017,31.35083,70.68778,1
2017,31.35468,34.30883,1
2017,31.36365,63.95861,3
2017,31.36388,14.2433,1
2017,31.36576,64.27554,2
2017,31.37024,64.3292,1
2017,31.37457,34.95705,1
2017,31.38089,67.23712,2
2017,31.38305,64.29956,1
2017,31.38341,67.23946,1
2017,31.38532,34.45934,1
2017,31.40442,64.31628,1
2017,31.40908,64.31378,1
2017,31.40941,64.32478,1
2017,31.41754,31.81444,1
2017,31.42974,64.30375,1
2017,31.44584,12.98923,1
2017,31.45078,73.70365,1
2017,31.45109,73.11589,1
2017,31.45722,61.49917,1
2017,31.46746,64.09244,4
2017,31.47008,64.29183,1
2017,31.48405,34.53343,1
2017,31.48824,64.32149,1
2017,31.49162,46.37584,1
2017,31.49312,73.1025,1
2017,31.49971,65.00085,4
2017,31.49994,65.84932,1
2017,31.50127,34.55843,1
2017,31.50241,34.45974,4
2017,31.50547,74.34288,13
2017,31.50698,34.7189,3
2017,31.50871,62.70064,3
2017,31.50933,65.81418,1
2017,31.5114,64.11186,1
2017,31.51535,67.52161,1
2017,31.51544,65.17141,1
2017,31.51861,34.5681,1
2017,31.52271,34.55579,1
2017,31.5282,34.59638,2
2017,31.52832,22.48849,1
2017,31.52973,35.11823,1
2017,31.52989,65.02796,1
2017,31.53024,35.09416,3
2017,31.53619,34.53957,2
2017,31.53888,64.89728,1
2017,31.55315,75.4576,1
2017,31.55583,70.75972,1
2017,31.56411,35.12692,1
2017,31.57276,67.04262,2
2017,31.57308,64.42891,1
2017,31.57872,74.26846,1
2017,31.58323,65.81032,1
2017,31.58407,66.7525,1
2017,31.58983,64.33795,3
2017,31.59411,65.66895,1
2017,31.60063,64.36965,14
2017,31.60664,64.80625,1
2017,31.61031,64.96053,1
2017,31.61667,69.55,1
2017,31.61932,65.05016,2
2017,31.62181,65.05372,1
2017,31.62186,64.24875,1
2017,31.63093,64.2587,3
2017,31.63108,65.74223,19
2017,31.63205,65.70316,1
2017,31.63308,74.87829,1
2017,31.63977,64.96815,1
2017,31.6401,35.14217,2
2017,31.6452,65.98404,1
2017,31.64682,62.83247,1
2017,31.65,65.65,1
2017,31.65063,35.13835,1
2017,31.6528,35.22958,2
2017,31.65344,35.12564,6
2017,31.65394,65.40503,1
2017,31.6593,68.40339,1
2017,31.66222,64.26098,1
2017,31.66267,63.01476,3
2017,31.66268,63.01476,2
2017,31.6634,64.24642,1
2017,31.66422,64.26615,2
2017,31.66918,20.24964,1
2017,31.67015,34.57515,1
2017,31.67053,47.62981,1
2017,31.67063,62.91302,1
2017,31.67232,35.23755,1
2017,31.69705,44.47716,1
2017,31.70117,61.26201,1
2017,31.70456,35.19446,3
2017,31.70933,64.83626,1
2017,31.72462,64.776,1
2017,31.72917,70.855,1
2017,31.7336,61.33639,1
2017,31.73731,14.27944,1
2017,31.7448,70.62168,1
2017,31.74609,65.72294,1
2017,31.75426,14.00796,3
2017,31.76174,35.26504,1
2017,31.76635,46.06604,1
2017,31.7716,35.2034,2
2017,31.78106,64.97891,1
2017,31.78312,64.69846,2
2017,31.78384,64.69862,1
2017,31.78484,35.22461,15
2017,31.78994,64.58947,1
2017,31.80204,66.32434,1
2017,31.80262,66.32472,1
2017,31.80333,66.32361,1
2017,31.81173,70.64203,1
2017,31.82042,64.59006,1
2017,31.82054,22.52697,1
2017,31.82192,64.56546,1
2017,31.82398,67.77592,1
2017,31.82475,64.57396,1
2017,31.82522,35.12971,1
2017,31.82587,64.57643,4
2017,31.8264,70.87904,1
2017,31.82822,67.7826,1
2017,31.82995,64.56811,1
2017,31.83086,64.57487,1
2017,31.83134,70.90197,1
2017,31.83335,70.90189,1
2017,31.83433,70.90905,3
2017,31.83528,64.5903,2
2017,31.84562,64.65581,1
2017,31.84927,35.27644,1
2017,31.86147,35.20843,1
2017,31.86167,70.89583,1
2017,31.86257,70.90186,1
2017,31.86668,64.19415,1
2017,31.87743,34.73914,1
2017,31.88015,35.24277,1
2017,31.88482,67.85698,3
2017,31.89289,35.94437,1
2017,31.89864,64.72381,1
2017,31.90714,35.19822,1
2017,31.90819,67.15805,2
2017,31.91426,35.935,2
2017,31.91972,67.15611,1
2017,31.93272,70.46088,1
2017,31.94361,35.22248,1
2017,31.94442,35.22276,1
2017,31.94537,35.92837,1
2017,31.94754,20.01999,1
2017,31.95274,35.21201,1
2017,31.95336,35.25063,1
2017,31.9551,35.26032,1
2017,31.9557,65.5271,1
2017,31.95825,35.2603,1
2017,31.96026,35.34942,1
2017,31.96342,35.04727,1
2017,31.9729,67.37546,1
2017,31.97584,35.0383,1
2017,31.98076,65.56452,1
2017,31.98318,65.55456,2
2017,31.985,65.47278,1
2017,31.98958,44.92377,2
2017,32.00606,35.12593,2
2017,32.00659,20.07247,4
2017,32.00874,35.16576,1
2017,32.01556,67.11667,1
2017,32.01622,35.12453,1
2017,32.01654,35.06881,1
2017,32.01867,35.34415,1
2017,32.02196,65.1126,1
2017,32.02501,44.31634,1
2017,32.04298,42.25426,2
2017,32.04313,67.27862,1
2017,32.06601,64.85265,2
2017,32.06688,69.35331,1
2017,32.06929,20.15114,49
2017,32.0711,64.85259,1
2017,32.07193,64.83884,2
2017,32.07324,23.94485,2
2017,32.08252,35.33199,1
2017,32.08297,34.81189,1
2017,32.08482,35.18102,1
2017,32.08717,61.36474,1
2017,32.08916,34.88382,2
2017,32.09131,61.359,1
2017,32.09179,66.02512,1
2017,32.09445,61.41272,1
2017,32.09495,20.26887,1
2017,32.0984,61.48548,1
2017,32.09948,74.87474,1
2017,32.1,66.0,2
2017,32.10021,66.90102,6
2017,32.10666,63.86406,1
2017,32.10819,66.90697,1
2017,32.11409,34.97277,1
2017,32.11528,35.25722,1
2017,32.12075,65.91997,1
2017,32.12572,65.92593,1
2017,32.12705,66.07225,1
2017,32.13199,61.2802,1
2017,32.14103,61.62025,1
2017,32.15452,35.25855,3
2017,32.165,63.4253,1
2017,32.16597,13.01642,2
2017,32.16616,39.3518,1
2017,32.1771,35.0586,1
2017,32.17801,35.27351,1
2017,32.17971,66.49111,1
2017,32.18466,35.24923,1
2017,32.18779,34.97438,1
2017,32.19188,67.18945,1
2017,32.20334,20.17018,1
2017,32.21428,70.37749,1
2017,32.2143,70.37773,1
2017,32.22227,35.25351,2
2017,32.22228,62.16886,1
2017,32.22232,69.29582,1
2017,32.23083,62.92059,1
2017,32.24433,61.77077,1
2017,32.25223,63.85585,1
2017,32.25822,15.05001,1
2017,32.27012,65.04968,1
2017,32.28463,35.07455,1
2017,32.28661,72.43025,1
2017,32.29726,70.38434,1
2017,32.30186,67.3685,1
2017,32.31187,64.81108,1
2017,32.31193,35.02658,1
2017,32.31627,-90.21246,1
2017,32.32024,69.85974,4
2017,32.32394,65.11858,1
2017,32.32677,34.85834,1
2017,32.33498,74.35288,1
2017,32.3428,43.3263,1
2017,32.34487,67.29527,1
2017,32.34962,67.37515,1
2017,32.35492,15.10552,9
2017,32.36446,65.70658,1
2017,32.36822,65.70339,1
2017,32.36956,70.08818,1
2017,32.37001,62.12846,8
2017,32.37028,65.68814,1
2017,32.37248,65.67716,1
2017,32.38083,66.33639,1
2017,32.38849,62.0128,1
2017,32.39047,68.50474,1
2017,32.39496,69.75357,1
2017,32.39889,62.04028,1
2017,32.40129,66.81345,2
2017,32.40455,43.86732,2
2017,32.41084,74.85251,1
2017,32.41938,70.61118,1
2017,32.42049,35.17703,2
2017,32.42347,36.6237,1
2017,32.43138,13.63833,1
2017,32.43469,69.00058,1
2017,32.43483,69.00165,2
2017,32.4414,62.06367,1
2017,32.4429,69.95593,1
2017,32.45307,61.45524,2
2017,32.46153,66.92293,6
2017,32.46252,69.73836,1
2017,32.46819,44.55019,1
2017,32.46924,44.41664,4
2017,32.46968,62.1633,1
2017,32.47529,62.20212,2
2017,32.47566,66.84734,1
2017,32.4763,66.95342,1
2017,32.47708,74.52711,1
2017,32.47808,62.03889,1
2017,32.4784,62.04612,1
2017,32.47882,67.41911,1
2017,32.48052,62.02776,1
2017,32.48092,62.02824,1
2017,32.48092,62.03395,1
2017,32.48262,62.03598,1
2017,32.48348,67.00321,1
2017,32.48864,62.04873,1
2017,32.49158,74.53045,1
2017,32.49177,74.50806,1
2017,32.49248,74.53104,1
2017,32.49295,62.06776,1
2017,32.49351,45.96705,1
2017,32.49361,62.15167,1
2017,32.49368,-116.95295,1
2017,32.49384,67.40138,1
2017,32.49416,62.26007,1
2017,32.4944,62.07079,1
2017,32.4983,66.96303,1
2017,32.49906,67.42114,2
2017,32.49948,67.41462,1
2017,32.5042,67.41601,1
2017,32.50518,35.07743,1
2017,32.50806,67.8325,1
2017,32.5099,35.30788,1
2017,32.51577,69.28948,2
2017,32.51836,67.4145,1
2017,32.51924,67.41648,1
2017,32.52103,67.43311,1
2017,32.52591,66.74841,1
2017,32.52689,35.20811,1
2017,32.52967,41.02252,1
2017,32.52995,13.02537,1
2017,32.53243,62.32582,1
2017,32.53431,62.31523,2
2017,32.53949,12.5298,2
2017,32.53967,44.41568,1
2017,32.54559,41.91939,1
2017,32.54876,65.8919,1
2017,32.55006,67.04146,2
2017,32.55093,62.92222,1
2017,32.55137,66.99068,1
2017,32.55976,41.91965,8
2017,32.56111,13.25361,1
2017,32.56376,67.4107,1
2017,32.57487,13.90714,1
2017,32.57727,75.01438,1
2017,32.58402,22.76812,1
2017,32.59116,65.95672,1
2017,32.59222,69.88139,1
2017,32.59441,62.4024,1
2017,32.60157,13.52085,1
2017,32.60402,13.03354,1
2017,32.60439,44.00714,3
2017,32.61667,44.55,1
2017,32.61797,65.87237,7
2017,32.61918,69.50826,1
2017,32.62233,36.10376,6
2017,32.62287,69.83932,1
2017,32.62778,62.53111,1
2017,32.62918,70.58256,1
2017,32.6293,65.81727,1
2017,32.62975,62.49081,2
2017,32.63405,65.89361,1
2017,32.63417,69.42917,1
2017,32.63499,51.36321,1
2017,32.64699,14.26097,2
2017,32.64814,62.45458,1
2017,32.65024,67.7559,1
2017,32.65556,65.89361,1
2017,32.6562,65.9032,3
2017,32.66258,13.18531,1
2017,32.66684,62.569,1
2017,32.66704,68.48155,1
2017,32.66737,62.15002,1
2017,32.66758,68.49329,1
2017,32.66806,65.89278,1
2017,32.67367,65.89633,1
2017,32.67785,61.98139,2
2017,32.68083,35.24456,1
2017,32.68242,62.73307,1
2017,32.68951,68.32763,1
2017,32.68996,65.89774,1
2017,32.69102,35.9758,1
2017,32.6938,35.05545,1
2017,32.69757,41.45885,2
2017,32.69917,12.87231,1
2017,32.69964,68.48124,1
2017,32.70833,65.86361,1
2017,32.7107,36.26059,1
2017,32.71556,69.77889,1
2017,32.72557,74.85637,1
2017,32.72666,62.68058,1
2017,32.73733,22.60351,1
2017,32.74013,36.73483,1
2017,32.74079,67.6245,1
2017,32.74606,44.60826,1
2017,32.74611,69.29778,1
2017,32.74815,39.02797,2
2017,32.74999,62.58665,1
2017,32.75074,43.59021,1
2017,32.75249,69.04392,1
2017,32.75513,22.63788,1
2017,32.75527,22.63763,1
2017,32.75566,22.63762,1
2017,32.75569,22.63775,1
2017,32.75574,12.72305,2
2017,32.75649,12.38329,1
2017,32.76074,21.75721,4
2017,32.76184,40.81606,1
2017,32.76371,12.67324,1
2017,32.76396,12.6733,1
2017,32.76554,22.62112,6
2017,32.76583,43.39083,1
2017,32.76621,40.62235,1
2017,32.76643,43.38996,1
2017,32.77091,69.07199,1
2017,32.77734,44.28935,4
2017,32.78094,12.44951,1
2017,32.78116,-97.34729,1
2017,32.78266,62.67314,1
2017,32.78688,12.6934,1
2017,32.78748,62.75054,1
2017,32.78834,21.96728,1
2017,32.78894,36.34954,1
2017,32.7894,12.19088,1
2017,32.79156,12.48903,2
2017,32.79359,-96.76625,1
2017,32.7977,35.00636,2
2017,32.79892,36.78195,1
2017,32.80058,70.49556,1
2017,32.80612,67.77352,1
2017,32.81552,67.76411,1
2017,32.8195,44.25229,1
2017,32.83171,21.68763,2
2017,32.83536,70.06371,1
2017,32.83565,35.97017,1
2017,32.83805,13.18259,24
2017,32.84325,22.42103,1
2017,32.84573,66.05011,1
2017,32.85334,12.0587,1
2017,32.85451,70.22,1
2017,32.86,66.06051,1
2017,32.86112,44.50653,1
2017,32.86151,69.12683,1
2017,32.86175,44.50776,1
2017,32.86176,44.50737,1
2017,32.86184,44.50758,1
2017,32.86185,44.50778,1
2017,32.86302,63.75683,1
2017,32.86701,44.22045,7
2017,32.87056,66.08692,1
2017,32.87935,69.15134,1
2017,32.88716,44.34164,5
2017,32.88984,35.40703,3
2017,32.89321,67.76692,2
2017,32.89841,36.16744,1
2017,32.89952,74.74248,1
2017,32.9,41.6,2
2017,32.90382,70.53579,2
2017,32.90412,68.03131,1
2017,32.90586,68.16336,1
2017,32.91247,69.2608,3
2017,32.91453,68.06181,1
2017,32.92422,66.14469,1
2017,32.92568,12.08631,1
2017,32.92569,70.70675,1
2017,32.92713,66.14153,1
2017,32.92977,70.66927,1
2017,32.93056,74.4064,1
2017,32.93294,66.68924,1
2017,32.93445,35.26839,1
2017,32.9351,66.23254,1
2017,32.94307,69.95503,1
2017,32.94422,35.34191,1
2017,32.94765,70.28027,1
2017,32.95301,65.4857,1
2017,32.9538,70.2672,1
2017,32.95521,65.60334,1
2017,32.95582,39.64728,1
2017,32.95735,40.18493,1
2017,32.96057,70.60569,1
2017,32.96138,70.45495,1
2017,32.96341,69.20452,1
2017,32.96566,69.20478,1
2017,32.97002,70.27758,1
2017,32.9724,70.21414,1
2017,32.98034,44.46351,1
2017,32.98293,44.3616,8
2017,32.98333,67.96667,1
2017,32.98356,67.96536,1
2017,32.98404,69.43078,5
2017,32.985,44.35681,1
2017,32.98557,67.97618,1
2017,32.98646,69.40112,1
2017,32.98735,70.60253,4
2017,32.9879,70.05697,1
2017,32.99764,70.78966,1
2017,33.0059,39.81106,1
2017,33.00651,70.06825,2
2017,33.00752,61.29506,1
2017,33.01146,39.70042,1
2017,33.0122,66.17072,1
2017,33.02242,69.20183,1
2017,33.02591,61.20686,1
2017,33.02984,44.17111,1
2017,33.03274,43.81951,1
2017,33.03602,40.28816,5
2017,33.03603,40.46637,1
2017,33.03612,40.28564,1
2017,33.03639,40.28333,3
2017,33.03764,40.28414,2
2017,33.03806,40.28444,2
2017,33.0383,40.28643,1
2017,33.03927,40.04446,1
2017,33.0432,44.64195,2
2017,33.04833,68.65333,1
2017,33.04972,68.64556,1
2017,33.05238,44.35541,1
2017,33.05589,68.6717,1
2017,33.05799,44.35484,5
2017,33.0625,36.07664,1
2017,33.06328,40.28072,1
2017,33.0664,66.99633,1
2017,33.07763,35.89341,1
2017,33.07835,44.25472,18
2017,33.07923,44.25306,1
2017,33.08454,44.61696,1
2017,33.09165,44.2717,1
2017,33.09389,71.64667,1
2017,33.09999,44.58314,1
2017,33.1003,44.58314,2
2017,33.10053,44.58449,30
2017,33.10329,71.09382,1
2017,33.1059,44.56468,9
2017,33.11048,71.09138,2
2017,33.11736,44.36639,2
2017,33.11832,68.33628,1
2017,33.12153,41.48813,1
2017,33.12156,68.38761,1
2017,33.12602,44.68522,1
2017,33.13306,44.47708,1
2017,33.13396,70.03498,1
2017,33.13692,44.07509,6
2017,33.14573,75.54782,1
2017,33.14828,69.32906,1
2017,33.16356,43.8631,2
2017,33.16509,44.34902,2
2017,33.17168,68.78534,1
2017,33.17241,43.87882,1
2017,33.17375,70.40191,1
2017,33.1782,68.75253,2
2017,33.17928,63.76954,1
2017,33.18004,68.08515,1
2017,33.18168,44.23542,31
2017,33.1889,44.10422,3
2017,33.1899,44.5379,1
2017,33.19118,68.08948,2
2017,33.19126,68.08955,3
2017,33.19314,68.10185,2
2017,33.19337,68.10055,1
2017,33.19356,43.97095,1
2017,33.19392,44.40858,16
2017,33.19613,68.10113,1
2017,33.19803,62.36293,1
2017,33.2014,41.69802,4
2017,33.20154,44.66535,1
2017,33.20302,44.54373,1
2017,33.20336,44.58669,1
2017,33.21534,68.0386,1
2017,33.22804,69.9578,1
2017,33.23196,68.01086,1
2017,33.23331,43.42953,1
2017,33.23527,67.37495,1
2017,33.23676,43.82819,1
2017,33.23977,41.80494,1
2017,33.24106,43.32585,1
2017,33.24182,44.60045,1
2017,33.24245,44.56217,2
2017,33.24459,43.85174,2
2017,33.24691,62.28296,1
2017,33.24718,44.02545,15
2017,33.24837,44.15693,1
2017,33.24891,44.09148,1
2017,33.25072,44.12913,1
2017,33.2555,70.49143,1
2017,33.25993,44.11796,1
2017,33.26022,42.89408,2
2017,33.26197,62.3509,1
2017,33.26308,68.57241,3
2017,33.26493,44.07229,1
2017,33.26669,62.35652,3
2017,33.27248,62.36934,1
2017,33.27411,43.96974,2
2017,33.27723,35.57824,1
2017,33.27917,44.49425,1
2017,33.28089,35.82932,1
2017,33.28168,43.98133,2
2017,33.28279,68.45681,1
2017,33.28368,43.9668,2
2017,33.28634,68.45769,1
2017,33.28916,62.22277,1
2017,33.28942,68.8869,1
2017,33.29185,44.15058,1
2017,33.29265,68.40189,1
2017,33.29416,43.99322,1
2017,33.29761,44.08177,3
2017,33.29828,68.88723,1
2017,33.30245,44.04873,2
2017,33.30295,62.16077,1
2017,33.30357,44.37177,395
2017,33.30449,75.77312,1
2017,33.30613,62.15682,1
2017,33.3073,42.41762,1
2017,33.31011,68.44837,1
2017,33.31065,44.03821,34
2017,33.31151,35.91856,1
2017,33.31307,68.4497,1
2017,33.31563,43.64156,1
2017,33.31564,38.70265,1
2017,33.31729,68.46583,1
2017,33.32443,68.45121,1
2017,33.32505,38.65933,1
2017,33.3261,68.41665,1
2017,33.32768,38.6559,1
2017,33.32832,38.65828,3
2017,33.33009,38.65635,1
2017,33.33239,43.71282,2
2017,33.33526,69.92847,11
2017,33.3359,68.6052,1
2017,33.33691,69.91821,1
2017,33.33766,66.28432,1
2017,33.33836,45.03398,2
2017,33.34034,43.65905,1
2017,33.34526,68.16314,1
2017,33.34639,69.49833,1
2017,33.34916,43.7842,15
2017,33.35118,44.20501,4
2017,33.35425,67.99703,1
2017,33.35797,43.97764,1
2017,33.36579,43.95932,3
2017,33.36722,70.54768,1
2017,33.37035,70.5472,1
2017,33.37576,44.70287,32
2017,33.37651,63.52239,1
2017,33.38604,71.33759,1
2017,33.38972,44.23537,3
2017,33.39601,40.00508,1
2017,33.39901,44.07016,1
2017,33.39964,68.35515,1
2017,33.40217,44.28814,1
2017,33.40306,43.91187,7
2017,33.40733,43.19936,1
2017,33.40804,44.30344,2
2017,33.40889,68.21194,1
2017,33.40977,43.19897,1
2017,33.41594,43.05072,1
2017,33.41812,68.22405,1
2017,33.41841,70.46888,2
2017,33.42095,43.29566,22
2017,33.42333,41.12505,1
2017,33.42333,70.36889,1
2017,33.42484,70.73766,1
2017,33.42528,44.22167,1
2017,33.42574,66.20046,1
2017,33.42625,42.97708,2
2017,33.42676,44.22807,19
2017,33.42767,44.30626,3
2017,33.43381,38.92288,4
2017,33.43528,43.28116,2
2017,33.43722,75.19701,1
2017,33.43806,44.01667,2
2017,33.44023,38.94346,1
2017,33.44105,43.21263,1
2017,33.44648,36.3345,1
2017,33.44984,70.06404,1
2017,33.45013,38.94335,1
2017,33.45092,69.37732,1
2017,33.45712,43.47143,1
2017,33.45715,69.98993,1
2017,33.46082,44.15743,17
2017,33.46854,44.32652,1
2017,33.46856,68.76319,4
2017,33.46867,43.28657,1
2017,33.46904,45.43953,1
2017,33.47011,68.66216,1
2017,33.47051,44.39349,5
2017,33.47066,43.30285,2
2017,33.4717,68.44602,1
2017,33.47327,43.17109,1
2017,33.47368,68.48456,1
2017,33.47504,68.48431,1
2017,33.47763,43.30029,1
2017,33.48181,44.35395,1
2017,33.4844,36.26851,1
2017,33.48671,44.2768,1
2017,33.48895,44.43965,1
2017,33.489,36.34688,1
2017,33.48954,43.22139,1
2017,33.48975,43.23523,1
2017,33.49162,67.77004,1
2017,33.4917,68.64863,1
2017,33.5009,44.21665,6
2017,33.50252,70.57026,1
2017,33.50365,68.59874,1
2017,33.50902,44.20248,3
2017,33.50996,70.12176,1
2017,33.51,64.42,2
2017,33.51147,43.22112,1
2017,33.51149,70.29638,1
2017,33.5128,43.25168,1
2017,33.51446,67.13102,1
2017,33.51524,36.29208,26
2017,33.51572,44.4686,1
2017,33.51642,64.41705,1
2017,33.51673,36.95411,1
2017,33.51729,68.07671,1
2017,33.51834,71.06896,1
2017,33.51982,64.41712,1
2017,33.52056,68.21722,1
2017,33.52741,71.06664,1
2017,33.52765,36.3923,1
2017,33.52849,36.38609,1
2017,33.52889,71.05612,1
2017,33.52919,42.9123,2
2017,33.53718,68.16928,1
2017,33.54067,44.25127,29
2017,33.54173,44.60514,1
2017,33.542,35.38115,8
2017,33.54235,44.36533,2
2017,33.54262,68.41533,26
2017,33.54831,44.41574,2
2017,33.54974,67.14711,1
2017,33.55044,35.37096,1
2017,33.55308,44.32571,1
2017,33.55344,44.32986,1
2017,33.55894,75.20867,1
2017,33.55934,67.99951,1
2017,33.5615,36.36876,4
2017,33.5671,68.69916,1
2017,33.56862,68.41681,1
2017,33.56931,68.2787,1
2017,33.57036,44.43422,1
2017,33.57146,68.41909,1
2017,33.57171,44.53602,1
2017,33.57178,74.24104,1
2017,33.57349,44.54743,1
2017,33.57535,63.67506,1
2017,33.57754,75.22256,1
2017,33.58261,75.31781,1
2017,33.58417,69.15139,1
2017,33.5906,71.44062,2
2017,33.59206,42.61896,1
2017,33.5927,75.16584,1
2017,33.59401,73.06908,6
2017,33.59488,75.16588,1
2017,33.59501,65.13958,1
2017,33.59863,69.229,8
2017,33.6001,75.1659,1
2017,33.60501,70.83909,1
2017,33.61343,74.92613,1
2017,33.61485,36.18209,1
2017,33.62107,62.667,1
2017,33.6233,44.37305,1
2017,33.62509,44.6078,1
2017,33.62729,42.71992,1
2017,33.63256,75.13334,1
2017,33.6339,42.83208,13
2017,33.6345,75.13549,1
2017,33.63503,42.82145,1
2017,33.63591,42.82881,1
2017,33.64136,70.05894,1
2017,33.6432,36.69044,1
2017,33.64333,42.82538,1
2017,33.64466,70.81539,1
2017,33.64472,43.72361,1
2017,33.64499,75.01803,1
2017,33.64542,75.01967,4
2017,33.64558,75.14257,1
2017,33.64571,44.4212,1
2017,33.64997,44.26154,9
2017,33.65075,75.01802,1
2017,33.65202,74.94258,1
2017,33.65271,75.01804,2
2017,33.65612,42.63234,1
2017,33.65639,68.66309,1
2017,33.65681,68.66056,1
2017,33.65767,68.6417,1
2017,33.66238,69.78564,4
2017,33.66312,42.63489,1
2017,33.66854,39.9679,3
2017,33.66911,42.62934,1
2017,33.66946,44.38116,1
2017,33.66953,44.37114,1
2017,33.66965,69.78592,1
2017,33.66969,44.38132,30
2017,33.67046,75.12754,1
2017,33.67148,75.07256,1
2017,33.67161,61.98139,1
2017,33.67164,73.05606,7
2017,33.67301,74.8643,1
2017,33.67325,44.36149,1
2017,33.67499,68.67115,1
2017,33.67705,68.39941,1
2017,33.67766,68.67059,1
2017,33.67891,45.19548,2
2017,33.68021,74.85104,1
2017,33.68045,75.16487,1
2017,33.68139,70.96458,1
2017,33.68145,68.40031,1
2017,33.68327,43.47326,1
2017,33.68336,75.21986,1
2017,33.68539,75.22111,1
2017,33.6863,74.99539,1
2017,33.68763,45.07,2
2017,33.68797,75.05224,1
2017,33.68846,42.75806,1
2017,33.68949,75.21968,1
2017,33.69162,75.11272,1
2017,33.69239,42.75278,2
2017,33.69313,8.9832,1
2017,33.69341,44.79608,4
2017,33.69347,75.11329,1
2017,33.6935,70.40431,1
2017,33.69395,45.06742,4
2017,33.69409,71.00058,1
2017,33.69559,45.16098,1
2017,33.69588,42.73928,1
2017,33.69597,70.33607,6
2017,33.69664,63.09277,1
2017,33.69727,71.14485,3
2017,33.69978,74.85998,1
2017,33.70314,62.27865,1
2017,33.70343,42.74278,3
2017,33.70546,74.84176,1
2017,33.7062,69.38311,1
2017,33.70878,75.03545,1
2017,33.70943,74.08153,1
2017,33.71045,74.99874,1
2017,33.71343,42.70291,1
2017,33.7167,74.8333,2
2017,33.71684,75.05166,1
2017,33.717,44.67952,3
2017,33.717,74.83609,2
2017,33.71895,44.66111,1
2017,33.71985,74.91357,1
2017,33.72025,74.86179,1
2017,33.72119,75.0164,4
2017,33.72129,74.83107,7
2017,33.72417,74.88651,1
2017,33.72662,75.09124,3
2017,33.73113,75.1487,1
2017,33.73203,74.85802,1
2017,33.73222,75.15792,11
2017,33.73298,74.85556,1
2017,33.73572,74.99322,1
2017,33.73609,74.87267,2
2017,33.73706,45.23228,1
2017,33.7371,44.4907,2
2017,33.73882,44.82907,1
2017,33.74276,45.21442,1
2017,33.74324,44.62382,11
2017,33.74405,74.91013,1
2017,33.74405,74.91065,4
2017,33.74438,74.91004,1
2017,33.745,45.54562,3
2017,33.74521,45.54567,1
2017,33.74528,74.81123,1
2017,33.74857,45.55627,1
2017,33.74918,44.76421,1
2017,33.74995,44.68285,1
2017,33.75029,74.82497,1
2017,33.75046,44.63333,1
2017,33.75245,74.90701,1
2017,33.75296,74.90699,1
2017,33.75691,75.11878,1
2017,33.75694,75.11879,1
2017,33.75758,39.01044,1
2017,33.75788,74.93184,1
2017,33.75905,74.80415,1
2017,33.75936,74.80392,2
2017,33.75948,35.52046,1
2017,33.75964,44.60666,1
2017,33.75969,45.55131,1
2017,33.76042,75.21001,1
2017,33.76048,44.73664,2
2017,33.76342,45.13105,1
2017,33.76457,74.0926,1
2017,33.76467,44.49743,1
2017,33.76838,117.78658,1
2017,33.77335,45.14945,6
2017,33.77353,44.65994,1
2017,33.77494,75.00475,2
2017,33.77506,44.58035,1
2017,33.77513,74.8317,1
2017,33.77631,44.55567,4
2017,33.77979,69.95015,1
2017,33.77992,75.06695,1
2017,33.78047,44.7912,1
2017,33.78208,74.93111,1
2017,33.78366,45.117,2
2017,33.78572,75.06616,1
2017,33.78587,70.22145,1
2017,33.78612,74.83824,1
2017,33.78733,74.86387,1
2017,33.78931,74.10637,1
2017,33.7895,74.88822,1
2017,33.7895,75.10338,4
2017,33.79083,44.57669,1
2017,33.79108,74.86263,1
2017,33.79167,69.91083,1
2017,33.79334,44.628,1
2017,33.79374,75.24318,1
2017,33.79465,44.89258,3
2017,33.7948,75.16382,1
2017,33.79626,35.60432,1
2017,33.79646,71.55849,1
2017,33.79821,68.93483,1
2017,33.7992,42.70708,2
2017,33.79968,44.66436,1
2017,33.80134,42.54417,1
2017,33.80222,74.94039,1
2017,33.80229,68.35351,1
2017,33.80363,74.34684,1
2017,33.80539,75.03394,1
2017,33.80543,75.03394,1
2017,33.80629,44.36722,1
2017,33.80803,74.81049,1
2017,33.81236,68.92118,1
2017,33.81247,44.6773,1
2017,33.81368,44.56593,1
2017,33.81379,44.65724,1
2017,33.81581,74.85449,1
2017,33.81611,44.78352,1
2017,33.81974,69.64261,1
2017,33.82021,74.81584,1
2017,33.82279,70.64433,1
2017,33.82297,74.81589,1
2017,33.82365,70.64519,1
2017,33.82424,44.78926,1
2017,33.82426,74.85313,2
2017,33.82428,74.85322,1
2017,33.82431,42.71451,1
2017,33.82741,69.96386,1
2017,33.82977,74.80683,1
2017,33.83053,44.58536,1
2017,33.83189,69.96099,2
2017,33.83411,44.76188,1
2017,33.83467,74.93107,1
2017,33.83619,75.08552,1
2017,33.83727,69.96391,1
2017,33.83863,74.92526,1
2017,33.83913,69.98753,1
2017,33.83996,75.00118,1
2017,33.84216,69.9878,1
2017,33.84522,74.92531,1
2017,33.84534,45.29995,1
2017,33.8456,42.5535,2
2017,33.84862,44.52212,5
2017,33.85049,74.91853,4
2017,33.855,74.89389,1
2017,33.85582,44.76089,1
2017,33.85918,69.94655,3
2017,33.86066,44.79212,5
2017,33.86072,44.68387,1
2017,33.86253,45.28716,1
2017,33.86275,45.28855,2
2017,33.86348,74.76793,1
2017,33.8648,42.53638,5
2017,33.86652,74.86455,2
2017,33.86741,74.97858,1
2017,33.86919,72.02905,1
2017,33.8692,44.63042,1
2017,33.87161,74.89457,2
2017,33.87254,71.3548,1
2017,33.87339,74.90042,1
2017,33.87354,74.89902,1
2017,33.87585,68.61671,1
2017,33.87764,75.01036,1
2017,33.87832,71.72073,1
2017,33.87852,74.89308,1
2017,33.8798,44.85408,4
2017,33.88279,74.90772,1
2017,33.88282,44.72395,1
2017,33.88488,68.63487,1
2017,33.88525,75.02541,1
2017,33.88556,71.38694,1
2017,33.88663,70.01009,1
2017,33.88761,44.86568,1
2017,33.88852,35.50351,1
2017,33.88956,42.62325,3
2017,33.89056,62.40639,1
2017,33.8934,75.08667,1
2017,33.89409,74.85724,1
2017,33.8966,44.81175,1
2017,33.89799,70.10753,6
2017,33.90148,44.778,1
2017,33.90167,75.10698,1
2017,33.90295,44.85817,3
2017,33.90321,74.92165,1
2017,33.90347,70.64565,1
2017,33.90368,70.55106,1
2017,33.90464,44.78117,1
2017,33.90501,44.78117,1
2017,33.90605,44.72455,5
2017,33.90619,68.6705,1
2017,33.90637,75.03994,1
2017,33.90743,74.82562,1
2017,33.90921,74.99716,2
2017,33.90964,74.89574,1
2017,33.91028,71.40333,1
2017,33.91032,44.76209,1
2017,33.91119,44.73594,2
2017,33.91159,44.73531,1
2017,33.91316,74.89605,1
2017,33.91331,74.99272,1
2017,33.91461,74.90696,1
2017,33.91611,70.61222,1
2017,33.91631,74.94713,1
2017,33.91643,70.8827,1
2017,33.9168,64.40049,1
2017,33.91985,70.89386,1
2017,33.92279,75.0122,1
2017,33.92456,70.54981,1
2017,33.92591,73.78103,2
2017,33.92659,44.77206,9
2017,33.92741,44.77324,1
2017,33.92778,44.82743,1
2017,33.93006,44.80002,2
2017,33.93101,75.11421,12
2017,33.93145,71.51925,1
2017,33.93486,74.64004,2
2017,33.93755,68.89926,1
2017,33.9396,68.95645,1
2017,33.9399,75.09979,1
2017,33.94479,44.76394,1
2017,33.94787,74.92987,2
2017,33.95289,75.09251,1
2017,33.95316,44.9219,10
2017,33.95318,44.20682,1
2017,33.95724,44.29032,1
2017,33.95883,40.89026,1
2017,33.9598,61.38226,1
2017,33.96094,74.54927,1
2017,33.96268,71.73138,1
2017,33.96272,68.92269,1
2017,33.9646,69.75497,1
2017,33.9648,69.07358,1
2017,33.96528,69.075,1
2017,33.96616,69.80613,1
2017,33.96653,74.96422,1
2017,33.96718,68.9474,1
2017,33.96778,44.38444,1
2017,33.96909,68.95098,2
2017,33.97194,68.99278,1
2017,33.97612,69.68259,1
2017,33.97631,71.43716,4
2017,33.97652,69.70666,1
2017,33.9766,71.31484,1
2017,33.97812,75.0918,1
2017,33.97995,75.07952,1
2017,33.98324,42.61284,1
2017,33.98574,69.03433,1
2017,33.98656,75.01471,1
2017,33.98682,44.72631,1
2017,33.9918,69.31356,1
2017,33.99268,73.06182,1
2017,33.99387,71.8601,1
2017,33.99459,44.35727,1
2017,33.99604,72.93697,1
2017,33.99994,69.01953,1
2017,34.0,62.0,1
2017,34.00017,69.03996,1
2017,34.00064,71.4265,1
2017,34.00258,71.38248,3
2017,34.00402,71.33992,1
2017,34.00571,69.21017,1
2017,34.0059,71.64887,2
2017,34.006,71.53743,20
2017,34.00721,71.98308,1
2017,34.01041,44.89364,1
2017,34.01047,44.14824,7
2017,34.01413,74.77174,1
2017,34.01455,69.19239,2
2017,34.01556,45.1923,1
2017,34.01806,71.62654,1
2017,34.01828,44.96502,1
2017,34.01859,44.14512,1
2017,34.01929,69.18858,1
2017,34.02043,44.34518,1
2017,34.0211,71.28742,6
2017,34.02119,68.99954,3
2017,34.02173,75.07238,1
2017,34.02208,44.95595,1
2017,34.02357,44.03136,1
2017,34.02389,71.06194,1
2017,34.02422,69.16494,1
2017,34.02496,44.90333,1
2017,34.02621,74.82439,2
2017,34.02961,71.62729,1
2017,34.03071,44.06386,4
2017,34.03133,44.07011,1
2017,34.03429,44.13417,1
2017,34.03444,44.9861,1
2017,34.03492,36.22784,4
2017,34.03564,45.44058,8
2017,34.0361,45.01273,1
2017,34.03798,69.02103,1
2017,34.03907,44.1797,1
2017,34.03907,74.88621,1
2017,34.04028,74.90722,1
2017,34.04031,74.88799,1
2017,34.04217,74.78672,1
2017,34.0425,44.95917,2
2017,34.046,71.61604,1
2017,34.04667,44.13556,1
2017,34.04697,72.32885,1
2017,34.04702,68.99134,1
2017,34.04727,44.02778,1
2017,34.04753,44.02944,1
2017,34.04827,44.90208,1
2017,34.05347,44.93308,5
2017,34.05469,44.88682,1
2017,34.05711,44.21829,2
2017,34.06326,70.76373,1
2017,34.06435,70.64418,1
2017,34.06536,44.57489,1
2017,34.06559,71.19367,1
2017,34.06847,65.03052,1
2017,34.06945,44.89936,4
2017,34.06994,71.19318,1
2017,34.07048,71.19336,1
2017,34.0705,70.69994,1
2017,34.07083,70.66642,1
2017,34.07409,70.28845,1
2017,34.07498,70.69829,1
2017,34.07546,71.6,1
2017,34.07857,44.95929,2
2017,34.07889,70.57778,1
2017,34.07946,70.64578,1
2017,34.07996,71.19692,2
2017,34.08213,70.66683,1
2017,34.08218,70.66704,5
2017,34.08374,74.7899,19
2017,34.08526,42.36034,1
2017,34.08615,74.51557,1
2017,34.0875,70.28056,1
2017,34.08837,68.75412,1
2017,34.08955,70.96453,1
2017,34.08979,70.97264,1
2017,34.09098,42.67006,1
2017,34.09105,70.69136,1
2017,34.09124,71.14539,1
2017,34.09225,70.98218,1
2017,34.09263,70.46922,1
2017,34.09321,70.65945,1
2017,34.09374,44.21817,4
2017,34.09471,71.60981,1
2017,34.09615,74.03305,1
2017,34.09958,64.90596,3
2017,34.0998,42.36675,1
2017,34.10072,45.05196,7
2017,34.10201,64.86822,1
2017,34.10306,70.46056,1
2017,34.1032,71.61253,1
2017,34.10861,70.53778,1
2017,34.10861,70.66667,1
2017,34.1098,71.17107,1
2017,34.11032,71.16381,6
2017,34.11082,71.16033,1
2017,34.111,64.31722,1
2017,34.11404,74.67041,2
2017,34.11568,70.46365,4
2017,34.11768,70.46407,1
2017,34.12022,71.10124,2
2017,34.12028,69.13917,1
2017,34.12092,68.53112,1
2017,34.12167,70.56389,1
2017,34.1225,71.61083,1
2017,34.12311,72.46901,2
2017,34.12422,71.60874,1
2017,34.12573,45.00334,2
2017,34.12669,69.65438,1
2017,34.12816,70.21498,1
2017,34.12872,71.08582,1
2017,34.12906,69.64384,1
2017,34.13265,45.19784,1
2017,34.135,71.53861,1
2017,34.13883,69.67158,1
2017,34.13972,42.37806,1
2017,34.13973,70.43825,1
2017,34.13982,45.13917,1
2017,34.14028,70.59611,2
2017,34.14328,70.60718,1
2017,34.14422,72.37847,1
2017,34.14492,45.13156,2
2017,34.14575,68.78275,1
2017,34.14615,74.63919,1
2017,34.14658,71.74354,3
2017,34.14694,71.16278,2
2017,34.15075,69.24007,4
2017,34.15078,45.12754,4
2017,34.15203,74.8251,1
2017,34.15265,69.07528,1
2017,34.15421,41.57238,4
2017,34.15917,69.07083,1
2017,34.16059,42.37254,6
2017,34.1617,74.8317,1
2017,34.16277,70.61726,1
2017,34.16551,70.62188,3
2017,34.166,43.90552,1
2017,34.16667,45.28333,1
2017,34.17183,70.62168,3
2017,34.17573,71.15018,1
2017,34.17598,70.46719,3
2017,34.17687,61.70056,1
2017,34.17886,69.97693,1
2017,34.18043,44.957,1
2017,34.1846,36.42401,4
2017,34.18478,74.31329,1
2017,34.18484,69.078,1
2017,34.18625,71.45489,1
2017,34.18655,45.12606,1
2017,34.18694,71.44528,2
2017,34.19056,69.09023,1
2017,34.19122,74.35001,1
2017,34.19204,42.49727,1
2017,34.19353,70.79823,1
2017,34.19472,43.80067,1
2017,34.19575,70.78639,6
2017,34.19578,70.78748,1
2017,34.19584,70.78752,2
2017,34.19604,70.79718,1
2017,34.19655,70.16184,1
2017,34.2,70.28333,1
2017,34.20011,72.0508,1
2017,34.2056,74.35386,1
2017,34.20842,43.89071,7
2017,34.20977,45.00406,1
2017,34.2148,69.09851,1
2017,34.21511,44.49001,2
2017,34.21527,36.44436,1
2017,34.21548,69.10231,1
2017,34.21578,71.026,3
2017,34.21714,71.55553,1
2017,34.21729,71.56104,3
2017,34.21781,69.10932,1
2017,34.21858,71.55459,1
2017,34.22043,71.2262,1
2017,34.22581,74.64102,1
2017,34.22644,73.61568,1
2017,34.22765,70.19273,1
2017,34.22774,37.24421,4
2017,34.22886,70.19308,1
2017,34.22921,70.19321,3
2017,34.22928,70.97187,1
2017,34.22991,44.98134,2
2017,34.23,70.19179,1
2017,34.23039,70.18989,1
2017,34.23053,69.11497,1
2017,34.23472,70.93536,1
2017,34.23476,70.91317,1
2017,34.23528,70.53361,1
2017,34.24047,69.11795,1
2017,34.24138,69.97031,1
2017,34.24156,44.52862,1
2017,34.2451,45.12661,2
2017,34.24762,74.39256,1
2017,34.24883,70.90757,2
2017,34.25664,42.20071,1
2017,34.25902,75.08886,1
2017,34.26072,42.48333,1
2017,34.26315,70.78821,5
2017,34.26393,42.53082,1
2017,34.26417,70.36194,1
2017,34.26571,70.75495,1
2017,34.26666,42.52893,2
2017,34.26685,44.53976,1
2017,34.27104,45.16357,4
2017,34.27403,44.54254,8
2017,34.27455,70.91964,1
2017,34.2757,70.37968,1
2017,34.27609,44.53322,1
2017,34.27682,42.61863,1
2017,34.27863,62.61527,1
2017,34.27922,70.36086,1
2017,34.28356,69.88356,2
2017,34.2841,70.38721,1
2017,34.2841,70.75861,1
2017,34.28518,70.75851,1
2017,34.28535,71.93212,1
2017,34.28592,70.11777,1
2017,34.28601,44.54634,1
2017,34.28621,70.36273,1
2017,34.28789,70.70965,1
2017,34.28889,74.46371,5
2017,34.29036,70.75827,1
2017,34.29074,70.75959,1
2017,34.29094,70.76021,1
2017,34.29167,70.17167,1
2017,34.29225,70.37968,1
2017,34.29237,70.57409,1
2017,34.29373,70.38279,1
2017,34.29476,70.76089,1
2017,34.2976,70.10073,2
2017,34.29798,74.6153,4
2017,34.30169,70.65853,1
2017,34.3035,70.71572,1
2017,34.30371,42.06721,1
2017,34.3069,70.71068,1
2017,34.31663,70.78607,1
2017,34.31686,41.16026,1
2017,34.31724,44.55645,1
2017,34.31766,70.6194,1
2017,34.31934,63.22043,1
2017,34.31972,45.05028,1
2017,34.31981,45.05079,1
2017,34.32002,71.399,2
2017,34.32183,44.47953,2
2017,34.32192,38.59664,1
2017,34.32716,44.7266,2
2017,34.32898,70.40749,1
2017,34.33139,44.55944,1
2017,34.33142,71.02107,1
2017,34.33208,63.82549,1
2017,34.33227,70.17472,1
2017,34.33274,74.67744,1
2017,34.33565,70.45876,1
2017,34.34013,63.75288,1
2017,34.34197,36.47803,1
2017,34.34316,61.93566,1
2017,34.34429,44.46852,1
2017,34.34467,74.67834,1
2017,34.34473,71.78749,1
2017,34.34507,70.5007,1
2017,34.34586,71.3705,1
2017,34.34672,62.19732,8
2017,34.34691,74.4784,1
2017,34.34695,63.61545,1
2017,34.34709,62.26378,1
2017,34.34712,68.24184,1
2017,34.34979,63.14093,1
2017,34.35135,68.23853,2
2017,34.35165,41.09356,1
2017,34.35269,44.92765,1
2017,34.35286,62.20403,1
2017,34.35722,70.23889,1
2017,34.35746,70.22613,1
2017,34.36038,68.71819,1
2017,34.36156,61.74498,1
2017,34.362,63.25586,1
2017,34.36273,45.16818,1
2017,34.36309,74.46353,1
2017,34.3635,41.116,10
2017,34.36398,44.50348,1
2017,34.36467,64.05123,1
2017,34.36509,43.74522,1
2017,34.36774,41.98528,8
2017,34.37005,70.53735,1
2017,34.37091,63.19732,1
2017,34.37222,41.9875,1
2017,34.37327,43.76318,1
2017,34.37676,44.46036,1
2017,34.37798,44.9355,1
2017,34.37847,62.14181,1
2017,34.38389,70.24361,1
2017,34.38452,37.99346,1
2017,34.3852,70.24391,1
2017,34.39299,44.97423,1
2017,34.39318,69.07811,1
2017,34.39406,41.07945,1
2017,34.39432,72.61512,1
2017,34.3968,68.86394,2
2017,34.39952,45.14268,2
2017,34.40248,70.49607,1
2017,34.40329,69.12522,1
2017,34.40331,74.19589,1
2017,34.40521,41.89334,1
2017,34.40771,74.39502,2
2017,34.4102,41.00466,1
2017,34.41025,70.51414,1
2017,34.41368,74.32942,1
2017,34.41528,70.27833,1
2017,34.41614,41.96035,1
2017,34.41637,61.46427,1
2017,34.41666,70.30748,1
2017,34.41712,70.44959,29
2017,34.41881,74.33235,1
2017,34.42,68.89111,1
2017,34.4201,44.91077,1
2017,34.42525,41.65313,1
2017,34.42583,44.93979,1
2017,34.42903,41.90151,1
2017,34.43028,65.09278,1
2017,34.43084,44.93409,29
2017,34.43217,44.93503,1
2017,34.43259,41.22972,1
2017,34.4342,74.09023,1
2017,34.43461,35.84249,1
2017,34.43488,70.64756,1
2017,34.43777,43.80041,1
2017,34.43843,71.13,1
2017,34.43854,42.19716,1
2017,34.43884,43.98139,1
2017,34.44435,70.49906,1
2017,34.44721,70.48536,1
2017,34.44918,71.61136,1
2017,34.45,43.58333,3
2017,34.45035,70.46045,1
2017,34.45377,44.81666,1
2017,34.45381,70.48484,1
2017,34.45421,70.48303,1
2017,34.4575,43.79833,1
2017,34.45889,43.79101,5
2017,34.46006,45.29443,1
2017,34.46171,43.83917,1
2017,34.4627,44.42808,1
2017,34.46695,44.42465,1
2017,34.4688,36.04183,1
2017,34.46952,44.4945,1
2017,34.47224,74.28777,1
2017,34.47346,68.65028,1
2017,34.47515,70.36298,1
2017,34.47762,41.92077,15
2017,34.48194,43.77887,1
2017,34.48419,74.07229,1
2017,34.48648,43.78014,1
2017,34.48717,71.07402,1
2017,34.48718,43.77986,1
2017,34.49274,71.14366,1
2017,34.49532,69.27392,1
2017,34.49771,71.37275,1
2017,34.50213,44.6233,1
2017,34.50559,71.30977,1
2017,34.50985,74.68682,1
2017,34.51278,70.56444,1
2017,34.51328,69.32814,1
2017,34.51352,69.50819,1
2017,34.51447,69.99075,1
2017,34.5169,69.14701,93
2017,34.52009,37.50801,1
2017,34.52028,37.63,1
2017,34.52132,65.24924,3
2017,34.52384,69.1403,1
2017,34.52619,65.66492,1
2017,34.53062,44.9074,1
2017,34.53375,43.48374,7
2017,34.5356,71.28742,2
2017,34.53584,43.76392,1
2017,34.53617,74.25861,1
2017,34.53897,68.65834,1
2017,34.54036,65.65782,1
2017,34.54079,44.6472,1
2017,34.54782,69.6841,1
2017,34.55202,65.79445,1
2017,34.55443,38.28284,1
2017,34.55557,43.17872,1
2017,34.55712,38.29045,1
2017,34.55852,38.29367,1
2017,34.55881,71.27868,1
2017,34.56045,71.25346,1
2017,34.56139,71.42639,1
2017,34.56315,61.32314,1
2017,34.565,44.51556,1
2017,34.56549,71.47743,2
2017,34.56689,71.24898,2
2017,34.56727,44.51397,1
2017,34.57035,37.1944,1
2017,34.57135,71.3512,1
2017,34.57152,69.72038,1
2017,34.57749,70.59292,1
2017,34.57941,74.32062,1
2017,34.58019,39.50797,1
2017,34.5833,68.95,1
2017,34.59012,71.24119,1
2017,34.59114,68.95694,1
2017,34.59528,71.46111,1
2017,34.59528,71.46112,1
2017,34.6,43.68333,2
2017,34.60025,71.11245,1
2017,34.60216,71.51665,1
2017,34.60298,37.08633,1
2017,34.61306,69.89833,1
2017,34.62139,71.42583,1
2017,34.62152,43.66838,15
2017,34.63473,74.76668,1
2017,34.63527,43.58982,1
2017,34.64022,62.88443,1
2017,34.64791,62.83585,1
2017,34.6504,72.03299,1
2017,34.65177,73.97001,1
2017,34.65536,73.95208,2
2017,34.65758,42.94396,1
2017,34.66266,44.94831,1
2017,34.66725,70.21172,3
2017,34.6679,71.29414,1
2017,34.67179,71.25194,1
2017,34.67487,70.21344,7
2017,34.6754,71.29945,1
2017,34.68328,71.21629,1
2017,34.68522,70.57134,1
2017,34.68917,70.23556,1
2017,34.68958,44.06603,1
2017,34.68977,70.14558,2
2017,34.69124,43.71824,1
2017,34.69615,71.12642,4
2017,34.70278,71.17111,1
2017,34.70444,70.23944,2
2017,34.70595,43.69707,3
2017,34.7113,70.25216,1
2017,34.71139,70.25194,1
2017,34.71177,44.22908,10
2017,34.7177,36.72282,8
2017,34.71789,71.16804,1
2017,34.71806,71.47667,9
2017,34.7184,43.1846,1
2017,34.71999,71.72477,1
2017,34.72667,71.48972,1
2017,34.72796,37.70796,1
2017,34.73351,71.51966,1
2017,34.73394,71.68638,1
2017,34.73825,44.43911,1
2017,34.74168,71.72564,1
2017,34.75188,44.32194,1
2017,34.75218,8.05886,1
2017,34.75378,70.86689,1
2017,34.75462,70.10089,1
2017,34.7588,71.13884,1
2017,34.75977,71.49014,1
2017,34.76143,72.36025,1
2017,34.76314,44.57066,2
2017,34.7632,71.40903,1
2017,34.77346,44.58773,1
2017,34.7781,70.10748,1
2017,34.78421,44.70958,1
2017,34.78528,71.58583,1
2017,34.78833,71.41528,1
2017,34.78941,71.46608,2
2017,34.78973,44.60011,1
2017,34.79066,44.66215,1
2017,34.79631,69.6569,1
2017,34.80203,70.34236,1
2017,34.80371,70.09805,1
2017,34.80605,70.40569,1
2017,34.80647,44.49568,1
2017,34.80677,71.91308,1
2017,34.80819,44.48658,1
2017,34.80906,70.09795,2
2017,34.81258,37.47777,1
2017,34.81295,62.5798,1
2017,34.81573,70.35056,1
2017,34.81809,70.35325,1
2017,34.82194,71.165,1
2017,34.82408,71.38239,1
2017,34.82476,71.68621,1
2017,34.82841,63.43543,1
2017,34.82859,71.6063,1
2017,34.83084,70.36327,1
2017,34.83316,69.6726,1
2017,34.83442,43.51513,5
2017,34.83698,69.17286,1
2017,34.83703,72.49145,1
2017,34.8387,69.65894,1
2017,34.84025,71.09984,1
2017,34.84107,62.60788,1
2017,34.84628,69.21623,2
2017,34.84659,71.09732,3
2017,34.84736,43.92116,1
2017,34.8483,43.92451,1
2017,34.85257,69.64963,1
2017,34.85509,63.4862,1
2017,34.85558,69.64947,1
2017,34.86089,70.10369,1
2017,34.86469,71.24104,1
2017,34.86621,71.52639,1
2017,34.86694,71.23966,1
2017,34.86862,63.53093,1
2017,34.87048,62.50668,1
2017,34.87067,71.12267,1
2017,34.87089,63.45794,1
2017,34.87533,71.23816,1
2017,34.87566,71.152,2
2017,34.87955,71.23515,1
2017,34.88096,44.62076,4
2017,34.88106,44.62546,1
2017,34.88135,44.62513,9
2017,34.88178,43.89545,1
2017,34.8842,38.87252,2
2017,34.88494,43.49266,3
2017,34.88501,69.65311,1
2017,34.89554,43.10864,1
2017,34.89593,35.88665,1
2017,34.89761,43.80695,1
2017,34.89883,43.80835,1
2017,34.89884,71.46168,1
2017,34.89976,43.4901,1
2017,34.90095,44.48682,2
2017,34.90259,43.80892,1
2017,34.91093,71.1274,1
2017,34.91131,69.19175,1
2017,34.91625,68.09147,1
2017,34.91798,68.85668,1
2017,34.92018,70.76442,1
2017,34.92043,43.50043,1
2017,34.92056,71.11834,1
2017,34.92104,43.80524,1
2017,34.93163,43.17746,1
2017,34.93336,43.41255,4
2017,34.93383,69.23279,1
2017,34.93395,69.81976,1
2017,34.93623,40.58627,1
2017,34.93957,69.254,1
2017,34.94619,69.27334,1
2017,34.9508,43.49454,9
2017,34.95423,62.91944,1
2017,34.95467,69.23065,1
2017,34.95821,69.3037,1
2017,34.96056,70.69846,1
2017,34.96303,71.26827,1
2017,34.96307,69.25008,1
2017,34.9631,68.81088,2
2017,34.96333,68.86472,1
2017,34.96444,70.83833,1
2017,34.96667,69.56667,2
2017,34.96823,71.8422,1
2017,34.97022,44.28879,1
2017,34.97359,65.61793,1
2017,34.97778,69.2225,1
2017,34.98106,69.62146,1
2017,34.98444,69.32639,1
2017,34.98523,72.25944,1
2017,34.98674,43.92579,2
2017,34.98706,69.26982,1
2017,34.98894,70.91121,1
2017,34.98957,68.72996,1
2017,34.99005,63.13254,2
2017,34.99096,68.73511,1
2017,35.0,68.85,1
2017,35.0077,68.67314,1
2017,35.01007,43.72887,1
2017,35.01099,43.45663,1
2017,35.01279,37.05151,4
2017,35.01578,40.45521,3
2017,35.01585,43.72252,1
2017,35.01647,69.61431,1
2017,35.018,43.44522,1
2017,35.01816,69.16899,5
2017,35.0233,43.37075,1
2017,35.02549,43.64512,1
2017,35.02635,43.64302,1
2017,35.0292,43.68881,1
2017,35.03198,43.64745,1
2017,35.03214,43.64734,1
2017,35.0325,43.64639,5
2017,35.03279,37.39207,1
2017,35.03294,36.93864,1
2017,35.03977,71.24245,1
2017,35.04601,45.73285,1
2017,35.05165,70.46985,2
2017,35.06031,69.35808,1
2017,35.06487,43.55161,1
2017,35.06528,44.3875,1
2017,35.06653,69.29238,1
2017,35.07333,69.33889,1
2017,35.07514,62.88824,2
2017,35.08212,44.32193,1
2017,35.0833,63.05,1
2017,35.0845,44.32366,2
2017,35.09083,43.29472,1
2017,35.09379,69.71042,1
2017,35.0951,71.7632,1
2017,35.09912,40.45932,1
2017,35.10028,69.22,1
2017,35.10469,37.21042,1
2017,35.108,43.34216,3
2017,35.11301,43.27857,1
2017,35.11475,69.21812,1
2017,35.11539,69.21909,1
2017,35.11766,63.15126,1
2017,35.11965,44.08619,1
2017,35.12015,63.4621,3
2017,35.12685,69.31758,1
2017,35.12918,36.76074,2
2017,35.1293,37.27509,1
2017,35.13116,43.42734,2
2017,35.13432,43.42535,1
2017,35.1353,44.08766,1
2017,35.13701,44.44664,2
2017,35.13902,44.4,1
2017,35.14254,63.12535,1
2017,35.14317,44.4465,1
2017,35.14807,44.33356,1
2017,35.15947,44.38222,1
2017,35.16132,44.39184,1
2017,35.16296,44.42269,2
2017,35.16424,70.78472,1
2017,35.16504,44.34376,1
2017,35.16713,63.76954,2
2017,35.18339,44.31122,1
2017,35.18606,43.76009,1
2017,35.18744,43.83813,1
2017,35.19027,70.99468,1
2017,35.19533,43.34209,1
2017,35.19766,71.87492,1
2017,35.19896,43.79313,1
2017,35.2,-0.63333,1
2017,35.20266,71.00626,1
2017,35.20626,61.61165,1
2017,35.20752,63.05913,1
2017,35.20799,-80.83044,1
2017,35.21281,71.52615,1
2017,35.2222,71.36376,1
2017,35.23035,44.36841,1
2017,35.23274,71.03117,1
2017,35.23482,71.03245,1
2017,35.23881,43.5109,1
2017,35.24462,44.27549,6
2017,35.25261,36.75617,2
2017,35.2544,71.53102,1
2017,35.25685,44.3655,1
2017,35.25806,43.4025,1
2017,35.26026,43.40028,2
2017,35.26386,37.4134,1
2017,35.26427,68.62011,1
2017,35.26479,62.90642,1
2017,35.2664,44.38488,1
2017,35.27083,43.84694,1
2017,35.27102,43.45808,3
2017,35.27125,43.91379,1
2017,35.27208,43.91504,1
2017,35.27242,43.92025,1
2017,35.28171,36.73199,1
2017,35.28316,40.17083,1
2017,35.28798,40.30886,1
2017,35.28815,36.74153,1
2017,35.28859,43.83758,1
2017,35.29111,36.6625,1
2017,35.29192,43.7958,1
2017,35.29228,-2.9381,1
2017,35.29307,40.16993,1
2017,35.2954,43.67921,1
2017,35.2976,43.75938,1
2017,35.30188,44.32922,1
2017,35.30304,44.32993,6
2017,35.30388,43.82603,2
2017,35.30422,36.84239,1
2017,35.30967,43.73631,1
2017,35.31547,64.81551,1
2017,35.32139,64.81108,1
2017,35.32184,40.0416,1
2017,35.32413,36.78761,1
2017,35.32437,43.76726,1
2017,35.32482,43.76692,25
2017,35.32612,43.78081,14
2017,35.32731,44.19815,2
2017,35.32858,43.94361,1
2017,35.3289,44.22372,1
2017,35.3292,43.94368,2
2017,35.33097,40.11333,1
2017,35.33202,8.90748,1
2017,35.33306,40.13874,20
2017,35.33535,44.42226,1
2017,35.336,40.145,1
2017,35.33895,64.90588,1
2017,35.3397,37.98416,1
2017,35.34766,43.97325,1
2017,35.34888,44.07841,1
2017,35.35142,64.5887,1
2017,35.3578,36.79552,1
2017,35.35969,1.3218,1
2017,35.36157,35.92716,2
2017,35.36667,44.13333,1
2017,35.36696,43.07065,1
2017,35.36736,1.32203,1
2017,35.37157,44.34082,1
2017,35.37564,43.79545,1
2017,35.37806,64.77444,1
2017,35.38188,43.9419,1
2017,35.3823,44.07213,1
2017,35.38468,44.00681,1
2017,35.39225,68.22288,1
2017,35.39432,43.25937,1
2017,35.40659,44.6772,1
2017,35.40728,35.94268,1
2017,35.41585,43.11477,1
2017,35.41907,44.3217,1
2017,35.42167,74.6683,1
2017,35.42868,44.16923,1
2017,35.43246,9.21449,1
2017,35.4337,44.2609,1
2017,35.44274,42.39384,2
2017,35.44531,36.30404,1
2017,35.45087,36.05416,1
2017,35.45211,44.37546,37
2017,35.45664,44.2159,1
2017,35.45771,75.44635,1
2017,35.46434,40.66958,1
2017,35.46493,71.3071,1
2017,35.46558,44.38039,2
2017,35.46662,43.23882,1
2017,35.48473,63.38142,1
2017,35.48583,43.24056,1
2017,35.48727,43.24056,1
2017,35.48741,72.53374,1
2017,35.49202,63.4043,1
2017,35.49263,43.23736,1
2017,35.49944,43.23489,11
2017,35.50361,43.2325,1
2017,35.51316,43.27267,2
2017,35.51853,43.83144,1
2017,35.5218,46.18359,1
2017,35.52652,68.33387,1
2017,35.5288,35.79298,1
2017,35.52972,44.13556,1
2017,35.53279,44.82772,2
2017,35.53545,63.36662,1
2017,35.53987,-81.39779,1
2017,35.54664,45.30037,1
2017,35.54921,51.36645,1
2017,35.55575,43.2091,1
2017,35.56038,44.5247,1
2017,35.56076,42.70587,1
2017,35.56307,42.73089,1
2017,35.5646,64.43189,4
2017,35.56677,39.92061,1
2017,35.56701,45.3855,3
2017,35.56806,43.90162,1
2017,35.56943,42.72302,5
2017,35.57036,-82.55367,1
2017,35.57119,63.52728,1
2017,35.57186,44.25402,1
2017,35.57412,42.72869,1
2017,35.58017,68.63923,1
2017,35.58161,43.82904,1
2017,35.58187,68.64985,1
2017,35.58567,63.32809,3
2017,35.58649,39.34641,1
2017,35.59594,43.24268,2
2017,35.59821,64.76366,3
2017,35.60012,36.52567,1
2017,35.61063,43.24892,2
2017,35.61562,36.55839,1
2017,35.61617,68.6827,1
2017,35.61843,68.68271,1
2017,35.62376,43.93991,2
2017,35.63125,44.00856,4
2017,35.64195,67.79211,1
2017,35.64438,63.901,1
2017,35.64544,64.31535,1
2017,35.64916,64.26697,1
2017,35.64955,63.91133,2
2017,35.65083,64.30681,1
2017,35.66732,65.27725,1
2017,35.67075,66.04635,3
2017,35.67089,43.9261,1
2017,35.67293,44.07014,5
2017,35.67472,44.07056,1
2017,35.67688,43.29439,1
2017,35.68071,44.08839,1
2017,35.68736,64.29343,1
2017,35.68862,43.90895,1
2017,35.68875,36.13587,1
2017,35.69,42.54889,2
2017,35.69487,43.91257,1
2017,35.7004,43.28043,10
2017,35.7074,64.71453,1
2017,35.71025,44.27306,1
2017,35.71469,63.76531,1
2017,35.72445,71.28742,1
2017,35.72453,51.40519,1
2017,35.72476,43.85019,1
2017,35.73188,64.84513,1
2017,35.73611,65.35694,1
2017,35.73786,63.82865,1
2017,35.73861,42.67335,1
2017,35.74098,63.81826,1
2017,35.75005,64.86609,1
2017,35.75229,44.14774,5
2017,35.7563,37.58947,1
2017,35.76835,43.58897,1
2017,35.76896,64.83483,1
2017,35.77752,39.54283,1
2017,35.78129,37.49922,1
2017,35.78517,63.68954,1
2017,35.78863,46.12026,1
2017,35.79813,43.29418,3
2017,35.79872,43.29495,1
2017,35.80318,35.93857,1
2017,35.80499,64.81359,1
2017,35.81052,68.51696,1
2017,35.81152,64.70668,1
2017,35.82608,64.70736,1
2017,35.82688,36.69572,2
2017,35.8284,64.68991,1
2017,35.84591,64.91889,1
2017,35.85207,43.21185,1
2017,35.85675,64.54974,1
2017,35.857,64.55034,4
2017,35.86646,64.68921,1
2017,35.86661,43.31855,1
2017,35.86851,36.80467,3
2017,35.87079,64.74675,2
2017,35.87097,43.29677,2
2017,35.87327,68.43042,1
2017,35.87381,64.44614,1
2017,35.87716,43.49602,1
2017,35.88097,43.34021,1
2017,35.88139,42.46944,2
2017,35.8888,66.35293,1
2017,35.89033,14.43063,1
2017,35.89066,67.37525,1
2017,35.89086,14.44326,1
2017,35.89838,36.16184,1
2017,35.90024,64.45835,1
2017,35.90296,66.38584,1
2017,35.90484,42.72109,1
2017,35.90581,36.72306,1
2017,35.90714,2.38784,1
2017,35.92016,74.30798,1
2017,35.92105,64.77454,5
2017,35.92766,14.39956,1
2017,35.9288,36.63145,8
2017,35.93078,70.75832,1
2017,35.93144,70.75962,2
2017,35.93371,36.6333,1
2017,35.94338,38.96315,1
2017,35.94401,68.71286,1
2017,35.94485,42.56448,2
2017,35.94755,68.71033,5
2017,35.94925,67.56031,1
2017,35.94999,68.70013,1
2017,35.95152,39.00956,17
2017,35.95316,64.63787,1
2017,35.95729,67.27372,1
2017,35.95778,64.74583,1
2017,35.95861,65.44917,1
2017,35.95941,38.99811,2
2017,35.96078,66.22281,1
2017,35.96496,40.90218,1
2017,35.96654,65.46034,1
2017,35.96733,65.39394,1
2017,35.96834,65.48065,1
2017,35.97237,69.76444,1
2017,35.97287,65.79829,5
2017,35.97488,65.38156,1
2017,35.97825,65.40889,3
2017,35.98073,67.57085,1
2017,35.98249,65.4114,1
2017,35.98276,36.70465,1
2017,35.98411,65.39515,1
2017,35.98587,65.39415,1
2017,35.98822,68.63574,1
2017,35.99009,36.67722,1
2017,35.99171,36.39381,2
2017,35.99285,36.51205,1
2017,35.99298,69.02743,1
2017,35.99689,67.22956,1
2017,35.99768,65.36264,3
2017,36.00058,65.36753,2
2017,36.00069,65.36266,1
2017,36.00165,65.36289,9
2017,36.00718,68.55392,1
2017,36.00736,42.35247,1
2017,36.01202,41.35786,1
2017,36.01469,68.6344,1
2017,36.02548,68.675,1
2017,36.02875,43.28885,1
2017,36.03258,45.00882,1
2017,36.03282,65.01792,1
2017,36.03444,64.55778,1
2017,36.03473,65.01779,1
2017,36.03833,65.3675,1
2017,36.03914,64.99591,1
2017,36.04212,65.03465,1
2017,36.04326,68.28042,1
2017,36.045,43.31167,1
2017,36.04506,41.71672,3
2017,36.0471,64.98395,1
2017,36.05496,40.72496,1
2017,36.05602,65.96155,1
2017,36.05614,68.18376,1
2017,36.059,64.96631,1
2017,36.06028,41.29466,2
2017,36.06071,41.26005,9
2017,36.06091,68.59381,6
2017,36.06182,68.67087,1
2017,36.06418,65.52248,2
2017,36.06632,65.37589,1
2017,36.06733,67.41416,1
2017,36.0679,65.64984,1
2017,36.07659,64.9057,1
2017,36.07878,64.852,1
2017,36.07956,64.90596,3
2017,36.0807,-115.13693,1
2017,36.08363,36.5031,1
2017,36.085,35.98056,1
2017,36.09326,64.85002,1
2017,36.09611,43.32917,1
2017,36.09819,43.32877,1
2017,36.09932,41.7352,1
2017,36.09984,66.20771,1
2017,36.1026,42.52455,1
2017,36.10513,66.28672,1
2017,36.10611,41.36119,1
2017,36.1072,64.84029,1
2017,36.10832,64.86009,1
2017,36.11659,64.86402,1
2017,36.11765,42.93469,1
2017,36.11778,68.71194,1
2017,36.12129,37.34379,1
2017,36.12192,41.29565,1
2017,36.12291,65.42349,3
2017,36.13299,42.57218,1
2017,36.13834,43.00027,1
2017,36.13976,41.31292,1
2017,36.14438,65.75432,2
2017,36.14575,65.44408,1
2017,36.15029,65.716,1
2017,36.15037,43.25371,1
2017,36.15056,41.84889,1
2017,36.15241,41.71039,1
2017,36.1538,43.20168,1
2017,36.15653,37.70788,1
2017,36.157,68.72031,1
2017,36.15806,43.25944,2
2017,36.15856,43.2551,8
2017,36.16357,65.34543,2
2017,36.16734,65.4639,1
2017,36.16908,43.48241,1
2017,36.17147,-86.7843,1
2017,36.17238,65.46335,1
2017,36.17734,41.86448,1
2017,36.1789,68.74531,1
2017,36.18172,65.81892,1
2017,36.18317,43.44167,1
2017,36.18375,41.75874,1
2017,36.18388,64.87504,2
2017,36.18501,45.12584,1
2017,36.18629,43.20197,1
2017,36.18763,43.17308,1
2017,36.18767,65.35054,1
2017,36.18798,69.33543,2
2017,36.19121,65.34987,1
2017,36.19259,44.00462,1
2017,36.19444,43.20889,1
2017,36.19529,64.86634,1
2017,36.19726,43.08032,1
2017,36.20172,37.14352,14
2017,36.20211,37.13426,1
2017,36.20637,42.74994,1
2017,36.20646,65.05819,2
2017,36.20884,36.71998,1
2017,36.2094,42.91646,1
2017,36.20972,65.36333,2
2017,36.21003,64.8625,1
2017,36.21308,36.76951,2
2017,36.21444,43.04111,1
2017,36.21667,69.15,1
2017,36.21667,69.24611,1
2017,36.21766,65.93304,2
2017,36.21927,69.1865,2
2017,36.22869,43.10565,1
2017,36.22957,42.23624,3
2017,36.23028,36.69293,1
2017,36.23056,69.57421,1
2017,36.23101,64.87527,1
2017,36.23153,36.94813,1
2017,36.23274,64.8493,1
2017,36.23496,36.7612,1
2017,36.23722,42.8425,1
2017,36.23828,64.86445,3
2017,36.23828,64.86456,1
2017,36.23847,64.86486,1
2017,36.23882,42.86908,1
2017,36.23889,42.93806,1
2017,36.24922,41.90191,1
2017,36.25885,42.01654,1
2017,36.26339,42.45484,1
2017,36.26383,42.70767,2
2017,36.26568,68.0174,1
2017,36.26578,41.95611,1
2017,36.26693,68.01969,2
2017,36.27311,43.15937,1
2017,36.27345,37.00094,1
2017,36.27736,64.8855,1
2017,36.27928,42.99071,1
2017,36.28021,41.8173,1
2017,36.28357,42.83004,4
2017,36.2861,42.40774,1
2017,36.28917,42.64417,1
2017,36.28942,42.41185,1
2017,36.29018,64.89045,1
2017,36.29283,68.66651,1
2017,36.29844,68.63803,1
2017,36.30348,42.97151,1
2017,36.30383,65.48208,1
2017,36.30524,69.52612,1
2017,36.31045,68.83388,1
2017,36.31361,69.26028,1
2017,36.31422,41.86244,1
2017,36.31522,67.96467,1
2017,36.31834,42.21035,3
2017,36.31879,6.8322,1
2017,36.31939,41.86148,4
2017,36.32226,41.86391,1
2017,36.33245,68.76319,1
2017,36.33359,36.19854,1
2017,36.33859,42.42828,1
2017,36.33975,6.59061,1
2017,36.34021,43.13021,1
2017,36.34708,43.41385,1
2017,36.34944,42.26556,1
2017,36.3497,42.98023,1
2017,36.34973,69.47614,1
2017,36.35415,43.14357,496
2017,36.35901,42.30393,1
2017,36.3662,37.51228,4
2017,36.36894,6.61986,1
2017,36.37015,66.89158,1
2017,36.37018,42.97974,1
2017,36.37096,42.52943,8
2017,36.37118,42.3848,2
2017,36.37417,42.45,1
2017,36.3745,42.45606,1
2017,36.37682,42.44888,23
2017,36.37848,42.49575,1
2017,36.3796,41.71847,1
2017,36.3825,42.21667,1
2017,36.38426,42.3292,1
2017,36.38528,42.88889,1
2017,36.38882,42.87461,1
2017,36.3949,42.98584,1
2017,36.40185,36.34981,5
2017,36.40316,64.89558,1
2017,36.40739,42.96462,5
2017,36.40917,37.57806,1
2017,36.41191,43.04293,2
2017,36.41234,64.89436,1
2017,36.41259,43.01623,1
2017,36.42065,69.35927,1
2017,36.42376,42.9835,1
2017,36.42443,65.02325,2
2017,36.43028,36.17417,1
2017,36.43082,64.9236,1
2017,36.43289,37.44213,1
2017,36.43324,42.80068,1
2017,36.43456,43.15842,1
2017,36.43667,70.79111,1
2017,36.44528,37.62722,1
2017,36.45541,42.48558,1
2017,36.45617,64.88846,1
2017,36.45672,64.99241,1
2017,36.46141,42.68192,1
2017,36.46586,70.2917,1
2017,36.46673,2.68988,1
2017,36.46806,41.6168,2
2017,36.47222,70.33167,1
2017,36.48258,37.1971,1
2017,36.48615,42.41819,7
2017,36.48752,42.92367,1
2017,36.48888,43.09377,1
2017,36.49929,2.38136,1
2017,36.50589,42.376,1
2017,36.50741,65.00085,1
2017,36.50853,42.84222,1
2017,36.50876,42.67184,1
2017,36.51378,42.73519,1
2017,36.51861,42.35348,1
2017,36.52209,69.07316,1
2017,36.52706,64.91712,1
2017,36.52856,37.95409,3
2017,36.52904,68.89497,1
2017,36.53594,65.07135,1
2017,36.54011,66.65672,1
2017,36.54121,43.02297,1
2017,36.54232,68.8798,1
2017,36.545,42.88361,1
2017,36.54576,71.34087,1
2017,36.54875,3.11004,1
2017,36.55622,66.62992,1
2017,36.56979,66.684,1
2017,36.5725,69.04139,1
2017,36.58544,37.04692,5
2017,36.59236,42.21681,1
2017,36.60902,4.69155,2
2017,36.61154,68.89645,1
2017,36.63169,42.28825,1
2017,36.63533,44.99289,1
2017,36.65598,39.75863,1
2017,36.6591,66.98448,1
2017,36.6609,42.60528,2
2017,36.66837,68.88261,1
2017,36.66858,69.00946,2
2017,36.6753,66.55991,1
2017,36.67764,69.12155,1
2017,36.68058,69.1118,1
2017,36.68176,37.02998,1
2017,36.68253,69.11547,1
2017,36.68583,68.81972,1
2017,36.68834,40.19663,1
2017,36.69414,68.81503,1
2017,36.69439,71.14524,1
2017,36.69733,69.10718,1
2017,36.6975,66.72222,1
2017,36.70028,37.4468,1
2017,36.7025,67.74194,1
2017,36.70355,68.84708,2
2017,36.70458,69.07066,1
2017,36.70483,68.78856,1
2017,36.70578,68.87706,12
2017,36.70993,67.1157,7
2017,36.71179,64.92332,1
2017,36.71338,38.94879,1
2017,36.71402,69.09169,1
2017,36.71469,67.69359,1
2017,36.71833,68.76532,1
2017,36.71872,68.99046,1
2017,36.71928,37.11557,1
2017,36.72525,66.59564,1
2017,36.72806,43.3425,1
2017,36.72859,68.86807,3
2017,36.74359,68.71236,1
2017,36.74919,68.70827,1
2017,36.74968,41.59673,1
2017,36.75194,68.70474,1
2017,36.75857,44.72174,1
2017,36.77033,42.18819,2
2017,36.78306,-119.7941,2
2017,36.78316,66.39761,1
2017,36.78333,34.6,2
2017,36.78732,69.02182,1
2017,36.79156,68.82943,1
2017,36.8,68.8,1
2017,36.80439,42.07857,1
2017,36.80791,42.07141,1
2017,36.81403,10.14094,1
2017,36.81895,-107.98256,1
2017,36.82014,68.68209,2
2017,36.82339,66.28162,1
2017,36.83,69.25639,1
2017,36.83288,66.26525,1
2017,36.83706,70.28057,1
2017,36.83884,42.9464,1
2017,36.84582,66.24728,1
2017,36.85189,68.7118,1
2017,36.85334,40.04737,1
2017,36.85489,66.21451,1
2017,36.85737,34.39764,1
2017,36.86484,66.19755,1
2017,36.86576,66.46624,1
2017,36.86889,42.9464,1
2017,36.87152,6.91018,1
2017,36.89697,65.66586,1
2017,36.89956,66.18637,1
2017,36.90218,42.25146,1
2017,36.91713,66.19649,1
2017,36.92971,66.4788,1
2017,36.9336,70.72746,1
2017,36.95334,66.25648,2
2017,36.95428,65.1264,1
2017,36.95762,69.15256,1
2017,36.95955,65.06299,1
2017,36.96933,68.51052,1
2017,36.96959,69.16618,1
2017,36.97034,69.16973,1
2017,36.97559,38.4264,1
2017,36.97564,70.92694,1
2017,36.98606,69.17572,1
2017,36.98747,69.11526,1
2017,36.99014,69.3977,1
2017,36.99266,66.01784,1
2017,36.99299,66.29736,1
2017,36.99557,35.30289,1
2017,36.99931,66.75743,1
2017,37.00199,69.39284,1
2017,37.01528,42.55694,1
2017,37.01664,69.36664,1
2017,37.03088,69.17512,1
2017,37.03093,70.89189,1
2017,37.03583,64.94222,1
2017,37.03826,69.16325,1
2017,37.04123,70.62443,1
2017,37.04529,43.34035,1
2017,37.05336,41.22734,2
2017,37.06039,68.81988,1
2017,37.06604,69.42131,1
2017,37.06763,37.37315,2
2017,37.06915,69.42618,1
2017,37.07809,68.81606,1
2017,37.07952,44.30804,1
2017,37.08018,41.22019,3
2017,37.08133,68.3291,1
2017,37.10171,70.55524,1
2017,37.10503,69.4222,1
2017,37.10783,70.56756,2
2017,37.12396,44.06317,1
2017,37.12986,69.41566,1
2017,37.13754,69.37268,1
2017,37.14167,69.80444,1
2017,37.15392,69.4343,1
2017,37.15398,69.43452,6
2017,37.15547,69.37747,1
2017,37.15618,68.95663,1
2017,37.15775,68.88243,1
2017,37.15784,68.88242,1
2017,37.17532,43.01229,1
2017,37.17867,68.9169,2
2017,37.18137,70.61492,1
2017,37.18189,68.91382,1
2017,37.18427,68.9154,1
2017,37.18452,43.29822,1
2017,37.20152,40.58248,1
2017,37.20219,69.49996,1
2017,37.21655,43.37623,1
2017,37.23587,39.76238,1
2017,37.24629,44.65099,1
2017,37.24636,44.65006,1
2017,37.25056,43.61667,2
2017,37.25253,65.6426,1
2017,37.25556,44.65057,1
2017,37.26371,43.52622,1
2017,37.2758,44.50173,1
2017,37.29371,43.67119,12
2017,37.29682,43.67159,1
2017,37.29889,70.56389,1
2017,37.3,44.56667,4
2017,37.30004,44.57279,1
2017,37.30254,44.53095,1
2017,37.30255,44.53134,1
2017,37.30271,44.51561,1
2017,37.30324,43.58608,1
2017,37.30344,44.57696,3
2017,37.30554,42.49832,1
2017,37.31824,70.38573,2
2017,37.32764,70.38291,1
2017,37.33007,43.52617,7
2017,37.33171,42.18433,1
2017,37.33226,43.93893,1
2017,37.33235,42.18547,1
2017,37.33772,69.57709,1
2017,37.33915,69.58481,1
2017,37.33917,69.5825,3
2017,37.3399,69.56578,1
2017,37.34041,69.54712,1
2017,37.34296,69.56524,1
2017,37.34459,69.5378,3
2017,37.34499,69.53734,1
2017,37.34528,69.535,1
2017,37.35357,69.50899,3
2017,37.36417,69.55889,1
2017,37.39361,44.57513,1
2017,37.40044,43.49954,1
2017,37.41667,42.9,1
2017,37.41875,42.49183,1
2017,37.42205,42.4895,1
2017,37.42533,69.85988,1
2017,37.42918,42.88313,3
2017,37.44074,42.11075,1
2017,37.44173,69.62518,1
2017,37.44484,69.86419,1
2017,37.44778,70.0275,1
2017,37.44944,42.57444,1
2017,37.44975,42.85693,1
2017,37.45033,69.85047,1
2017,37.45327,42.85685,1
2017,37.45368,69.67289,1
2017,37.45543,42.85656,1
2017,37.45997,69.52612,2
2017,37.46611,44.06444,1
2017,37.47448,42.70943,1
2017,37.48328,65.81674,1
2017,37.50968,44.5852,1
2017,37.52176,42.44901,1
2017,37.52759,42.45576,1
2017,37.54129,40.54877,1
2017,37.54577,42.21888,1
2017,37.54618,41.72038,1
2017,37.55808,44.54374,1
2017,37.55891,43.61246,1
2017,37.56613,43.76149,1
2017,37.56667,44.28333,2
2017,37.56955,44.25916,1
2017,37.56955,70.58801,1
2017,37.57157,70.52343,1
2017,37.57172,44.2823,2
2017,37.57743,43.73678,1
2017,37.57911,43.73465,1
2017,37.60392,44.21279,1
2017,37.61587,42.38079,1
2017,37.61667,43.16667,1
2017,37.62144,78.28365,1
2017,37.62702,70.71685,1
2017,37.6306,70.71804,1
2017,37.7147,44.60304,1
2017,37.71773,44.6032,1
2017,37.72414,40.41348,1
2017,37.74038,41.83564,1
2017,37.75052,42.17988,1
2017,37.75415,39.31676,1
2017,37.80929,40.35975,1
2017,37.81725,42.91606,1
2017,37.83612,68.77572,2
2017,37.86806,40.24417,1
2017,37.86974,40.24231,1
2017,37.88022,42.62362,2
2017,37.89632,42.50758,1
2017,37.92222,40.18438,6
2017,37.96602,23.66321,1
2017,37.96633,23.64599,1
2017,37.96989,23.64222,1
2017,37.98529,44.04521,1
2017,37.99749,23.76273,33
2017,38.0,71.0,1
2017,38.01574,43.05895,1
2017,38.0375,-78.4855,1
2017,38.04234,-84.45873,2
2017,38.06138,23.58975,1
2017,38.09677,42.13439,1
2017,38.1266,41.00556,2
2017,38.14144,41.29471,1
2017,38.14222,23.84111,1
2017,38.14524,43.49501,1
2017,38.15907,41.73215,1
2017,38.16,41.73247,1
2017,38.1784,41.49557,1
2017,38.24995,40.7644,1
2017,38.25926,-122.03245,3
2017,38.25969,42.49869,1
2017,38.27343,40.76568,1
2017,38.32902,27.28888,1
2017,38.33377,41.42029,1
2017,38.35896,-121.96804,1
2017,38.37331,40.07558,1
2017,38.38548,27.17471,2
2017,38.39565,27.13564,1
2017,38.40057,42.1095,1
2017,38.44438,40.84036,1
2017,38.45,40.65,1
2017,38.46017,40.64483,1
2017,38.47858,27.13998,1
2017,38.55843,40.63617,1
2017,38.62321,40.53679,1
2017,38.6676,40.8075,1
2017,38.67113,40.57633,1
2017,38.72437,44.03186,1
2017,38.81881,-77.0868,1
2017,38.88318,-94.81977,1
2017,38.88546,40.49662,1
2017,38.95565,40.03622,1
2017,38.99454,43.76726,1
2017,38.99603,-76.93371,1
2017,39.02907,43.35915,1
2017,39.10617,39.54826,1
2017,39.1214,44.02113,1
2017,39.12394,-94.55414,2
2017,39.14194,43.91389,1
2017,39.16492,39.21577,1
2017,39.20935,-85.91827,1
2017,39.29662,39.43011,1
2017,39.30318,44.51457,1
2017,39.51482,39.87194,1
2017,39.54707,44.06878,1
2017,39.54722,44.08333,2
2017,39.66473,46.95107,1
2017,39.76217,-104.87581,1
2017,40.11442,-88.27357,1
2017,40.14065,43.11912,1
2017,40.25304,-99.63222,1
2017,40.27522,-76.88425,2
2017,40.2761,-76.58474,2
2017,40.29221,9.58702,1
2017,40.57972,22.95072,1
2017,40.62066,22.952,5
2017,40.69426,-73.93068,8
2017,40.78839,48.15223,1
2017,40.81293,39.61153,1
2017,40.81422,39.61066,1
2017,40.93315,72.98149,1
2017,41.02968,21.32922,1
2017,41.06667,1.06036,1
2017,41.10618,28.68986,10
2017,41.22646,28.64864,1
2017,41.40064,2.15091,2
2017,41.44652,44.173,1
2017,41.77269,12.70952,1
2017,41.83735,-87.6862,1
2017,41.89096,12.49007,3
2017,42.06908,19.50337,1
2017,42.30633,9.15071,1
2017,42.30765,9.15049,1
2017,42.31564,-71.09091,1
2017,42.6311,9.43826,1
2017,42.65798,9.41422,1
2017,42.66291,21.1655,3
2017,42.7,9.44732,1
2017,42.77182,20.51711,1
2017,42.87462,74.56976,1
2017,42.87472,74.61222,1
2017,42.8762,47.63936,1
2017,42.88898,13.7728,1
2017,42.89139,20.866,1
2017,42.8994,20.86811,1
2017,42.91667,20.68333,2
2017,42.98479,-71.4447,1
2017,43.02356,-83.69216,1
2017,43.08333,45.4499,1
2017,43.14347,45.90429,1
2017,43.17857,3.00077,1
2017,43.25,46.58333,1
2017,43.26924,44.90858,1
2017,43.2744,44.77196,1
2017,43.28215,44.916,1
2017,43.30818,-1.24526,1
2017,43.31719,5.3901,2
2017,43.42894,-79.8394,1
2017,43.50539,44.58349,2
2017,43.50539,44.5835,1
2017,43.60048,46.77673,1
2017,43.62218,1.43132,1
2017,43.66272,45.32058,1
2017,43.7252,-79.38703,2
2017,43.76956,11.25581,1
2017,43.84511,46.70164,1
2017,44.53889,41.95056,1
2017,44.6422,4.48161,1
2017,44.69128,5.09128,1
2017,44.72879,5.02428,1
2017,44.78657,20.44892,1
2017,44.83061,-93.31513,1
2017,45.03927,38.98722,1
2017,45.07273,7.67954,2
2017,45.18235,5.72123,4
2017,45.21405,5.79478,1
2017,45.41526,-75.69693,1
2017,45.4296,40.55404,1
2017,45.44102,4.38455,1
2017,45.45589,-73.56775,1
2017,45.46921,9.17451,1
2017,45.47239,-73.58194,1
2017,45.50682,-73.56669,1
2017,45.52254,-73.58478,1
2017,45.53716,-122.65007,1
2017,45.65724,-73.56711,1
2017,45.8353,1.2625,1
2017,45.88987,-111.55218,1
2017,46.32268,-73.64343,1
2017,46.3588,48.05994,2
2017,46.4699,30.74679,1
2017,46.47424,30.72007,1
2017,46.47481,30.71514,1
2017,46.48215,30.72346,1
2017,46.48253,30.72331,1
2017,46.6758,-97.81626,1
2017,46.77791,-71.30536,1
2017,46.7806,4.8528,1
2017,46.78157,4.851,1
2017,46.81403,-71.20787,1
2017,46.82904,-100.8871,1
2017,47.09713,37.54337,1
2017,47.10517,37.55089,1
2017,47.23571,39.7015,1
2017,47.31173,5.06147,2
2017,47.3125,5.07083,1
2017,47.31291,5.06607,1
2017,47.38876,-122.21288,1
2017,47.59344,7.61981,1
2017,47.59512,-122.15355,1
2017,47.66709,-117.43301,1
2017,47.76965,37.58198,1
2017,47.88808,40.06768,1
2017,47.91048,33.39178,1
2017,47.94229,37.50403,2
2017,47.99546,37.80286,1
2017,48.00246,37.82642,1
2017,48.00278,37.80528,1
2017,48.01588,37.80285,2
2017,48.12083,37.76196,1
2017,48.12776,37.86248,1
2017,48.12784,37.85624,1
2017,48.1336,37.80722,1
2017,48.14,37.74,1
2017,48.14143,37.75868,1
2017,48.14519,37.74279,1
2017,48.14524,37.74501,1
2017,48.14528,37.745,1
2017,48.14536,37.74495,1
2017,48.2187,37.88365,1
2017,48.25968,37.37666,2
2017,48.30694,14.28583,1
2017,48.37404,34.97627,1
2017,48.47686,37.6243,1
2017,48.50273,135.06626,1
2017,48.52312,34.61368,1
2017,48.57248,39.30687,1
2017,48.57404,39.30782,2
2017,48.66201,39.4776,1
2017,48.66214,39.46928,1
2017,48.67032,39.47221,1
2017,48.67058,39.47193,1
2017,48.67067,39.47208,1
2017,48.72816,2.3644,1
2017,48.73722,38.92874,1
2017,48.74833,30.21775,1
2017,48.7836,2.45418,2
2017,48.79628,2.42119,1
2017,48.82959,23.17579,1
2017,48.85664,2.34233,11
2017,48.89507,2.28688,1
2017,49.43488,32.06736,1
2017,49.48439,36.86836,1
2017,49.54147,35.69476,1
2017,49.6627,18.59949,1
2017,49.77815,23.97678,1
2017,49.79425,23.15233,1
2017,49.8406,24.03029,1
2017,49.9935,36.23038,1
2017,50.26256,30.28922,1
2017,50.42773,30.45226,1
2017,50.43225,-3.6857,1
2017,50.4382,30.45611,1
2017,50.44324,30.51745,1
2017,50.4436,30.52049,1
2017,50.44919,30.53223,1
2017,50.4501,30.5234,2
2017,50.46243,14.91069,1
2017,50.46575,30.43264,1
2017,50.46904,30.51316,1
2017,50.50771,14.75815,1
2017,50.6199,26.25162,1
2017,50.63256,5.57967,1
2017,50.73751,25.36637,1
2017,50.81948,-0.12604,1
2017,50.83643,4.36742,2
2017,50.94567,6.97322,1
2017,51.03802,-114.06099,1
2017,51.06419,-0.33192,1
2017,51.0642,-0.33242,1
2017,51.06424,13.7568,1
2017,51.06464,-0.33085,2
2017,51.18712,-114.82476,1
2017,51.30152,7.67144,1
2017,51.34224,12.37477,4
2017,51.36736,11.29548,1
2017,51.50438,-0.14004,9
2017,51.51423,7.46443,1
2017,51.5369,7.20092,1
2017,51.87638,0.55273,1
2017,51.91333,-8.43417,1
2017,51.93486,-8.56457,1
2017,52.25427,18.91347,1
2017,52.28697,104.30502,1
2017,52.36586,4.8954,1
2017,52.50153,13.40185,8
2017,52.52381,-8.9371,1
2017,52.6,-8.6,1
2017,52.66052,-8.63215,1
2017,52.66646,-1.15191,1
2017,52.76161,-1.93612,1
2017,52.76212,13.02862,1
2017,52.81026,-6.89793,1
2017,53.00224,-7.05551,1
2017,53.07832,10.57414,1
2017,53.08272,8.81523,1
2017,53.22056,-6.65931,1
2017,53.24837,-6.12844,1
2017,53.27553,-7.49338,1
2017,53.2849,-6.36717,1
2017,53.33673,-2.80007,1
2017,53.34128,-6.94516,1
2017,53.3588,-2.27273,1
2017,53.36058,-2.83019,1
2017,53.36167,-6.24548,3
2017,53.46706,-2.66596,1
2017,53.48184,-2.24213,1
2017,53.48823,-2.24403,1
2017,53.49484,-2.26314,1
2017,53.49934,-2.17334,1
2017,53.51782,-2.2718,1
2017,53.51916,-2.27077,1
2017,53.53049,-2.11096,1
2017,53.54885,9.99557,1
2017,53.54922,-113.50783,1
2017,53.55106,9.99367,1
2017,53.55143,9.9912,1
2017,53.55907,-113.4789,1
2017,53.56081,9.97939,1
2017,53.57502,9.95927,1
2017,53.62142,9.90683,1
2017,53.64883,-2.09829,1
2017,53.69782,91.69632,1
2017,53.71608,-6.35016,2
2017,54.18305,-6.34139,1
2017,54.26569,-5.61246,1
2017,54.35822,-6.65227,1
2017,54.42445,-6.42048,1
2017,54.44939,-6.35521,1
2017,54.46935,-7.63323,1
2017,54.50511,-5.78081,1
2017,54.50853,-6.76313,1
2017,54.55269,-6.01631,3
2017,54.55618,-1.23669,1
2017,54.57786,-6.68263,1
2017,54.59362,-5.80623,1
2017,54.59772,-7.30996,1
2017,54.60771,-5.95621,30
2017,54.62042,-6.21114,1
2017,54.64182,-6.74439,1
2017,54.65312,-5.92053,1
2017,54.6542,-5.67306,1
2017,54.68832,-3.5174,1
2017,54.72846,-5.8379,1
2017,54.7587,-6.04852,1
2017,54.78481,-7.47198,1
2017,54.81785,-7.44746,1
2017,54.81916,-7.46791,4
2017,54.85168,-5.83956,1
2017,54.85374,-5.8142,1
2017,54.86126,-5.84754,1
2017,54.86216,-5.84474,1
2017,54.86452,-5.83766,1
2017,54.86455,-5.84012,1
2017,54.86502,-5.85224,1
2017,54.86509,-6.27247,2
2017,54.91669,-6.96866,1
2017,54.92586,-6.92118,1
2017,54.96739,-5.96023,1
2017,54.97935,-7.21596,1
2017,55.01156,-7.31204,16
2017,55.04633,-7.27896,1
2017,55.07114,-6.51315,2
2017,55.20668,-6.51982,1
2017,55.20686,-6.52165,1
2017,55.43119,13.82442,2
2017,55.56032,13.02018,3
2017,55.75138,37.57991,3
2017,55.92037,-3.27327,1
2017,56.00108,36.87295,1
2017,57.42187,25.90257,1
2017,57.65283,11.91075,1
2017,57.70573,11.97178,1
2017,57.70887,11.97456,2
2017,58.1977,12.235,1
2017,58.3391,12.35887,1
2017,58.60304,49.63666,1
2017,59.13266,12.93011,1
2017,59.27394,15.21412,1
2017,59.33272,18.06228,1
2017,59.3332,13.43328,1
2017,59.41362,17.82511,1
2017,59.85337,30.34843,5
2017,59.91218,10.76282,1
2017,60.16986,24.93838,1
2017,60.45496,22.26878,1
2017,61.25,73.43333,1
2017,61.30567,17.05815,1
2017,63.10129,14.8276,1
2018,-40.80434,-73.28341,1
2018,-39.53011,-72.31214,1
2018,-38.99037,-72.92937,1
2018,-38.9833,-72.64173,1
2018,-38.9573,-72.62693,1
2018,-38.93206,-72.02798,1
2018,-38.89655,-71.91829,1
2018,-38.87007,-72.55373,1
2018,-38.76389,-72.75024,1
2018,-38.70966,-73.16395,1
2018,-38.70879,-73.15518,1
2018,-38.69469,-72.46779,1
2018,-38.67172,-72.22306,1
2018,-38.5321,-72.43626,2
2018,-38.44242,-71.8874,1
2018,-38.2764,-72.34203,1
2018,-38.16567,-72.90459,1
2018,-38.16485,-72.90525,1
2018,-38.16417,-72.90258,1
2018,-38.11537,-72.33708,1
2018,-38.05843,-72.37798,1
2018,-38.05542,-72.38309,1
2018,-38.03878,-72.45626,1
2018,-38.01598,-73.24573,1
2018,-37.95827,-72.43212,1
2018,-37.95494,-72.42559,1
2018,-37.86092,-73.43558,1
2018,-37.81363,144.96306,1
2018,-37.71889,-72.24083,1
2018,-37.67388,145.07534,1
2018,-37.66698,-72.01942,1
2018,-37.62612,-73.46227,1
2018,-37.47624,-73.34212,1
2018,-37.46007,-73.40112,1
2018,-37.24578,-73.31666,1
2018,-34.68631,-58.52847,3
2018,-34.61768,-58.44444,2
2018,-33.89296,18.59349,4
2018,-33.68617,-71.21074,1
2018,-33.61795,-70.59062,1
2018,-33.52423,-70.76538,1
2018,-33.46309,18.72252,1
2018,-33.36624,-70.5053,10
2018,-31.76449,-52.34599,1
2018,-30.74889,30.44591,1
2018,-30.26288,29.93958,1
2018,-30.25639,30.10692,1
2018,-30.13328,30.75224,1
2018,-30.05073,152.97678,1
2018,-29.96875,30.88434,1
2018,-29.92319,30.89332,1
2018,-29.85756,31.02416,1
2018,-29.85599,30.77522,1
2018,-29.84932,30.93693,1
2018,-29.84466,31.00914,1
2018,-29.83852,31.00822,1
2018,-29.78427,31.0398,2
2018,-29.66894,31.03829,2
2018,-29.05486,30.60848,1
2018,-28.87007,31.9743,1
2018,-28.76152,32.03806,1
2018,-28.73048,29.35117,1
2018,-28.30226,31.41996,1
2018,-27.76029,30.80881,1
2018,-26.2041,28.0473,2
2018,-26.19316,28.04715,8
2018,-26.18649,28.05221,1
2018,-25.96436,32.57124,1
2018,-25.6798,28.7382,1
2018,-25.65445,27.25585,1
2018,-25.58634,28.08221,1
2018,-25.5253,-48.52307,1
2018,-25.448,-52.90993,1
2018,-25.42367,27.96423,1
2018,-25.3993,-49.28798,1
2018,-25.36871,-49.23658,1
2018,-25.27527,33.24194,1
2018,-24.19487,-56.56165,1
2018,-24.00912,-56.13434,1
2018,-23.86535,-56.44744,1
2018,-23.80084,-56.5028,1
2018,-22.93281,-47.07304,1
2018,-22.92305,-43.37398,1
2018,-22.90685,-43.1729,1
2018,-21.76242,-43.3434,1
2018,-21.39912,165.81646,1
2018,-21.3946,165.82734,11
2018,-21.39455,165.82725,6
2018,-20.14525,28.52909,1
2018,-17.96468,-67.10604,2
2018,-17.47059,32.26953,1
2018,-17.42212,-49.66536,1
2018,-16.5639,36.60939,1
2018,-16.40802,-71.53634,1
2018,-15.79752,-47.89189,1
2018,-14.06651,38.66797,1
2018,-13.96226,33.7744,1
2018,-13.95813,33.75457,1
2018,-13.34973,38.56379,1
2018,-12.78823,-74.38757,1
2018,-12.34427,40.3148,1
2018,-12.34273,40.58759,1
2018,-12.33355,39.32062,1
2018,-12.23351,40.14132,1
2018,-12.21381,44.43706,1
2018,-12.1695,40.47495,1
2018,-12.12894,40.47787,1
2018,-12.10245,39.88168,1
2018,-12.09194,40.46002,1
2018,-12.06974,40.47836,1
2018,-12.06974,40.47837,1
2018,-12.06311,40.01336,2
2018,-12.04329,40.14527,2
2018,-12.02181,40.15782,1
2018,-12.00735,40.45464,1
2018,-11.98457,40.44484,1
2018,-11.94244,39.96194,1
2018,-11.93652,39.98768,1
2018,-11.93553,40.37927,1
2018,-11.92166,39.0772,1
2018,-11.89574,40.43197,1
2018,-11.75397,40.43798,1
2018,-11.7518,40.44272,1
2018,-11.71686,43.24579,1
2018,-11.58637,40.19028,1
2018,-11.53564,39.93706,1
2018,-11.53561,39.9374,1
2018,-11.49604,39.36142,1
2018,-11.48612,39.84724,1
2018,-11.45067,-61.44102,1
2018,-11.43759,39.55193,1
2018,-11.43539,39.61338,1
2018,-11.36222,40.10472,1
2018,-11.35445,40.11583,1
2018,-11.35176,40.11404,1
2018,-11.35015,40.25106,1
2018,-11.2913,39.53467,1
2018,-11.25602,-74.63763,1
2018,-11.17631,40.41787,1
2018,-11.15305,39.73429,1
2018,-11.15296,39.73434,1
2018,-11.07432,39.67557,1
2018,-10.99029,40.47786,4
2018,-10.9794,40.26423,1
2018,-10.96652,40.41966,1
2018,-10.90324,40.39049,2
2018,-10.89722,40.05947,2
2018,-10.89603,40.05713,1
2018,-10.85492,40.58917,1
2018,-10.83418,40.43356,1
2018,-10.7933,40.47113,1
2018,-10.77437,40.47455,2
2018,-10.77407,40.47412,3
2018,-10.7673,40.42995,1
2018,-9.88561,27.81949,1
2018,-8.43512,28.6283,2
2018,-7.73252,110.40238,1
2018,-7.72555,38.93809,1
2018,-7.47261,112.66754,1
2018,-7.34916,112.69611,1
2018,-7.27539,112.72267,4
2018,-7.12693,112.33378,1
2018,-6.81671,37.66649,1
2018,-6.66534,27.24929,1
2018,-6.63,20.17251,1
2018,-6.35444,106.84813,1
2018,-6.35097,106.84889,1
2018,-6.33749,108.32776,1
2018,-6.28158,106.92759,1
2018,-6.27401,27.9249,1
2018,-6.12863,106.80309,1
2018,-5.89731,22.41461,1
2018,-5.85852,29.24142,1
2018,-5.4868,22.44644,1
2018,-5.39242,26.96764,1
2018,-5.38431,27.00121,1
2018,-5.3839,26.9906,1
2018,-5.38361,105.28181,1
2018,-5.27867,29.09783,1
2018,-5.14131,119.43028,1
2018,-5.0472,20.71225,1
2018,-4.87086,21.91392,1
2018,-4.84778,21.80601,1
2018,-4.67555,28.66732,1
2018,-4.46696,136.81782,1
2018,-4.40695,138.23748,1
2018,-4.40575,138.23619,2
2018,-4.39057,26.11774,1
2018,-4.38917,15.33762,3
2018,-4.3866,138.232,2
2018,-4.30058,28.94385,1
2018,-4.28835,28.95171,1
2018,-4.28469,39.5484,1
2018,-4.283,39.56679,1
2018,-4.28161,39.54006,1
2018,-4.27687,29.21643,1
2018,-4.27117,138.09691,4
2018,-4.26993,138.08035,1
2018,-4.14744,137.09132,1
2018,-4.13694,137.0905,1
2018,-4.0991,29.08993,1
2018,-4.0769,-74.0274,1
2018,-4.02333,27.55028,1
2018,-3.94791,138.27479,1
2018,-3.94643,138.27479,1
2018,-3.84336,137.73842,1
2018,-3.78764,136.36247,1
2018,-3.78383,137.93172,1
2018,-3.72452,138.07787,1
2018,-3.72157,138.06051,1
2018,-3.59983,138.1002,1
2018,-3.52156,39.91024,1
2018,-3.44583,30.49778,1
2018,-3.43389,29.95806,1
2018,-3.37583,29.36411,1
2018,-3.37288,29.14487,1
2018,-3.34479,29.39181,1
2018,-3.33342,29.25394,1
2018,-3.27998,29.16043,1
2018,-3.22711,29.95093,1
2018,-3.22551,116.2408,1
2018,-3.19323,29.30614,1
2018,-3.1095,29.13843,1
2018,-3.07309,26.04139,1
2018,-3.03333,29.63333,1
2018,-3.01166,28.29944,1
2018,-2.96475,29.19267,1
2018,-2.95306,29.17528,1
2018,-2.90642,29.05289,1
2018,-2.694,27.34751,1
2018,-2.68702,29.44284,2
2018,-2.66601,29.46593,1
2018,-2.65967,27.99305,2
2018,-2.52945,29.56426,1
2018,-2.51833,32.94139,1
2018,-2.5123,28.84803,1
2018,-2.51221,28.84805,1
2018,-2.32531,40.33128,1
2018,-2.22961,27.73951,1
2018,-2.21043,40.69931,1
2018,-2.12578,40.46193,1
2018,-2.08352,40.7292,1
2018,-2.03269,16.428,1
2018,-1.9937,16.47351,1
2018,-1.94219,41.08517,1
2018,-1.90881,16.55698,1
2018,-1.90093,16.55799,1
2018,-1.90042,16.55627,1
2018,-1.86226,40.7192,1
2018,-1.86064,40.71712,1
2018,-1.7315,41.42314,1
2018,-1.68347,41.53772,2
2018,-1.6585,29.22046,3
2018,-1.65495,29.22058,1
2018,-1.64447,29.23114,1
2018,-1.60863,29.35353,1
2018,-1.59496,29.26549,1
2018,-1.56897,29.05496,1
2018,-1.56443,29.05397,1
2018,-1.54657,28.87314,1
2018,-1.45112,40.65479,1
2018,-1.42173,103.61312,1
2018,-1.39843,28.81598,2
2018,-1.38203,40.71137,1
2018,-1.38013,40.70904,1
2018,-1.3462,25.49109,1
2018,-1.33641,41.2916,1
2018,-1.27985,29.55805,1
2018,-1.21134,29.40052,1
2018,-1.20452,29.45719,1
2018,-1.20059,28.73774,1
2018,-1.18545,29.44716,1
2018,-1.15519,41.06653,1
2018,-1.15011,29.42664,1
2018,-1.14813,29.51978,1
2018,-1.13691,41.22317,1
2018,-1.11968,120.44728,2
2018,-0.9641,29.06192,1
2018,-0.95082,29.554,1
2018,-0.9092,119.86827,1
2018,-0.87481,29.12427,1
2018,-0.8284,29.53263,1
2018,-0.82352,29.74247,1
2018,-0.81052,29.59773,1
2018,-0.79177,29.04599,2
2018,-0.72697,29.01566,1
2018,-0.69145,29.38797,1
2018,-0.60755,40.02728,1
2018,-0.58309,73.23202,1
2018,-0.49086,42.19688,1
2018,-0.45358,39.64637,1
2018,-0.42908,28.46913,1
2018,-0.42157,29.76997,1
2018,-0.35785,42.54665,2
2018,-0.33784,42.52982,1
2018,-0.33384,29.18658,1
2018,-0.28622,30.0281,1
2018,-0.28228,42.48143,1
2018,-0.18768,40.38415,1
2018,-0.18024,-74.77417,1
2018,-0.17383,41.2699,1
2018,-0.15496,29.2437,1
2018,-0.15398,29.24513,1
2018,-0.15336,29.24167,1
2018,-0.15171,29.24287,1
2018,-0.14906,29.24768,2
2018,-0.14579,29.24229,1
2018,-0.14317,42.57223,1
2018,-0.09641,42.30553,1
2018,-0.07448,42.57202,2
2018,-0.04532,29.51247,1
2018,-0.04201,40.02555,2
2018,-0.00709,42.64126,2
2018,-0.00414,29.4121,1
2018,-0.00032,42.65018,1
2018,0.0052,42.65845,1
2018,0.02696,42.6832,1
2018,0.03374,28.98782,1
2018,0.08804,41.53624,1
2018,0.08889,29.48222,1
2018,0.11121,40.31424,2
2018,0.11368,29.30179,1
2018,0.11405,29.3018,1
2018,0.24815,29.77026,1
2018,0.28319,41.71717,2
2018,0.32555,32.50312,1
2018,0.32623,29.35672,1
2018,0.33739,36.75025,1
2018,0.33928,32.64732,1
2018,0.3476,32.58252,1
2018,0.34947,40.87599,1
2018,0.37643,29.30479,2
2018,0.38001,29.3773,1
2018,0.40272,34.47819,1
2018,0.41212,41.00811,2
2018,0.42233,32.54152,1
2018,0.43957,29.41838,1
2018,0.46027,29.35122,1
2018,0.47098,29.49903,1
2018,0.47442,29.50098,1
2018,0.47551,29.50066,1
2018,0.47898,29.41518,1
2018,0.49534,42.77789,1
2018,0.49574,29.4586,1
2018,0.49594,29.45961,12
2018,0.49778,29.45648,1
2018,0.49979,29.46187,1
2018,0.50463,-76.49903,1
2018,0.50499,29.46041,1
2018,0.50633,29.50337,1
2018,0.51558,42.07333,1
2018,0.53355,101.44328,1
2018,0.5421,29.49047,2
2018,0.54306,29.49071,1
2018,0.54715,25.91404,1
2018,0.56614,29.46301,1
2018,0.58533,29.86127,1
2018,0.5858,29.4836,1
2018,0.63262,29.49117,1
2018,0.63325,29.49142,1
2018,0.65146,29.49758,1
2018,0.65188,29.49766,2
2018,0.65356,29.6807,1
2018,0.65624,-79.54162,1
2018,0.67993,35.155,1
2018,0.69688,29.5197,7
2018,0.77346,29.56914,1
2018,0.77647,29.17298,1
2018,0.78095,29.6005,1
2018,0.78137,29.58898,1
2018,0.78469,43.42028,1
2018,0.80494,29.93168,1
2018,0.85317,29.61072,1
2018,0.86989,-73.84191,1
2018,0.96326,-77.65242,1
2018,1.02852,-76.61755,1
2018,1.06667,-78.58333,1
2018,1.08722,-78.98861,1
2018,1.11214,44.02103,1
2018,1.11423,44.0287,5
2018,1.11739,44.02119,1
2018,1.1382,44.00786,1
2018,1.14016,44.01104,1
2018,1.14744,-77.88325,1
2018,1.15434,44.01355,1
2018,1.15962,-78.53788,1
2018,1.18858,-78.50676,1
2018,1.21359,-77.99633,1
2018,1.2136,-77.99667,1
2018,1.22626,-76.0929,1
2018,1.25129,43.80892,1
2018,1.26948,-78.84393,1
2018,1.28392,-78.83519,2
2018,1.2851,-78.83306,1
2018,1.28915,-77.35794,1
2018,1.29888,-77.40516,1
2018,1.34457,-78.13949,1
2018,1.37427,-78.74137,2
2018,1.39285,30.43607,1
2018,1.41689,-78.43376,1
2018,1.42591,-78.31824,1
2018,1.43729,29.84778,1
2018,1.43915,29.84391,1
2018,1.48234,-78.65149,1
2018,1.4825,-78.65152,1
2018,1.49095,44.37933,1
2018,1.53013,30.96612,2
2018,1.54674,-77.46791,1
2018,1.57484,29.72521,1
2018,1.59577,29.41793,3
2018,1.61097,44.33223,1
2018,1.62136,44.51176,1
2018,1.6291,29.49603,1
2018,1.63916,44.52645,3
2018,1.63999,42.45233,1
2018,1.64675,44.56204,1
2018,1.65488,44.57428,1
2018,1.65828,44.58002,2
2018,1.68553,44.70669,1
2018,1.7046,44.69271,4
2018,1.71634,44.76869,3
2018,1.71667,30.41667,1
2018,1.71969,44.65694,1
2018,1.72333,44.75969,1
2018,1.73,44.78682,1
2018,1.73088,44.62545,1
2018,1.73792,44.61279,1
2018,1.74411,44.59697,1
2018,1.74683,40.05345,2
2018,1.77586,44.50502,1
2018,1.77762,44.46062,1
2018,1.78199,44.53549,1
2018,1.78533,44.49413,1
2018,1.78743,-78.79126,2
2018,1.78758,-78.79031,1
2018,1.7882,44.53017,3
2018,1.78964,44.52998,6
2018,1.78969,-78.794,1
2018,1.79074,44.56686,1
2018,1.79081,-78.79199,1
2018,1.7983,44.90788,1
2018,1.84657,44.83643,1
2018,1.87665,44.2479,3
2018,1.87706,45.02379,1
2018,1.91341,44.90667,1
2018,1.91344,44.90632,1
2018,1.91354,44.90654,1
2018,1.91372,44.90638,1
2018,1.91438,30.60596,1
2018,1.91805,44.7733,1
2018,1.95621,30.70242,1
2018,1.97364,30.4964,1
2018,1.97894,44.83206,2
2018,1.98737,30.71278,1
2018,1.9964,44.9884,1
2018,1.99677,44.57618,1
2018,2.00711,40.92696,1
2018,2.01623,44.65264,1
2018,2.03313,45.02844,1
2018,2.03877,45.24197,6
2018,2.05093,45.15411,1
2018,2.05524,45.05189,3
2018,2.05982,45.32611,177
2018,2.07008,45.19941,1
2018,2.07211,45.22142,7
2018,2.07272,45.25406,6
2018,2.07809,-71.99936,1
2018,2.07843,45.24782,2
2018,2.07899,40.74827,2
2018,2.08206,45.20749,7
2018,2.08263,45.20676,1
2018,2.08555,45.40267,1
2018,2.08766,45.18654,1
2018,2.09968,45.15723,2
2018,2.1103,43.52332,1
2018,2.11355,44.85159,1
2018,2.11593,-77.81188,1
2018,2.11723,45.27811,1
2018,2.11874,45.33695,1
2018,2.12876,45.13453,1
2018,2.1355,45.31931,2
2018,2.13573,45.11097,1
2018,2.14124,45.16103,1
2018,2.14262,45.11672,1
2018,2.14306,45.1159,1
2018,2.14383,45.11806,14
2018,2.14545,102.56256,1
2018,2.14868,45.15802,1
2018,2.15094,45.06417,1
2018,2.15128,45.11705,1
2018,2.15273,45.13779,1
2018,2.18336,-73.8834,1
2018,2.19899,30.56745,1
2018,2.20482,41.61965,7
2018,2.208,40.11757,1
2018,2.20976,45.1161,1
2018,2.21898,45.09783,1
2018,2.25832,45.04198,1
2018,2.26087,-76.7403,1
2018,2.26891,45.22803,1
2018,2.3029,30.9895,1
2018,2.30547,30.97616,2
2018,2.32307,45.78,1
2018,2.32543,-73.34576,1
2018,2.33191,-72.62781,1
2018,2.34583,45.41167,1
2018,2.34585,45.391,2
2018,2.34912,42.18811,1
2018,2.34931,42.28034,2
2018,2.35309,-72.8319,1
2018,2.35839,45.38629,1
2018,2.35913,45.38367,4
2018,2.3634,45.38425,1
2018,2.36863,45.01414,1
2018,2.39163,44.9891,1
2018,2.39435,45.37989,1
2018,2.40643,40.59356,1
2018,2.40719,45.36581,1
2018,2.40943,45.3963,1
2018,2.42266,45.42466,1
2018,2.4287,45.36875,1
2018,2.4351,45.41602,1
2018,2.44955,45.50925,1
2018,2.46028,40.59106,1
2018,2.46426,-72.93127,1
2018,2.4648,-77.23555,1
2018,2.46763,45.35896,1
2018,2.48925,-72.58793,1
2018,2.51104,45.36932,1
2018,2.52777,44.94126,1
2018,2.56072,45.44738,1
2018,2.57358,45.46089,1
2018,2.5781,45.47014,1
2018,2.58289,-72.59984,1
2018,2.58659,42.05879,1
2018,2.58778,-77.58015,1
2018,2.59968,-76.50126,1
2018,2.61782,45.49834,1
2018,2.61974,44.89368,3
2018,2.62242,-76.56392,1
2018,2.63535,45.37114,1
2018,2.65845,45.32406,1
2018,2.67238,41.32134,1
2018,2.67804,-76.72979,1
2018,2.68167,45.64198,1
2018,2.68704,41.39078,1
2018,2.74223,43.68876,1
2018,2.74615,41.14548,1
2018,2.76026,45.48744,1
2018,2.76046,46.32108,1
2018,2.77726,45.50064,1
2018,2.78035,45.50064,1
2018,2.78333,-76.51667,1
2018,2.79283,41.01436,4
2018,2.80909,40.92744,2
2018,2.82058,40.84186,1
2018,2.82851,42.94698,1
2018,2.84951,42.92799,1
2018,2.92735,46.16876,1
2018,2.94159,-73.22326,1
2018,2.94178,46.28285,1
2018,2.95438,-76.69541,2
2018,2.9555,-76.69398,1
2018,2.96121,45.51374,1
2018,2.96347,32.08795,1
2018,2.96528,-76.5844,1
2018,2.99571,40.92136,2
2018,3.01228,-76.48453,1
2018,3.01578,-76.6456,1
2018,3.02509,40.50902,1
2018,3.02668,43.69408,1
2018,3.03354,-76.40808,1
2018,3.03739,43.79696,7
2018,3.05369,45.63831,1
2018,3.05942,46.19933,1
2018,3.11564,43.64658,8
2018,3.12075,-76.22286,1
2018,3.12468,-76.30995,1
2018,3.13894,101.69132,1
2018,3.15007,-75.81665,1
2018,3.15329,41.33532,1
2018,3.15366,41.18541,3
2018,3.16231,42.49377,1
2018,3.17124,43.40321,2
2018,3.17222,-76.26203,1
2018,3.17278,43.52194,1
2018,3.17416,-76.2588,1
2018,3.17422,-76.25769,1
2018,3.17428,-76.25885,1
2018,3.17435,-76.2587,1
2018,3.17667,-76.26007,2
2018,3.18634,-76.68213,1
2018,3.19233,43.79883,1
2018,3.2059,-76.56825,1
2018,3.21838,-76.24568,1
2018,3.22059,-76.41546,1
2018,3.22521,-76.31343,1
2018,3.23294,-74.35409,1
2018,3.28333,41.91667,1
2018,3.31229,43.47213,4
2018,3.33367,-74.05857,1
2018,3.33696,42.21854,1
2018,3.37583,39.85639,1
2018,3.38115,45.56968,1
2018,3.38158,45.59839,3
2018,3.41222,40.7687,1
2018,3.41837,45.40546,1
2018,3.48322,41.46727,1
2018,3.50388,42.23628,1
2018,3.53766,41.95194,1
2018,3.53998,39.05284,1
2018,3.5562,41.50409,1
2018,3.57546,45.53191,1
2018,3.68411,30.77666,1
2018,3.73901,45.54249,1
2018,3.75399,42.01178,1
2018,3.80692,30.78786,1
2018,3.81095,43.2465,1
2018,3.81937,42.51217,1
2018,3.82198,43.26598,1
2018,3.82264,43.14455,1
2018,3.85325,45.56523,6
2018,3.87157,-76.97586,1
2018,3.87683,-76.99854,1
2018,3.87734,45.56044,1
2018,3.8898,45.58558,1
2018,3.92686,41.87717,4
2018,3.93112,45.66157,1
2018,3.93872,41.84471,1
2018,3.97158,11.51916,1
2018,3.99494,42.32476,1
2018,4.01086,44.51322,1
2018,4.02247,9.19544,4
2018,4.05106,9.76787,1
2018,4.0617,46.13436,1
2018,4.06726,-72.88613,1
2018,4.07508,9.36184,1
2018,4.07863,9.35898,2
2018,4.08974,9.31849,1
2018,4.09894,30.67334,3
2018,4.11086,9.22888,1
2018,4.11672,9.30742,1
2018,4.12382,15.14311,1
2018,4.12996,-74.47604,1
2018,4.15102,9.25479,1
2018,4.15336,9.26737,20
2018,4.17553,73.50936,1
2018,4.17583,46.17944,1
2018,4.18211,43.18772,1
2018,4.20995,-77.02645,1
2018,4.2306,9.33679,2
2018,4.24287,30.56279,1
2018,4.2604,15.37945,1
2018,4.29045,9.4145,2
2018,4.30049,9.44824,1
2018,4.37474,18.55129,6
2018,4.38963,46.0872,1
2018,4.39261,46.08733,1
2018,4.39697,43.90864,1
2018,4.405,9.26972,1
2018,4.46195,45.61973,1
2018,4.46362,45.28669,1
2018,4.4802,118.60988,1
2018,4.49938,9.46032,1
2018,4.5,15.16667,1
2018,4.50884,-76.23393,1
2018,4.54565,9.22915,1
2018,4.58152,22.01722,1
2018,4.58325,-77.31675,1
2018,4.58452,9.27856,1
2018,4.59996,45.43325,1
2018,4.60037,9.03776,1
2018,4.60204,9.03867,1
2018,4.605,9.09778,1
2018,4.60642,9.35898,1
2018,4.6068,9.35914,2
2018,4.61066,9.38775,1
2018,4.61234,9.40968,1
2018,4.62497,47.68442,2
2018,4.62544,47.68461,1
2018,4.62746,28.33847,1
2018,4.62922,9.44753,8
2018,4.63499,28.51745,1
2018,4.65604,47.85524,2
2018,4.65986,9.32084,1
2018,4.66441,25.85268,1
2018,4.66713,-74.10605,2
2018,4.68218,28.57359,1
2018,4.68924,45.18983,1
2018,4.69954,28.58797,1
2018,4.70571,45.20688,1
2018,4.71494,27.68353,1
2018,4.71701,25.83067,1
2018,4.72098,45.20476,1
2018,4.7233,45.22354,1
2018,4.72361,9.48399,1
2018,4.72372,-76.12006,1
2018,4.72468,7.15113,1
2018,4.72779,28.35994,1
2018,4.73538,45.2024,11
2018,4.74294,45.20094,1
2018,4.74688,22.81478,2
2018,4.75086,28.7003,1
2018,4.76329,46.67756,1
2018,4.77801,45.19727,1
2018,4.79764,29.0175,1
2018,4.79876,28.99768,1
2018,4.82052,7.05596,1
2018,4.84581,45.23996,1
2018,4.85535,31.56778,5
2018,4.87439,-76.30826,1
2018,4.88776,7.59718,1
2018,4.91763,25.26664,2
2018,4.92027,21.32942,2
2018,4.92229,9.46469,1
2018,4.93339,9.47677,1
2018,4.93385,9.4757,1
2018,4.93416,9.47519,1
2018,4.94278,44.3013,1
2018,4.95617,-76.60735,1
2018,4.95907,7.57518,1
2018,4.96921,7.62458,1
2018,4.96943,8.90945,1
2018,4.97344,8.90798,2
2018,4.97435,9.43105,1
2018,4.99365,8.34815,1
2018,4.99463,7.63311,2
2018,5.03547,15.12679,1
2018,5.03618,6.40043,1
2018,5.03784,21.20997,1
2018,5.03784,21.20998,1
2018,5.04498,7.90904,1
2018,5.05164,9.10125,1
2018,5.05356,6.95897,1
2018,5.06717,46.4704,1
2018,5.06862,9.63332,1
2018,5.06907,27.46494,1
2018,5.08175,9.76728,1
2018,5.08917,46.30222,1
2018,5.09199,6.25884,1
2018,5.09889,9.74389,1
2018,5.10072,25.54726,1
2018,5.15659,9.37547,1
2018,5.15735,9.36731,5
2018,5.1612,9.36445,1
2018,5.17935,-72.62581,2
2018,5.1818,27.95419,1
2018,5.18371,27.95468,1
2018,5.19443,31.77338,1
2018,5.22532,-72.53458,1
2018,5.28269,-76.75844,1
2018,5.28528,6.04389,1
2018,5.28661,7.41688,1
2018,5.29822,45.80316,1
2018,5.30942,120.23132,1
2018,5.32111,26.52889,1
2018,5.33692,9.41808,1
2018,5.33718,9.41727,1
2018,5.3462,-76.14338,1
2018,5.3681,5.91854,1
2018,5.37306,6.05993,1
2018,5.39507,26.4918,1
2018,5.39795,46.28014,1
2018,5.4102,25.58606,1
2018,5.45451,-73.362,1
2018,5.45876,6.20244,1
2018,5.48539,5.75546,1
2018,5.51854,7.49972,1
2018,5.52332,-72.15461,1
2018,5.52543,6.00815,1
2018,5.54464,-73.35756,1
2018,5.54512,9.50903,1
2018,5.55103,118.6935,2
2018,5.5593,95.32682,1
2018,5.56604,7.39819,1
2018,5.5719,9.48607,1
2018,5.58188,6.05525,1
2018,5.58258,-72.80173,1
2018,5.60832,5.84873,1
2018,5.61334,5.19202,1
2018,5.63928,9.19707,1
2018,5.65,9.23333,1
2018,5.65317,6.53689,1
2018,5.6548,100.51304,1
2018,5.66147,-67.58277,1
2018,5.67852,5.96244,1
2018,5.68327,9.9824,1
2018,5.68628,10.03883,2
2018,5.69336,9.87841,1
2018,5.69729,22.78257,1
2018,5.74592,9.31278,2
2018,5.75992,27.55671,1
2018,5.76355,20.67404,9
2018,5.76777,8.98385,1
2018,5.76819,8.98389,1
2018,5.78928,6.10248,1
2018,5.78931,6.10369,1
2018,5.79679,9.87323,1
2018,5.80134,7.12541,1
2018,5.80494,7.48116,1
2018,5.80934,8.8542,1
2018,5.81056,9.87917,1
2018,5.81659,27.5755,1
2018,5.82058,7.25988,1
2018,5.83548,9.92138,1
2018,5.83678,9.88894,3
2018,5.84264,9.87541,1
2018,5.85174,6.41696,1
2018,5.86251,10.10621,1
2018,5.86329,9.76825,1
2018,5.86338,7.10197,1
2018,5.86806,10.66512,1
2018,5.87625,10.14167,1
2018,5.87862,10.08134,1
2018,5.88675,10.01356,1
2018,5.88739,10.01372,1
2018,5.90014,9.99354,1
2018,5.90016,101.75238,1
2018,5.90169,10.65401,2
2018,5.92293,21.14886,1
2018,5.92905,101.366,1
2018,5.94906,27.3816,1
2018,5.95215,121.10229,1
2018,5.96372,10.15957,19
2018,5.96667,9.75,1
2018,5.97185,101.9236,1
2018,5.97196,121.2283,1
2018,5.97634,21.13874,1
2018,5.98009,10.36068,1
2018,5.98488,19.13618,1
2018,5.9865,10.43653,1
2018,5.98724,10.43741,1
2018,5.98745,101.57044,1
2018,5.98988,121.12326,1
2018,5.99344,10.44048,1
2018,5.99415,10.44528,5
2018,5.995,10.19361,1
2018,5.99556,10.44171,1
2018,5.99599,10.2604,5
2018,5.99652,10.16133,1
2018,5.99715,10.2027,1
2018,6.00206,10.28202,1
2018,6.00235,10.10271,1
2018,6.00265,120.99624,1
2018,6.00378,10.28151,1
2018,6.00681,121.15099,1
2018,6.01258,10.01919,2
2018,6.01344,10.3203,1
2018,6.01392,101.95024,3
2018,6.01641,10.45198,1
2018,6.02128,10.23727,3
2018,6.02834,121.04732,1
2018,6.0313,5.44445,1
2018,6.0334,37.58331,1
2018,6.03968,-75.70377,1
2018,6.04996,124.81621,1
2018,6.05046,121.01224,5
2018,6.05284,121.03945,1
2018,6.05583,121.05972,1
2018,6.06302,121.10229,1
2018,6.06823,101.66129,4
2018,6.06889,121.03333,1
2018,6.06892,10.44085,1
2018,6.07038,10.33611,1
2018,6.07127,121.04691,1
2018,6.08161,10.63936,1
2018,6.08459,10.12659,1
2018,6.08692,10.63852,1
2018,6.08895,10.11197,1
2018,6.08984,10.11514,1
2018,6.10098,101.18134,1
2018,6.10454,9.9044,1
2018,6.11327,101.70518,1
2018,6.11756,101.85907,3
2018,6.12509,101.91199,2
2018,6.13113,125.13076,1
2018,6.13295,6.79241,1
2018,6.13391,124.71882,1
2018,6.13415,21.1291,1
2018,6.13509,10.25689,1
2018,6.13606,10.25721,2
2018,6.13629,10.25742,1
2018,6.14801,101.48302,1
2018,6.15188,101.48402,1
2018,6.16599,101.1813,1
2018,6.16647,101.832,1
2018,6.16666,10.28333,1
2018,6.16674,10.78302,1
2018,6.16823,101.18033,1
2018,6.17028,101.72139,1
2018,6.17899,101.83217,1
2018,6.20212,10.05828,1
2018,6.20238,10.68617,1
2018,6.20246,-75.29677,1
2018,6.20596,6.69593,1
2018,6.20678,10.6801,1
2018,6.2086,10.06156,1
2018,6.2095,10.68464,1
2018,6.21033,101.82032,1
2018,6.21041,101.82076,1
2018,6.21537,102.06038,1
2018,6.21856,-76.71065,1
2018,6.22448,10.67598,1
2018,6.22465,101.64991,1
2018,6.22797,101.5079,1
2018,6.23252,101.29907,1
2018,6.24042,101.84653,1
2018,6.24154,101.37874,1
2018,6.24203,-75.56476,2
2018,6.24224,101.29799,1
2018,6.24243,10.43054,1
2018,6.2428,101.29773,2
2018,6.24574,101.28377,1
2018,6.24594,10.41733,2
2018,6.24653,10.50448,1
2018,6.24792,102.0033,2
2018,6.24855,101.33183,1
2018,6.25415,101.7296,1
2018,6.25466,6.20596,1
2018,6.25545,10.29642,1
2018,6.25562,10.29647,1
2018,6.25668,101.8781,1
2018,6.2622,101.3658,1
2018,6.26221,10.41803,1
2018,6.26421,124.65247,1
2018,6.26461,10.42596,1
2018,6.26701,10.79713,1
2018,6.27164,21.19508,1
2018,6.27315,101.70886,1
2018,6.27711,101.72025,1
2018,6.28203,10.28525,2
2018,6.28723,101.64991,1
2018,6.29663,101.51045,1
2018,6.29882,101.9568,3
2018,6.31729,6.47482,1
2018,6.33028,101.26222,1
2018,6.33679,101.6504,1
2018,6.33867,124.89996,1
2018,6.34283,27.75367,1
2018,6.34322,124.19769,1
2018,6.34904,80.09786,1
2018,6.35015,-71.48332,1
2018,6.3529,101.51356,1
2018,6.35315,101.51332,1
2018,6.35433,27.75857,1
2018,6.35465,8.05492,1
2018,6.35852,-63.58061,1
2018,6.36782,6.50156,1
2018,6.37139,6.56232,1
2018,6.37382,6.5639,1
2018,6.37803,100.9961,1
2018,6.38109,9.51059,1
2018,6.3811,9.51092,2
2018,6.38795,10.07652,1
2018,6.38807,27.77164,1
2018,6.38838,10.07689,1
2018,6.38844,10.07513,2
2018,6.39146,101.5173,1
2018,6.39161,27.7736,1
2018,6.39248,101.81851,1
2018,6.39288,101.24298,1
2018,6.40014,101.13615,1
2018,6.40719,101.70419,1
2018,6.40915,101.11375,1
2018,6.41,101.26806,1
2018,6.41271,125.09239,1
2018,6.41667,101.23333,1
2018,6.41729,6.49032,1
2018,6.42227,101.68406,1
2018,6.42425,38.27904,1
2018,6.42425,81.33248,1
2018,6.42653,10.79031,1
2018,6.42696,101.01982,1
2018,6.4287,101.57827,1
2018,6.43023,101.13922,1
2018,6.43261,10.43956,1
2018,6.43351,101.82134,1
2018,6.43511,7.52482,1
2018,6.43533,101.82229,1
2018,6.43623,101.50539,1
2018,6.44677,122.14185,1
2018,6.44765,101.0253,1
2018,6.45435,122.12634,1
2018,6.45502,7.5137,1
2018,6.45514,-71.74287,1
2018,6.45709,-71.74552,1
2018,6.4647,101.19572,1
2018,6.47037,10.43966,1
2018,6.4716,122.17243,1
2018,6.47841,101.4256,1
2018,6.47903,101.25805,2
2018,6.4829,122.01555,1
2018,6.48555,101.0909,1
2018,6.49341,17.45146,1
2018,6.49525,7.51576,1
2018,6.49766,124.84965,3
2018,6.4979,101.11644,1
2018,6.49866,5.74981,1
2018,6.50383,100.84515,1
2018,6.50468,5.60375,2
2018,6.50667,101.65806,1
2018,6.51172,101.53362,1
2018,6.51778,101.62715,1
2018,6.52325,101.15607,1
2018,6.52444,101.15833,1
2018,6.53026,101.70914,1
2018,6.53051,10.16952,1
2018,6.53665,21.9888,4
2018,6.537,101.24298,1
2018,6.54114,101.2804,3
2018,6.54485,10.89031,4
2018,6.54502,30.84772,1
2018,6.54523,122.04965,1
2018,6.5455,101.2799,2
2018,6.54731,-71.00223,2
2018,6.54896,101.63853,2
2018,6.56,101.10389,1
2018,6.56376,122.1734,1
2018,6.56672,101.55327,1
2018,6.56699,10.08633,1
2018,6.57242,9.5644,1
2018,6.57472,101.20138,1
2018,6.58268,122.1795,1
2018,6.586,101.43396,1
2018,6.58667,101.23556,1
2018,6.5875,101.33176,1
2018,6.58905,101.26365,1
2018,6.5896,101.63533,1
2018,6.59068,101.14987,1
2018,6.59822,101.56581,1
2018,6.60226,101.6019,1
2018,6.60395,101.33857,1
2018,6.60887,3.36107,1
2018,6.6107,101.63012,1
2018,6.61226,101.63003,1
2018,6.61667,101.62861,1
2018,6.61667,125.21667,1
2018,6.62258,101.20179,1
2018,6.62453,124.5916,1
2018,6.6253,101.51344,1
2018,6.62538,101.51351,1
2018,6.6301,101.64704,1
2018,6.63084,121.953,1
2018,6.63097,124.60241,1
2018,6.63139,101.29,1
2018,6.63497,101.44797,1
2018,6.641,7.40568,1
2018,6.64142,122.15701,1
2018,6.64416,101.6044,1
2018,6.65668,101.63,1
2018,6.66667,101.62361,1
2018,6.66669,19.79521,1
2018,6.66771,-71.2087,1
2018,6.66837,101.46799,1
2018,6.66895,121.85131,1
2018,6.67002,101.30851,1
2018,6.67415,101.21838,1
2018,6.6796,124.6663,1
2018,6.68095,101.55352,1
2018,6.68628,124.92034,1
2018,6.68648,101.13909,2
2018,6.68723,-71.34248,1
2018,6.68932,124.67411,1
2018,6.69074,101.63284,2
2018,6.69309,101.30907,3
2018,6.69382,101.638,1
2018,6.69635,101.30984,1
2018,6.7,124.78333,1
2018,6.70041,121.97256,7
2018,6.70185,100.9242,1
2018,6.70419,101.10373,1
2018,6.70511,124.67086,1
2018,6.71796,101.59303,2
2018,6.71812,47.56553,1
2018,6.71984,124.86794,2
2018,6.72226,101.4112,1
2018,6.72306,124.52114,1
2018,6.72602,125.2066,1
2018,6.7282,101.6044,1
2018,6.72835,101.09713,1
2018,6.73502,101.2447,1
2018,6.73581,125.18324,1
2018,6.73656,101.47367,1
2018,6.73794,122.32217,1
2018,6.74245,100.992,2
2018,6.74638,124.87019,1
2018,6.74704,101.23264,1
2018,6.75055,101.32609,1
2018,6.7526,125.23817,1
2018,6.75685,6.49988,1
2018,6.76183,101.32326,1
2018,6.76698,124.37533,1
2018,6.76745,124.39,1
2018,6.76773,124.39018,1
2018,6.76818,-71.748,2
2018,6.76998,101.29514,1
2018,6.7704,100.97746,1
2018,6.7744,47.42903,9
2018,6.78289,126.20883,1
2018,6.78416,125.16478,1
2018,6.78745,101.55335,1
2018,6.78747,100.92212,1
2018,6.78792,-71.02612,1
2018,6.78831,125.19856,1
2018,6.7889,101.48503,1
2018,6.79437,-71.77155,1
2018,6.79969,124.6331,1
2018,6.80094,-1.08332,1
2018,6.80162,101.15193,2
2018,6.80197,124.63587,1
2018,6.80428,101.50208,1
2018,6.80595,124.29661,1
2018,6.80736,101.26088,1
2018,6.80795,124.63368,1
2018,6.80991,101.48502,1
2018,6.81045,3.43365,1
2018,6.81197,101.4246,2
2018,6.81306,124.41333,1
2018,6.81954,79.88008,2
2018,6.82156,124.35342,1
2018,6.82268,101.12887,1
2018,6.82349,124.48134,1
2018,6.82887,124.75462,1
2018,6.8289,10.72022,1
2018,6.83338,124.45846,2
2018,6.83613,124.70749,1
2018,6.83622,124.8794,1
2018,6.83744,101.21298,1
2018,6.84278,124.61639,1
2018,6.84326,124.83016,1
2018,6.84328,124.82989,1
2018,6.8437,101.2693,1
2018,6.85222,101.31103,1
2018,6.85342,124.39796,1
2018,6.85475,101.26326,1
2018,6.85478,101.37139,2
2018,6.85486,101.13233,1
2018,6.85624,101.13384,1
2018,6.85859,101.49669,1
2018,6.86281,124.44365,5
2018,6.86786,101.25207,1
2018,6.868,124.47552,1
2018,6.87343,124.8934,1
2018,6.87372,124.46864,7
2018,6.87481,101.30624,1
2018,6.87581,101.31493,1
2018,6.88087,124.49957,1
2018,6.88444,124.48333,1
2018,6.88528,124.46083,1
2018,6.89472,-75.50992,1
2018,6.89499,124.42811,1
2018,6.89584,124.43092,1
2018,6.89633,-71.75593,1
2018,6.89713,124.48408,1
2018,6.90042,100.7718,2
2018,6.90849,125.09937,1
2018,6.91222,124.4531,1
2018,6.91584,124.45425,1
2018,6.91611,124.46056,1
2018,6.91754,124.63584,1
2018,6.92036,124.4582,1
2018,6.92326,125.08208,1
2018,6.92356,125.08994,1
2018,6.925,124.41571,1
2018,6.92586,124.45596,1
2018,6.9263,124.41412,1
2018,6.92909,122.07885,3
2018,6.93084,-71.85853,1
2018,6.93092,124.51,1
2018,6.93146,-71.85526,1
2018,6.93292,124.45032,2
2018,6.93313,124.88672,1
2018,6.93691,124.45071,1
2018,6.93889,-70.27164,1
2018,6.94004,124.44585,1
2018,6.9417,100.79488,1
2018,6.94226,124.41982,1
2018,6.94331,124.43758,1
2018,6.94595,124.87907,1
2018,6.94976,-71.8261,1
2018,6.95126,124.57208,1
2018,6.95418,124.3865,1
2018,6.9545,-70.61808,1
2018,6.95611,-71.8726,5
2018,6.95618,-71.87265,1
2018,6.95642,-71.85622,1
2018,6.95757,125.76525,1
2018,6.95834,3.0381,1
2018,6.96197,-75.41907,1
2018,6.96328,124.4649,1
2018,6.96341,124.46686,1
2018,6.96345,124.37362,1
2018,6.96369,124.45261,1
2018,6.9674,12.75764,1
2018,6.96926,45.34164,1
2018,6.96928,124.75198,1
2018,6.9746,-71.01466,1
2018,6.97529,125.42404,1
2018,6.97981,10.73708,1
2018,6.98056,124.38194,1
2018,6.98085,124.48292,1
2018,6.98334,-75.30655,1
2018,6.9884,-72.01065,1
2018,6.99434,-72.90687,1
2018,6.99491,124.48424,1
2018,6.99556,124.48139,2
2018,6.99679,124.4836,1
2018,6.99778,19.18097,1
2018,6.99842,124.33641,1
2018,7.00028,124.47944,1
2018,7.00265,124.19104,2
2018,7.00278,-71.40035,1
2018,7.00373,-71.53963,1
2018,7.01008,-75.69195,1
2018,7.01053,126.23664,1
2018,7.0106,-71.78306,1
2018,7.0114,-72.12037,1
2018,7.01264,29.24782,1
2018,7.01856,-72.06054,1
2018,7.0209,125.09147,1
2018,7.02192,-72.0597,1
2018,7.0221,124.52791,1
2018,7.02238,-71.38505,1
2018,7.02324,124.31545,1
2018,7.02533,124.49847,1
2018,7.02609,6.06334,1
2018,7.02933,-71.42948,2
2018,7.03453,126.3715,1
2018,7.03744,7.81158,1
2018,7.03901,7.84394,1
2018,7.04413,124.61559,1
2018,7.04974,126.34165,1
2018,7.04997,124.63943,1
2018,7.05185,124.58052,1
2018,7.05449,124.73817,1
2018,7.05471,-75.67333,1
2018,7.0548,124.6753,1
2018,7.05499,124.67266,1
2018,7.05956,7.82855,1
2018,7.06273,124.28661,1
2018,7.06667,-1.11667,1
2018,7.07276,100.40595,4
2018,7.07516,124.19213,1
2018,7.07731,124.60267,1
2018,7.07972,-74.69889,1
2018,7.08324,125.601,1
2018,7.08384,124.52514,1
2018,7.08738,-70.75868,1
2018,7.0876,-70.75804,1
2018,7.08897,125.15676,1
2018,7.09239,125.2603,1
2018,7.09389,-70.76028,1
2018,7.09502,-75.57469,1
2018,7.1,125.11669,1
2018,7.10002,16.93344,1
2018,7.10061,125.10212,1
2018,7.10189,125.11763,1
2018,7.10299,-77.71002,1
2018,7.1041,125.41293,1
2018,7.10719,124.84034,1
2018,7.10804,124.95757,1
2018,7.10981,124.82657,1
2018,7.11277,10.03597,1
2018,7.11327,-7.38815,1
2018,7.11667,124.5,1
2018,7.11778,124.48882,1
2018,7.11944,124.39791,1
2018,7.12028,124.59639,1
2018,7.12314,124.4919,1
2018,7.12887,125.11157,1
2018,7.13319,125.17087,1
2018,7.13368,124.53075,1
2018,7.1363,124.4748,1
2018,7.13666,125.15713,1
2018,7.13693,100.38348,2
2018,7.14549,125.10762,1
2018,7.14556,124.47944,1
2018,7.1497,124.23104,1
2018,7.15306,124.22111,1
2018,7.15478,126.16206,1
2018,7.15492,126.16293,1
2018,7.15551,125.06165,1
2018,7.15655,124.22265,1
2018,7.15861,124.5725,1
2018,7.1622,124.56945,1
2018,7.16349,10.24655,1
2018,7.17072,124.56414,1
2018,7.17261,-75.76468,1
2018,7.17718,-75.7643,1
2018,7.18109,124.21273,2
2018,7.18328,125.51715,1
2018,7.18455,125.09569,1
2018,7.18889,124.53298,1
2018,7.18924,5.58567,1
2018,7.19264,124.74646,2
2018,7.19438,125.35211,1
2018,7.1985,124.22271,1
2018,7.19861,-75.34122,1
2018,7.20667,10.01417,1
2018,7.2089,5.26763,1
2018,7.20959,124.24197,9
2018,7.21117,125.57126,2
2018,7.21278,9.17917,1
2018,7.21514,100.59533,2
2018,7.21516,100.59532,1
2018,7.23747,13.83818,1
2018,7.23748,125.51007,1
2018,7.24118,124.20603,1
2018,7.24394,-75.39196,1
2018,7.24955,124.40318,1
2018,7.25702,125.24005,1
2018,7.26662,125.65875,1
2018,7.26716,5.322,1
2018,7.26722,124.42861,1
2018,7.2677,-7.37108,1
2018,7.26795,5.46666,1
2018,7.27257,10.0871,2
2018,7.28372,124.43347,1
2018,7.28997,-75.39269,3
2018,7.29015,125.53258,1
2018,7.29117,-75.39215,1
2018,7.29712,125.6852,1
2018,7.30087,18.28357,1
2018,7.31044,125.85217,1
2018,7.31146,10.63088,1
2018,7.3121,125.90431,1
2018,7.31417,125.87083,1
2018,7.31667,7.13333,1
2018,7.32142,79.9772,1
2018,7.32291,10.03246,1
2018,7.32812,-72.45994,1
2018,7.32984,10.10641,1
2018,7.33257,125.17436,1
2018,7.33495,6.99836,1
2018,7.34191,8.83093,1
2018,7.35083,8.83628,1
2018,7.35564,125.69973,1
2018,7.36056,125.85785,1
2018,7.36222,-75.3275,1
2018,7.37049,125.86173,1
2018,7.37291,126.24268,1
2018,7.37365,124.26571,1
2018,7.37546,125.86047,1
2018,7.37589,5.72334,1
2018,7.38935,10.0289,1
2018,7.39016,10.00448,1
2018,7.42397,-75.39152,1
2018,7.4272,123.3991,1
2018,7.42848,125.4234,1
2018,7.4329,9.50728,1
2018,7.43778,4.26478,1
2018,7.4432,10.48933,1
2018,7.44498,8.39649,1
2018,7.45102,5.23756,1
2018,7.46055,126.05672,1
2018,7.48613,7.28687,1
2018,7.49335,9.29889,1
2018,7.49738,125.04157,1
2018,7.50225,9.82432,1
2018,7.51252,126.17626,1
2018,7.51446,125.59658,1
2018,7.51833,122.11694,1
2018,7.5296,122.92968,1
2018,7.53333,9.37778,1
2018,7.53369,125.62134,1
2018,7.53418,4.09643,1
2018,7.54335,124.14209,1
2018,7.5562,5.79982,1
2018,7.55858,7.14531,1
2018,7.56142,6.24284,1
2018,7.56278,9.31306,1
2018,7.56594,-60.73467,1
2018,7.57249,8.59683,1
2018,7.57367,9.90535,1
2018,7.58,9.08389,1
2018,7.58274,8.2049,1
2018,7.58384,9.3956,1
2018,7.58583,7.20185,1
2018,7.58617,122.14,1
2018,7.59397,7.20648,1
2018,7.59869,9.27856,7
2018,7.59919,9.27928,1
2018,7.60549,9.28003,1
2018,7.60584,-74.80626,1
2018,7.60977,126.12615,1
2018,7.61238,27.7356,1
2018,7.61699,-72.64741,1
2018,7.61979,16.96242,1
2018,7.62446,5.21627,2
2018,7.64222,125.62917,1
2018,7.64963,9.24928,1
2018,7.6539,9.01507,1
2018,7.65566,126.05128,1
2018,7.65696,9.03087,1
2018,7.65915,8.3886,1
2018,7.6605,28.00652,1
2018,7.66296,9.26258,1
2018,7.66333,9.21891,1
2018,7.66597,126.08468,1
2018,7.66716,9.24624,1
2018,7.66721,125.5001,1
2018,7.66734,9.00878,1
2018,7.66764,126.1166,1
2018,7.67,9.0247,1
2018,7.67161,9.01168,1
2018,7.67459,4.25128,1
2018,7.67772,125.52161,2
2018,7.6825,4.81417,1
2018,7.68272,9.19026,4
2018,7.68333,126.0,1
2018,7.68381,123.28126,3
2018,7.68594,9.24812,1
2018,7.68909,7.40558,1
2018,7.6921,123.19765,1
2018,7.69921,9.17218,3
2018,7.71383,9.31724,1
2018,7.7156,8.1371,1
2018,7.71639,8.13583,1
2018,7.71645,125.17087,1
2018,7.71697,125.17077,1
2018,7.71778,10.12852,1
2018,7.71889,8.46989,1
2018,7.72005,8.13163,1
2018,7.72056,8.25028,1
2018,7.73215,8.53914,1
2018,7.73311,81.68882,1
2018,7.73722,9.06917,1
2018,7.74506,8.51266,1
2018,7.7475,9.19778,1
2018,7.75164,125.95414,1
2018,7.75229,9.12348,1
2018,7.75776,7.01419,1
2018,7.76098,4.89641,1
2018,7.76348,7.46416,1
2018,7.76722,-73.39881,1
2018,7.77444,9.28972,1
2018,7.77512,7.01567,1
2018,7.78099,7.44396,1
2018,7.78143,8.96182,1
2018,7.78473,9.2362,1
2018,7.78889,7.3163,1
2018,7.79123,125.19929,1
2018,7.79557,33.0032,1
2018,7.79682,7.52766,2
2018,7.79944,8.18806,1
2018,7.79972,9.02048,1
2018,7.80178,7.52249,1
2018,7.80482,7.32044,1
2018,7.80955,7.44704,1
2018,7.80961,9.47686,1
2018,7.81293,9.24468,1
2018,7.81861,9.24528,2
2018,7.81942,9.24492,1
2018,7.82083,124.06693,1
2018,7.82142,8.86164,1
2018,7.82307,126.05537,2
2018,7.8252,123.43738,1
2018,7.83334,5.23433,1
2018,7.83791,124.83027,1
2018,7.84123,7.91571,1
2018,7.84637,125.34662,1
2018,7.85145,126.04584,1
2018,7.85252,6.72287,1
2018,7.86489,7.50848,1
2018,7.86534,122.59383,1
2018,7.87239,8.09093,1
2018,7.87354,125.84777,1
2018,7.87373,5.94097,1
2018,7.87413,9.78116,1
2018,7.8751,9.77944,1
2018,7.87733,9.77902,2
2018,7.87777,80.01112,1
2018,7.87787,-72.62453,1
2018,7.8891,-72.49669,1
2018,7.89557,8.81857,1
2018,7.91572,8.73285,1
2018,7.91673,7.38289,1
2018,7.91736,125.32865,1
2018,7.91778,125.32862,1
2018,7.92068,8.69126,1
2018,7.92272,8.73981,1
2018,7.92496,8.72357,1
2018,7.92543,8.71447,1
2018,7.92553,122.49767,1
2018,7.93031,9.81249,1
2018,7.93142,7.10364,1
2018,7.94432,123.31758,1
2018,7.94598,8.71962,1
2018,7.94628,-72.89881,2
2018,7.95206,124.38838,2
2018,7.95411,8.74812,13
2018,7.95447,10.8218,2
2018,7.955,124.8025,1
2018,7.96158,123.80121,1
2018,7.9662,8.69809,1
2018,7.96667,8.9,2
2018,7.9678,7.25653,1
2018,7.98527,8.76082,1
2018,7.98713,5.58273,1
2018,7.99032,5.12497,1
2018,7.99438,8.88359,1
2018,7.9961,10.55746,1
2018,7.99806,8.44556,1
2018,7.99914,122.84582,1
2018,8.00315,123.47849,1
2018,8.00468,124.31784,1
2018,8.00549,10.26001,2
2018,8.00806,7.18806,1
2018,8.00931,-62.40155,1
2018,8.00982,122.82537,1
2018,8.01204,-75.48957,1
2018,8.01934,8.72609,1
2018,8.02263,5.8267,1
2018,8.03287,-73.58978,1
2018,8.03333,8.68866,1
2018,8.03439,124.62333,2
2018,8.04929,-75.57405,1
2018,8.05306,-73.08777,1
2018,8.0543,8.60507,1
2018,8.05668,123.35226,1
2018,8.0797,123.48039,1
2018,8.08227,-73.2182,1
2018,8.10127,18.7129,1
2018,8.10419,123.4944,1
2018,8.10963,9.14062,1
2018,8.1099,124.23104,1
2018,8.11577,9.13967,1
2018,8.13448,123.1,1
2018,8.13893,30.12379,1
2018,8.14622,8.79472,1
2018,8.15014,8.80045,1
2018,8.15684,123.69956,1
2018,8.15781,123.84675,1
2018,8.15944,123.36818,1
2018,8.1626,8.71668,1
2018,8.16513,9.1147,1
2018,8.17572,8.66484,1
2018,8.17708,8.75241,1
2018,8.18003,-73.31494,1
2018,8.18504,8.56111,4
2018,8.18638,8.28824,1
2018,8.18911,8.36195,1
2018,8.1896,8.5749,1
2018,8.19903,5.2528,1
2018,8.19981,8.44964,1
2018,8.2118,-72.7644,1
2018,8.22096,9.13378,1
2018,8.23134,9.13739,1
2018,8.23333,8.56667,1
2018,8.23333,8.8,1
2018,8.23893,-73.34294,1
2018,8.23985,46.32852,1
2018,8.24042,-73.50645,1
2018,8.24161,8.56992,1
2018,8.24222,123.39389,1
2018,8.24474,8.80301,1
2018,8.25181,-73.354,1
2018,8.25262,8.94538,1
2018,8.25759,9.71979,1
2018,8.25854,9.76097,1
2018,8.26237,7.23992,1
2018,8.26667,9.01667,1
2018,8.26774,123.3855,1
2018,8.29672,8.99705,1
2018,8.29686,9.12337,1
2018,8.30205,30.13458,2
2018,8.3023,-62.71499,1
2018,8.30393,125.10994,1
2018,8.31178,126.00491,1
2018,8.31228,-73.67748,1
2018,8.31387,-73.15193,1
2018,8.32179,-73.14625,1
2018,8.32456,-73.35767,1
2018,8.32485,125.23593,1
2018,8.34121,8.29988,1
2018,8.34344,-73.34786,1
2018,8.34453,8.70408,1
2018,8.3457,-73.13266,1
2018,8.35198,8.70623,1
2018,8.36364,125.08225,1
2018,8.37322,-72.6101,1
2018,8.37827,8.7729,1
2018,8.38787,30.08046,1
2018,8.39043,123.71776,1
2018,8.40604,-73.20917,1
2018,8.41667,125.15,1
2018,8.41814,126.21968,1
2018,8.42604,8.25804,1
2018,8.42984,10.52961,2
2018,8.43409,-73.29774,1
2018,8.43721,-73.28706,2
2018,8.43805,-73.28647,1
2018,8.44158,-73.28427,1
2018,8.44182,-73.29194,1
2018,8.4425,123.02222,1
2018,8.45452,-73.92873,1
2018,8.46326,-73.63244,1
2018,8.47024,-73.33742,1
2018,8.47709,47.36321,1
2018,8.47716,125.74627,1
2018,8.47825,-73.32488,1
2018,8.49074,10.24492,1
2018,8.49295,-73.63892,1
2018,8.50818,77.00054,1
2018,8.51059,-73.44667,1
2018,8.51472,8.21354,1
2018,8.51496,-73.26716,1
2018,8.51531,-74.04818,1
2018,8.52972,123.62417,1
2018,8.53333,8.71668,1
2018,8.54022,-73.35411,1
2018,8.54049,126.11448,1
2018,8.56855,8.26181,1
2018,8.57052,8.30884,1
2018,8.57327,-73.10312,1
2018,8.57356,-73.10165,1
2018,8.57894,-73.09322,1
2018,8.5943,8.20943,1
2018,8.6003,-73.32915,1
2018,8.6069,8.55723,1
2018,8.60889,125.3325,1
2018,8.61245,-73.63646,1
2018,8.62286,33.07046,2
2018,8.63282,126.09456,1
2018,8.63292,125.99177,1
2018,8.64298,-72.723,2
2018,8.64524,25.28376,2
2018,8.64946,124.7525,1
2018,8.66322,25.5422,1
2018,8.68778,-73.27967,1
2018,8.7454,125.5902,1
2018,8.75809,125.28076,1
2018,8.76316,25.38237,1
2018,8.7646,78.14406,1
2018,8.79278,125.57667,1
2018,8.79352,125.34114,1
2018,8.80928,3.93873,1
2018,8.81233,125.58547,1
2018,8.81682,125.58636,1
2018,8.8279,11.10745,1
2018,8.84403,125.986,1
2018,8.84869,7.87872,1
2018,8.86175,-73.81076,1
2018,8.86299,125.97544,1
2018,8.86668,-72.81665,1
2018,8.88596,126.01002,1
2018,8.89361,11.35944,1
2018,8.89568,125.41461,1
2018,8.91348,125.33595,1
2018,8.91618,12.44806,1
2018,8.93016,7.71293,1
2018,8.93794,125.83818,1
2018,8.94276,125.33134,1
2018,8.9445,126.13413,1
2018,8.95787,125.32873,1
2018,8.96055,126.14629,1
2018,8.96282,125.95878,1
2018,8.9643,126.11107,1
2018,8.96667,126.15,1
2018,8.97149,125.35182,1
2018,8.97831,125.62418,1
2018,8.99,11.78389,1
2018,8.99943,125.26437,1
2018,9.00342,78.19278,1
2018,9.00937,-72.82751,1
2018,9.01025,38.76136,1
2018,9.02107,125.68607,1
2018,9.0315,7.37276,1
2018,9.03176,29.59186,1
2018,9.04408,117.89561,1
2018,9.0571,125.64065,1
2018,9.05766,125.64163,1
2018,9.06297,29.61688,1
2018,9.06406,123.03501,1
2018,9.06478,-72.29343,1
2018,9.0666,11.38334,1
2018,9.1075,125.68889,1
2018,9.10844,28.26905,1
2018,9.12763,123.63445,1
2018,9.13929,11.47103,1
2018,9.14243,11.34222,1
2018,9.14443,11.34698,1
2018,9.1463,29.60378,1
2018,9.16898,35.83484,1
2018,9.17221,35.04063,1
2018,9.1736,123.05219,1
2018,9.18478,11.5835,1
2018,9.19387,11.43963,1
2018,9.19957,-73.54219,1
2018,9.19969,5.59586,1
2018,9.20139,11.67083,1
2018,9.21836,125.967,1
2018,9.22203,8.84001,1
2018,9.23162,8.80116,1
2018,9.23346,126.06753,1
2018,9.23372,8.84967,1
2018,9.23837,11.54599,1
2018,9.23918,123.26441,1
2018,9.23982,-73.51822,1
2018,9.24143,125.55808,1
2018,9.24192,11.67872,1
2018,9.24457,9.36731,1
2018,9.2527,11.61752,1
2018,9.26009,29.7999,1
2018,9.26017,11.53315,1
2018,9.27489,8.36218,1
2018,9.28827,11.45998,2
2018,9.29823,122.87538,1
2018,9.30133,123.00782,1
2018,9.31728,123.30249,1
2018,9.31787,-70.60646,1
2018,9.33431,12.0515,1
2018,9.35083,123.15764,1
2018,9.35618,8.24802,1
2018,9.3607,8.2213,1
2018,9.38157,11.62298,1
2018,9.38194,11.62306,1
2018,9.382,9.14561,1
2018,9.41242,8.81423,1
2018,9.41329,8.8594,1
2018,9.4379,8.75696,1
2018,9.44033,12.04136,1
2018,9.44416,11.97116,1
2018,9.45222,12.06306,1
2018,9.45246,12.0302,1
2018,9.45256,11.81679,1
2018,9.45361,11.83639,3
2018,9.45519,11.88744,1
2018,9.45632,11.95979,1
2018,9.46373,11.90817,2
2018,9.46679,125.58326,1
2018,9.46735,11.95567,1
2018,9.46988,11.99127,1
2018,9.47759,11.99363,1
2018,9.47785,11.98677,1
2018,9.47994,11.9973,1
2018,9.49194,8.27278,2
2018,9.49986,8.95032,1
2018,9.50697,11.64484,1
2018,9.51483,125.697,1
2018,9.51658,125.64781,1
2018,9.51747,8.9003,1
2018,9.51947,8.69452,1
2018,9.52188,11.8342,1
2018,9.5455,8.89568,2
2018,9.54616,125.68274,1
2018,9.54632,122.51944,1
2018,9.54904,8.85192,1
2018,9.55085,8.80371,1
2018,9.55114,8.78682,1
2018,9.55651,8.95249,1
2018,9.5584,-13.66573,1
2018,9.56136,8.96961,1
2018,9.56187,8.96954,2
2018,9.56255,8.9687,24
2018,9.56301,-8.87926,1
2018,9.56576,8.70273,1
2018,9.56843,7.43543,1
2018,9.57334,8.95117,2
2018,9.57798,9.04886,1
2018,9.57952,8.95287,1
2018,9.58152,8.78055,1
2018,9.5856,8.94014,1
2018,9.59426,8.96479,1
2018,9.62263,12.19503,1
2018,9.62963,-73.41548,1
2018,9.64528,8.89194,1
2018,9.66499,8.94938,1
2018,9.66827,8.94955,1
2018,9.67194,122.96167,1
2018,9.67254,8.77962,1
2018,9.67392,123.10141,1
2018,9.68333,123.01667,1
2018,9.69783,123.15401,1
2018,9.70235,122.97194,1
2018,9.72376,124.11435,1
2018,9.72516,9.00823,1
2018,9.75873,34.38262,1
2018,9.76513,122.73649,1
2018,9.79859,125.4645,1
2018,9.80808,122.44153,1
2018,9.80891,8.72795,1
2018,9.81424,8.69338,1
2018,9.81825,8.65277,1
2018,9.8209,8.65096,1
2018,9.82304,12.57972,1
2018,9.83188,8.66271,1
2018,9.84107,8.91325,1
2018,9.84237,8.75544,1
2018,9.84529,8.67633,1
2018,9.84599,8.68336,1
2018,9.84942,8.68322,1
2018,9.84994,8.68344,3
2018,9.85178,8.68456,1
2018,9.85549,8.68041,1
2018,9.85708,8.67071,1
2018,9.85988,122.49767,1
2018,9.86542,8.75584,1
2018,9.8675,8.78556,1
2018,9.87198,8.76104,1
2018,9.88333,-2.91667,1
2018,9.88889,36.74204,1
2018,9.91148,78.14985,1
2018,9.91341,122.85358,1
2018,9.914,8.89149,1
2018,9.92878,8.86796,1
2018,9.93371,8.88533,1
2018,9.93789,98.664,1
2018,9.96236,124.02404,1
2018,9.96487,122.90279,1
2018,9.96526,122.90361,1
2018,9.96624,78.11187,1
2018,9.97047,8.9085,1
2018,9.97872,33.7526,1
2018,9.98397,122.74072,1
2018,9.9956,123.44897,1
2018,10.00341,123.18907,1
2018,10.0307,122.9325,1
2018,10.05774,9.06903,1
2018,10.0654,8.79559,1
2018,10.06774,8.78391,1
2018,10.07313,78.78015,1
2018,10.08665,33.77995,1
2018,10.09752,122.87327,1
2018,10.09761,8.79218,2
2018,10.11667,123.26667,2
2018,10.11688,123.26684,1
2018,10.11834,123.27039,1
2018,10.11905,123.2701,1
2018,10.11975,123.26737,1
2018,10.12251,123.27139,1
2018,10.12727,123.15699,1
2018,10.13052,123.27283,1
2018,10.13917,123.22278,1
2018,10.16056,123.70694,1
2018,10.17646,123.72114,1
2018,10.18721,123.05076,1
2018,10.18889,123.23281,1
2018,10.19538,123.2915,2
2018,10.20236,14.17773,1
2018,10.21145,123.06779,1
2018,10.21394,123.24196,1
2018,10.22566,123.01136,1
2018,10.24773,-68.02478,1
2018,10.25472,122.99806,1
2018,10.26038,13.26058,3
2018,10.26443,7.13445,1
2018,10.2664,123.08337,1
2018,10.26954,123.26441,1
2018,10.28443,123.04912,1
2018,10.28833,123.09194,1
2018,10.29758,123.11394,1
2018,10.31581,9.84389,1
2018,10.31587,9.84425,2
2018,10.32389,123.19222,1
2018,10.33201,9.83798,1
2018,10.33353,123.18954,1
2018,10.34702,15.23703,1
2018,10.34984,123.88076,1
2018,10.36741,123.04483,1
2018,10.37646,123.10259,1
2018,10.44579,-75.3685,1
2018,10.45,12.11667,1
2018,10.45444,123.37306,1
2018,10.46852,-66.10595,1
2018,10.46859,7.4496,1
2018,10.4825,123.42134,1
2018,10.48283,-66.96213,2
2018,10.53848,-3.23574,1
2018,10.55641,13.40494,1
2018,10.55754,-61.37498,1
2018,10.55813,26.62422,1
2018,10.57311,124.96444,1
2018,10.58353,13.79883,1
2018,10.58837,123.05669,1
2018,10.59484,7.40716,1
2018,10.63156,14.65878,1
2018,10.63556,12.87806,1
2018,10.638,12.92624,1
2018,10.6434,123.02617,1
2018,10.65,122.23333,1
2018,10.65338,77.00088,1
2018,10.67812,-4.25641,1
2018,10.69328,13.49433,1
2018,10.69456,122.17035,1
2018,10.72792,6.43451,1
2018,10.72901,9.99122,1
2018,10.73138,123.01524,1
2018,10.73149,123.42714,1
2018,10.74935,26.59679,1
2018,10.7501,122.23462,1
2018,10.7565,119.50228,1
2018,10.79254,122.23053,1
2018,10.79534,13.57909,2
2018,10.79601,123.13972,1
2018,10.79774,122.23314,1
2018,10.80147,106.6527,1
2018,10.80179,12.44158,1
2018,10.80608,122.34859,1
2018,10.80648,122.04383,1
2018,10.81235,13.46325,1
2018,10.81371,13.49145,1
2018,10.81676,13.42132,1
2018,10.81694,13.42161,1
2018,10.8171,124.8017,1
2018,10.81736,13.42194,1
2018,10.81879,13.5068,1
2018,10.84231,76.03049,1
2018,10.84707,12.81381,2
2018,10.85644,13.55214,1
2018,10.85968,6.58319,1
2018,10.86943,6.71181,1
2018,10.87044,12.8479,1
2018,10.87833,123.40819,1
2018,10.87963,13.54581,1
2018,10.88912,123.01136,1
2018,10.88942,13.62832,1
2018,10.89015,12.90295,1
2018,10.89954,14.56553,1
2018,10.90902,6.56975,1
2018,10.91705,-74.79907,1
2018,10.95479,50.27784,1
2018,10.95532,14.15841,1
2018,10.95985,-74.79368,1
2018,10.96514,122.43503,1
2018,10.99087,14.23145,1
2018,11.00165,24.24033,1
2018,11.0216,6.58627,1
2018,11.0363,49.07418,1
2018,11.04065,76.92883,1
2018,11.04276,76.08174,1
2018,11.05502,7.19662,1
2018,11.07529,14.29982,1
2018,11.07532,125.6929,1
2018,11.1044,12.82312,1
2018,11.10944,122.53167,1
2018,11.13142,13.88046,2
2018,11.1342,25.06889,1
2018,11.13476,0.55694,1
2018,11.13884,13.46799,1
2018,11.14078,125.30043,1
2018,11.14691,13.39976,1
2018,11.1502,12.75003,1
2018,11.1519,12.7587,1
2018,11.15238,12.73864,1
2018,11.15608,12.75661,1
2018,11.16057,122.42348,1
2018,11.16254,14.01398,4
2018,11.17561,12.78857,2
2018,11.18111,0.83,2
2018,11.1975,13.02722,1
2018,11.2077,14.00304,1
2018,11.22111,12.0825,1
2018,11.22223,13.78382,1
2018,11.22467,49.1981,1
2018,11.23008,12.07771,1
2018,11.23556,12.38389,1
2018,11.23652,14.1262,1
2018,11.23868,14.15384,1
2018,11.24464,0.71167,1
2018,11.24707,12.01246,1
2018,11.24901,0.705,1
2018,11.24972,13.99889,1
2018,11.25624,25.00688,1
2018,11.27142,25.04977,1
2018,11.27389,49.18673,1
2018,11.2748,49.17966,13
2018,11.27552,14.14407,2
2018,11.27813,25.14445,1
2018,11.2793,25.05659,1
2018,11.28333,122.61667,1
2018,11.28656,26.34222,1
2018,11.29795,122.40142,3
2018,11.31959,25.10116,1
2018,11.34942,37.97846,1
2018,11.35536,14.20752,1
2018,11.35606,14.21174,1
2018,11.36744,14.53645,1
2018,11.39112,12.90914,2
2018,11.39365,12.01608,1
2018,11.39706,5.48565,1
2018,11.4375,122.61389,1
2018,11.4661,12.95874,1
2018,11.47137,12.96049,1
2018,11.47201,49.87393,1
2018,11.47781,0.91984,1
2018,11.48502,12.31189,1
2018,11.49557,12.96182,1
2018,11.50458,12.9792,1
2018,11.52384,0.75328,1
2018,11.52389,13.67906,1
2018,11.525,0.5482,1
2018,11.52685,13.69271,5
2018,11.53037,12.41672,1
2018,11.53287,13.08704,1
2018,11.54265,14.07846,1
2018,11.54332,13.07253,2
2018,11.54776,13.01303,1
2018,11.55497,76.13489,1
2018,11.56212,11.91629,1
2018,11.5683,13.02968,1
2018,11.56947,0.53125,1
2018,11.57333,13.53639,1
2018,11.57944,13.58667,1
2018,11.5848,1.46712,1
2018,11.58583,13.00278,4
2018,11.59964,12.93147,1
2018,11.59998,13.26179,1
2018,11.60256,13.25394,1
2018,11.60584,7.52819,1
2018,11.61265,24.89887,1
2018,11.61862,13.11453,1
2018,11.6209,-85.07919,2
2018,11.62642,12.95546,1
2018,11.62815,26.05003,1
2018,11.63016,13.10933,1
2018,11.63136,13.39289,1
2018,11.6334,13.40689,1
2018,11.64586,13.34764,1
2018,11.64999,14.10417,2
2018,11.65541,13.41293,4
2018,11.65997,13.69191,1
2018,11.66842,75.55876,1
2018,11.68397,75.65525,1
2018,11.68512,13.36249,1
2018,11.69574,-72.22643,1
2018,11.71081,13.19308,1
2018,11.7201,13.20096,1
2018,11.72153,13.20643,1
2018,11.73984,0.07471,1
2018,11.74192,13.05615,1
2018,11.74464,11.97026,1
2018,11.74531,-3.29312,1
2018,11.75035,13.25376,1
2018,11.75069,13.12306,2
2018,11.75592,13.07533,1
2018,11.75768,13.09444,1
2018,11.7619,13.26631,3
2018,11.76624,13.19428,1
2018,11.77877,124.88451,1
2018,11.80126,12.06468,1
2018,11.80489,12.8253,1
2018,11.81196,13.1062,1
2018,11.8129,13.12462,1
2018,11.82998,12.63018,1
2018,11.83089,13.12868,1
2018,11.83257,13.16294,1
2018,11.83407,7.0173,1
2018,11.84079,13.14139,19
2018,11.84489,13.15514,1
2018,11.84643,12.93546,1
2018,11.84876,24.72133,1
2018,11.86917,123.91147,1
2018,11.87552,13.25129,1
2018,11.87672,13.25084,1
2018,11.89692,13.0603,1
2018,11.90633,123.8711,1
2018,11.91707,5.98326,1
2018,11.9195,12.18614,2
2018,11.92217,14.05918,1
2018,11.92246,6.01688,1
2018,11.92474,6.06466,1
2018,11.92904,13.8912,1
2018,11.9305,1.62508,1
2018,11.93306,12.13222,1
2018,11.93333,13.86667,1
2018,11.93425,0.51196,1
2018,11.94986,24.95328,1
2018,11.95645,23.28115,1
2018,11.95953,14.06632,1
2018,11.96194,-86.09118,1
2018,11.96381,13.15945,1
2018,11.97433,8.50026,1
2018,11.97762,13.31991,1
2018,11.97853,123.91646,1
2018,11.98078,124.82428,1
2018,11.98588,123.9527,1
2018,11.98638,13.06096,1
2018,12.00888,7.08136,1
2018,12.01927,8.56398,1
2018,12.02552,13.967,1
2018,12.03658,13.91724,2
2018,12.03785,13.91655,1
2018,12.0558,125.06204,1
2018,12.05719,24.8787,2
2018,12.05762,0.37036,1
2018,12.06865,124.5946,1
2018,12.06901,13.74292,1
2018,12.07422,1.18197,1
2018,12.07436,1.18215,2
2018,12.10116,123.73668,1
2018,12.10382,-86.26702,2
2018,12.12052,13.17404,1
2018,12.15635,11.86836,1
2018,12.16245,0.6773,1
2018,12.16977,123.84183,1
2018,12.19908,24.13671,1
2018,12.20258,123.84703,1
2018,12.20276,14.01731,1
2018,12.20894,14.02611,1
2018,12.22121,13.99174,1
2018,12.26853,14.46611,4
2018,12.29141,123.56262,3
2018,12.29258,125.1378,1
2018,12.29388,11.43904,1
2018,12.30338,14.15818,1
2018,12.30352,124.71606,1
2018,12.3099,13.2025,1
2018,12.31237,14.11758,1
2018,12.31418,14.17789,1
2018,12.31845,125.30108,1
2018,12.32451,121.18822,1
2018,12.33343,121.34991,1
2018,12.34,125.032,2
2018,12.34626,14.18469,1
2018,12.3473,123.54347,1
2018,12.35167,125.1275,1
2018,12.3547,1.03254,1
2018,12.35947,14.21093,8
2018,12.36166,14.35694,1
2018,12.36977,123.62685,2
2018,12.37368,-1.53698,2
2018,12.37735,14.14433,1
2018,12.37903,14.22436,1
2018,12.39759,123.51818,1
2018,12.4165,123.76741,1
2018,12.44481,124.70163,1
2018,12.44816,14.20087,1
2018,12.4711,-16.37254,1
2018,12.47206,13.54943,1
2018,12.48026,-16.27977,1
2018,12.48694,13.2086,3
2018,12.48872,-16.08526,1
2018,12.5,11.49999,1
2018,12.51985,13.16335,1
2018,12.52472,13.19055,1
2018,12.54153,123.74274,1
2018,12.55131,14.25875,1
2018,12.56091,24.25464,1
2018,12.57601,13.65495,1
2018,12.585,-7.35,1
2018,12.61368,12.4666,1
2018,12.62568,11.98046,1
2018,12.63603,13.59493,1
2018,12.65128,0.49153,1
2018,12.66633,13.61691,1
2018,12.66855,13.42806,1
2018,12.67409,13.61115,1
2018,12.68171,13.44097,1
2018,12.70368,6.47166,1
2018,12.71425,124.05638,1
2018,12.72771,-86.38202,1
2018,12.74363,102.63718,1
2018,12.76257,0.74385,1
2018,12.78654,13.75209,1
2018,12.7867,13.7518,1
2018,12.79074,24.43614,1
2018,12.80361,44.77611,1
2018,12.80375,124.14902,1
2018,12.80726,6.83488,1
2018,12.81432,13.75876,1
2018,12.81918,43.43253,1
2018,12.82207,44.79657,2
2018,12.82348,44.77717,1
2018,12.82505,44.7728,1
2018,12.82852,123.83669,1
2018,12.82961,44.87208,1
2018,12.83333,1.68611,1
2018,12.83895,44.9471,2
2018,12.84248,44.8773,1
2018,12.84908,45.03728,33
2018,12.85055,6.19472,1
2018,12.85226,-0.04491,1
2018,12.86641,0.73335,2
2018,12.86714,44.98396,28
2018,12.86796,11.04441,1
2018,12.88056,0.79807,1
2018,12.88442,12.5036,1
2018,12.89359,23.37295,1
2018,12.90653,44.99837,1
2018,12.91292,45.01214,1
2018,12.91545,45.00827,1
2018,12.92018,124.12278,1
2018,12.925,13.57077,1
2018,12.92725,45.04425,1
2018,12.93798,124.11843,1
2018,12.93967,13.19843,1
2018,12.94432,13.17662,2
2018,12.94665,13.67254,1
2018,12.94807,12.94807,1
2018,12.95058,45.009,1
2018,12.96504,6.47563,1
2018,12.96571,1.54962,1
2018,12.9658,43.4722,1
2018,12.96772,24.46735,1
2018,12.98175,7.04627,1
2018,12.98555,74.83744,1
2018,12.99055,36.02837,1
2018,13.00304,12.99236,1
2018,13.00368,13.63741,1
2018,13.00759,-3.41451,1
2018,13.01024,-4.76545,1
2018,13.01193,6.50364,1
2018,13.01194,120.76194,1
2018,13.01905,123.69728,1
2018,13.02011,120.82229,1
2018,13.02313,22.05412,1
2018,13.02972,-4.00898,1
2018,13.03659,24.48227,1
2018,13.04911,120.77522,1
2018,13.0492,123.03365,1
2018,13.05861,75.00972,1
2018,13.05884,123.47446,1
2018,13.07332,123.66226,1
2018,13.07431,24.5333,1
2018,13.07444,123.66028,1
2018,13.08928,12.73937,1
2018,13.09317,13.82282,2
2018,13.09541,13.82274,1
2018,13.0957,13.8193,1
2018,13.09961,12.51133,2
2018,13.105,43.75472,1
2018,13.11544,13.85931,1
2018,13.11989,24.58656,1
2018,13.13111,123.57417,1
2018,13.13278,43.97667,1
2018,13.13402,123.70427,1
2018,13.14896,44.85055,1
2018,13.14956,123.74688,1
2018,13.15048,44.84895,1
2018,13.15419,123.55041,1
2018,13.15562,43.74271,1
2018,13.16565,-6.51931,1
2018,13.16623,123.63861,1
2018,13.16812,-3.89222,1
2018,13.16833,-0.1391,1
2018,13.17807,44.76317,1
2018,13.18194,43.98,1
2018,13.18964,13.91586,1
2018,13.193,122.62209,1
2018,13.19697,13.61358,1
2018,13.2058,12.42116,1
2018,13.20992,12.8468,1
2018,13.21405,44.12044,1
2018,13.21502,44.11981,1
2018,13.25684,123.34581,1
2018,13.25888,123.49524,1
2018,13.26738,44.26986,1
2018,13.2679,1.02846,1
2018,13.26806,14.53083,1
2018,13.28433,123.29529,1
2018,13.2948,1.21566,1
2018,13.30641,24.98613,1
2018,13.30784,123.3096,1
2018,13.30877,13.50295,1
2018,13.30913,24.84616,1
2018,13.31056,80.04722,1
2018,13.31489,12.6047,1
2018,13.31555,-84.24535,1
2018,13.31962,43.25563,3
2018,13.32675,44.64487,1
2018,13.3432,43.93408,1
2018,13.35036,43.95186,1
2018,13.35737,13.42609,2
2018,13.35746,13.42613,1
2018,13.36806,43.93676,1
2018,13.36907,44.49096,2
2018,13.37053,12.79517,1
2018,13.37587,13.37587,1
2018,13.37587,13.37787,1
2018,13.37824,44.30352,2
2018,13.38193,0.45563,1
2018,13.395,43.77778,3
2018,13.4078,24.94655,1
2018,13.41312,43.63753,2
2018,13.4373,24.84972,1
2018,13.4398,43.26813,1
2018,13.44104,0.51755,1
2018,13.44823,43.76894,1
2018,13.45275,123.25756,1
2018,13.45451,23.29632,1
2018,13.45492,122.57404,1
2018,13.47194,14.98222,1
2018,13.48575,-2.77214,1
2018,13.48919,13.32913,1
2018,13.50306,44.30944,1
2018,13.51173,122.54859,1
2018,13.51308,122.46937,1
2018,13.51386,24.87028,1
2018,13.515,44.05167,1
2018,13.52222,122.40417,1
2018,13.52827,14.01809,1
2018,13.52941,43.94986,2
2018,13.53253,44.84967,1
2018,13.5369,44.09045,1
2018,13.53859,43.70656,1
2018,13.54361,123.04056,1
2018,13.54618,122.37204,1
2018,13.54931,-7.44555,1
2018,13.54993,122.40698,1
2018,13.55472,123.06483,1
2018,13.5575,43.27444,1
2018,13.55788,-5.34439,1
2018,13.56597,24.21021,1
2018,13.57155,43.96438,1
2018,13.57159,43.96353,1
2018,13.57759,44.0178,2
2018,13.5815,43.97734,1
2018,13.58511,43.93289,1
2018,13.58514,46.68479,1
2018,13.58648,44.0241,48
2018,13.59139,43.94611,1
2018,13.59318,122.32018,1
2018,13.59578,43.94728,1
2018,13.61166,44.26609,1
2018,13.61237,44.17132,1
2018,13.61647,123.03951,1
2018,13.62024,14.18727,1
2018,13.62213,-3.1402,2
2018,13.62411,43.68886,1
2018,13.63123,43.68982,1
2018,13.63287,43.69348,1
2018,13.63356,44.61336,1
2018,13.6474,43.68161,1
2018,13.65245,122.21728,1
2018,13.66438,46.78156,1
2018,13.667,43.68288,1
2018,13.66723,13.11955,2
2018,13.66723,13.11956,1
2018,13.66723,13.1196,1
2018,13.66729,13.11956,1
2018,13.66872,13.12507,1
2018,13.67075,122.99233,1
2018,13.67228,121.36846,1
2018,13.67315,13.34051,1
2018,13.68111,44.70247,1
2018,13.68265,-0.97242,1
2018,13.69469,-0.95383,1
2018,13.69799,43.65692,2
2018,13.70034,121.40562,1
2018,13.70266,44.73357,8
2018,13.70617,24.19804,2
2018,13.71099,14.21072,1
2018,13.71111,44.75306,1
2018,13.71489,-5.93982,1
2018,13.76045,46.0094,1
2018,13.76106,121.22835,1
2018,13.77951,45.76088,1
2018,13.7809,44.33575,1
2018,13.79038,121.01061,1
2018,13.80498,44.77564,7
2018,13.80745,44.56897,1
2018,13.81024,43.24831,5
2018,13.81298,-2.06652,1
2018,13.82282,44.06125,1
2018,13.8266,44.69059,3
2018,13.82799,43.34439,1
2018,13.83119,122.39292,1
2018,13.83123,122.78588,1
2018,13.83224,-1.60809,1
2018,13.83339,-1.60747,1
2018,13.83423,44.96529,1
2018,13.83945,-6.06792,1
2018,13.84591,44.70553,1
2018,13.84854,44.71144,1
2018,13.85248,44.70254,1
2018,13.85528,2.085,1
2018,13.85657,43.83236,1
2018,13.85977,122.84768,1
2018,13.86247,-1.16072,1
2018,13.87569,-7.18172,1
2018,13.88196,13.173,1
2018,13.88354,43.37301,1
2018,13.88468,122.26163,1
2018,13.88561,43.96736,1
2018,13.89244,46.14831,1
2018,13.89272,46.149,1
2018,13.89359,122.92079,1
2018,13.89794,46.14081,1
2018,13.89965,-4.55674,2
2018,13.90582,-4.55709,1
2018,13.9074,44.78286,1
2018,13.90965,44.6328,1
2018,13.91559,121.18822,1
2018,13.9177,121.8705,1
2018,13.92037,121.84406,1
2018,13.9207,121.08196,1
2018,13.92334,46.67033,1
2018,13.92692,121.16868,1
2018,13.92859,43.47852,1
2018,13.92972,44.6275,1
2018,13.93134,43.47892,6
2018,13.93139,43.47908,1
2018,13.93188,43.4799,1
2018,13.93442,43.49666,1
2018,13.93553,44.14666,2
2018,13.93604,43.45562,1
2018,13.93625,122.02408,1
2018,13.94188,121.16442,1
2018,13.94325,43.49366,1
2018,13.94384,120.67495,1
2018,13.94562,43.50593,1
2018,13.95211,45.42378,1
2018,13.95768,14.19309,1
2018,13.96318,45.74187,1
2018,13.96554,46.6902,1
2018,13.9692,-5.39713,1
2018,13.96983,43.97692,1
2018,13.97209,44.16253,1
2018,13.97229,44.16225,1
2018,13.97283,46.71339,1
2018,13.97708,44.18326,1
2018,13.97877,45.42913,1
2018,13.98048,44.21776,1
2018,13.9843,122.61704,1
2018,13.98956,44.18628,1
2018,13.99429,121.51819,1
2018,13.99928,-3.87236,1
2018,14.00556,46.68582,1
2018,14.00796,0.75334,1
2018,14.01044,44.11164,1
2018,14.01769,-4.23129,1
2018,14.01788,-4.23227,1
2018,14.02086,120.75857,1
2018,14.02465,-0.02332,1
2018,14.02831,-3.04425,1
2018,14.03289,44.66538,1
2018,14.04296,44.6184,1
2018,14.04768,45.43656,1
2018,14.05065,44.68163,1
2018,14.05093,44.6771,1
2018,14.05368,45.5801,1
2018,14.0539,45.43278,1
2018,14.05456,44.68018,1
2018,14.05599,44.64979,1
2018,14.05604,44.66695,1
2018,14.05773,44.64906,1
2018,14.05853,44.64139,1
2018,14.06457,43.10674,1
2018,14.0677,-1.48045,1
2018,14.07054,44.67225,1
2018,14.07786,-4.94827,1
2018,14.07944,44.18556,1
2018,14.08011,24.15661,1
2018,14.08632,44.66797,1
2018,14.08663,121.12578,1
2018,14.09344,-1.63408,1
2018,14.09628,-1.36622,2
2018,14.1041,43.10313,1
2018,14.10985,43.17998,1
2018,14.10994,121.14598,1
2018,14.11469,43.19617,1
2018,14.11702,-1.67598,1
2018,14.12306,-2.11294,2
2018,14.12363,43.18015,1
2018,14.13429,43.20865,1
2018,14.13679,-5.2359,1
2018,14.14012,-1.80115,1
2018,14.14157,44.2479,1
2018,14.14588,43.18844,1
2018,14.14744,-5.86089,1
2018,14.14814,43.96918,1
2018,14.15139,43.98139,1
2018,14.15194,121.13639,1
2018,14.15607,43.15523,1
2018,14.15945,44.05224,1
2018,14.16623,44.3749,1
2018,14.16725,45.32722,1
2018,14.17703,44.00363,1
2018,14.18333,-2.0,1
2018,14.18527,43.22639,1
2018,14.1871,121.12493,1
2018,14.1877,-2.85968,1
2018,14.19012,43.27787,1
2018,14.19737,-4.4868,1
2018,14.2065,-1.85293,1
2018,14.22391,120.96828,1
2018,14.22643,-0.86012,1
2018,14.22663,-0.8594,1
2018,14.22962,-0.86413,1
2018,14.23329,-2.97261,1
2018,14.24021,36.42865,1
2018,14.24247,-1.43195,1
2018,14.24563,120.87857,1
2018,14.26154,45.31097,1
2018,14.26261,-4.14677,1
2018,14.2667,74.48918,1
2018,14.27357,120.87145,1
2018,14.27562,46.85818,1
2018,14.2764,46.8692,1
2018,14.29279,-4.94939,1
2018,14.31208,45.22624,1
2018,14.32793,44.90665,1
2018,14.33153,24.36244,1
2018,14.33644,45.11897,1
2018,14.33737,43.82316,1
2018,14.34835,-1.30618,1
2018,14.34953,46.76239,1
2018,14.3512,-3.61552,1
2018,14.3526,-4.9571,1
2018,14.3531,-3.60883,1
2018,14.35409,45.39282,1
2018,14.35599,45.38832,1
2018,14.35887,45.44981,2
2018,14.36495,45.38522,1
2018,14.36528,45.385,1
2018,14.37273,44.88077,1
2018,14.37284,44.89505,1
2018,14.40935,-1.55201,1
2018,14.40941,-1.55362,1
2018,14.41384,13.61316,1
2018,14.41399,44.83742,1
2018,14.42031,45.26703,1
2018,14.42285,44.83205,1
2018,14.43889,43.95611,1
2018,14.44289,-0.22986,1
2018,14.45474,-3.89944,1
2018,14.4563,-4.91942,3
2018,14.46297,-4.51054,1
2018,14.46529,45.27489,1
2018,14.47753,43.83375,1
2018,14.47785,48.20804,1
2018,14.47947,43.83894,1
2018,14.48139,43.83639,2
2018,14.48149,43.83648,1
2018,14.484,-4.18443,1
2018,14.49617,-3.94322,1
2018,14.49707,-5.02467,1
2018,14.51082,-4.08101,1
2018,14.51276,45.59325,1
2018,14.51476,45.59207,1
2018,14.52416,-4.09075,1
2018,14.5255,120.59453,1
2018,14.52759,-90.18462,2
2018,14.53095,121.00426,3
2018,14.53183,45.60941,1
2018,14.53464,45.5958,1
2018,14.54316,46.83562,1
2018,14.55046,44.39771,1
2018,14.56083,-4.67472,1
2018,14.56633,44.95106,1
2018,14.56845,45.29058,1
2018,14.57282,121.18648,1
2018,14.57988,44.94714,1
2018,14.58103,-3.32467,1
2018,14.59935,120.98477,1
2018,14.60091,-0.71592,1
2018,14.60138,43.72692,1
2018,14.60153,44.20176,1
2018,14.60311,43.10396,1
2018,14.6066,43.01289,1
2018,14.61114,44.36123,1
2018,14.61167,43.06083,1
2018,14.61896,121.18478,1
2018,14.61922,121.26657,1
2018,14.62611,43.09897,1
2018,14.62617,43.11767,1
2018,14.62696,43.10307,1
2018,14.62777,43.71425,1
2018,14.6306,-3.98923,1
2018,14.63352,43.18745,1
2018,14.6338,-3.41955,4
2018,14.63616,43.10334,1
2018,14.63808,43.05512,1
2018,14.63912,43.05335,1
2018,14.64288,-6.69188,1
2018,14.65178,-4.06891,1
2018,14.66118,121.27879,1
2018,14.66387,43.26243,1
2018,14.66661,-1.01099,1
2018,14.67037,48.84725,1
2018,14.67204,120.95772,2
2018,14.67428,121.0575,1
2018,14.67873,-0.46203,2
2018,14.67877,-0.46199,1
2018,14.68691,121.14101,1
2018,14.68884,-6.01764,1
2018,14.703,-4.04511,1
2018,14.71466,42.98092,1
2018,14.71953,44.2479,1
2018,14.73539,43.6482,1
2018,14.73996,-3.9122,1
2018,14.74388,46.88715,1
2018,14.74933,43.00096,1
2018,14.75463,46.51626,1
2018,14.75664,42.84398,1
2018,14.76273,49.60573,2
2018,14.76476,43.185,1
2018,14.76976,49.37427,1
2018,14.77298,121.09585,1
2018,14.77972,42.90981,1
2018,14.78129,42.97285,27
2018,14.78239,42.97309,4
2018,14.79373,-4.89356,1
2018,14.79578,43.07296,1
2018,14.80403,-3.92112,1
2018,14.80969,43.05098,1
2018,14.81463,44.56805,1
2018,14.82057,121.10229,1
2018,14.86614,43.18304,2
2018,14.8741,43.16703,1
2018,14.87601,43.19014,1
2018,14.91667,-2.85,1
2018,14.91973,-4.59225,3
2018,14.93266,0.82456,1
2018,14.93635,120.62184,1
2018,14.94384,-3.89353,1
2018,14.94398,-3.89347,1
2018,14.94595,44.27494,1
2018,14.94899,-4.16471,1
2018,14.9581,3.78479,2
2018,14.9627,-0.17032,1
2018,14.99582,-92.16713,1
2018,15.00705,-2.9543,2
2018,15.00756,-2.94746,2
2018,15.01666,-4.23054,1
2018,15.02161,120.96325,1
2018,15.02167,120.95611,2
2018,15.0258,120.94154,1
2018,15.05966,48.37072,1
2018,15.06689,-4.44996,1
2018,15.07922,-2.21935,5
2018,15.10004,-3.93188,1
2018,15.10347,121.42276,1
2018,15.10651,-2.63873,1
2018,15.10693,-2.63936,1
2018,15.11427,121.21685,1
2018,15.13673,43.37934,1
2018,15.16642,121.01057,1
2018,15.16822,-4.43126,1
2018,15.17028,46.02722,3
2018,15.18627,-1.97296,1
2018,15.2098,-2.74984,1
2018,15.22368,0.29136,1
2018,15.22896,0.2947,1
2018,15.27164,43.83966,1
2018,15.28635,-1.70072,2
2018,15.30464,120.86281,1
2018,15.30531,43.01949,2
2018,15.31806,120.2185,1
2018,15.32105,78.53429,1
2018,15.32544,44.2119,25
2018,15.33801,42.56957,1
2018,15.34998,42.85935,1
2018,15.37499,-4.26154,1
2018,15.38372,45.21286,1
2018,15.39326,1.29677,1
2018,15.40067,49.10774,1
2018,15.42134,3.02122,2
2018,15.4241,3.00835,1
2018,15.42594,44.22214,1
2018,15.43667,45.01139,1
2018,15.4379,44.99212,1
2018,15.44533,45.3112,1
2018,15.44623,44.96751,1
2018,15.44989,45.01869,1
2018,15.44996,36.39991,1
2018,15.45091,44.43118,1
2018,15.45639,45.32487,10
2018,15.46269,43.9851,1
2018,15.46547,45.44682,1
2018,15.46895,43.54654,1
2018,15.47618,120.96068,3
2018,15.49263,-2.93662,1
2018,15.49537,45.5568,1
2018,15.50611,44.26,1
2018,15.51238,45.52836,1
2018,15.51589,45.44981,1
2018,15.51832,3.03522,1
2018,15.51923,120.93313,1
2018,15.53805,-1.35116,1
2018,15.58513,-3.14403,1
2018,15.6123,120.91551,1
2018,15.61406,44.57004,1
2018,15.61877,32.46659,1
2018,15.61933,43.46662,1
2018,15.63721,-3.3699,1
2018,15.64353,0.5053,1
2018,15.64758,121.26813,1
2018,15.65944,1.51778,1
2018,15.68604,121.32316,2
2018,15.68626,121.32425,1
2018,15.696,121.33477,1
2018,15.71704,-4.90009,1
2018,15.7228,-4.64756,2
2018,15.72421,43.10142,1
2018,15.7333,44.54487,1
2018,15.74982,44.55524,1
2018,15.7577,49.0339,1
2018,15.76667,-3.61667,1
2018,15.77082,44.25825,1
2018,15.77223,1.54809,1
2018,15.78948,121.18822,1
2018,15.80277,48.37459,1
2018,15.81796,-1.28035,1
2018,15.82128,-1.30057,3
2018,15.83998,1.9023,1
2018,15.84406,-4.32313,1
2018,15.84618,120.5269,1
2018,15.84937,2.43318,1
2018,15.8497,74.49767,1
2018,15.85962,120.49852,1
2018,15.86902,1.52224,1
2018,15.87914,120.38951,1
2018,15.91443,2.39737,2
2018,15.91492,48.65074,3
2018,15.91564,2.39617,2
2018,15.92864,0.21626,1
2018,15.92955,2.37662,1
2018,15.94001,48.78975,2
2018,15.94718,3.15706,1
2018,15.94733,43.43829,1
2018,15.95,46.06667,1
2018,15.97648,48.63816,1
2018,15.98324,48.29427,1
2018,15.98383,1.9908,1
2018,15.98514,-95.6748,1
2018,15.98753,119.79194,1
2018,15.98855,74.38084,1
2018,16.00868,49.14267,1
2018,16.01667,120.66778,1
2018,16.02389,120.68038,1
2018,16.02661,120.22532,1
2018,16.03333,120.48333,1
2018,16.04921,43.29635,1
2018,16.04976,48.99994,1
2018,16.05457,48.99834,1
2018,16.05671,49.00598,1
2018,16.07883,120.44728,1
2018,16.11806,43.32947,1
2018,16.12141,44.55491,2
2018,16.1527,-1.52086,1
2018,16.16541,44.7769,2
2018,16.19518,52.17348,1
2018,16.1989,42.37699,1
2018,16.24888,2.02405,1
2018,16.25352,43.05297,1
2018,16.25552,43.04704,1
2018,16.26198,-0.03924,1
2018,16.26211,44.63986,1
2018,16.26398,-0.02799,2
2018,16.26867,-0.03833,1
2018,16.27086,43.12362,1
2018,16.322,42.81408,3
2018,16.40577,2.26785,1
2018,16.41456,120.59345,1
2018,16.41502,-3.6658,1
2018,16.41678,-3.66456,1
2018,16.52328,1.49871,1
2018,16.52489,0.22009,1
2018,16.5333,1.68198,1
2018,16.55946,2.41948,2
2018,16.583,121.88136,1
2018,16.59324,2.63424,1
2018,16.60136,42.93882,1
2018,16.60169,42.94059,1
2018,16.60367,45.77685,1
2018,16.62821,2.69531,1
2018,16.67282,-2.84863,1
2018,16.67406,121.46938,1
2018,16.67588,121.46836,1
2018,16.67806,121.71915,1
2018,16.69066,-2.85148,1
2018,16.72818,42.78088,1
2018,16.73446,0.26756,1
2018,16.75,45.41667,1
2018,16.75698,120.3691,1
2018,16.75775,-2.99936,8
2018,16.75834,43.13132,1
2018,16.78498,42.74608,2
2018,16.78498,42.74656,4
2018,16.79031,42.94236,1
2018,16.79729,-99.83202,1
2018,16.82489,120.39603,1
2018,16.83543,-2.03075,1
2018,16.83561,-2.5242,2
2018,16.84513,43.94428,1
2018,16.86333,122.33343,1
2018,16.86485,121.79886,1
2018,16.87621,43.45928,1
2018,16.88089,42.79997,1
2018,16.885,12.80548,1
2018,16.88778,96.14956,1
2018,16.89264,-0.01499,1
2018,16.89319,42.57526,27
2018,16.89351,2.77798,1
2018,16.89623,0.25937,1
2018,16.89823,42.5777,1
2018,16.90727,43.08047,1
2018,16.93681,122.1519,1
2018,16.937,121.7701,1
2018,16.95615,-0.34442,1
2018,16.95623,-0.34424,1
2018,16.96278,44.8925,1
2018,16.99655,-92.89638,1
2018,17.02323,77.98243,1
2018,17.0311,43.07265,3
2018,17.04789,122.03415,1
2018,17.06965,43.60754,1
2018,17.07268,122.21297,1
2018,17.07604,120.53283,1
2018,17.0838,43.80491,1
2018,17.13094,-3.06688,1
2018,17.15897,120.89008,1
2018,17.16848,43.2676,1
2018,17.18148,-92.33877,1
2018,17.19564,121.65683,1
2018,17.24327,121.82781,1
2018,17.30662,121.01106,1
2018,17.3171,121.60361,1
2018,17.37286,43.48646,1
2018,17.38756,121.54842,1
2018,17.4725,120.84528,1
2018,17.47514,42.70761,3
2018,17.47811,0.11404,1
2018,17.49821,121.19697,1
2018,17.50085,44.0108,2
2018,17.5151,121.37851,1
2018,17.54844,80.61205,1
2018,17.54865,120.59854,1
2018,17.55273,80.63801,1
2018,17.55494,44.23236,18
2018,17.568,120.39471,1
2018,17.59356,44.0784,1
2018,17.59394,44.14317,1
2018,17.60128,120.67755,1
2018,17.60829,121.30841,1
2018,17.61523,121.72625,1
2018,17.64773,120.6545,1
2018,17.65178,43.52619,1
2018,17.66776,80.89358,1
2018,17.66879,80.89359,1
2018,17.71472,120.70278,1
2018,17.71987,42.02869,1
2018,17.72479,83.18327,1
2018,17.74269,83.09494,1
2018,17.81648,44.21075,1
2018,17.84041,81.31328,1
2018,17.86528,121.50333,1
2018,17.91752,81.33853,1
2018,17.95218,81.0173,1
2018,17.98946,-92.94751,1
2018,18.00645,81.32228,2
2018,18.01113,121.38275,1
2018,18.01409,81.052,1
2018,18.01421,81.02878,1
2018,18.01717,80.86684,1
2018,18.02408,80.68887,1
2018,18.0306,81.32192,1
2018,18.03079,81.79237,1
2018,18.03972,121.825,1
2018,18.06067,81.17977,1
2018,18.07243,80.82669,1
2018,18.07295,80.8256,3
2018,18.08375,82.38318,1
2018,18.08624,80.86354,1
2018,18.08771,81.38431,1
2018,18.10426,-99.10724,1
2018,18.11526,80.92354,2
2018,18.11726,81.49043,1
2018,18.12764,82.12398,1
2018,18.12992,82.12602,1
2018,18.13342,81.25188,1
2018,18.1704,82.39174,1
2018,18.17827,121.56554,1
2018,18.19628,80.97765,1
2018,18.2011,79.93757,1
2018,18.20568,80.67115,1
2018,18.22346,42.52605,1
2018,18.23686,81.1832,1
2018,18.23712,81.18316,1
2018,18.24205,81.31444,1
2018,18.25229,81.24482,3
2018,18.29579,81.55282,1
2018,18.29604,42.80012,1
2018,18.31172,45.71561,1
2018,18.31282,45.71902,1
2018,18.31475,42.72516,3
2018,18.3302,-100.70133,1
2018,18.33802,81.87931,1
2018,18.35147,45.60071,2
2018,18.35159,81.60267,1
2018,18.3592,81.62311,1
2018,18.37045,81.6394,1
2018,18.38066,81.63799,1
2018,18.39101,81.65693,1
2018,18.39113,81.65927,3
2018,18.39146,81.65817,1
2018,18.3969,82.35364,1
2018,18.39892,82.05144,1
2018,18.42106,81.52835,1
2018,18.42125,81.62488,1
2018,18.4231,82.48267,1
2018,18.43284,81.63148,1
2018,18.44223,81.16946,1
2018,18.4427,1.41133,6
2018,18.48627,80.74846,1
2018,18.49109,80.843,1
2018,18.49126,81.2227,1
2018,18.49625,81.29455,3
2018,18.49972,81.37944,1
2018,18.50036,83.04822,1
2018,18.51537,81.54378,1
2018,18.52772,-72.33284,5
2018,18.52851,80.88596,1
2018,18.531,81.33423,1
2018,18.53513,80.8862,1
2018,18.5434,82.22312,1
2018,18.55498,80.92021,1
2018,18.56111,80.9204,6
2018,18.56893,80.9392,1
2018,18.59502,81.63892,1
2018,18.60258,81.30495,1
2018,18.60369,81.30968,1
2018,18.61453,80.35371,1
2018,18.61742,81.39491,1
2018,18.6351,81.64623,1
2018,18.63799,77.99171,1
2018,18.64476,73.88601,1
2018,18.69237,81.51027,1
2018,18.69378,81.22159,1
2018,18.70164,81.24845,4
2018,18.71891,80.9965,1
2018,18.7248,81.40761,1
2018,18.72753,81.44163,1
2018,18.73509,81.09846,1
2018,18.73669,81.039,1
2018,18.73732,81.44118,1
2018,18.73853,81.07752,1
2018,18.73884,82.34926,1
2018,18.739,-99.36761,1
2018,18.75778,80.91754,1
2018,18.7582,81.03511,1
2018,18.76104,81.47458,1
2018,18.76169,82.01416,1
2018,18.76682,80.9402,1
2018,18.77124,81.27253,2
2018,18.77174,81.27488,1
2018,18.77518,80.5367,1
2018,18.78694,80.74167,1
2018,18.78735,80.74185,1
2018,18.79326,81.62415,2
2018,18.80833,81.30552,1
2018,18.82848,80.97916,1
2018,18.84305,80.77583,1
2018,18.84605,80.53922,2
2018,18.85023,81.25868,1
2018,18.85335,81.38387,1
2018,18.85417,81.48917,1
2018,18.86083,18.86083,1
2018,18.86083,80.72144,3
2018,18.8786,80.35152,1
2018,18.90113,81.34938,1
2018,18.91519,81.52544,1
2018,18.95892,72.8124,1
2018,18.96433,80.69102,1
2018,18.9675,81.92333,1
2018,18.97572,81.39925,1
2018,18.98623,80.98633,1
2018,19.00783,81.05793,3
2018,19.02157,81.71989,1
2018,19.07968,80.7159,1
2018,19.07993,81.99222,1
2018,19.0857,74.73224,1
2018,19.09389,82.06944,1
2018,19.0969,42.86379,1
2018,19.09691,42.86379,1
2018,19.10713,81.95348,1
2018,19.14085,82.15378,1
2018,19.1454,17.99068,1
2018,19.20986,-102.58692,1
2018,19.21221,81.5034,1
2018,19.21958,80.72425,1
2018,19.24033,73.13054,1
2018,19.26016,-96.57834,1
2018,19.32861,80.14459,1
2018,19.37061,80.1496,1
2018,19.41521,80.58994,1
2018,19.43261,-99.13321,2
2018,19.46485,0.85639,3
2018,19.49687,80.27296,1
2018,19.49687,80.27673,2
2018,19.49732,81.51301,1
2018,19.50652,81.50916,1
2018,19.54146,81.51027,1
2018,19.58099,-88.0454,1
2018,19.58908,80.34916,1
2018,19.5935,81.6573,1
2018,19.59585,81.66378,2
2018,19.5984,81.6657,1
2018,19.59862,80.22658,1
2018,19.62415,83.49344,1
2018,19.6258,83.335,1
2018,19.67132,80.89009,1
2018,19.67636,81.01246,1
2018,19.67882,80.00509,1
2018,19.69414,81.38693,1
2018,19.69484,80.0493,1
2018,19.7149,83.35498,1
2018,19.72077,80.24773,1
2018,19.72144,81.25035,1
2018,19.72358,81.24238,1
2018,19.81128,80.66496,1
2018,19.85352,81.1498,1
2018,19.8712,80.82627,1
2018,19.88647,82.07277,1
2018,19.92204,80.54257,1
2018,19.92846,83.3185,1
2018,19.96126,100.45364,1
2018,19.96192,80.98975,1
2018,19.96701,81.02946,1
2018,19.98222,83.41028,1
2018,19.99251,83.29073,1
2018,20.01139,80.38167,1
2018,20.09806,81.27694,1
2018,20.10179,93.34933,1
2018,20.10589,83.73458,1
2018,20.13755,-98.20595,1
2018,20.14057,-98.66202,1
2018,20.14426,92.89682,1
2018,20.14445,92.8968,2
2018,20.14461,92.89671,1
2018,20.18335,81.05284,1
2018,20.18487,79.9948,1
2018,20.26746,81.51697,1
2018,20.27271,81.48831,1
2018,20.27292,80.30593,1
2018,20.27318,80.30738,1
2018,20.31114,81.07342,1
2018,20.31634,98.3732,1
2018,20.32472,0.73083,1
2018,20.32816,80.47351,1
2018,20.34666,80.71798,1
2018,20.36391,82.37502,1
2018,20.39217,-101.19005,1
2018,20.39767,93.01606,1
2018,20.42973,80.4448,1
2018,20.45416,-100.62316,1
2018,20.4725,81.4425,1
2018,20.48357,84.03921,1
2018,20.48386,92.75943,1
2018,20.48491,92.75558,1
2018,20.62431,-103.32122,1
2018,20.65482,-87.08012,3
2018,20.66876,92.64584,1
2018,20.67344,-103.36699,1
2018,20.7157,80.46648,1
2018,20.83238,92.40242,3
2018,20.86951,92.52722,1
2018,20.88582,92.40342,1
2018,20.8906,99.93251,5
2018,20.93671,85.5417,1
2018,21.05267,-3.74351,2
2018,21.08001,80.60216,1
2018,21.09572,80.98822,1
2018,21.13461,80.89865,1
2018,21.16943,92.15981,1
2018,21.16955,92.15995,1
2018,21.21944,92.16194,1
2018,21.26764,82.45632,1
2018,21.26919,40.41915,2
2018,21.27866,81.86614,1
2018,21.2798,72.94753,1
2018,21.28273,99.62302,1
2018,21.38233,92.29407,1
2018,21.42698,92.17577,1
2018,21.50416,-104.89459,1
2018,21.5124,80.74536,1
2018,21.60139,83.41917,1
2018,21.67444,80.92722,1
2018,21.74139,80.46694,1
2018,21.8211,92.43564,1
2018,21.82167,83.84556,1
2018,21.84727,84.01146,1
2018,21.84806,25.16664,1
2018,22.01009,92.12538,1
2018,22.0105,87.97652,1
2018,22.0362,98.13385,1
2018,22.06261,88.32065,1
2018,22.13276,85.18651,1
2018,22.15464,-100.97274,1
2018,22.2382,70.67843,1
2018,22.25069,84.99595,1
2018,22.28334,70.65097,1
2018,22.31144,92.69839,1
2018,22.31343,89.85054,1
2018,22.3419,91.81512,2
2018,22.47444,88.10004,1
2018,22.51116,85.23339,1
2018,22.53352,92.88126,2
2018,22.5381,97.03342,1
2018,22.60697,88.40281,1
2018,22.61171,88.39399,1
2018,22.6746,89.65098,1
2018,22.76902,88.36437,1
2018,22.8267,85.46592,1
2018,22.84989,89.53752,1
2018,22.85933,92.1083,1
2018,22.85972,92.10708,1
2018,22.93816,97.74629,1
2018,22.96523,97.16206,3
2018,22.96865,97.15964,1
2018,22.98676,87.85498,1
2018,23.00588,85.41175,1
2018,23.0342,85.2983,1
2018,23.03797,85.75048,1
2018,23.04444,88.91167,1
2018,23.0504,85.65503,1
2018,23.10804,84.94273,1
2018,23.11619,84.45946,1
2018,23.15401,75.80255,1
2018,23.1634,89.21817,1
2018,23.24107,69.67407,1
2018,23.24316,15.96916,2
2018,23.25,87.75,1
2018,23.27011,16.02489,2
2018,23.31028,84.93917,1
2018,23.31124,21.85686,2
2018,23.3491,85.30873,1
2018,23.39688,84.10613,1
2018,23.41221,83.93075,1
2018,23.43375,84.64791,1
2018,23.44722,84.68402,1
2018,23.47842,85.30961,1
2018,23.4859,83.98388,1
2018,23.48865,84.00317,1
2018,23.5,84.6,1
2018,23.51841,85.69382,1
2018,23.53386,86.69787,1
2018,23.56157,85.59595,1
2018,23.59616,90.39367,1
2018,23.61115,83.61106,2
2018,23.65,90.15,1
2018,23.65941,85.97288,1
2018,23.67143,84.23556,1
2018,23.67188,21.17504,1
2018,23.68917,84.63,1
2018,23.73692,-99.14112,1
2018,23.75558,84.3542,1
2018,23.77988,83.85058,1
2018,23.78437,83.87858,3
2018,23.79128,90.4182,1
2018,23.8025,83.87381,1
2018,23.80526,88.67249,1
2018,23.80583,83.87083,1
2018,23.81833,83.84944,1
2018,23.82809,88.70976,1
2018,23.83382,91.25409,1
2018,23.92111,84.41446,1
2018,23.93434,97.89286,1
2018,23.94683,90.5741,1
2018,23.94873,86.06258,1
2018,23.94883,84.61104,1
2018,23.95679,94.04225,1
2018,23.9649,86.14465,1
2018,23.9672,94.05603,1
2018,23.97897,97.90473,1
2018,23.99328,97.91026,1
2018,23.99329,97.91026,2
2018,23.99687,85.37176,1
2018,23.99769,85.29552,1
2018,24.00793,86.14929,1
2018,24.02227,38.21413,1
2018,24.0247,86.02239,1
2018,24.02708,86.02572,1
2018,24.0313,89.40681,1
2018,24.03672,93.63413,1
2018,24.05444,86.16139,1
2018,24.06927,88.99802,1
2018,24.10846,83.67739,1
2018,24.14136,83.81702,1
2018,24.1631,85.32913,2
2018,24.18067,86.30101,1
2018,24.1841,86.2846,1
2018,24.19263,84.88012,1
2018,24.20179,84.86638,1
2018,24.23008,84.40617,1
2018,24.25164,94.30085,1
2018,24.25171,94.30074,1
2018,24.35681,84.3463,1
2018,24.3761,85.2593,1
2018,24.38379,94.14818,1
2018,24.39174,89.99483,1
2018,24.39182,89.70502,1
2018,24.40448,94.10351,1
2018,24.53218,94.0261,1
2018,24.5408,84.4405,1
2018,24.54417,84.82681,2
2018,24.577,84.62172,1
2018,24.57738,-9.90181,1
2018,24.57799,85.77179,1
2018,24.58544,73.71248,1
2018,24.59761,94.03717,1
2018,24.62022,93.52031,1
2018,24.66378,93.99753,1
2018,24.66667,86.47167,2
2018,24.66667,94.48333,1
2018,24.68459,46.70267,5
2018,24.69611,85.31222,1
2018,24.69627,84.98926,3
2018,24.70194,87.76889,1
2018,24.70417,84.3542,5
2018,24.73921,69.79804,1
2018,24.74256,85.52002,1
2018,24.74493,93.89602,1
2018,24.7496,93.42206,1
2018,24.7513,89.82826,1
2018,24.7564,93.17745,1
2018,24.76458,93.3348,1
2018,24.76469,86.33768,1
2018,24.78065,93.96744,1
2018,24.78098,94.03984,1
2018,24.78842,43.80008,1
2018,24.78858,89.38862,1
2018,24.79018,94.55,1
2018,24.79302,94.62459,1
2018,24.79792,93.94052,13
2018,24.80374,93.4653,1
2018,24.81011,15.20096,1
2018,24.81572,94.52984,1
2018,24.8244,86.1192,1
2018,24.82643,87.21016,1
2018,24.8362,93.92767,1
2018,24.83662,93.8083,1
2018,24.8372,87.97758,1
2018,24.85358,93.61032,1
2018,24.85833,94.51528,1
2018,24.87904,89.34167,1
2018,24.89048,84.41595,1
2018,24.89112,67.14331,22
2018,24.9109,93.8579,1
2018,24.91286,85.59083,1
2018,24.91335,84.44526,1
2018,24.91722,91.83191,1
2018,24.96551,93.79524,1
2018,24.96655,93.88073,1
2018,24.97306,86.48222,1
2018,25.0059,66.81965,1
2018,25.03672,121.51212,1
2018,25.04008,121.51196,1
2018,25.04176,40.47455,1
2018,25.04454,66.87468,2
2018,25.04642,121.54042,1
2018,25.05258,61.74685,1
2018,25.08723,86.19113,1
2018,25.09569,94.36071,1
2018,25.10037,61.87172,1
2018,25.12882,62.05753,1
2018,25.13034,86.51993,1
2018,25.1376,85.04868,1
2018,25.1458,62.32656,1
2018,25.14715,86.09394,1
2018,25.15192,93.96996,1
2018,25.15357,93.97176,1
2018,25.15478,93.97499,1
2018,25.16962,87.14652,1
2018,25.18402,92.02485,1
2018,25.19848,87.92801,1
2018,25.25231,62.29533,1
2018,25.26786,63.46099,1
2018,25.29249,60.63065,1
2018,25.30437,96.93696,1
2018,25.3273,84.80052,1
2018,25.3478,86.98243,1
2018,25.38143,97.01045,1
2018,25.38929,68.35734,4
2018,25.39426,97.42465,1
2018,25.49753,90.66618,2
2018,25.50956,85.22957,1
2018,25.53139,90.592,1
2018,25.5339,85.38352,1
2018,25.55604,84.66033,1
2018,25.5664,91.88428,1
2018,25.57318,91.92338,1
2018,25.57665,90.49515,1
2018,25.57938,85.09476,1
2018,25.60583,94.12854,1
2018,25.61142,88.08186,2
2018,25.61513,88.09022,1
2018,25.62022,85.0495,1
2018,25.67129,21.07287,1
2018,25.67318,21.07492,1
2018,25.7033,87.31645,1
2018,25.71876,85.22807,1
2018,25.72256,94.67992,1
2018,25.7847,85.27483,1
2018,25.80249,93.61122,1
2018,25.81624,-80.13428,1
2018,25.8509,97.43814,1
2018,25.86299,93.75367,1
2018,25.86598,86.73912,1
2018,25.89974,-80.25512,1
2018,25.90745,93.72528,1
2018,25.90845,93.72637,1
2018,25.91823,13.926,1
2018,25.93449,14.45869,1
2018,25.97411,62.95194,1
2018,25.99941,63.04745,6
2018,26.00862,63.89123,1
2018,26.01461,63.01495,1
2018,26.01758,62.86326,1
2018,26.02419,89.4754,1
2018,26.02449,89.47548,1
2018,26.03892,63.37296,1
2018,26.04156,88.42867,1
2018,26.07348,62.72052,1
2018,26.08029,88.44038,1
2018,26.09023,88.27534,1
2018,26.10288,62.36894,1
2018,26.11563,62.03764,3
2018,26.11853,85.38657,1
2018,26.12346,85.40269,1
2018,26.1403,14.73618,1
2018,26.14979,91.76393,2
2018,26.15474,-80.29965,1
2018,26.15606,63.01476,2
2018,26.15849,-10.55915,2
2018,26.21912,50.46448,1
2018,26.24467,94.8106,1
2018,26.29414,76.74951,1
2018,26.31933,89.66845,1
2018,26.32077,94.18491,1
2018,26.32182,-80.25333,1
2018,26.32204,94.51346,1
2018,26.32902,62.5007,1
2018,26.40265,65.34633,1
2018,26.40908,65.53239,1
2018,26.42351,90.97851,1
2018,26.4316,11.8495,3
2018,26.43221,11.85037,1
2018,26.45253,87.27162,1
2018,26.45435,87.27968,1
2018,26.48242,65.2821,1
2018,26.49884,89.3049,1
2018,26.51904,43.99173,1
2018,26.52792,-80.08145,1
2018,26.53293,91.72939,1
2018,26.5454,12.69968,1
2018,26.56279,87.71898,1
2018,26.60348,94.94114,1
2018,26.62696,63.35314,1
2018,26.62755,87.18217,1
2018,26.63805,87.58914,3
2018,26.64466,93.97396,1
2018,26.6469,88.15476,1
2018,26.65838,87.70139,1
2018,26.6604,87.69821,1
2018,26.66487,87.6137,1
2018,26.66621,87.2748,1
2018,26.66816,87.38532,1
2018,26.67064,87.66696,1
2018,26.71019,87.75995,1
2018,26.71535,67.79681,1
2018,26.72048,95.0284,1
2018,26.72164,91.99042,1
2018,26.72971,86.47944,1
2018,26.73019,86.47919,1
2018,26.73032,64.14782,2
2018,26.73136,64.14876,1
2018,26.73484,64.15228,1
2018,26.76308,94.51448,1
2018,26.78421,86.72553,1
2018,26.79205,86.69918,1
2018,26.812,87.25534,1
2018,26.81719,87.26686,1
2018,26.84474,64.1534,1
2018,26.84638,68.1252,1
2018,26.84668,-80.16796,1
2018,26.90328,95.08263,1
2018,26.90563,86.04146,1
2018,26.91992,94.76139,1
2018,26.93059,64.03566,1
2018,26.97214,64.11457,2
2018,26.98917,94.74972,1
2018,27.01033,87.30116,1
2018,27.01352,84.57724,1
2018,27.02287,14.44122,14
2018,27.0309,95.17681,1
2018,27.03879,95.49852,1
2018,27.06141,85.07294,1
2018,27.08266,95.10282,1
2018,27.11033,95.15954,1
2018,27.11133,95.16145,2
2018,27.12687,94.74004,1
2018,27.14962,57.06903,1
2018,27.16169,95.27829,1
2018,27.16198,85.35075,1
2018,27.19296,95.47239,1
2018,27.21478,85.91065,1
2018,27.23839,14.65153,1
2018,27.29445,95.7379,1
2018,27.3151,87.19933,1
2018,27.34255,66.36792,2
2018,27.3526,62.34478,1
2018,27.36101,86.37778,1
2018,27.37875,87.20758,1
2018,27.38036,95.89704,3
2018,27.38993,86.06231,1
2018,27.43383,85.0247,1
2018,27.47794,-99.54957,1
2018,27.48989,87.21002,1
2018,27.49207,95.34805,1
2018,27.509,95.91305,1
2018,27.55419,85.64586,1
2018,27.55871,66.67177,1
2018,27.56008,68.21572,1
2018,27.57394,85.58012,1
2018,27.57576,66.8082,1
2018,27.58101,14.19891,1
2018,27.5828,15.82212,1
2018,27.58332,84.51675,1
2018,27.58878,95.93964,1
2018,27.59555,95.56225,1
2018,27.61806,69.23639,1
2018,27.63328,85.32999,1
2018,27.63947,95.79853,1
2018,27.6451,85.44272,1
2018,27.65779,82.96301,1
2018,27.67422,85.40182,1
2018,27.67562,85.36,1
2018,27.67686,95.97409,1
2018,27.6818,85.38598,1
2018,27.68261,85.47996,1
2018,27.68599,83.46295,1
2018,27.68896,84.42743,1
2018,27.69032,85.22048,1
2018,27.69342,83.3148,1
2018,27.69456,84.43171,1
2018,27.69556,84.42556,1
2018,27.69629,83.4591,1
2018,27.70461,84.41364,1
2018,27.70875,85.3295,2
2018,27.7174,85.16024,1
2018,27.71895,85.16271,1
2018,27.72436,64.80908,1
2018,27.72467,84.59216,1
2018,27.75812,85.40918,1
2018,27.76578,95.6621,1
2018,27.80992,66.62095,3
2018,27.81073,16.38906,1
2018,27.86823,83.5465,1
2018,27.87462,83.54948,1
2018,27.88171,76.28108,1
2018,27.8954,85.15076,1
2018,27.95909,64.66404,1
2018,27.95994,85.18983,1
2018,27.98226,84.26133,1
2018,27.98351,16.91225,1
2018,27.99078,83.39112,1
2018,27.99285,29.9634,1
2018,28.00918,67.84906,2
2018,28.05606,81.62802,1
2018,28.06632,83.24792,1
2018,28.06905,83.8032,1
2018,28.0871,30.76184,1
2018,28.08972,84.23472,1
2018,28.09008,81.73187,1
2018,28.11272,84.43122,1
2018,28.15389,81.66361,1
2018,28.17273,85.31362,1
2018,28.19983,81.68365,1
2018,28.20089,83.94485,1
2018,28.20386,83.99296,2
2018,28.21528,85.08142,2
2018,28.22375,84.05455,1
2018,28.24417,81.52167,1
2018,28.24778,82.72797,1
2018,28.26654,83.60009,1
2018,28.26667,83.26667,1
2018,28.26682,83.59982,1
2018,28.26906,83.60013,1
2018,28.27019,83.97208,1
2018,28.31023,81.4279,1
2018,28.31733,84.39993,1
2018,28.36786,82.52513,1
2018,28.45449,68.03816,1
2018,28.46681,68.27408,1
2018,28.54374,68.21844,4
2018,28.54556,77.30574,1
2018,28.54691,17.53586,2
2018,28.56008,67.62997,1
2018,28.58315,68.22072,1
2018,28.58584,77.15334,1
2018,28.58722,81.63181,1
2018,28.58736,65.42061,5
2018,28.58956,65.42355,1
2018,28.63331,69.19037,1
2018,28.67566,80.9574,1
2018,28.70324,80.58563,3
2018,28.73323,77.38591,1
2018,28.77,80.76,2
2018,28.77474,68.37676,1
2018,28.77551,65.66586,1
2018,28.7823,70.39122,1
2018,28.80884,16.90198,1
2018,28.81136,80.55251,1
2018,28.8372,80.32131,1
2018,28.85256,81.68272,1
2018,28.88335,64.41682,1
2018,28.89374,64.40585,2
2018,28.94054,66.17133,1
2018,28.94825,69.06028,1
2018,28.95256,68.95109,2
2018,28.97072,77.70364,1
2018,28.97528,69.21643,1
2018,28.97548,69.2697,1
2018,28.98915,68.01142,1
2018,29.00332,65.87667,1
2018,29.01393,61.44653,3
2018,29.02617,69.09702,1
2018,29.02781,69.09702,4
2018,29.03441,69.15866,1
2018,29.03516,69.15961,4
2018,29.04785,66.59332,2
2018,29.0484,69.12332,1
2018,29.05159,69.02217,1
2018,29.05798,21.22679,1
2018,29.08009,31.09818,2
2018,29.08386,68.86276,2
2018,29.1033,66.53538,1
2018,29.11854,64.5016,1
2018,29.12011,67.74896,2
2018,29.15158,21.29232,1
2018,29.15492,16.15612,1
2018,29.1649,-81.01012,1
2018,29.18192,68.21156,1
2018,29.2006,80.89865,1
2018,29.20287,19.21754,1
2018,29.22316,69.14004,1
2018,29.22356,19.05223,1
2018,29.27878,82.1961,1
2018,29.29882,68.90614,1
2018,29.32112,76.30583,1
2018,29.33333,66.96601,1
2018,29.38916,-95.10049,1
2018,29.40186,73.55941,1
2018,29.43744,21.89474,1
2018,29.45076,77.31521,1
2018,29.48119,67.64383,1
2018,29.49651,67.57698,1
2018,29.54828,67.87919,1
2018,29.55231,66.02051,2
2018,29.55455,34.94753,1
2018,29.58379,67.93372,1
2018,29.6014,68.81088,1
2018,29.62202,77.30228,1
2018,29.62321,68.03713,1
2018,29.65118,68.69139,1
2018,29.67223,67.97532,1
2018,29.72932,66.92268,1
2018,29.74174,24.51684,1
2018,29.78603,-95.38848,1
2018,29.78818,-95.17234,1
2018,29.7905,-95.83524,3
2018,29.80396,66.85099,1
2018,29.8061,66.82999,1
2018,29.85408,31.31768,1
2018,29.88201,66.78377,1
2018,29.88362,69.24538,1
2018,29.89609,69.25024,5
2018,29.8964,66.61876,1
2018,29.89902,69.16914,1
2018,29.90359,66.75188,1
2018,29.90569,66.7495,1
2018,29.97936,67.00364,1
2018,30.02292,31.18519,2
2018,30.04291,70.66642,1
2018,30.06843,66.95394,1
2018,30.08452,66.98344,2
2018,30.08463,31.33431,1
2018,30.08496,-94.14512,2
2018,30.09826,66.94448,3
2018,30.10154,20.8,1
2018,30.11487,77.37945,1
2018,30.12865,67.28299,1
2018,30.13452,62.26266,1
2018,30.13578,31.26964,1
2018,30.13581,47.00632,1
2018,30.15566,68.57595,1
2018,30.1621,66.9502,1
2018,30.16276,10.45309,1
2018,30.17443,71.47887,1
2018,30.20082,66.99435,43
2018,30.20497,66.07193,1
2018,30.21016,65.24885,1
2018,30.21365,71.49969,1
2018,30.22353,47.38557,1
2018,30.24382,66.04635,1
2018,30.25834,19.18989,1
2018,30.28377,66.91164,1
2018,30.28736,48.29551,1
2018,30.28781,62.14647,1
2018,30.2899,66.93559,1
2018,30.29311,47.29239,2
2018,30.31172,66.49331,1
2018,30.3133,47.52728,1
2018,30.32594,48.04068,1
2018,30.35041,47.62452,1
2018,30.38164,47.24878,1
2018,30.38191,47.71027,1
2018,30.40056,74.66611,1
2018,30.40061,47.53794,1
2018,30.4181,47.75327,1
2018,30.43727,33.53904,1
2018,30.43902,72.35521,1
2018,30.44376,33.1641,1
2018,30.44543,48.00023,1
2018,30.44839,47.983,2
2018,30.45046,18.50028,1
2018,30.45506,-84.25265,1
2018,30.4653,33.78569,3
2018,30.50628,66.96455,1
2018,30.51005,47.77809,21
2018,30.51999,16.52919,1
2018,30.57132,47.36084,1
2018,30.58447,66.9989,1
2018,30.59726,33.61758,2
2018,30.60411,67.00881,1
2018,30.60847,33.61758,1
2018,30.62721,18.3382,1
2018,30.64592,70.77829,1
2018,30.64734,67.14244,1
2018,30.653,34.02886,1
2018,30.66669,34.36858,1
2018,30.66819,20.21208,1
2018,30.68511,15.40485,1
2018,30.69702,74.43364,1
2018,30.69871,68.34944,2
2018,30.71472,66.73222,1
2018,30.73596,33.20392,1
2018,30.75713,20.23754,2
2018,30.76314,33.03583,1
2018,30.80119,47.89176,1
2018,30.80549,66.71291,1
2018,30.81296,34.90897,1
2018,30.82294,66.28041,1
2018,30.82956,35.03882,6
2018,30.90138,66.78182,1
2018,30.90733,17.74975,1
2018,30.91083,62.03639,1
2018,30.92211,66.45153,7
2018,30.94564,74.58502,1
2018,30.97775,47.31622,1
2018,30.97829,66.09486,1
2018,30.99049,66.51973,1
2018,30.99607,65.47574,2
2018,30.99777,66.41525,1
2018,31.00274,66.40561,1
2018,31.00493,64.18149,1
2018,31.00967,65.62817,1
2018,31.01208,32.86995,2
2018,31.01299,17.44837,1
2018,31.01403,68.33393,1
2018,31.01678,33.00859,1
2018,31.04139,33.38111,1
2018,31.04437,46.26145,2
2018,31.06144,47.46287,1
2018,31.06203,47.33701,1
2018,31.06527,75.03979,1
2018,31.07287,33.5651,1
2018,31.07754,33.81676,1
2018,31.08887,65.19506,1
2018,31.09091,33.83575,1
2018,31.09506,31.50506,1
2018,31.10012,33.66951,1
2018,31.11133,66.30322,1
2018,31.11655,33.72472,1
2018,31.12402,16.24051,1
2018,31.12665,33.80086,16
2018,31.1313,46.43373,1
2018,31.13209,33.80328,1
2018,31.13471,66.306,1
2018,31.13736,34.82698,1
2018,31.13774,-7.91979,1
2018,31.13893,17.04694,1
2018,31.15455,33.92375,1
2018,31.18051,29.89499,1
2018,31.18779,62.08975,1
2018,31.19214,62.45687,1
2018,31.19365,16.55388,2
2018,31.1966,121.45456,1
2018,31.20719,34.41355,1
2018,31.20788,34.06887,1
2018,31.20924,34.45801,1
2018,31.21003,34.09848,1
2018,31.21222,34.11706,1
2018,31.23043,34.48926,1
2018,31.24636,74.21287,1
2018,31.24848,34.78786,1
2018,31.2502,34.24128,1
2018,31.255,34.34566,1
2018,31.25713,34.59637,1
2018,31.26478,45.58851,1
2018,31.26667,64.23333,1
2018,31.27879,34.25644,2
2018,31.28106,34.44932,1
2018,31.28738,34.28992,1
2018,31.28942,34.28698,1
2018,31.30376,34.33127,1
2018,31.3075,34.37196,1
2018,31.31207,34.62179,1
2018,31.31572,34.36829,1
2018,31.31833,48.67062,1
2018,31.32095,64.45999,1
2018,31.32602,75.57618,1
2018,31.33589,64.3273,1
2018,31.33592,34.38032,1
2018,31.34696,34.30143,1
2018,31.34755,34.49104,1
2018,31.35468,34.30883,2
2018,31.3568,34.31214,1
2018,31.35791,34.33665,2
2018,31.362,34.70662,1
2018,31.36219,75.54368,1
2018,31.36365,63.95861,1
2018,31.3639,63.95844,2
2018,31.36574,61.81144,1
2018,31.36703,75.19977,1
2018,31.37323,74.36488,1
2018,31.3749,34.39802,5
2018,31.38093,67.23388,1
2018,31.39093,67.23996,1
2018,31.39157,64.31906,2
2018,31.3991,34.35599,2
2018,31.40367,34.38881,1
2018,31.40403,34.3805,1
2018,31.405,67.32858,1
2018,31.40732,67.22504,1
2018,31.40932,34.45237,1
2018,31.40956,34.54342,1
2018,31.41085,46.16968,1
2018,31.41248,67.27266,1
2018,31.41445,34.54176,1
2018,31.41824,73.07902,1
2018,31.4208,64.32991,1
2018,31.4242,34.49119,1
2018,31.42429,75.04555,1
2018,31.42563,34.57906,3
2018,31.42646,34.66874,1
2018,31.43139,34.53714,1
2018,31.43463,34.3993,3
2018,31.43821,62.62573,1
2018,31.43915,73.11448,1
2018,31.4427,65.31637,1
2018,31.44611,67.2525,1
2018,31.44891,15.25601,1
2018,31.45913,34.62416,1
2018,31.46031,66.52494,1
2018,31.46122,66.52239,1
2018,31.46329,67.28704,1
2018,31.46746,64.09244,3
2018,31.47053,66.52968,1
2018,31.47587,35.09024,1
2018,31.4763,34.47979,1
2018,31.48167,64.3225,1
2018,31.48926,35.09124,1
2018,31.49231,46.37726,1
2018,31.49971,65.00085,3
2018,31.50151,64.32018,1
2018,31.50241,34.45974,4
2018,31.50547,74.34288,2
2018,31.50773,34.63034,3
2018,31.50871,62.70064,1
2018,31.50952,66.5291,1
2018,31.51092,65.00154,1
2018,31.51193,34.57449,1
2018,31.51667,34.53068,1
2018,31.51869,64.16024,1
2018,31.52217,65.91484,1
2018,31.52584,66.52227,1
2018,31.52691,34.59693,1
2018,31.52808,34.59211,2
2018,31.5282,34.59638,11
2018,31.52918,34.47071,1
2018,31.5296,64.23222,2
2018,31.52973,35.11823,2
2018,31.53024,35.09416,4
2018,31.53505,65.16903,1
2018,31.53732,65.02906,1
2018,31.53946,65.36554,2
2018,31.54508,34.57831,1
2018,31.55224,35.15582,1
2018,31.55298,66.50914,1
2018,31.55417,70.62306,1
2018,31.55445,65.01465,1
2018,31.55536,34.53675,1
2018,31.55586,43.95775,1
2018,31.55679,64.20568,1
2018,31.55822,65.32762,1
2018,31.55839,34.97983,1
2018,31.56979,64.21268,1
2018,31.56999,64.17761,1
2018,31.57167,65.72944,1
2018,31.57323,64.19645,1
2018,31.57545,64.19771,1
2018,31.57612,66.43816,1
2018,31.57616,64.18826,1
2018,31.57778,63.79056,2
2018,31.58223,64.98187,1
2018,31.583,62.85035,1
2018,31.58464,64.22283,1
2018,31.5849,34.52369,1
2018,31.5857,64.22995,1
2018,31.5918,64.44208,1
2018,31.59964,64.46393,1
2018,31.60063,64.36965,19
2018,31.60667,70.74722,1
2018,31.60821,34.52584,1
2018,31.60854,64.80465,1
2018,31.60866,62.78511,1
2018,31.60881,35.11262,1
2018,31.60898,35.09936,2
2018,31.61045,65.98575,1
2018,31.61347,65.4136,1
2018,31.6196,62.92162,1
2018,31.62102,35.13853,2
2018,31.62188,62.86974,1
2018,31.62316,64.39967,1
2018,31.626,64.50052,1
2018,31.62626,74.7893,1
2018,31.63108,65.74223,27
2018,31.63111,74.31111,1
2018,31.63308,74.87829,1
2018,31.636,63.83229,1
2018,31.63908,64.24344,1
2018,31.63959,64.28912,1
2018,31.6401,35.14217,1
2018,31.64268,64.11502,1
2018,31.64282,68.4174,1
2018,31.64326,34.60096,1
2018,31.64389,35.13378,1
2018,31.64823,65.58711,1
2018,31.64903,67.17735,1
2018,31.6494,35.11554,1
2018,31.65552,35.1515,1
2018,31.65689,64.24282,1
2018,31.65765,35.1011,1
2018,31.66267,63.01476,1
2018,31.66424,64.26614,1
2018,31.66475,64.26676,1
2018,31.66639,62.93722,1
2018,31.66779,35.12528,1
2018,31.66918,20.24964,1
2018,31.67015,34.57515,1
2018,31.67822,64.89982,1
2018,31.6802,64.31221,1
2018,31.69158,65.65358,1
2018,31.69518,35.11448,1
2018,31.69529,35.16114,1
2018,31.69876,65.02631,1
2018,31.69891,35.15577,1
2018,31.70456,35.19446,3
2018,31.70881,64.64081,1
2018,31.71064,41.15181,1
2018,31.71309,73.98403,1
2018,31.72056,46.10778,1
2018,31.72241,35.16999,1
2018,31.72926,74.82951,1
2018,31.72961,67.40417,1
2018,31.74087,61.34478,1
2018,31.74456,61.6688,1
2018,31.74576,65.65326,1
2018,31.751,35.76968,1
2018,31.75426,14.00796,2
2018,31.76149,64.62142,1
2018,31.76174,35.26504,1
2018,31.76519,65.6733,1
2018,31.77028,61.23175,1
2018,31.7716,35.2034,1
2018,31.77347,35.29891,1
2018,31.7823,64.58908,1
2018,31.78484,35.22461,11
2018,31.78902,64.68848,2
2018,31.79143,64.59486,1
2018,31.80262,66.32472,2
2018,31.82083,64.57,1
2018,31.82496,70.88736,1
2018,31.82587,64.57643,3
2018,31.82677,64.59795,1
2018,31.82712,35.33706,1
2018,31.82878,61.23356,1
2018,31.82995,64.56811,1
2018,31.83083,70.26139,1
2018,31.83093,61.24108,1
2018,31.83333,35.26667,1
2018,31.83345,64.58016,1
2018,31.83372,64.65533,1
2018,31.83433,70.90905,12
2018,31.83528,64.5903,2
2018,31.83694,35.54589,1
2018,31.83864,64.64768,1
2018,31.83972,64.54202,1
2018,31.84822,47.1452,2
2018,31.85031,66.51633,1
2018,31.8504,64.67405,1
2018,31.85312,64.65367,1
2018,31.85627,23.91008,1
2018,31.85989,64.67741,1
2018,31.85997,64.68117,1
2018,31.86257,70.90187,1
2018,31.86324,35.2281,1
2018,31.86567,64.63848,1
2018,31.8715,35.06624,1
2018,31.8734,47.13621,2
2018,31.87657,64.68679,1
2018,31.88137,35.30477,1
2018,31.88219,70.57552,1
2018,31.89814,35.17324,1
2018,31.89899,22.54657,1
2018,31.90034,35.22467,2
2018,31.91724,35.21859,1
2018,31.92174,65.94645,1
2018,31.92541,70.50425,1
2018,31.92631,35.09884,1
2018,31.92944,70.45926,1
2018,31.9317,67.33758,1
2018,31.93272,70.46088,3
2018,31.94051,35.22317,1
2018,31.94158,35.22278,1
2018,31.94159,35.22273,1
2018,31.9416,35.22273,1
2018,31.95155,67.28479,1
2018,31.95162,67.28455,1
2018,31.95292,64.78016,1
2018,31.9551,35.26032,1
2018,31.96198,65.55413,1
2018,31.96439,35.20465,1
2018,31.96616,35.21308,1
2018,31.97097,68.77405,1
2018,31.97396,66.68574,1
2018,31.97531,35.19604,1
2018,31.97553,66.72118,1
2018,31.979,65.53951,1
2018,31.98958,44.92377,2
2018,31.99937,67.05945,1
2018,32.00173,65.64736,1
2018,32.00408,35.78451,1
2018,32.00659,20.07247,1
2018,32.0093,15.05093,4
2018,32.00955,65.14917,1
2018,32.01056,65.50333,1
2018,32.02102,65.96406,1
2018,32.02501,44.31634,1
2018,32.02904,22.56029,1
2018,32.03335,44.39973,1
2018,32.03956,12.80334,1
2018,32.04298,42.25426,1
2018,32.04606,66.14795,1
2018,32.04724,44.37094,1
2018,32.05911,68.80924,1
2018,32.05956,35.36773,1
2018,32.06497,22.60744,1
2018,32.06929,20.15114,13
2018,32.07103,35.32644,1
2018,32.07324,23.94485,1
2018,32.07406,35.32471,1
2018,32.07469,66.14269,1
2018,32.08297,34.81189,1
2018,32.08377,65.23223,1
2018,32.08833,66.06179,1
2018,32.09587,63.6975,1
2018,32.09919,64.88339,2
2018,32.10021,66.90102,5
2018,32.10507,35.17436,1
2018,32.10623,35.18099,1
2018,32.10806,61.34861,1
2018,32.10923,74.85584,1
2018,32.10971,35.10974,1
2018,32.11542,35.08046,1
2018,32.11566,66.57002,8
2018,32.11786,65.02162,2
2018,32.12063,61.54467,1
2018,32.12253,66.94634,1
2018,32.12342,35.02716,1
2018,32.12541,35.34648,1
2018,32.12572,65.92593,2
2018,32.12782,65.01718,1
2018,32.13963,61.28681,1
2018,32.14246,64.94248,1
2018,32.14643,74.9996,1
2018,32.14951,61.55002,1
2018,32.1496,66.56784,1
2018,32.15447,-110.87826,4
2018,32.17183,35.30944,1
2018,32.17546,35.33648,1
2018,32.184,35.2337,1
2018,32.19005,20.59634,1
2018,32.19188,67.18945,2
2018,32.19316,35.26486,1
2018,32.20093,35.21321,1
2018,32.21174,35.15815,1
2018,32.2161,35.17791,1
2018,32.22145,68.31037,1
2018,32.22227,35.25351,6
2018,32.23166,35.21437,1
2018,32.23705,67.55564,3
2018,32.23846,20.19089,1
2018,32.24,70.3925,1
2018,32.25252,70.3973,1
2018,32.26351,35.18443,1
2018,32.26454,68.52472,1
2018,32.2728,69.55419,1
2018,32.28425,70.4535,1
2018,32.28614,75.37484,1
2018,32.29326,39.32246,1
2018,32.29946,69.73735,1
2018,32.30479,75.89433,1
2018,32.3061,69.57996,2
2018,32.30631,65.8085,1
2018,32.31997,66.98749,1
2018,32.32653,35.55094,1
2018,32.34482,61.46856,1
2018,32.35492,15.10552,2
2018,32.36691,62.11382,1
2018,32.36898,66.32605,1
2018,32.36965,61.97829,1
2018,32.37,35.07229,1
2018,32.37001,62.12846,31
2018,32.3721,35.309,1
2018,32.37583,62.04833,1
2018,32.38198,62.02022,2
2018,32.38395,62.12681,1
2018,32.38889,68.94639,1
2018,32.40196,62.10968,1
2018,32.40395,66.83216,1
2018,32.40407,66.0908,1
2018,32.40544,62.06668,1
2018,32.41667,68.75,1
2018,32.42049,35.17703,1
2018,32.42347,36.6237,1
2018,32.4265,61.12915,1
2018,32.42889,62.08639,1
2018,32.43138,13.63833,1
2018,32.43814,65.97253,1
2018,32.43982,14.36611,1
2018,32.4414,62.06367,1
2018,32.44398,22.49773,1
2018,32.44565,66.87625,1
2018,32.46062,35.30125,2
2018,32.46322,67.35277,1
2018,32.46819,44.55019,4
2018,32.4684,14.56723,1
2018,32.46861,62.21738,1
2018,32.46875,35.13527,1
2018,32.46924,44.41664,2
2018,32.4751,62.06023,1
2018,32.47529,62.20212,1
2018,32.47975,67.42506,1
2018,32.48035,62.02892,1
2018,32.48092,62.02824,2
2018,32.4822,62.0361,3
2018,32.48336,62.05738,1
2018,32.49139,67.3954,1
2018,32.49533,62.26266,2
2018,32.4975,67.39472,1
2018,32.49769,62.24492,3
2018,32.49777,65.97835,1
2018,32.49998,69.92238,1
2018,32.507,67.41177,1
2018,32.50764,63.76954,2
2018,32.51191,62.1333,1
2018,32.51194,66.98722,1
2018,32.51207,66.991,1
2018,32.51361,62.84167,1
2018,32.51577,69.28948,1
2018,32.52139,67.41306,1
2018,32.52903,66.71291,1
2018,32.53431,62.31523,2
2018,32.54182,44.54706,1
2018,32.54382,67.0019,2
2018,32.54672,67.00136,1
2018,32.54982,13.43871,1
2018,32.5506,73.20862,1
2018,32.55273,65.70688,1
2018,32.55814,67.04997,1
2018,32.55976,41.91965,12
2018,32.5633,68.12815,1
2018,32.56394,43.91482,1
2018,32.5668,66.64233,1
2018,32.56699,69.83171,2
2018,32.5716,74.0752,1
2018,32.57177,67.1337,1
2018,32.57357,12.91264,4
2018,32.5769,12.92677,1
2018,32.58537,66.58445,1
2018,32.58942,62.75601,1
2018,32.60225,65.77282,1
2018,32.60439,44.00714,3
2018,32.60888,35.28996,1
2018,32.61051,70.81469,1
2018,32.6124,62.52518,2
2018,32.61682,13.03584,1
2018,32.61797,65.87237,3
2018,32.61887,62.49523,1
2018,32.62141,65.82534,1
2018,32.62306,62.46206,1
2018,32.62333,69.5058,1
2018,32.62362,62.42789,1
2018,32.62422,69.50353,2
2018,32.62438,62.07771,1
2018,32.62846,36.22344,1
2018,32.62975,62.49081,2
2018,32.6299,62.87988,1
2018,32.6352,74.91406,1
2018,32.6353,69.47524,1
2018,32.63586,65.46174,1
2018,32.63927,36.12902,1
2018,32.64204,65.4645,2
2018,32.64388,62.57392,2
2018,32.64426,65.89944,1
2018,32.6467,62.60589,1
2018,32.64699,14.26097,1
2018,32.64819,65.92773,1
2018,32.65029,36.30466,1
2018,32.65811,41.34605,1
2018,32.66258,13.18531,2
2018,32.6664,65.9036,1
2018,32.67785,61.98139,1
2018,32.67816,65.90019,2
2018,32.67871,69.82981,1
2018,32.681,62.59949,1
2018,32.68333,62.01114,1
2018,32.68707,36.56795,1
2018,32.68746,62.64525,1
2018,32.68951,68.32763,1
2018,32.68984,62.73239,4
2018,32.69135,35.9904,1
2018,32.69268,69.8317,1
2018,32.69302,69.83596,1
2018,32.69467,62.74128,4
2018,32.69682,67.66629,1
2018,32.70357,70.02426,1
2018,32.7043,67.69851,1
2018,32.70455,62.04594,1
2018,32.70976,36.56764,3
2018,32.71182,13.06943,1
2018,32.71428,36.57198,1
2018,32.71778,35.94167,1
2018,32.71813,62.77774,2
2018,32.71837,11.24104,1
2018,32.71845,62.67902,1
2018,32.72107,37.25279,1
2018,32.72201,36.71568,1
2018,32.7266,74.85703,3
2018,32.73495,36.20304,1
2018,32.73622,66.21458,1
2018,32.73788,69.05832,1
2018,32.7389,62.74488,1
2018,32.74079,67.6245,1
2018,32.74256,40.91715,1
2018,32.743,62.67942,1
2018,32.74361,36.79639,1
2018,32.7472,67.63676,1
2018,32.74815,39.02797,1
2018,32.74944,22.61209,1
2018,32.74999,62.58665,9
2018,32.75111,35.91056,1
2018,32.75543,36.13008,1
2018,32.75649,12.38329,1
2018,32.76042,42.06349,1
2018,32.76554,22.62112,15
2018,32.76579,61.65674,1
2018,32.76597,13.24975,1
2018,32.76861,62.78481,1
2018,32.77096,62.77546,1
2018,32.77734,44.28935,1
2018,32.77979,67.61959,1
2018,32.78063,35.82525,1
2018,32.78521,62.69313,1
2018,32.79002,74.78253,1
2018,32.79156,12.48903,1
2018,32.79892,36.78195,3
2018,32.80048,68.47573,1
2018,32.80058,70.49556,2
2018,32.80294,13.28329,1
2018,32.80299,67.54694,1
2018,32.80691,67.77534,1
2018,32.8114,67.55629,1
2018,32.81194,36.77306,1
2018,32.81433,67.60276,1
2018,32.81543,66.25116,2
2018,32.8171,69.368,1
2018,32.82098,67.76779,1
2018,32.82224,13.01141,1
2018,32.82323,70.66661,1
2018,32.82371,13.24031,1
2018,32.83702,36.7631,1
2018,32.83805,13.18259,36
2018,32.84103,74.46282,1
2018,32.84325,22.42103,1
2018,32.84573,67.81321,1
2018,32.85082,68.19084,4
2018,32.85285,36.77387,2
2018,32.85472,70.645,1
2018,32.8559,70.21999,1
2018,32.85707,13.33851,1
2018,32.86701,44.22045,2
2018,32.86789,36.76976,1
2018,32.86903,39.13524,1
2018,32.86925,44.21879,1
2018,32.8696,71.03175,1
2018,32.87213,69.55399,1
2018,32.87777,70.11581,1
2018,32.87858,70.11526,1
2018,32.87879,70.1154,1
2018,32.88018,44.38696,1
2018,32.88504,61.14032,2
2018,32.88562,61.14177,1
2018,32.88623,70.09999,1
2018,32.88642,74.94768,2
2018,32.88706,70.11079,1
2018,32.88978,68.81895,1
2018,32.90109,69.7494,1
2018,32.90487,70.72863,1
2018,32.91006,74.95312,1
2018,32.91247,69.2608,1
2018,32.91397,70.02873,1
2018,32.91873,61.69495,1
2018,32.9189,70.68701,1
2018,32.92089,69.97122,1
2018,32.92125,70.55817,1
2018,32.92201,66.68915,1
2018,32.92239,67.75325,1
2018,32.92255,67.73968,1
2018,32.92722,66.14166,1
2018,32.92775,66.14021,1
2018,32.92804,66.69246,1
2018,32.92977,70.66927,1
2018,32.92985,66.6891,1
2018,32.92991,65.42252,1
2018,32.93095,35.08319,1
2018,32.93275,66.69359,1
2018,32.93444,69.76972,1
2018,32.93514,69.90627,1
2018,32.93538,40.22956,1
2018,32.93678,66.2176,1
2018,32.94067,69.18459,1
2018,32.94117,37.12825,1
2018,32.94201,67.76948,1
2018,32.94246,73.72575,1
2018,32.94668,69.18338,1
2018,32.94754,69.98295,1
2018,32.94778,70.14778,1
2018,32.94929,72.81606,1
2018,32.95079,36.60036,1
2018,32.95146,68.65624,1
2018,32.95302,69.89346,3
2018,32.9538,70.2672,1
2018,32.95396,67.77779,1
2018,32.95695,69.90163,5
2018,32.95813,69.95101,1
2018,32.95905,70.61564,1
2018,32.95907,70.09304,2
2018,32.95965,70.05086,1
2018,32.96119,40.26322,1
2018,32.96307,69.19341,1
2018,32.96528,70.25361,1
2018,32.96536,67.76795,1
2018,32.96769,69.1877,1
2018,32.96928,67.52902,1
2018,32.96977,67.52894,1
2018,32.97405,70.19741,1
2018,32.97482,68.00769,1
2018,32.975,69.39917,1
2018,32.97504,69.98481,1
2018,32.97543,70.27374,5
2018,32.97557,67.76296,1
2018,32.97679,69.98572,1
2018,32.97811,69.37439,1
2018,32.97847,69.39717,1
2018,32.98114,70.19619,1
2018,32.98126,70.19598,1
2018,32.98293,44.3616,3
2018,32.98399,70.19428,1
2018,32.98735,70.60253,3
2018,32.9879,70.05697,1
2018,32.98845,69.20748,1
2018,32.991,70.64547,1
2018,32.99259,70.61536,1
2018,32.99641,67.92149,1
2018,32.99667,66.69333,1
2018,32.99803,61.34675,1
2018,33.00133,69.03621,1
2018,33.00472,71.08361,1
2018,33.00651,70.06825,6
2018,33.03602,40.28816,7
2018,33.03795,37.19792,1
2018,33.04929,74.49066,2
2018,33.04952,44.26018,1
2018,33.05425,40.25096,1
2018,33.05467,36.00576,1
2018,33.05776,66.22231,1
2018,33.05799,44.35484,6
2018,33.07084,36.18279,2
2018,33.07291,36.55879,1
2018,33.07835,44.25472,7
2018,33.08283,66.17738,1
2018,33.08671,68.35394,1
2018,33.08774,68.33027,1
2018,33.08796,69.96627,1
2018,33.09085,68.36914,1
2018,33.09423,68.30055,1
2018,33.1003,41.53729,1
2018,33.10053,44.58449,13
2018,33.10218,68.30392,1
2018,33.10547,68.34193,1
2018,33.1059,44.56468,2
2018,33.11401,44.58708,1
2018,33.12306,63.295,1
2018,33.12602,44.68522,1
2018,33.12645,75.58148,1
2018,33.14,63.86,1
2018,33.14837,11.55691,1
2018,33.15075,68.75864,1
2018,33.15709,41.26809,1
2018,33.15724,69.33465,1
2018,33.15775,74.24202,1
2018,33.16182,62.05523,1
2018,33.16356,43.8631,1
2018,33.16858,68.12558,1
2018,33.17531,70.40218,1
2018,33.17624,68.09545,2
2018,33.17634,70.39685,1
2018,33.1767,70.40186,1
2018,33.1782,68.75253,4
2018,33.17889,70.39327,1
2018,33.17889,70.3941,2
2018,33.17928,63.76954,1
2018,33.1795,41.02625,2
2018,33.18168,44.23542,11
2018,33.18755,68.71205,1
2018,33.1877,68.08858,1
2018,33.18842,67.47549,2
2018,33.18866,74.14231,1
2018,33.1889,44.10422,6
2018,33.18946,67.47402,1
2018,33.18951,68.0901,1
2018,33.19314,68.10185,1
2018,33.19392,44.40858,11
2018,33.19652,70.38191,1
2018,33.19654,68.10282,1
2018,33.19818,68.07219,1
2018,33.20335,69.23655,1
2018,33.20336,44.58669,1
2018,33.20465,68.09306,1
2018,33.21188,65.6202,1
2018,33.21389,68.05972,1
2018,33.21836,62.17745,1
2018,33.21863,67.97303,3
2018,33.22003,62.09746,1
2018,33.22319,43.67929,1
2018,33.23028,63.27333,1
2018,33.23476,43.14288,1
2018,33.23818,62.20301,1
2018,33.23977,67.98996,1
2018,33.24164,63.63225,1
2018,33.24608,6.94373,1
2018,33.24715,65.56678,3
2018,33.24718,44.02545,4
2018,33.25417,62.38056,2
2018,33.26308,68.57241,5
2018,33.26669,62.35652,1
2018,33.26909,44.07068,1
2018,33.2693,44.06855,1
2018,33.27877,44.03103,1
2018,33.28146,44.00202,1
2018,33.28405,44.03078,1
2018,33.28599,62.25356,1
2018,33.29202,62.19953,1
2018,33.29814,62.11309,1
2018,33.30133,62.42601,1
2018,33.30319,68.89083,1
2018,33.30357,44.37177,165
2018,33.30438,62.1542,2
2018,33.30537,44.00033,1
2018,33.30583,68.44694,1
2018,33.30583,68.49056,2
2018,33.30733,68.4404,2
2018,33.3075,67.21236,1
2018,33.30917,65.59259,1
2018,33.30952,68.26443,1
2018,33.31065,44.03821,8
2018,33.31173,68.43653,1
2018,33.31209,67.20641,1
2018,33.3122,75.76776,1
2018,33.31225,43.7718,1
2018,33.31266,67.20713,1
2018,33.31433,68.26983,1
2018,33.31438,75.76477,1
2018,33.31485,68.41233,1
2018,33.31505,69.76436,1
2018,33.31566,67.24499,1
2018,33.31639,69.78,1
2018,33.31791,68.46476,3
2018,33.3201,69.77164,1
2018,33.32036,62.0754,1
2018,33.32809,68.42708,3
2018,33.32907,68.4185,1
2018,33.33161,68.52383,1
2018,33.33237,69.8039,1
2018,33.33526,69.92847,5
2018,33.33873,43.67624,1
2018,33.34021,68.60497,1
2018,33.34282,62.23201,1
2018,33.34337,69.73407,1
2018,33.34832,68.07837,1
2018,33.34916,43.7842,4
2018,33.34964,62.33372,1
2018,33.36627,70.01324,1
2018,33.37172,74.31531,1
2018,33.37576,44.70287,7
2018,33.38111,69.6825,1
2018,33.38743,42.87184,1
2018,33.38925,69.64628,1
2018,33.39052,43.6415,1
2018,33.39781,43.70628,1
2018,33.39828,43.27765,1
2018,33.40306,43.91187,1
2018,33.40718,43.91793,1
2018,33.4144,68.21417,1
2018,33.41518,68.20871,1
2018,33.42095,43.29566,9
2018,33.42666,43.19369,1
2018,33.42878,43.85526,1
2018,33.4315,43.38442,1
2018,33.43355,69.06141,1
2018,33.43381,38.92288,1
2018,33.43589,69.03145,1
2018,33.4428,67.786,1
2018,33.44844,43.26757,4
2018,33.44984,70.06404,1
2018,33.45712,43.47143,1
2018,33.46082,44.15743,6
2018,33.46507,68.53875,1
2018,33.46856,68.76319,2
2018,33.46942,69.05737,1
2018,33.47041,68.48458,3
2018,33.47051,44.39349,3
2018,33.47135,68.64629,1
2018,33.47657,69.03181,1
2018,33.489,36.34688,1
2018,33.49354,68.73233,1
2018,33.49777,68.59437,2
2018,33.49823,67.7616,9
2018,33.49875,68.65101,2
2018,33.4992,43.17262,1
2018,33.5009,44.21665,2
2018,33.50774,68.02197,3
2018,33.51068,45.13805,1
2018,33.51524,36.29208,15
2018,33.51583,69.76787,1
2018,33.51862,69.74992,1
2018,33.52474,45.20674,1
2018,33.52493,68.07043,1
2018,33.52708,68.06383,1
2018,33.52806,68.06833,2
2018,33.5282,68.00367,1
2018,33.52849,36.38609,1
2018,33.52889,71.05612,1
2018,33.52919,42.9123,1
2018,33.53633,67.10533,2
2018,33.53743,68.04413,1
2018,33.53772,75.24499,1
2018,33.53859,74.36929,1
2018,33.53906,36.36671,1
2018,33.53908,68.05258,2
2018,33.53975,69.73107,1
2018,33.54067,44.25127,30
2018,33.54118,75.24568,1
2018,33.542,35.38115,1
2018,33.5423,35.39137,1
2018,33.54235,44.36533,5
2018,33.54239,68.04255,1
2018,33.54262,68.41533,25
2018,33.54302,35.39754,1
2018,33.54316,44.5713,1
2018,33.54637,69.15675,1
2018,33.54831,44.41574,1
2018,33.54961,68.36701,1
2018,33.55044,35.37096,1
2018,33.55188,69.90276,1
2018,33.55502,68.3856,1
2018,33.55661,68.45809,1
2018,33.55672,36.443,1
2018,33.55972,68.28448,1
2018,33.55989,68.40393,1
2018,33.56136,68.28351,1
2018,33.5615,36.36876,3
2018,33.56225,45.34114,1
2018,33.56308,68.31006,1
2018,33.56404,68.22339,1
2018,33.56412,73.12255,1
2018,33.5671,68.69916,2
2018,33.57158,36.40044,1
2018,33.57349,44.54743,2
2018,33.57425,69.87075,1
2018,33.5744,45.13855,1
2018,33.57442,44.25484,1
2018,33.57528,71.02778,1
2018,33.57823,68.29273,1
2018,33.5783,44.80245,1
2018,33.57965,42.89518,1
2018,33.58022,69.27246,1
2018,33.5809,74.94852,1
2018,33.58294,63.71096,1
2018,33.58806,74.86056,1
2018,33.58992,68.40056,1
2018,33.5906,71.44062,1
2018,33.59206,42.61896,1
2018,33.59401,73.06908,2
2018,33.59639,44.10472,1
2018,33.59863,69.229,7
2018,33.6025,66.0625,1
2018,33.60508,74.14308,1
2018,33.60558,75.18701,1
2018,33.60689,44.21024,1
2018,33.60702,75.1236,1
2018,33.60778,42.73418,1
2018,33.60784,39.38016,1
2018,33.60787,68.23198,3
2018,33.61107,68.25384,1
2018,33.61343,74.92613,1
2018,33.62774,36.69819,1
2018,33.63,69.285,1
2018,33.6339,42.83208,5
2018,33.63577,74.89092,1
2018,33.6365,69.22183,1
2018,33.63852,69.22857,1
2018,33.64211,70.30448,1
2018,33.64499,75.01803,1
2018,33.64511,62.01676,1
2018,33.64542,75.01967,3
2018,33.64571,44.69411,1
2018,33.64927,42.83391,1
2018,33.64997,44.26154,5
2018,33.65,67.99361,1
2018,33.65156,66.06059,1
2018,33.6516,42.8286,1
2018,33.65176,42.82847,1
2018,33.65344,70.13275,1
2018,33.65415,75.08375,1
2018,33.65745,69.77312,1
2018,33.6581,70.94759,1
2018,33.65921,74.89766,2
2018,33.66185,69.76161,1
2018,33.66373,74.89523,1
2018,33.66479,75.22676,1
2018,33.66667,69.33333,1
2018,33.66676,43.90622,1
2018,33.66712,44.36155,1
2018,33.6675,74.84667,1
2018,33.66766,44.3593,1
2018,33.66806,68.60083,1
2018,33.66826,42.63582,1
2018,33.66854,39.9679,1
2018,33.66888,74.89572,2
2018,33.66959,74.84624,1
2018,33.66969,44.38132,19
2018,33.67042,68.65838,1
2018,33.67156,75.02534,1
2018,33.67161,61.98139,2
2018,33.67164,73.05606,4
2018,33.67267,68.6633,1
2018,33.67306,69.79445,1
2018,33.67363,75.07142,1
2018,33.67475,68.67102,1
2018,33.67528,68.42167,3
2018,33.67556,74.90083,1
2018,33.67694,74.88547,1
2018,33.67839,68.40563,1
2018,33.68045,68.67258,1
2018,33.68222,74.97529,1
2018,33.68242,75.22001,1
2018,33.68327,43.47326,1
2018,33.68336,75.21986,2
2018,33.68577,75.2199,1
2018,33.68745,71.51604,1
2018,33.69038,63.86167,1
2018,33.69302,74.87865,1
2018,33.69341,44.79608,2
2018,33.69597,70.33607,1
2018,33.70172,74.08003,1
2018,33.70175,74.95138,1
2018,33.70308,74.81583,1
2018,33.70354,68.12989,1
2018,33.70434,68.38078,1
2018,33.70538,74.06087,1
2018,33.70546,74.84176,5
2018,33.7062,69.38311,1
2018,33.70653,74.8847,1
2018,33.70737,75.10539,1
2018,33.70846,74.82312,1
2018,33.70854,68.15668,2
2018,33.70921,74.84511,1
2018,33.70982,74.82929,1
2018,33.71243,75.18296,1
2018,33.71255,75.0797,1
2018,33.71343,42.70291,1
2018,33.71398,44.6793,1
2018,33.71404,74.84567,1
2018,33.71578,44.71487,1
2018,33.7169,75.17463,1
2018,33.717,44.67952,6
2018,33.71953,39.63105,1
2018,33.71985,74.91357,1
2018,33.72027,74.854,1
2018,33.72119,75.0164,2
2018,33.72129,74.83107,6
2018,33.72428,75.08394,3
2018,33.72662,75.09124,2
2018,33.72962,75.10856,1
2018,33.73042,74.9932,1
2018,33.73086,45.31914,1
2018,33.73139,75.15379,1
2018,33.73152,74.82629,1
2018,33.73183,75.06718,1
2018,33.73222,75.15792,5
2018,33.73283,70.81387,1
2018,33.73344,75.01075,1
2018,33.73581,43.97194,1
2018,33.73613,68.52347,1
2018,33.7377,75.06286,1
2018,33.73806,74.83694,1
2018,33.73893,45.56998,1
2018,33.73965,72.80207,1
2018,33.74109,75.12973,1
2018,33.74222,75.13556,1
2018,33.74258,70.96888,1
2018,33.74265,44.45013,1
2018,33.74324,44.62382,3
2018,33.74392,69.29868,1
2018,33.74407,74.86584,1
2018,33.745,45.54562,4
2018,33.74918,44.72373,1
2018,33.75062,74.89517,1
2018,33.75322,75.27988,1
2018,33.75504,74.88447,1
2018,33.75782,74.80484,2
2018,33.75805,74.89486,1
2018,33.75862,44.39833,1
2018,33.75928,74.80414,1
2018,33.75936,74.80392,6
2018,33.75964,44.60666,1
2018,33.75969,45.55131,1
2018,33.7598,74.84666,1
2018,33.76042,75.21001,1
2018,33.76087,74.80402,1
2018,33.76213,74.80807,3
2018,33.76253,75.21038,1
2018,33.76265,-84.42245,1
2018,33.763,69.92225,1
2018,33.7632,44.39212,1
2018,33.76322,75.2083,1
2018,33.76586,44.49446,1
2018,33.76592,44.77376,1
2018,33.76597,72.36087,1
2018,33.76699,74.09244,1
2018,33.76699,74.09247,2
2018,33.767,74.0924,1
2018,33.76725,74.88872,1
2018,33.76773,74.97551,1
2018,33.77084,68.3697,1
2018,33.77096,72.31261,1
2018,33.77179,69.38404,1
2018,33.77191,74.85549,1
2018,33.77335,45.14945,9
2018,33.77346,75.19821,1
2018,33.7739,74.92382,1
2018,33.77469,45.14859,2
2018,33.77494,75.00475,2
2018,33.77512,69.29379,1
2018,33.77512,74.90261,1
2018,33.77513,74.8317,1
2018,33.77679,75.0661,1
2018,33.78004,69.33388,1
2018,33.78035,75.06628,1
2018,33.78039,75.06622,2
2018,33.78153,44.76032,1
2018,33.78576,74.95522,1
2018,33.78731,74.86393,1
2018,33.78733,74.86387,1
2018,33.7895,74.88822,1
2018,33.7895,75.10338,5
2018,33.79003,70.89482,1
2018,33.7909,74.83244,1
2018,33.79165,74.96143,2
2018,33.79198,44.25993,1
2018,33.79361,75.10694,1
2018,33.79465,44.89258,1
2018,33.79483,74.97269,1
2018,33.79497,45.20717,1
2018,33.79534,44.51642,1
2018,33.79795,44.71068,1
2018,33.79894,74.82586,1
2018,33.8018,69.6569,1
2018,33.80263,74.93168,1
2018,33.80361,44.63444,1
2018,33.80372,74.93207,1
2018,33.80402,74.82294,1
2018,33.80512,75.02059,1
2018,33.80537,69.9261,1
2018,33.80667,45.515,1
2018,33.80924,44.70788,1
2018,33.81042,74.91732,1
2018,33.81056,40.30972,1
2018,33.81226,44.67683,1
2018,33.81261,44.6772,2
2018,33.8132,44.18345,1
2018,33.81379,44.65724,2
2018,33.8141,75.00065,1
2018,33.81474,74.86996,1
2018,33.81544,69.91963,1
2018,33.81569,74.96638,2
2018,33.8182,70.6448,1
2018,33.81953,10.85383,2
2018,33.82021,74.81584,1
2018,33.8213,74.85437,1
2018,33.82152,74.90016,1
2018,33.82294,68.90423,1
2018,33.82301,69.92026,1
2018,33.82317,74.85169,1
2018,33.82423,70.64502,1
2018,33.82424,74.90637,1
2018,33.82426,74.85313,2
2018,33.82472,75.31472,1
2018,33.82588,69.21194,1
2018,33.82602,75.16918,1
2018,33.82697,44.62055,1
2018,33.82898,44.6748,1
2018,33.82974,74.24838,1
2018,33.83391,74.93111,4
2018,33.83433,74.93101,1
2018,33.83563,44.24741,4
2018,33.83574,69.65526,1
2018,33.83767,74.93032,1
2018,33.83863,74.92526,1
2018,33.8401,44.77009,1
2018,33.84139,68.61444,1
2018,33.84141,44.77367,2
2018,33.84676,68.61623,1
2018,33.84681,74.91852,1
2018,33.84862,44.52212,1
2018,33.85005,75.02729,1
2018,33.8539,44.78846,1
2018,33.85395,74.829,1
2018,33.85628,75.05602,1
2018,33.85777,74.83143,1
2018,33.85855,75.17024,1
2018,33.85996,74.82892,1
2018,33.86072,44.68387,3
2018,33.86083,69.64692,1
2018,33.86176,68.89785,1
2018,33.8625,45.28722,1
2018,33.86348,74.76793,1
2018,33.86471,69.64033,1
2018,33.8648,42.53638,1
2018,33.86652,74.86455,4
2018,33.86667,74.87611,2
2018,33.87047,74.89092,1
2018,33.87161,74.89457,4
2018,33.87339,74.90042,6
2018,33.87394,74.87867,1
2018,33.87472,69.14056,1
2018,33.87762,68.62874,1
2018,33.87913,74.91313,1
2018,33.88279,74.90772,1
2018,33.88342,44.71776,1
2018,33.88443,44.76115,1
2018,33.88541,68.6384,1
2018,33.88655,74.79856,1
2018,33.88883,44.47453,1
2018,33.88896,74.91397,1
2018,33.88966,74.8979,1
2018,33.8918,74.98111,2
2018,33.89204,44.70971,1
2018,33.89292,74.85801,1
2018,33.89294,65.83673,1
2018,33.8934,44.70951,1
2018,33.89525,74.85858,1
2018,33.89536,75.02416,1
2018,33.89586,74.8814,1
2018,33.89779,75.13338,1
2018,33.90001,68.615,1
2018,33.90461,44.77628,1
2018,33.90493,68.67248,1
2018,33.90514,70.17569,1
2018,33.90605,44.72455,7
2018,33.90748,68.79986,1
2018,33.90869,45.08396,1
2018,33.90917,74.96281,1
2018,33.91119,44.73594,7
2018,33.91302,75.12973,2
2018,33.91345,75.03043,1
2018,33.91424,44.73192,1
2018,33.91465,44.78327,1
2018,33.9148,74.88472,1
2018,33.91569,44.24135,1
2018,33.9159,74.88181,1
2018,33.91615,44.48134,1
2018,33.91666,71.97631,1
2018,33.91758,71.56204,1
2018,33.91767,75.03293,1
2018,33.91791,74.79661,1
2018,33.91876,75.08229,1
2018,33.91979,75.13545,1
2018,33.92074,42.65362,1
2018,33.92174,75.01382,1
2018,33.92179,75.0139,2
2018,33.9218,75.01587,1
2018,33.92324,74.95136,1
2018,33.92472,68.65722,1
2018,33.92495,75.02267,1
2018,33.92659,44.77206,9
2018,33.92685,44.98725,1
2018,33.92974,74.90798,1
2018,33.93101,75.11421,12
2018,33.93138,75.0615,1
2018,33.93164,70.9276,1
2018,33.93195,75.00278,1
2018,33.9334,74.921,1
2018,33.93364,75.11583,1
2018,33.93466,75.11467,1
2018,33.93493,75.15416,1
2018,33.93553,44.76588,1
2018,33.93573,71.48752,1
2018,33.93716,75.11342,1
2018,33.93757,74.98324,1
2018,33.94031,68.63262,1
2018,33.94055,71.04978,1
2018,33.94074,74.91357,1
2018,33.94115,75.04445,1
2018,33.94118,75.15418,1
2018,33.94179,44.7983,1
2018,33.94189,68.66891,1
2018,33.94507,44.87456,1
2018,33.94595,75.10075,1
2018,33.94644,74.88288,1
2018,33.9477,74.79775,1
2018,33.94787,74.92987,6
2018,33.94857,44.91599,1
2018,33.94912,74.88799,1
2018,33.95,74.79499,1
2018,33.95011,68.67175,1
2018,33.95123,75.09319,1
2018,33.95137,75.0925,2
2018,33.95139,75.10929,1
2018,33.95316,44.9219,5
2018,33.95318,44.20682,2
2018,33.95403,44.14767,1
2018,33.95481,75.09834,1
2018,33.95497,44.91091,1
2018,33.96297,75.09757,1
2018,33.96633,44.9603,1
2018,33.96684,75.04093,1
2018,33.96927,75.09535,1
2018,33.96939,75.01321,1
2018,33.97082,75.08015,1
2018,33.97144,69.02665,1
2018,33.97631,71.43716,4
2018,33.97653,75.07988,1
2018,33.97745,75.08823,1
2018,33.9775,69.6725,1
2018,33.97936,43.76744,2
2018,33.97994,42.55459,1
2018,33.98128,71.25494,1
2018,33.98189,75.01438,4
2018,33.98312,74.82655,1
2018,33.98437,71.63312,1
2018,33.98458,68.65095,1
2018,33.98588,74.75273,1
2018,33.98605,74.84047,1
2018,33.98678,74.84162,1
2018,33.99172,74.86384,1
2018,33.99174,72.90746,1
2018,33.99178,75.07489,1
2018,33.99248,74.91357,1
2018,33.99523,74.63648,1
2018,33.99692,75.0863,1
2018,33.99705,44.86661,2
2018,34.00063,45.07148,1
2018,34.00414,69.01932,1
2018,34.00485,43.87295,1
2018,34.0059,71.64887,1
2018,34.006,71.53743,10
2018,34.01023,74.91726,3
2018,34.01047,44.14824,2
2018,34.01287,69.01949,1
2018,34.01455,69.19239,2
2018,34.01747,45.19608,3
2018,34.01796,64.52664,2
2018,34.01935,74.99922,1
2018,34.02119,68.99954,11
2018,34.02357,44.03136,1
2018,34.02537,44.75622,1
2018,34.03034,74.64395,1
2018,34.03058,69.02921,1
2018,34.03071,44.06386,1
2018,34.03341,74.94177,1
2018,34.03492,36.22784,1
2018,34.03564,45.44058,2
2018,34.03847,44.62789,1
2018,34.04031,74.88799,1
2018,34.04206,64.38804,1
2018,34.04217,74.78672,2
2018,34.04309,44.90874,1
2018,34.04377,74.8668,2
2018,34.04543,74.88846,1
2018,34.04555,70.65032,1
2018,34.04677,62.16886,1
2018,34.04679,62.17044,1
2018,34.04722,74.49811,1
2018,34.05592,70.59359,1
2018,34.05999,44.02889,1
2018,34.06153,71.58943,1
2018,34.06269,74.0166,1
2018,34.06355,71.98833,1
2018,34.06834,70.66247,1
2018,34.06945,44.89936,1
2018,34.07105,44.51605,1
2018,34.07216,44.84729,1
2018,34.07336,74.55877,2
2018,34.07336,74.55878,1
2018,34.07464,43.73935,1
2018,34.07525,68.48639,4
2018,34.0779,74.67802,1
2018,34.07795,74.88583,1
2018,34.07996,71.19692,1
2018,34.08092,70.66654,1
2018,34.08115,68.98517,1
2018,34.08374,74.7899,27
2018,34.0866,45.00085,1
2018,34.08676,43.72072,1
2018,34.08716,69.09411,1
2018,34.09263,70.46922,1
2018,34.09277,70.93733,1
2018,34.09287,61.11054,1
2018,34.09293,61.04714,1
2018,34.09374,44.21817,11
2018,34.09678,70.46915,1
2018,34.09927,44.9444,1
2018,34.09958,64.90596,2
2018,34.10072,45.05196,5
2018,34.10508,41.01911,1
2018,34.10722,64.305,1
2018,34.11032,71.16381,1
2018,34.11406,70.44596,1
2018,34.11551,72.02134,1
2018,34.11568,70.46365,1
2018,34.1182,-118.40849,3
2018,34.11833,74.80861,1
2018,34.12093,73.98883,1
2018,34.12461,69.63386,1
2018,34.12573,45.00334,5
2018,34.13054,74.90367,1
2018,34.13182,74.84081,1
2018,34.13333,68.73333,1
2018,34.13346,74.60454,1
2018,34.13378,43.85083,1
2018,34.13637,45.12081,1
2018,34.13738,74.81123,1
2018,34.13768,74.63226,1
2018,34.13779,43.41565,1
2018,34.13781,69.06301,1
2018,34.13862,74.79953,1
2018,34.13876,43.87873,1
2018,34.14111,72.47639,1
2018,34.14444,64.52792,1
2018,34.14841,74.38398,1
2018,34.14849,45.11462,1
2018,34.14973,69.23924,1
2018,34.15075,69.24007,1
2018,34.15078,45.12754,1
2018,34.15263,69.23952,1
2018,34.15306,70.59528,1
2018,34.15309,69.25018,1
2018,34.15917,69.07083,2
2018,34.15952,74.35875,1
2018,34.15969,-118.13889,1
2018,34.16059,42.37254,2
2018,34.16154,74.55309,1
2018,34.17183,70.62168,2
2018,34.17332,73.22787,1
2018,34.17374,74.43251,1
2018,34.17687,61.70056,3
2018,34.18065,62.73978,1
2018,34.18199,62.76156,1
2018,34.18234,62.7335,1
2018,34.18313,62.75729,1
2018,34.18328,62.73239,1
2018,34.18333,44.86667,1
2018,34.188,62.98129,1
2018,34.18827,62.7388,1
2018,34.191,45.05821,1
2018,34.19309,44.00169,1
2018,34.19417,69.98,1
2018,34.19546,43.89381,1
2018,34.19575,70.78639,8
2018,34.19642,71.052,1
2018,34.19673,70.84705,1
2018,34.20472,70.98417,1
2018,34.2056,74.35386,2
2018,34.2064,45.20057,1
2018,34.20842,43.89071,3
2018,34.20934,62.76142,1
2018,34.20944,69.17944,1
2018,34.21099,70.15523,1
2018,34.2134,74.52901,1
2018,34.21499,74.39534,1
2018,34.21578,71.026,2
2018,34.21729,71.56104,1
2018,34.22064,45.20348,1
2018,34.22264,44.50725,1
2018,34.22424,64.35941,1
2018,34.22709,42.14465,1
2018,34.22772,70.18891,1
2018,34.22789,62.32431,1
2018,34.22848,74.46546,1
2018,34.22921,70.19321,3
2018,34.22928,70.19301,2
2018,34.23139,70.14917,1
2018,34.23194,70.17991,1
2018,34.23375,68.31266,1
2018,34.23389,70.91222,1
2018,34.23748,62.97892,1
2018,34.24036,44.50938,1
2018,34.24329,69.12918,1
2018,34.24382,62.9727,1
2018,34.24389,45.20722,1
2018,34.24407,69.1351,2
2018,34.24417,69.135,1
2018,34.24484,70.17213,1
2018,34.24518,74.41146,1
2018,34.24523,45.20776,1
2018,34.248,69.12985,1
2018,34.25194,45.11639,1
2018,34.2523,70.80242,1
2018,34.25614,74.67627,1
2018,34.25777,45.46376,1
2018,34.25875,44.51639,1
2018,34.25995,70.32607,1
2018,34.26035,74.78616,1
2018,34.26116,70.18069,1
2018,34.2625,45.21209,1
2018,34.26315,70.78821,1
2018,34.26315,70.7884,1
2018,34.26316,70.78817,1
2018,34.26378,43.81974,1
2018,34.26731,70.14491,1
2018,34.26853,62.76394,1
2018,34.26915,-88.73183,2
2018,34.26943,45.17355,1
2018,34.27022,70.78488,1
2018,34.27055,45.19373,1
2018,34.27104,45.16357,7
2018,34.27137,41.14522,1
2018,34.27278,70.56806,1
2018,34.2736,70.40234,1
2018,34.27377,70.35392,1
2018,34.27388,43.76528,1
2018,34.27403,44.54254,5
2018,34.27407,70.50898,1
2018,34.27521,70.77564,1
2018,34.27554,44.52122,1
2018,34.27589,44.53784,1
2018,34.27609,44.53322,4
2018,34.27952,69.8031,1
2018,34.27972,74.57057,1
2018,34.28276,70.77397,1
2018,34.28354,70.75642,1
2018,34.28442,70.36964,1
2018,34.28527,63.01016,1
2018,34.28653,70.75735,2
2018,34.28674,74.46218,1
2018,34.28889,74.46371,7
2018,34.29009,70.38056,1
2018,34.2907,45.28435,1
2018,34.29219,69.84252,1
2018,34.29237,70.57409,1
2018,34.29257,70.76847,1
2018,34.29369,70.64692,2
2018,34.29534,70.76075,1
2018,34.29538,70.76122,1
2018,34.29593,41.13329,1
2018,34.29636,70.75942,1
2018,34.2976,70.10073,1
2018,34.29798,74.6153,6
2018,34.29981,70.37266,1
2018,34.29993,45.09926,1
2018,34.30153,70.38446,1
2018,34.30253,45.32794,1
2018,34.3035,70.71572,1
2018,34.3061,45.41543,1
2018,34.30744,45.22436,2
2018,34.30829,70.62697,1
2018,34.30884,72.10162,1
2018,34.30899,45.22857,1
2018,34.31041,62.31236,2
2018,34.31686,41.16026,3
2018,34.31712,44.53918,1
2018,34.32001,70.40088,1
2018,34.32014,70.77189,1
2018,34.32057,74.36755,2
2018,34.32111,45.32778,1
2018,34.32112,74.36923,1
2018,34.32299,45.41633,1
2018,34.32417,45.30502,1
2018,34.32433,45.265,1
2018,34.32802,45.47875,1
2018,34.32903,74.64297,1
2018,34.33171,63.21478,1
2018,34.33227,70.17472,1
2018,34.33259,73.20281,1
2018,34.33513,74.48307,1
2018,34.33565,70.45876,1
2018,34.34234,44.87394,1
2018,34.34248,45.28069,1
2018,34.34275,45.26031,1
2018,34.34295,63.36502,1
2018,34.34316,61.49528,1
2018,34.34578,63.25482,2
2018,34.34672,62.19732,8
2018,34.34734,45.38327,3
2018,34.3493,74.30259,1
2018,34.35135,68.23853,3
2018,34.35184,45.38634,1
2018,34.35333,74.34333,1
2018,34.35422,63.57203,1
2018,34.35425,45.38394,2
2018,34.35426,45.38394,1
2018,34.35524,63.21385,1
2018,34.35524,74.43064,1
2018,34.35627,45.28774,1
2018,34.35862,44.72626,1
2018,34.36004,68.71574,1
2018,34.36032,67.73235,1
2018,34.36039,45.37541,1
2018,34.36255,44.57073,1
2018,34.36273,45.16818,5
2018,34.36298,41.11195,1
2018,34.3635,41.116,8
2018,34.364,63.84157,1
2018,34.36441,71.31517,1
2018,34.36467,64.05123,1
2018,34.36527,74.38959,1
2018,34.3654,74.38954,2
2018,34.36675,63.3078,1
2018,34.36695,74.34338,1
2018,34.3676,45.27984,1
2018,34.369,70.5682,1
2018,34.37091,63.19732,1
2018,34.37248,44.92106,1
2018,34.37533,74.4534,1
2018,34.37598,74.67702,1
2018,34.37601,45.32632,1
2018,34.37619,45.14705,1
2018,34.3763,61.63383,1
2018,34.37647,63.19217,1
2018,34.37732,45.38361,1
2018,34.37769,44.92499,1
2018,34.37829,69.42186,1
2018,34.37837,45.22565,1
2018,34.37843,74.3726,1
2018,34.37846,45.28897,1
2018,34.37847,62.14181,1
2018,34.37996,63.81756,1
2018,34.38003,45.29121,1
2018,34.38181,41.06511,1
2018,34.39391,69.17443,1
2018,34.39502,70.28041,1
2018,34.39647,63.23985,1
2018,34.39656,41.91797,1
2018,34.3968,68.86394,5
2018,34.39765,74.39824,1
2018,34.39886,70.25173,2
2018,34.39928,74.28127,1
2018,34.39946,45.27636,1
2018,34.39952,45.14268,1
2018,34.3996,45.34906,1
2018,34.4021,45.42651,1
2018,34.40391,44.89688,1
2018,34.4057,45.11325,1
2018,34.40643,70.35988,5
2018,34.41425,45.20206,1
2018,34.41426,71.26728,1
2018,34.41712,70.44959,38
2018,34.41799,70.30744,1
2018,34.41857,41.21059,1
2018,34.42582,43.10176,1
2018,34.43084,44.93409,1
2018,34.43168,44.93713,1
2018,34.43188,44.5139,1
2018,34.43192,74.124,3
2018,34.4325,45.16389,2
2018,34.43254,44.92154,1
2018,34.43259,41.22972,2
2018,34.43422,40.98938,2
2018,34.43854,74.30742,1
2018,34.43992,45.07386,1
2018,34.44106,70.63234,1
2018,34.44278,70.65611,1
2018,34.44313,40.92085,1
2018,34.44402,70.6488,1
2018,34.445,63.95722,1
2018,34.44793,41.90554,1
2018,34.44794,70.48553,1
2018,34.45193,40.91119,3
2018,34.45377,44.81666,1
2018,34.45379,70.48324,1
2018,34.45432,74.34681,1
2018,34.45472,44.09961,1
2018,34.45547,74.37753,1
2018,34.4558,44.7631,1
2018,34.45869,43.87999,1
2018,34.45889,43.79101,2
2018,34.45919,70.47389,1
2018,34.45936,68.7078,1
2018,34.45991,68.58091,1
2018,34.4649,-83.57269,1
2018,34.46709,72.53378,1
2018,34.46954,70.88099,1
2018,34.47247,68.67494,1
2018,34.4728,68.91875,1
2018,34.47306,74.69,1
2018,34.47515,70.36298,1
2018,34.47528,44.62674,1
2018,34.47682,70.18158,1
2018,34.47762,41.92077,6
2018,34.48055,36.44028,1
2018,34.48469,71.34122,1
2018,34.48532,69.33406,1
2018,34.48665,7.52107,1
2018,34.48867,44.55046,1
2018,34.49112,62.60318,1
2018,34.49439,68.58924,1
2018,34.49496,69.27448,1
2018,34.50072,74.14175,1
2018,34.50457,74.68757,1
2018,34.50483,68.59113,1
2018,34.50523,74.68688,3
2018,34.50546,44.82547,1
2018,34.51328,69.32814,2
2018,34.5169,69.14701,108
2018,34.52125,-82.64777,3
2018,34.52132,65.24924,13
2018,34.52309,45.31902,1
2018,34.52384,69.1403,1
2018,34.52618,74.25461,1
2018,34.52918,40.96271,2
2018,34.52924,45.36681,1
2018,34.52967,69.27645,3
2018,34.53375,43.48374,3
2018,34.53478,74.39147,1
2018,34.53823,69.00025,1
2018,34.53873,71.22332,1
2018,34.54115,65.73599,1
2018,34.54274,65.11833,1
2018,34.54756,38.56598,1
2018,34.55205,69.0082,1
2018,34.55273,64.96284,1
2018,34.55527,70.58,1
2018,34.55634,71.07962,1
2018,34.5564,71.2575,3
2018,34.55959,71.25327,1
2018,34.56015,71.25324,1
2018,34.5625,69.02806,1
2018,34.56398,70.56474,1
2018,34.56437,71.24912,1
2018,34.57302,69.27172,1
2018,34.57554,74.2327,1
2018,34.57831,68.94642,1
2018,34.57865,40.93924,1
2018,34.58085,40.97159,1
2018,34.58717,-0.70846,1
2018,34.59112,68.95698,1
2018,34.5936,44.93134,1
2018,34.60222,71.51722,1
2018,34.60389,44.67694,1
2018,34.60496,43.73543,1
2018,34.60583,70.60083,1
2018,34.61272,44.65003,1
2018,34.61546,69.89519,1
2018,34.61638,40.90424,1
2018,34.61708,64.69501,1
2018,34.62152,43.66838,8
2018,34.62267,40.93554,1
2018,34.62311,69.28732,1
2018,34.62944,61.23416,1
2018,34.63101,69.71946,1
2018,34.64049,71.80531,1
2018,34.64278,66.30222,1
2018,34.64337,71.026,1
2018,34.64994,71.33553,1
2018,34.65426,44.91936,1
2018,34.65536,73.95208,2
2018,34.65904,61.25048,1
2018,34.66276,73.96265,1
2018,34.66361,69.03639,1
2018,34.66472,71.23776,1
2018,34.6661,40.81692,1
2018,34.66702,71.30852,1
2018,34.67179,71.25194,1
2018,34.67487,70.21344,3
2018,34.67612,71.20192,1
2018,34.68812,44.01902,1
2018,34.69025,40.83328,5
2018,34.69521,41.18688,1
2018,34.70264,70.95038,1
2018,34.7044,65.26188,1
2018,34.70595,43.69707,3
2018,34.70744,40.81221,1
2018,34.71177,44.22908,1
2018,34.7177,36.72282,1
2018,34.72627,44.58491,1
2018,34.72889,70.29028,1
2018,34.73055,71.35182,1
2018,34.73351,71.51966,2
2018,34.73407,65.83261,1
2018,34.73624,71.32541,1
2018,34.74117,70.87973,2
2018,34.74252,40.76989,1
2018,34.74253,40.76921,2
2018,34.75153,44.32097,1
2018,34.75519,63.10394,3
2018,34.75792,44.75146,1
2018,34.75833,71.11556,1
2018,34.76094,70.10721,1
2018,34.76454,70.86028,1
2018,34.76704,42.46004,1
2018,34.7806,40.71673,1
2018,34.78333,70.18333,1
2018,34.78462,71.5208,1
2018,34.78559,71.52783,1
2018,34.78653,71.52491,3
2018,34.7906,71.50478,1
2018,34.792,70.07982,1
2018,34.79216,72.28428,1
2018,34.79444,69.67917,1
2018,34.79496,-0.54469,1
2018,34.79566,46.93673,1
2018,34.80025,44.6045,1
2018,34.80221,44.66636,1
2018,34.80647,44.49568,2
2018,34.80818,70.08792,1
2018,34.8096,71.23458,1
2018,34.8154,44.60273,1
2018,34.81547,71.31993,1
2018,34.81556,63.58417,2
2018,34.81795,43.18998,1
2018,34.81805,69.70513,1
2018,34.82456,69.66751,1
2018,34.82528,70.08417,1
2018,34.83442,43.51513,1
2018,34.83626,69.15914,2
2018,34.83844,62.87868,2
2018,34.83882,69.17487,1
2018,34.84232,71.88494,1
2018,34.84625,69.21623,1
2018,34.84628,69.21623,2
2018,34.85217,63.49548,1
2018,34.8534,63.51272,2
2018,34.85509,63.4862,2
2018,34.85532,63.48677,1
2018,34.86549,71.22993,1
2018,34.86706,63.64153,1
2018,34.86929,44.83665,2
2018,34.87089,63.45794,1
2018,34.87128,44.50596,1
2018,34.87188,71.23876,1
2018,34.87566,71.152,3
2018,34.87966,63.14254,1
2018,34.88096,44.62076,2
2018,34.88135,44.62513,12
2018,34.89043,71.3803,1
2018,34.89194,71.50889,1
2018,34.89536,35.88687,1
2018,34.90114,71.65875,1
2018,34.90398,69.20912,2
2018,34.90525,40.86623,1
2018,34.90655,62.64228,1
2018,34.90733,67.18945,1
2018,34.91289,44.61294,1
2018,34.91325,44.30594,1
2018,34.919,45.61966,1
2018,34.91958,63.1791,1
2018,34.92323,69.33619,1
2018,34.92367,43.80071,1
2018,34.92483,69.8128,2
2018,34.92551,64.14782,2
2018,34.92568,44.59655,1
2018,34.92937,62.59545,1
2018,34.93255,69.31002,1
2018,34.93336,43.41255,4
2018,34.93383,69.23279,1
2018,34.93713,70.92736,1
2018,34.93813,63.0848,2
2018,34.93826,69.29812,1
2018,34.94071,69.25499,1
2018,34.94102,69.26233,1
2018,34.94136,69.26073,1
2018,34.94445,71.22454,1
2018,34.94667,68.41889,1
2018,34.94772,68.09403,1
2018,34.94951,62.25806,1
2018,34.94958,68.5615,1
2018,34.9508,43.49454,5
2018,34.95164,40.76785,1
2018,34.95648,71.81109,2
2018,34.9631,68.81088,1
2018,34.96396,44.56593,1
2018,34.96554,71.41554,1
2018,34.9669,62.90874,1
2018,34.96889,70.73694,1
2018,34.96909,63.1443,1
2018,34.96953,62.21757,1
2018,34.97022,44.28879,4
2018,34.97486,68.80041,1
2018,34.97583,43.29861,1
2018,34.97597,43.23486,1
2018,34.97769,43.50517,1
2018,34.97926,71.06862,1
2018,34.97985,69.12986,1
2018,34.98042,69.13092,1
2018,34.98207,40.53936,1
2018,34.98504,62.28879,1
2018,34.99005,63.13254,7
2018,34.99254,71.26503,1
2018,34.99611,71.08167,1
2018,35.00349,69.33936,1
2018,35.00475,43.46007,1
2018,35.00622,62.93711,1
2018,35.01222,69.16155,1
2018,35.01231,43.56239,1
2018,35.01578,40.45521,2
2018,35.018,43.44522,3
2018,35.01959,40.5868,1
2018,35.02063,62.87756,1
2018,35.02944,69.36037,1
2018,35.03071,44.33625,1
2018,35.03726,7.00953,1
2018,35.03926,70.42438,1
2018,35.03936,71.36104,1
2018,35.04037,69.65501,1
2018,35.04667,69.26194,1
2018,35.0525,44.43673,1
2018,35.05253,69.25668,1
2018,35.05402,62.87009,1
2018,35.05503,43.78382,1
2018,35.06111,69.40278,1
2018,35.06373,36.34168,1
2018,35.06487,43.55161,1
2018,35.06571,-85.24878,1
2018,35.07243,62.99254,1
2018,35.07556,43.55634,1
2018,35.07769,62.87406,1
2018,35.07791,62.87352,4
2018,35.08091,8.66006,1
2018,35.08317,44.19846,1
2018,35.0845,44.32366,4
2018,35.08848,44.32105,5
2018,35.09123,44.32883,1
2018,35.0917,43.52054,2
2018,35.09477,44.35472,1
2018,35.10746,43.5959,1
2018,35.11371,68.97523,1
2018,35.11498,44.12778,1
2018,35.11528,65.10069,1
2018,35.11775,40.66195,1
2018,35.11951,44.33729,1
2018,35.12026,43.49211,1
2018,35.12028,68.97056,1
2018,35.12056,40.54164,1
2018,35.12421,8.74308,1
2018,35.12589,69.22287,1
2018,35.12918,36.76074,1
2018,35.13157,44.09472,1
2018,35.13176,65.12492,7
2018,35.13435,44.07556,1
2018,35.13439,44.09703,1
2018,35.1352,44.33848,1
2018,35.1353,44.08766,7
2018,35.13533,43.72566,1
2018,35.13592,44.08763,1
2018,35.13701,44.44664,6
2018,35.13794,44.35041,1
2018,35.13822,36.87245,1
2018,35.15681,40.42734,1
2018,35.15944,61.7101,1
2018,35.15986,8.58052,1
2018,35.16264,44.22571,1
2018,35.16442,63.83169,1
2018,35.16677,8.83541,2
2018,35.1671,63.76985,1
2018,35.16713,63.76954,1
2018,35.16777,8.83966,1
2018,35.16781,43.77787,1
2018,35.17015,44.26817,1
2018,35.17391,44.36475,1
2018,35.17979,8.62288,1
2018,35.18588,43.52426,1
2018,35.18833,44.14221,1
2018,35.18926,37.21154,1
2018,35.1915,44.0289,1
2018,35.19924,63.06773,1
2018,35.20093,43.27492,1
2018,35.20331,40.29251,1
2018,35.2038,44.17311,1
2018,35.20424,63.06287,1
2018,35.20459,63.06213,1
2018,35.20472,63.06186,1
2018,35.20667,8.68278,1
2018,35.20852,43.89499,2
2018,35.20944,44.18169,1
2018,35.21218,71.52401,1
2018,35.21771,40.29969,1
2018,35.21936,40.33556,1
2018,35.21939,43.71425,3
2018,35.22119,71.04978,1
2018,35.22201,44.14405,2
2018,35.22613,43.445,1
2018,35.22755,43.44451,1
2018,35.22949,44.32557,1
2018,35.23266,44.39461,1
2018,35.23752,43.86011,1
2018,35.23972,43.60667,1
2018,35.24262,44.15463,1
2018,35.2442,44.42276,1
2018,35.24462,44.27549,1
2018,35.24472,71.87833,1
2018,35.24786,43.82854,1
2018,35.24844,36.57145,1
2018,35.24992,36.3496,1
2018,35.25036,70.41899,1
2018,35.25327,71.52523,1
2018,35.25615,72.02201,1
2018,35.25727,69.14773,1
2018,35.26022,43.71186,1
2018,35.26026,43.40028,2
2018,35.26042,36.38312,1
2018,35.26422,68.62004,1
2018,35.26816,43.5987,1
2018,35.27076,43.91701,1
2018,35.27102,43.45808,1
2018,35.27208,43.91504,10
2018,35.27336,43.45746,1
2018,35.27363,43.91426,1
2018,35.2743,43.71905,1
2018,35.275,43.59583,1
2018,35.27504,43.91143,1
2018,35.27568,44.17289,1
2018,35.27777,43.59433,2
2018,35.28523,43.90517,1
2018,35.28599,43.88398,1
2018,35.28712,43.80086,3
2018,35.28798,40.30886,1
2018,35.28985,68.37219,1
2018,35.29058,36.66389,1
2018,35.29358,44.27954,1
2018,35.30121,43.71308,1
2018,35.30304,44.32993,1
2018,35.30468,61.36901,1
2018,35.30509,44.04374,1
2018,35.30651,43.72164,1
2018,35.30834,44.11931,1
2018,35.30907,44.33172,1
2018,35.30992,71.54985,2
2018,35.31112,61.33617,1
2018,35.31306,44.51722,1
2018,35.31419,44.19345,1
2018,35.31494,44.51015,1
2018,35.31518,43.68745,1
2018,35.31701,43.76294,1
2018,35.3183,64.81961,1
2018,35.3187,64.80939,1
2018,35.32093,43.73772,1
2018,35.32459,43.79134,1
2018,35.32482,43.76692,9
2018,35.32612,43.78081,9
2018,35.32919,43.9438,1
2018,35.3292,43.94368,14
2018,35.32965,40.13481,1
2018,35.33194,43.32893,1
2018,35.33299,43.68665,1
2018,35.33306,40.13874,3
2018,35.33359,44.40017,1
2018,35.33389,64.92278,2
2018,35.342,9.14992,1
2018,35.34312,43.85708,2
2018,35.34523,44.34302,1
2018,35.3455,67.80264,1
2018,35.34735,43.66593,1
2018,35.34814,43.86251,1
2018,35.35065,36.84589,1
2018,35.35139,44.05997,1
2018,35.35169,64.98121,1
2018,35.3576,43.74942,1
2018,35.36157,35.92716,1
2018,35.36263,43.97604,1
2018,35.36796,40.11965,1
2018,35.36824,44.13222,1
2018,35.38101,44.52532,1
2018,35.384,43.7187,1
2018,35.38454,44.00593,1
2018,35.38478,44.00627,1
2018,35.38566,44.37496,1
2018,35.38745,43.95447,1
2018,35.38991,43.51228,1
2018,35.39278,43.26417,1
2018,35.39459,43.23034,1
2018,35.39728,44.11018,1
2018,35.40024,43.69148,1
2018,35.40225,43.88447,1
2018,35.40238,44.2107,1
2018,35.40511,35.94906,1
2018,35.40916,9.23256,1
2018,35.41313,44.05202,2
2018,35.41585,43.11477,1
2018,35.42213,74.09653,2
2018,35.4248,43.08958,2
2018,35.43014,43.29671,3
2018,35.43168,40.62564,1
2018,35.43809,73.93598,7
2018,35.43841,73.93574,1
2018,35.44105,44.48585,2
2018,35.44274,42.39384,2
2018,35.44309,43.14837,1
2018,35.4434,43.19165,1
2018,35.44916,44.17364,1
2018,35.4514,42.46434,1
2018,35.45201,43.89558,1
2018,35.45211,44.37546,57
2018,35.45837,46.34147,1
2018,35.46114,43.11961,1
2018,35.46499,71.31018,2
2018,35.46558,44.38039,1
2018,35.46613,44.37948,1
2018,35.46684,44.39716,1
2018,35.468,44.38,1
2018,35.4699,44.12767,2
2018,35.47566,71.33436,1
2018,35.4775,44.14861,2
2018,35.4789,42.44773,1
2018,35.49263,43.23736,1
2018,35.49547,43.84084,1
2018,35.49942,35.84806,1
2018,35.49944,43.23489,10
2018,35.49979,44.23459,5
2018,35.50546,42.54781,1
2018,35.50876,44.84655,1
2018,35.51144,40.65743,1
2018,35.51184,43.21592,1
2018,35.51735,63.40238,1
2018,35.51745,44.68717,1
2018,35.51878,44.22231,1
2018,35.51965,74.07472,1
2018,35.53694,44.28194,1
2018,35.54556,36.61417,1
2018,35.54875,43.25848,1
2018,35.54952,43.24843,1
2018,35.55915,43.25162,1
2018,35.56379,64.43286,1
2018,35.5646,64.42908,1
2018,35.56462,64.43196,1
2018,35.56472,64.43765,1
2018,35.56668,42.65432,1
2018,35.56701,45.3855,4
2018,35.56752,8.4431,1
2018,35.56943,42.72302,1
2018,35.57574,44.13371,1
2018,35.57711,43.92722,1
2018,35.58126,43.24615,1
2018,35.58547,36.3564,1
2018,35.59462,67.85229,1
2018,35.59507,64.76319,1
2018,35.5982,64.76366,1
2018,35.59936,68.73081,1
2018,35.59941,64.78452,1
2018,35.6003,36.17861,1
2018,35.60043,36.15313,1
2018,35.60118,44.33984,1
2018,35.60306,68.69053,1
2018,35.60485,68.68642,1
2018,35.61063,43.24892,1
2018,35.61562,36.55839,2
2018,35.61843,68.68271,1
2018,35.61907,64.82887,1
2018,35.62158,64.30133,1
2018,35.62445,45.94532,1
2018,35.62526,43.22324,1
2018,35.62588,64.8371,1
2018,35.62665,43.21152,1
2018,35.62791,73.41533,1
2018,35.62791,73.42533,1
2018,35.62808,64.83567,1
2018,35.63075,44.02667,1
2018,35.63118,44.07053,1
2018,35.63139,44.13028,1
2018,35.63258,65.24731,3
2018,35.63456,64.26324,1
2018,35.63571,65.27766,1
2018,35.63605,64.13465,2
2018,35.64088,63.30995,1
2018,35.64196,64.27502,1
2018,35.6478,36.67526,1
2018,35.64789,44.28699,1
2018,35.65167,35.96667,1
2018,35.65275,67.79238,1
2018,35.65726,67.23509,1
2018,35.66003,44.09552,1
2018,35.66191,65.25284,1
2018,35.66222,44.10707,2
2018,35.66423,65.36763,2
2018,35.66829,67.2629,1
2018,35.67075,66.04635,1
2018,35.6725,43.69889,1
2018,35.67293,44.07014,2
2018,35.67472,36.23528,1
2018,35.675,63.27554,1
2018,35.67532,43.89055,1
2018,35.67688,43.29439,1
2018,35.6775,64.4875,1
2018,35.68011,64.79238,3
2018,35.684,43.91188,1
2018,35.68778,44.28028,1
2018,35.68912,139.74774,1
2018,35.6905,43.91018,1
2018,35.69556,45.79099,1
2018,35.69703,44.11576,1
2018,35.69965,41.49495,1
2018,35.69994,43.92169,1
2018,35.7,44.1,1
2018,35.70002,43.91626,1
2018,35.7004,43.28043,1
2018,35.70446,67.27265,2
2018,35.70628,37.58777,1
2018,35.70815,43.89643,1
2018,35.71022,35.94509,1
2018,35.71265,44.21402,1
2018,35.7147,64.73824,1
2018,35.71638,41.63574,1
2018,35.7174,36.12714,1
2018,35.71766,64.10468,2
2018,35.72196,73.78572,3
2018,35.72274,36.27844,1
2018,35.72453,51.40519,1
2018,35.72508,71.28559,1
2018,35.75137,36.67571,2
2018,35.75153,63.95261,1
2018,35.75229,44.14774,1
2018,35.75613,37.46999,1
2018,35.75689,43.97925,1
2018,35.76293,44.13297,1
2018,35.76768,63.71746,2
2018,35.76835,43.58897,2
2018,35.7816,36.99558,1
2018,35.78753,36.0223,1
2018,35.79371,43.22641,1
2018,35.79813,43.29418,2
2018,35.79845,43.29503,1
2018,35.79902,36.99121,1
2018,35.80003,64.86676,1
2018,35.80429,69.28775,1
2018,35.8043,69.28775,5
2018,35.80591,38.98767,1
2018,35.80972,64.77806,1
2018,35.80987,36.59543,1
2018,35.81053,63.13463,1
2018,35.81397,36.60992,1
2018,35.81568,64.37055,2
2018,35.82278,68.45833,1
2018,35.82643,43.35876,1
2018,35.82688,36.69572,2
2018,35.83568,66.75093,1
2018,35.8396,68.49688,1
2018,35.84073,-114.92569,1
2018,35.84124,65.27414,1
2018,35.84194,66.34139,1
2018,35.84611,64.53056,2
2018,35.84662,64.53309,1
2018,35.84664,64.53042,1
2018,35.84688,36.03976,1
2018,35.85219,43.25822,1
2018,35.8571,64.53694,1
2018,35.85744,64.55316,2
2018,35.86342,65.43676,1
2018,35.87624,44.58537,1
2018,35.87916,63.67506,3
2018,35.88066,64.58183,1
2018,35.88278,65.40361,1
2018,35.88751,66.74757,1
2018,35.88815,64.50987,1
2018,35.8899,64.65383,2
2018,35.89356,67.36553,1
2018,35.89634,64.65089,1
2018,35.89767,45.13452,1
2018,35.89899,67.3655,1
2018,35.90119,65.4698,9
2018,35.90438,70.75084,1
2018,35.9123,66.37411,1
2018,35.91278,66.55915,1
2018,35.91371,36.6028,2
2018,35.91474,74.33315,1
2018,35.91674,1.83884,1
2018,35.9177,66.34979,1
2018,35.91859,66.35394,1
2018,35.92004,66.3777,1
2018,35.92105,64.77454,5
2018,35.92348,66.37409,1
2018,35.92386,41.66517,1
2018,35.9288,36.63145,14
2018,35.9306,66.3744,1
2018,35.93899,64.26836,1
2018,35.9438,68.70954,1
2018,35.94506,66.35826,1
2018,35.94755,68.71033,8
2018,35.95152,39.00956,4
2018,35.953,38.99481,1
2018,35.95435,66.36676,1
2018,35.95583,64.27833,2
2018,35.95743,65.43288,1
2018,35.96183,64.25044,1
2018,35.96677,42.888,1
2018,35.97151,70.7146,2
2018,35.98073,67.57085,1
2018,35.98276,36.70465,1
2018,35.98333,66.08333,1
2018,35.98735,64.27527,1
2018,35.98822,68.63574,1
2018,35.99009,36.67722,1
2018,35.99171,36.39381,1
2018,35.99264,66.36421,1
2018,35.99315,69.0282,2
2018,35.99353,43.21973,4
2018,35.99385,65.39155,1
2018,35.99444,65.45478,1
2018,35.99477,43.38705,1
2018,35.99588,42.82914,1
2018,35.9966,36.939,1
2018,35.99844,65.3875,2
2018,36.00081,65.35627,1
2018,36.00129,65.36944,1
2018,36.00165,65.36289,3
2018,36.0035,65.37145,1
2018,36.00844,65.34316,1
2018,36.01161,64.89467,1
2018,36.01292,67.2394,1
2018,36.01549,67.28592,1
2018,36.01585,45.88481,1
2018,36.02044,67.32557,1
2018,36.02112,65.7609,1
2018,36.0257,64.7569,1
2018,36.02773,67.36804,1
2018,36.02807,64.60953,1
2018,36.03169,67.37352,1
2018,36.03282,65.01792,1
2018,36.03322,68.60688,1
2018,36.03976,66.22513,1
2018,36.04281,64.99321,2
2018,36.04506,41.71672,3
2018,36.04981,67.34167,1
2018,36.05108,64.98999,2
2018,36.05231,65.6685,1
2018,36.0527,67.38441,1
2018,36.05273,64.94904,1
2018,36.05499,64.85564,1
2018,36.05609,64.99453,1
2018,36.0564,65.71971,1
2018,36.05697,66.97389,1
2018,36.05712,64.84548,1
2018,36.05861,64.96583,3
2018,36.05948,65.69712,1
2018,36.06048,69.10241,1
2018,36.06071,41.26005,9
2018,36.06091,68.59381,2
2018,36.06213,36.87242,1
2018,36.06283,65.83386,1
2018,36.07096,67.43598,1
2018,36.0768,64.91413,4
2018,36.07788,64.90741,1
2018,36.07956,64.90596,2
2018,36.08878,43.14222,2
2018,36.08919,65.77913,1
2018,36.09194,68.52361,2
2018,36.09643,65.25818,1
2018,36.09787,43.32999,1
2018,36.09856,43.32757,1
2018,36.09859,43.32784,1
2018,36.10462,67.49358,1
2018,36.1166,43.16908,1
2018,36.12003,66.05537,3
2018,36.13501,64.86741,1
2018,36.14837,65.71392,1
2018,36.14919,68.40335,1
2018,36.14972,65.70889,1
2018,36.15071,66.02959,1
2018,36.15417,44.1125,1
2018,36.15815,43.25328,1
2018,36.1584,45.47599,1
2018,36.15856,43.2551,5
2018,36.15868,42.97244,1
2018,36.17265,43.38685,1
2018,36.17919,68.7311,1
2018,36.18136,37.22287,1
2018,36.18265,66.03645,1
2018,36.18278,69.22037,1
2018,36.18334,42.891,1
2018,36.18388,64.87504,2
2018,36.18672,68.70543,1
2018,36.18798,69.33543,2
2018,36.18823,36.7251,1
2018,36.1913,65.35438,1
2018,36.19259,44.00462,5
2018,36.19768,64.90892,1
2018,36.20027,64.85009,1
2018,36.20172,37.14352,4
2018,36.20211,37.13426,1
2018,36.20235,41.68717,2
2018,36.20563,44.14186,1
2018,36.20955,43.21105,1
2018,36.21248,64.8652,1
2018,36.21308,36.76951,2
2018,36.21478,69.14929,1
2018,36.21509,43.17278,1
2018,36.21515,65.91404,1
2018,36.21673,69.15024,2
2018,36.21766,65.93304,4
2018,36.21944,64.86472,1
2018,36.21956,64.89146,1
2018,36.22416,64.89074,1
2018,36.22869,43.10565,1
2018,36.22929,65.46029,1
2018,36.22957,42.23624,7
2018,36.23092,65.38361,2
2018,36.23274,68.7009,1
2018,36.23352,67.52159,1
2018,36.23365,43.01695,2
2018,36.23784,64.86311,1
2018,36.23822,64.86465,3
2018,36.23828,64.86445,1
2018,36.23894,46.27797,1
2018,36.24153,64.85917,1
2018,36.24206,64.80244,1
2018,36.24643,64.86014,1
2018,36.24694,64.82167,1
2018,36.2557,64.89538,1
2018,36.2586,64.8633,1
2018,36.26422,36.56571,10
2018,36.26523,4.24487,1
2018,36.26693,68.01969,2
2018,36.2682,64.88657,1
2018,36.26881,64.85092,1
2018,36.26946,43.3744,1
2018,36.27061,68.79164,1
2018,36.27311,43.15937,1
2018,36.27967,73.27654,1
2018,36.28061,64.77375,1
2018,36.28236,41.84322,1
2018,36.28683,64.86837,2
2018,36.28958,68.6659,1
2018,36.2897,43.31873,1
2018,36.29358,42.93336,1
2018,36.29755,41.55239,1
2018,36.30383,65.48208,2
2018,36.30645,43.41698,1
2018,36.30944,42.58417,1
2018,36.31045,68.83388,1
2018,36.3112,41.84677,1
2018,36.3125,68.65189,2
2018,36.31913,43.47309,1
2018,36.31939,41.86148,3
2018,36.32667,68.62417,2
2018,36.33593,68.69592,3
2018,36.3371,66.89577,1
2018,36.33812,42.93169,1
2018,36.35406,64.86722,1
2018,36.35415,43.14357,26
2018,36.35416,43.38178,1
2018,36.36133,69.3524,1
2018,36.36306,36.68207,1
2018,36.36315,69.40031,1
2018,36.36402,65.87042,2
2018,36.3662,37.51228,6
2018,36.36626,64.9378,1
2018,36.36761,64.89429,1
2018,36.3682,69.42904,3
2018,36.36967,42.4216,1
2018,36.37486,64.87877,3
2018,36.37682,42.44888,4
2018,36.38333,66.90384,1
2018,36.38588,38.8639,1
2018,36.38808,42.47349,1
2018,36.39627,36.68872,1
2018,36.39936,36.77113,2
2018,36.40185,36.34981,1
2018,36.4031,42.97818,1
2018,36.40436,64.8518,1
2018,36.40739,42.96462,8
2018,36.41191,43.04293,1
2018,36.41291,64.89487,1
2018,36.4187,71.33924,1
2018,36.42065,69.35927,2
2018,36.43082,64.9236,2
2018,36.43247,37.56614,1
2018,36.43512,36.8748,1
2018,36.43607,67.93036,1
2018,36.43914,42.84667,1
2018,36.4392,65.82353,1
2018,36.44083,42.74691,1
2018,36.4427,65.01636,1
2018,36.44749,43.35106,1
2018,36.45779,66.92,1
2018,36.46124,40.84085,1
2018,36.46927,42.96937,1
2018,36.47297,37.09436,1
2018,36.48729,66.59659,1
2018,36.49056,43.12144,1
2018,36.49541,42.93721,1
2018,36.49963,36.39223,1
2018,36.49991,36.79968,1
2018,36.50208,66.58879,1
2018,36.50334,66.59918,1
2018,36.50338,42.90726,1
2018,36.50357,66.60838,2
2018,36.50482,66.62531,1
2018,36.50814,65.10212,1
2018,36.50981,66.63776,1
2018,36.51164,36.86736,15
2018,36.51228,36.86539,1
2018,36.5167,37.12675,1
2018,36.51902,69.08065,1
2018,36.52289,37.42738,1
2018,36.52307,43.09627,1
2018,36.5234,43.65743,1
2018,36.52396,66.62436,1
2018,36.52497,37.04876,1
2018,36.52589,64.90419,1
2018,36.52603,37.07759,1
2018,36.52674,8.3364,1
2018,36.5318,68.89485,1
2018,36.53847,66.65328,1
2018,36.5443,64.89475,1
2018,36.55627,66.6655,1
2018,36.56565,68.87865,1
2018,36.5658,38.13278,1
2018,36.57314,65.66311,1
2018,36.57659,65.71805,1
2018,36.57821,69.34946,1
2018,36.58345,65.78434,1
2018,36.58544,37.04692,10
2018,36.58781,65.8115,1
2018,36.61279,37.44903,1
2018,36.61577,66.25253,1
2018,36.623,36.93636,1
2018,36.64208,65.78755,1
2018,36.64268,69.09185,1
2018,36.64684,37.08272,1
2018,36.64694,36.93917,1
2018,36.6484,66.81741,2
2018,36.65221,43.34348,1
2018,36.66048,68.57984,1
2018,36.6609,42.60528,1
2018,36.66129,8.68482,1
2018,36.66379,68.57864,1
2018,36.66546,36.65851,1
2018,36.66654,69.10806,1
2018,36.66801,66.46805,1
2018,36.66858,69.00946,4
2018,36.6698,69.47845,2
2018,36.6772,67.01667,1
2018,36.68075,44.59314,1
2018,36.68113,69.1129,1
2018,36.68145,69.1149,1
2018,36.68206,66.757,4
2018,36.68249,69.06189,1
2018,36.68257,69.10357,1
2018,36.68345,42.3256,1
2018,36.68934,69.03828,1
2018,36.69414,68.81503,1
2018,36.69517,69.1108,1
2018,36.69626,69.11934,1
2018,36.69922,68.77589,1
2018,36.70428,68.9076,1
2018,36.70578,68.87706,10
2018,36.70993,67.1157,4
2018,36.71537,68.76084,1
2018,36.71928,37.11557,10
2018,36.72739,66.76651,1
2018,36.72855,68.8679,3
2018,36.73235,68.9158,1
2018,36.73312,69.53865,1
2018,36.73346,69.53776,3
2018,36.73477,70.812,1
2018,36.74668,66.39757,1
2018,36.75972,70.88856,1
2018,36.76036,66.36431,4
2018,36.7605,65.87048,1
2018,36.76489,70.84422,1
2018,36.76896,66.58383,1
2018,36.76978,66.69774,1
2018,36.77,70.39583,1
2018,36.77327,70.85197,1
2018,36.78306,-119.7941,1
2018,36.78642,70.36513,1
2018,36.79306,64.96306,1
2018,36.79967,66.88299,1
2018,36.8004,10.18662,1
2018,36.80089,70.82801,1
2018,36.80398,42.09394,1
2018,36.80632,68.84099,1
2018,36.809,66.66184,1
2018,36.81236,66.65451,1
2018,36.81536,65.6636,1
2018,36.81863,38.01113,5
2018,36.82836,69.39523,1
2018,36.82911,66.27356,1
2018,36.83912,66.64316,1
2018,36.83971,65.14134,1
2018,36.8407,66.65586,2
2018,36.84741,66.12929,1
2018,36.87051,65.27296,1
2018,36.87194,70.46639,1
2018,36.87446,70.45419,1
2018,36.8865,38.3502,1
2018,36.88656,68.42981,1
2018,36.88811,68.42937,1
2018,36.88817,68.42932,4
2018,36.89171,68.35423,1
2018,36.89646,69.29814,1
2018,36.89667,42.28833,1
2018,36.89697,65.66586,1
2018,36.89722,68.36167,1
2018,36.89843,65.66403,1
2018,36.9015,66.18317,1
2018,36.90389,66.20778,1
2018,36.90772,43.06317,1
2018,36.90884,39.73087,1
2018,36.91461,66.20503,1
2018,36.91742,66.20677,1
2018,36.91858,65.16302,1
2018,36.9206,-121.77064,1
2018,36.93073,66.20599,1
2018,36.93389,44.56806,1
2018,36.93417,66.11389,1
2018,36.9441,68.56204,1
2018,36.94711,68.56161,1
2018,36.94748,68.5606,1
2018,36.95195,14.53239,1
2018,36.95844,69.17983,1
2018,36.95985,69.18917,1
2018,36.96361,69.15722,1
2018,36.96824,68.56884,10
2018,36.97559,38.4264,1
2018,36.98707,69.16823,1
2018,36.9881,69.16241,1
2018,36.9881,69.17384,1
2018,36.98892,66.82005,1
2018,36.98892,66.82326,1
2018,36.9941,69.4044,1
2018,36.99847,69.17503,1
2018,36.99941,68.44642,1
2018,37.00155,69.4165,1
2018,37.00205,69.17737,1
2018,37.00291,70.87082,1
2018,37.00388,70.87145,1
2018,37.00402,66.68927,3
2018,37.0055,69.42042,1
2018,37.00604,69.38801,1
2018,37.00891,69.15959,1
2018,37.01189,69.18414,1
2018,37.01286,71.09027,1
2018,37.01806,69.39778,4
2018,37.01889,44.44444,1
2018,37.01921,44.4419,1
2018,37.0293,64.98239,1
2018,37.03485,69.15988,1
2018,37.03583,64.94222,1
2018,37.03671,69.17011,6
2018,37.03738,66.02623,1
2018,37.04,64.94,1
2018,37.0401,69.17053,1
2018,37.04099,69.43251,1
2018,37.04295,68.4718,1
2018,37.04572,66.31943,1
2018,37.04663,65.94819,1
2018,37.05194,66.32861,1
2018,37.05196,69.36564,1
2018,37.05336,41.22734,2
2018,37.05717,66.81218,1
2018,37.07168,66.36574,1
2018,37.07696,-113.57703,1
2018,37.0865,68.86681,3
2018,37.10417,71.16361,1
2018,37.10783,70.56756,2
2018,37.10846,69.16223,1
2018,37.1091,69.91896,1
2018,37.11515,68.77235,1
2018,37.1229,68.98852,1
2018,37.14323,68.94909,5
2018,37.14694,69.4449,1
2018,37.15411,69.43391,1
2018,37.15516,68.83936,1
2018,37.15618,68.95663,1
2018,37.15938,42.69047,1
2018,37.1609,69.44549,1
2018,37.16686,69.41296,1
2018,37.16784,69.4158,1
2018,37.17704,38.79415,1
2018,37.18177,68.9113,2
2018,37.18444,68.91444,1
2018,37.18993,68.60967,1
2018,37.19139,68.8208,1
2018,37.19139,69.03333,1
2018,37.19418,69.05855,1
2018,37.19771,68.97571,1
2018,37.22564,43.88828,1
2018,37.24056,69.47417,1
2018,37.24385,67.09884,1
2018,37.24489,43.67549,1
2018,37.25368,43.61176,1
2018,37.26784,42.61413,1
2018,37.28121,66.08717,1
2018,37.28289,70.84114,1
2018,37.28975,65.70788,1
2018,37.29118,43.67338,1
2018,37.29363,43.66982,1
2018,37.29371,43.67119,3
2018,37.29598,43.65574,1
2018,37.30058,43.57986,1
2018,37.30148,42.49285,1
2018,37.30172,44.53047,1
2018,37.30232,70.84474,1
2018,37.3026,44.53089,3
2018,37.30924,44.57601,1
2018,37.32012,41.79399,1
2018,37.33917,69.5825,1
2018,37.34028,69.53677,1
2018,37.34472,70.135,1
2018,37.35454,65.72099,1
2018,37.35779,65.73985,1
2018,37.37639,66.03191,1
2018,37.40181,69.88907,1
2018,37.4167,42.48952,1
2018,37.41875,42.49183,2
2018,37.419,66.02894,1
2018,37.42097,69.50424,1
2018,37.42111,70.65611,2
2018,37.4358,65.95286,3
2018,37.43636,69.69575,1
2018,37.44593,43.74498,2
2018,37.44937,43.72466,1
2018,37.45155,69.6647,4
2018,37.45989,69.52591,1
2018,37.45997,69.52612,1
2018,37.46372,69.48849,1
2018,37.46556,69.61111,1
2018,37.5,69.4,1
2018,37.54611,42.21846,1
2018,37.56183,-120.90883,1
2018,37.56784,41.38576,1
2018,37.56986,43.16441,1
2018,37.5708,42.40242,1
2018,37.57314,126.97785,1
2018,37.5846,44.0752,1
2018,37.58595,-122.36734,2
2018,37.58645,42.48717,1
2018,37.60606,42.74785,1
2018,37.60645,42.74783,1
2018,37.70758,42.00202,1
2018,37.73569,42.11124,1
2018,37.76353,42.46951,1
2018,37.7907,-122.21491,1
2018,37.83858,44.13254,1
2018,37.8679,38.4297,1
2018,37.86849,38.42918,1
2018,37.93385,42.54972,1
2018,37.94299,23.64698,1
2018,37.99749,23.76273,17
2018,38.09322,69.34139,1
2018,38.13189,71.21294,1
2018,38.14127,41.01281,1
2018,38.18929,41.49054,1
2018,38.20486,-85.57008,2
2018,38.20864,41.95198,1
2018,38.23007,71.20307,1
2018,38.23884,21.7595,1
2018,38.26749,40.84722,1
2018,38.29126,42.11822,1
2018,38.39478,40.11248,2
2018,38.40631,40.39987,1
2018,38.41234,40.39363,1
2018,38.42495,40.67041,1
2018,38.51724,-121.45727,1
2018,38.52585,41.14223,1
2018,38.65231,42.4202,1
2018,38.8767,-76.90757,1
2018,38.90993,-77.01473,1
2018,39.03037,38.90504,1
2018,39.12394,-94.55414,2
2018,39.15559,39.72016,1
2018,39.45516,-76.81442,1
2018,39.47534,40.3198,1
2018,39.54707,44.06878,1
2018,39.55027,44.0773,2
2018,39.61801,43.10621,1
2018,39.62692,43.0216,1
2018,39.66861,-75.56917,1
2018,39.71907,43.05059,1
2018,39.7413,-75.54192,1
2018,39.76217,-104.87581,1
2018,39.76543,44.47225,1
2018,39.93077,32.76754,1
2018,40.06555,29.23208,1
2018,40.17857,44.53576,1
2018,40.26752,69.64529,1
2018,40.43963,-79.97626,1
2018,40.62066,22.952,5
2018,40.63377,22.96484,1
2018,40.64617,38.59355,1
2018,40.68468,46.35388,1
2018,40.69426,-73.93068,7
2018,40.84671,-73.15219,1
2018,41.00683,39.73229,1
2018,41.00718,39.73218,1
2018,41.06483,14.33762,1
2018,41.11942,16.86228,1
2018,41.16012,-73.76717,1
2018,41.25595,-73.68566,1
2018,41.30989,-105.60851,1
2018,41.34603,26.57621,1
2018,41.36583,2.08209,1
2018,41.40064,2.15091,1
2018,41.47276,-87.31963,1
2018,41.49481,-81.53482,1
2018,42.08058,43.93717,1
2018,42.13939,77.17989,1
2018,42.43042,19.25936,1
2018,42.4369,19.25126,1
2018,42.89137,20.86601,1
2018,42.89139,20.866,1
2018,42.96317,46.98252,1
2018,42.97259,-88.12913,2
2018,42.98542,47.45067,2
2018,43.03694,19.75619,1
2018,43.0427,-85.60158,1
2018,43.10922,5.85928,1
2018,43.14543,45.90519,1
2018,43.16271,46.00254,1
2018,43.16782,44.80835,1
2018,43.201,46.86386,1
2018,43.20533,2.45981,1
2018,43.20926,2.34384,2
2018,43.2267,44.77057,1
2018,43.2478,45.90324,1
2018,43.28045,24.08285,1
2018,43.29843,13.45348,1
2018,43.32023,45.65449,3
2018,43.40517,44.8203,1
2018,43.59825,-79.66018,1
2018,43.7252,-79.38703,3
2018,43.82978,18.35751,1
2018,43.84387,46.71524,1
2018,43.93014,10.90812,1
2018,44.49303,11.30066,1
2018,44.523,11.27134,1
2018,44.66647,20.72049,1
2018,44.67413,20.59007,1
2018,44.77218,17.191,1
2018,44.96351,-93.26783,1
2018,45.07273,7.67954,1
2018,45.09058,5.68268,1
2018,45.40644,11.87676,1
2018,45.41274,11.83997,1
2018,45.43839,10.99161,1
2018,45.54155,10.2118,1
2018,45.55716,-73.54506,1
2018,45.69538,12.25218,1
2018,45.99778,5.7029,1
2018,46.03749,11.1314,1
2018,46.05017,11.11719,1
2018,46.35094,29.91198,1
2018,46.48253,30.72331,1
2018,46.49244,-80.99156,1
2018,46.53774,30.72218,1
2018,46.63542,32.61687,1
2018,46.76013,36.78381,1
2018,46.93981,-122.6261,2
2018,46.98901,-122.91733,1
2018,47.04064,-122.89527,2
2018,47.0459,-122.79342,1
2018,47.16277,-122.52991,1
2018,47.37643,8.53354,1
2018,47.56906,34.39363,1
2018,47.90445,1.90564,1
2018,47.94229,37.50403,1
2018,48.01588,37.80285,1
2018,48.06594,37.79204,1
2018,48.10222,37.88131,1
2018,48.21141,16.38004,1
2018,48.2438,17.69226,1
2018,48.3071,38.02963,1
2018,48.40108,9.98761,1
2018,48.40279,38.0811,1
2018,48.46239,1.77015,1
2018,48.51653,34.60738,1
2018,48.58259,7.74894,1
2018,48.61939,22.30027,1
2018,48.6208,22.28788,1
2018,48.72487,38.63301,1
2018,48.75696,39.35833,1
2018,48.7836,2.45418,1
2018,48.85664,2.34233,3
2018,49.07447,9.15646,1
2018,49.14269,9.21088,1
2018,49.1455,9.18141,1
2018,49.25049,11.21686,1
2018,49.44066,32.05412,1
2018,49.49879,25.6084,1
2018,49.79918,24.01749,1
2018,49.83246,24.05609,1
2018,49.83714,23.88178,1
2018,49.83968,24.02973,1
2018,49.99011,36.23227,1
2018,49.99247,36.23081,1
2018,50.11729,-5.53494,1
2018,50.3482,30.95615,1
2018,50.40538,4.27986,1
2018,50.43381,30.50788,1
2018,50.44492,30.50887,1
2018,50.4501,30.5234,3
2018,50.45611,30.38288,1
2018,50.45903,30.51793,1
2018,50.46249,30.52087,1
2018,50.53054,30.70443,1
2018,50.61972,26.25153,1
2018,50.63579,5.56758,1
2018,50.71677,-3.50945,1
2018,50.80295,6.4811,1
2018,50.82784,12.92137,1
2018,50.83447,12.92171,1
2018,50.83643,4.36742,1
2018,50.94567,6.97322,1
2018,51.20218,6.66294,2
2018,51.33247,9.49881,1
2018,51.35112,8.28513,1
2018,51.43441,6.76233,1
2018,51.50438,-0.14004,2
2018,51.6755,39.20888,1
2018,51.74897,-1.24036,1
2018,51.76009,7.89732,1
2018,51.88896,5.89475,1
2018,51.90324,8.38575,1
2018,52.0705,4.3007,1
2018,52.23469,20.97797,1
2018,52.35634,4.88236,1
2018,52.37913,4.90027,1
2018,52.39249,4.83351,1
2018,52.47172,-1.83227,1
2018,52.47429,-1.83931,1
2018,52.50153,13.40185,7
2018,52.60762,1.7336,1
2018,53.09258,6.05864,1
2018,53.36167,-6.24548,1
2018,53.48714,-2.24238,1
2018,53.50211,-2.2369,1
2018,53.58573,-116.44557,1
2018,53.65544,55.94389,1
2018,53.71608,-6.35016,1
2018,53.77648,-1.55331,1
2018,53.77813,-1.5485,1
2018,53.78562,-6.64801,1
2018,53.84615,-2.20456,1
2018,53.92345,9.51745,1
2018,53.99385,-6.39659,1
2018,54.35262,-6.26485,1
2018,54.43693,-7.14098,1
2018,54.44746,-6.37947,1
2018,54.46337,-6.3286,1
2018,54.48282,-6.75299,2
2018,54.50339,-5.92147,1
2018,54.50853,-6.76313,1
2018,54.51569,-6.05572,1
2018,54.55269,-6.01631,1
2018,54.55342,-6.00331,1
2018,54.57962,-5.70609,1
2018,54.59056,-5.78889,1
2018,54.60771,-5.95621,31
2018,54.62046,-6.2163,1
2018,54.65306,-5.92639,1
2018,54.65344,-5.92631,1
2018,54.6789,25.27824,1
2018,54.69417,-5.95374,1
2018,54.72223,-6.20176,1
2018,54.72349,-6.22139,1
2018,54.72576,-5.83732,2
2018,54.73152,-6.21984,1
2018,54.74087,-5.79991,1
2018,54.75433,-6.61116,1
2018,54.77342,-5.74758,1
2018,54.85778,-5.83935,1
2018,54.86308,-5.84379,1
2018,54.86509,-6.27247,2
2018,54.89429,-6.21003,1
2018,54.95819,-6.37255,1
2018,55.01156,-7.31204,23
2018,55.18799,-7.04115,1
2018,55.67256,12.50629,1
2018,55.70792,13.19682,2
2018,55.75138,37.57991,2
2018,55.94956,-3.1987,1
2018,55.9716,-3.17467,1
2018,55.97458,-3.17533,1
2018,56.04447,12.70125,1
2018,56.15892,13.76676,1
2018,56.2965,43.93606,1
2018,57.8167,28.33447,1
2018,59.30119,15.19163,1
2018,59.85337,30.34843,2
2018,62.60102,29.76357,1
2018,64.54725,40.56016,1
2018,67.14367,20.66589,1
2019,-43.53294,172.61174,1
2019,-43.5324,172.67254,1
2019,-39.57958,-72.44121,1
2019,-39.48066,-72.69302,1
2019,-38.7272,-72.61871,1
2019,-38.7231,-72.60831,1
2019,-38.23265,-72.35151,7
2019,-38.20806,-72.90972,1
2019,-38.19216,-73.41134,1
2019,-38.16402,-72.90318,1
2019,-38.05468,-72.38017,1
2019,-37.95827,-72.43212,1
2019,-37.93825,-73.32472,1
2019,-37.91057,-73.38136,1
2019,-37.87341,-72.95767,1
2019,-37.80982,-72.33111,1
2019,-36.816,-73.03766,1
2019,-36.73388,-72.46016,1
2019,-34.61768,-58.44444,1
2019,-34.54535,138.52366,1
2019,-33.89296,18.59349,1
2019,-33.63437,-70.63034,1
2019,-33.36624,-70.5053,3
2019,-33.04482,-71.37346,1
2019,-31.62908,28.17224,1
2019,-31.60668,28.7781,1
2019,-29.85868,31.02184,1
2019,-29.83601,30.6835,1
2019,-29.77403,31.01537,1
2019,-29.61789,30.38248,1
2019,-29.60324,30.38208,1
2019,-29.60061,30.37941,1
2019,-29.54944,30.41167,1
2019,-29.53248,30.936,1
2019,-29.01239,29.86416,1
2019,-28.75882,31.62213,1
2019,-28.61711,30.4596,1
2019,-28.55967,29.78079,1
2019,-27.75454,29.93213,1
2019,-26.68332,28.20588,1
2019,-26.41647,27.86484,1
2019,-26.2207,27.69762,1
2019,-26.15861,29.71528,2
2019,-26.12014,27.90146,1
2019,-25.92391,32.4658,1
2019,-25.87142,29.2372,1
2019,-25.3923,32.79716,1
2019,-22.95691,-43.19698,1
2019,-22.27107,166.44165,1
2019,-21.1425,149.18215,1
2019,-20.55941,32.80845,1
2019,-20.12148,28.54196,1
2019,-19.66834,33.87477,1
2019,-19.58634,-65.7505,1
2019,-19.32887,33.83165,2
2019,-19.25419,34.24216,2
2019,-19.20391,34.86242,1
2019,-19.18289,33.76908,1
2019,-19.1725,34.20778,1
2019,-19.17027,33.75886,1
2019,-19.15,33.66,1
2019,-19.08321,33.64555,1
2019,-19.08219,33.64224,2
2019,-19.05866,34.19351,1
2019,-19.01102,33.90131,1
2019,-18.68709,34.07249,1
2019,-18.59283,34.24216,1
2019,-18.15741,31.48353,1
2019,-17.87358,36.88685,1
2019,-17.8666,36.89325,1
2019,-16.82639,33.27851,1
2019,-16.72611,15.35337,1
2019,-16.5639,36.60939,1
2019,-16.03778,33.18361,1
2019,-15.56389,33.30194,1
2019,-14.67208,34.24216,1
2019,-14.45861,34.22806,1
2019,-13.97358,33.77022,1
2019,-13.96261,33.77412,1
2019,-13.94608,33.80697,1
2019,-13.89089,33.79474,1
2019,-12.978,39.85405,1
2019,-12.54175,39.64407,1
2019,-12.45397,39.63777,1
2019,-12.41143,40.44475,1
2019,-12.33355,39.32062,4
2019,-12.23385,40.14015,3
2019,-12.23289,40.1401,1
2019,-12.19917,44.27417,1
2019,-12.18106,-74.19445,1
2019,-12.16713,40.01621,1
2019,-12.14932,40.02057,1
2019,-12.14691,40.02171,1
2019,-12.1292,40.4779,1
2019,-12.12875,40.47723,1
2019,-12.06974,40.47836,1
2019,-12.06973,40.47836,1
2019,-12.06044,40.19158,1
2019,-12.05507,40.13895,2
2019,-12.04329,40.14527,4
2019,-12.0079,40.45512,1
2019,-11.98422,40.44533,1
2019,-11.93302,40.10815,1
2019,-11.93173,40.43554,1
2019,-11.92047,40.48027,2
2019,-11.89097,39.73434,2
2019,-11.88139,40.43361,1
2019,-11.86821,40.3892,1
2019,-11.845,39.98139,1
2019,-11.83361,39.83667,2
2019,-11.7698,39.89869,1
2019,-11.76849,40.00249,1
2019,-11.7662,40.38643,1
2019,-11.76209,40.08818,1
2019,-11.75389,40.44972,1
2019,-11.75384,40.44956,1
2019,-11.7533,40.43802,1
2019,-11.7518,40.44272,1
2019,-11.70438,39.9836,1
2019,-11.6876,27.50262,1
2019,-11.66128,40.36508,4
2019,-11.6525,40.01306,2
2019,-11.59141,40.19006,1
2019,-11.59094,40.19103,1
2019,-11.53534,39.9363,1
2019,-11.47346,40.09982,1
2019,-11.43389,40.165,1
2019,-11.41364,40.2006,1
2019,-11.40872,40.46727,1
2019,-11.39476,40.30579,1
2019,-11.39056,40.38222,1
2019,-11.38778,39.59661,1
2019,-11.37893,40.29074,1
2019,-11.37222,40.34124,1
2019,-11.36671,40.30227,2
2019,-11.3554,40.32028,2
2019,-11.3536,40.35224,6
2019,-11.35308,40.35265,1
2019,-11.27945,40.41028,1
2019,-11.27874,39.83943,1
2019,-11.15296,39.73434,1
2019,-11.12293,39.77479,1
2019,-11.11889,39.69306,1
2019,-11.07277,39.67504,1
2019,-11.07276,39.67504,1
2019,-11.06908,39.70296,1
2019,-10.99029,40.47786,2
2019,-10.90486,40.47734,1
2019,-10.8758,40.3695,4
2019,-10.8758,40.3696,1
2019,-10.85266,40.58643,1
2019,-10.85139,40.59444,1
2019,-10.83854,39.88619,1
2019,-10.83633,40.36354,1
2019,-10.78076,40.43916,1
2019,-10.7786,40.40775,1
2019,-10.77545,40.47375,1
2019,-10.77437,40.47455,6
2019,-9.70377,33.27002,1
2019,-7.55034,110.73659,1
2019,-7.27539,112.72267,1
2019,-6.30833,106.10667,1
2019,-6.26445,106.83701,1
2019,-6.19376,106.80161,1
2019,-6.08083,22.76833,1
2019,-5.85476,22.57245,1
2019,-5.29168,140.98993,1
2019,-4.96095,-45.27442,1
2019,-4.8443,-39.14025,1
2019,-4.6746,28.66557,1
2019,-4.48478,138.21945,1
2019,-4.46999,39.48009,1
2019,-4.40695,138.23935,1
2019,-4.39295,138.23715,1
2019,-4.34259,138.45874,1
2019,-4.27988,138.34894,4
2019,-4.00962,119.62906,1
2019,-3.98356,28.68268,2
2019,-3.94936,28.68326,1
2019,-3.92046,28.51752,1
2019,-3.89927,28.64974,1
2019,-3.89284,28.60541,1
2019,-3.84236,28.72712,1
2019,-3.84225,28.72714,1
2019,-3.84225,28.73024,1
2019,-3.834,28.65913,2
2019,-3.83143,137.85091,1
2019,-3.81741,137.4255,2
2019,-3.81188,28.66594,1
2019,-3.80969,28.68471,1
2019,-3.80043,137.51819,1
2019,-3.77263,28.63757,1
2019,-3.7716,28.64519,1
2019,-3.7715,28.56546,1
2019,-3.76651,28.67047,1
2019,-3.76363,28.58884,1
2019,-3.74754,28.74428,1
2019,-3.72873,28.72387,1
2019,-3.7205,28.69019,1
2019,-3.72007,28.71289,1
2019,-3.7169,28.70166,1
2019,-3.7078,28.70255,1
2019,-3.70677,28.67233,1
2019,-3.70524,28.72728,1
2019,-3.69678,28.63268,1
2019,-3.68339,28.65462,1
2019,-3.67447,28.67016,1
2019,-3.67258,137.96444,1
2019,-3.65696,28.6332,1
2019,-3.65444,28.83841,1
2019,-3.63588,28.70241,1
2019,-3.61942,136.9068,1
2019,-3.60827,29.97966,2
2019,-3.50764,136.74785,1
2019,-3.5,28.91667,2
2019,-3.42908,28.39963,1
2019,-3.39024,28.54768,1
2019,-3.37902,28.55431,1
2019,-3.3789,28.55741,1
2019,-3.37607,28.57188,1
2019,-3.37583,29.36411,2
2019,-3.36938,29.14578,1
2019,-3.36802,28.56394,1
2019,-3.36698,29.12667,1
2019,-3.36384,28.51299,1
2019,-3.36208,28.56319,1
2019,-3.36159,28.5669,1
2019,-3.33791,28.50813,1
2019,-3.26044,29.14993,1
2019,-3.07309,26.04139,1
2019,-3.06844,29.46145,1
2019,-3.04082,28.36585,1
2019,-3.01166,28.29944,3
2019,-2.96105,28.06388,1
2019,-2.86002,29.4343,1
2019,-2.64108,28.03226,1
2019,-2.49623,28.75055,1
2019,-2.4778,28.91178,1
2019,-2.22451,28.82961,1
2019,-2.18941,-79.88907,1
2019,-2.18134,-79.8986,1
2019,-2.14543,28.85532,1
2019,-2.07766,41.13415,1
2019,-1.94749,40.72404,1
2019,-1.74527,41.49056,1
2019,-1.68347,41.53772,1
2019,-1.53967,29.054,1
2019,-1.52082,28.12454,1
2019,-1.44948,29.58824,1
2019,-1.42889,40.5725,2
2019,-1.40479,25.84456,2
2019,-1.39862,28.81602,2
2019,-1.39843,28.81598,2
2019,-1.39776,28.81519,2
2019,-1.31471,36.81375,1
2019,-1.29207,36.82195,1
2019,-1.28831,36.82054,1
2019,-1.2713,36.76355,1
2019,-1.25504,28.74604,1
2019,-1.17067,40.79469,1
2019,-1.15104,41.06432,1
2019,-1.13691,41.22317,2
2019,-1.12306,120.44093,1
2019,-1.11558,29.0329,1
2019,-1.08091,29.22917,1
2019,-1.0602,41.08031,1
2019,-0.97731,28.69138,1
2019,-0.95092,29.49551,1
2019,-0.95028,29.49548,1
2019,-0.81952,29.7426,2
2019,-0.81951,29.74278,1
2019,-0.79177,29.04599,3
2019,-0.51667,28.75,1
2019,-0.45323,39.6461,1
2019,-0.4243,29.01352,1
2019,-0.42222,40.21333,1
2019,-0.3956,40.26336,1
2019,-0.35785,42.54665,7
2019,-0.3541,42.52782,1
2019,-0.33316,29.38511,2
2019,-0.15171,29.24287,1
2019,-0.14266,40.26801,2
2019,-0.09832,39.9841,1
2019,-0.09425,41.71845,1
2019,-0.05022,29.51428,1
2019,-0.0454,29.5148,2
2019,-0.03255,39.49667,2
2019,-0.01666,28.50001,1
2019,-0.00709,42.64126,2
2019,-0.00633,29.20887,1
2019,0.00916,29.48879,1
2019,0.01744,42.66853,1
2019,0.06308,29.43778,1
2019,0.06556,40.37797,1
2019,0.07063,42.74972,1
2019,0.09178,40.77443,1
2019,0.09336,29.30895,1
2019,0.09336,29.30924,1
2019,0.09432,29.30536,1
2019,0.11323,29.30094,1
2019,0.11405,29.3018,2
2019,0.1142,29.30195,1
2019,0.116,29.37439,2
2019,0.12247,29.37437,1
2019,0.12795,29.28358,1
2019,0.13501,29.29093,1
2019,0.15036,29.40705,1
2019,0.16343,-76.85748,1
2019,0.18102,29.30819,1
2019,0.18449,41.89768,1
2019,0.22801,40.7848,1
2019,0.22992,29.67938,1
2019,0.2453,40.68816,1
2019,0.28319,41.71717,1
2019,0.28482,41.33839,1
2019,0.28619,29.66796,1
2019,0.29058,29.66038,1
2019,0.29793,29.66377,1
2019,0.30952,32.53975,1
2019,0.31796,29.36498,1
2019,0.31899,29.67307,1
2019,0.35706,29.6316,1
2019,0.36274,29.76181,1
2019,0.38417,29.40775,1
2019,0.41212,41.00811,1
2019,0.41281,9.46086,1
2019,0.4207,29.4872,1
2019,0.42823,29.55636,1
2019,0.43044,41.50907,1
2019,0.44873,29.40102,1
2019,0.45253,29.50507,1
2019,0.46198,29.20977,1
2019,0.47049,29.3138,1
2019,0.4708,29.44248,1
2019,0.48571,29.43016,1
2019,0.48642,29.33493,1
2019,0.49086,29.36469,1
2019,0.49594,29.45961,8
2019,0.4974,29.60089,1
2019,0.49868,29.37786,1
2019,0.49901,29.45275,4
2019,0.50012,29.38196,1
2019,0.50864,-76.49547,1
2019,0.51158,-76.51143,1
2019,0.51591,29.35519,1
2019,0.51686,29.33126,1
2019,0.51739,29.19246,1
2019,0.53255,42.10836,1
2019,0.53641,40.87638,1
2019,0.54213,29.49047,1
2019,0.54222,29.49058,1
2019,0.58555,29.48433,1
2019,0.60077,29.49477,1
2019,0.60171,29.40454,1
2019,0.60772,29.3102,1
2019,0.61801,29.90177,1
2019,0.61826,29.90297,1
2019,0.61928,29.90214,1
2019,0.63851,29.4909,1
2019,0.65188,29.49766,2
2019,0.65836,-76.75947,1
2019,0.66493,29.88012,3
2019,0.6665,29.83298,1
2019,0.66778,-76.87228,1
2019,0.67059,29.42492,1
2019,0.67688,-76.88016,1
2019,0.68181,29.66759,1
2019,0.68296,29.87412,1
2019,0.68316,29.50448,1
2019,0.69687,29.52237,1
2019,0.69688,29.5197,5
2019,0.71668,29.50726,1
2019,0.72103,29.49336,1
2019,0.72949,29.36698,1
2019,0.73019,29.36776,1
2019,0.75089,29.56404,1
2019,0.78163,29.60102,1
2019,0.81356,29.60584,1
2019,0.81813,29.23945,4
2019,0.81828,29.23933,1
2019,0.85214,29.25782,1
2019,0.85218,29.25783,1
2019,0.85276,29.25795,1
2019,0.85317,29.61072,4
2019,0.85475,29.25858,1
2019,0.85555,29.25799,1
2019,0.87168,-77.641,1
2019,0.91152,-76.21189,1
2019,0.91184,-77.79129,1
2019,0.92058,-74.74296,1
2019,0.98906,29.87837,1
2019,1.03105,29.95925,1
2019,1.03278,29.95162,1
2019,1.03376,29.95451,2
2019,1.03692,29.9624,1
2019,1.03777,29.95893,2
2019,1.05449,29.14723,1
2019,1.07754,42.97973,1
2019,1.09712,42.59831,1
2019,1.11423,44.0287,2
2019,1.14087,-77.86457,1
2019,1.14114,-77.86427,1
2019,1.2168,-77.9938,1
2019,1.22063,-77.99459,1
2019,1.22082,-77.99662,1
2019,1.33261,-77.58616,1
2019,1.33267,-77.5856,1
2019,1.33384,-74.8434,1
2019,1.34642,29.2143,1
2019,1.35953,29.02854,1
2019,1.39149,-78.51838,1
2019,1.40252,-78.57036,1
2019,1.40811,-77.39153,1
2019,1.43353,28.28504,1
2019,1.43423,-75.38785,1
2019,1.43972,30.48218,1
2019,1.47342,29.92416,1
2019,1.49541,30.32095,1
2019,1.54312,-77.95457,1
2019,1.54604,-77.76154,1
2019,1.55358,29.41562,4
2019,1.559,29.3734,1
2019,1.57196,44.01556,1
2019,1.59577,29.41793,2
2019,1.6102,44.3332,1
2019,1.62103,44.51166,1
2019,1.63336,27.94981,1
2019,1.63547,28.95819,1
2019,1.63916,44.52645,4
2019,1.65828,44.58002,2
2019,1.67155,-78.14099,1
2019,1.68057,30.68325,1
2019,1.7013,-76.57309,1
2019,1.7046,44.69271,1
2019,1.70781,-76.57358,1
2019,1.71634,44.76869,2
2019,1.71672,40.94913,1
2019,1.71679,30.73017,1
2019,1.71927,44.75915,1
2019,1.731,30.7388,1
2019,1.74332,30.58305,1
2019,1.74411,44.59697,2
2019,1.75781,30.60993,1
2019,1.75793,30.6086,1
2019,1.76338,30.60983,2
2019,1.76618,44.51999,1
2019,1.78146,-77.62151,1
2019,1.78964,44.52998,2
2019,1.79064,36.03766,1
2019,1.79787,44.51523,1
2019,1.79964,-78.80188,1
2019,1.81052,30.73439,1
2019,1.81167,30.63444,4
2019,1.8197,30.63326,1
2019,1.83313,30.76643,1
2019,1.8341,44.96588,1
2019,1.84364,30.84839,1
2019,1.84907,30.60014,2
2019,1.85434,44.70787,1
2019,1.87351,45.02759,1
2019,1.88791,30.76525,1
2019,1.89081,30.69487,1
2019,1.89332,44.819,1
2019,1.89586,44.85708,1
2019,1.9036,30.40303,1
2019,1.90441,-76.99193,1
2019,1.9165,30.54633,1
2019,1.92194,44.78694,1
2019,1.93186,40.85252,1
2019,1.94096,30.28202,1
2019,1.947,40.74538,1
2019,1.95016,45.18074,1
2019,1.95194,40.8374,1
2019,1.95268,40.83671,1
2019,1.96856,30.50235,1
2019,1.97894,44.83206,3
2019,1.98133,44.90464,1
2019,2.01784,44.83446,1
2019,2.03313,45.02844,1
2019,2.04073,-77.21661,1
2019,2.04392,-72.33111,1
2019,2.04658,44.89992,1
2019,2.04763,44.89763,6
2019,2.0581,45.24957,1
2019,2.0592,45.23662,1
2019,2.05982,45.32611,124
2019,2.06025,45.05381,1
2019,2.06092,45.23368,1
2019,2.07211,45.22142,2
2019,2.07272,45.25406,4
2019,2.07477,45.29586,1
2019,2.07843,45.24782,3
2019,2.08206,45.20749,3
2019,2.08914,45.18447,1
2019,2.0894,45.08899,1
2019,2.09968,45.15723,1
2019,2.11232,-74.80881,1
2019,2.11364,-74.77321,1
2019,2.13002,45.03751,2
2019,2.14262,45.11672,2
2019,2.14383,45.11806,6
2019,2.1637,45.18993,1
2019,2.16995,45.18297,1
2019,2.18054,-73.78866,1
2019,2.24519,-74.45186,1
2019,2.26873,-77.24226,1
2019,2.28829,45.38642,1
2019,2.3,30.98333,2
2019,2.30547,30.97616,1
2019,2.33108,40.88951,1
2019,2.34351,42.26789,1
2019,2.34931,42.28034,4
2019,2.35789,45.38618,1
2019,2.35913,45.38367,5
2019,2.36051,45.41503,1
2019,2.36199,42.25119,1
2019,2.37035,45.38847,1
2019,2.37132,-73.5112,1
2019,2.37271,-75.48146,1
2019,2.38777,-75.54723,1
2019,2.40404,-76.96494,1
2019,2.40643,40.59356,2
2019,2.40688,45.36577,2
2019,2.40926,45.37003,1
2019,2.45005,-77.97937,1
2019,2.45511,-76.81174,1
2019,2.47471,-76.54921,2
2019,2.48093,-78.11256,1
2019,2.4962,45.46582,1
2019,2.50806,45.485,1
2019,2.57346,40.78937,1
2019,2.60004,30.24882,1
2019,2.60901,40.84906,1
2019,2.61974,44.89368,1
2019,2.63626,45.32938,1
2019,2.66085,44.79348,4
2019,2.67804,-76.55111,1
2019,2.68618,41.44125,1
2019,2.69044,-75.75083,1
2019,2.69624,45.39938,1
2019,2.70498,-76.82596,1
2019,2.73598,-76.05105,1
2019,2.77558,45.49524,1
2019,2.77655,-76.55545,1
2019,2.77726,45.50064,3
2019,2.78133,45.56824,1
2019,2.79561,-76.55163,1
2019,2.79817,44.07856,2
2019,2.79859,44.07959,1
2019,2.79878,44.07954,1
2019,2.80909,40.92744,1
2019,2.81667,40.72395,1
2019,2.84327,40.9465,1
2019,2.84907,-72.70073,1
2019,2.86876,43.0053,1
2019,2.8959,-76.55019,1
2019,2.92438,-73.42367,1
2019,2.93962,43.86998,1
2019,2.94736,43.82542,1
2019,2.95528,-76.26787,1
2019,2.95624,-76.69551,1
2019,2.95629,-76.2704,4
2019,2.95994,-76.52716,1
2019,2.96194,45.51028,1
2019,2.96543,-76.26817,1
2019,2.9815,46.03824,1
2019,2.98659,-76.73217,1
2019,2.98897,-76.34424,1
2019,2.98935,-76.69975,1
2019,2.99935,-76.36641,1
2019,3.00708,-76.48646,1
2019,3.00841,-76.48551,1
2019,3.01228,-76.48453,1
2019,3.01334,-76.64376,3
2019,3.01336,-76.48602,1
2019,3.01389,43.84083,1
2019,3.0143,43.84088,1
2019,3.028,-76.24086,1
2019,3.03563,-76.4082,1
2019,3.03686,41.8672,1
2019,3.03739,43.79696,1
2019,3.11564,43.64658,4
2019,3.14363,-76.29819,1
2019,3.14716,-76.29005,1
2019,3.16231,42.49377,1
2019,3.16832,-76.26224,1
2019,3.17262,43.53829,1
2019,3.17413,-76.25869,1
2019,3.17416,-76.2588,2
2019,3.17422,-76.25899,1
2019,3.17785,45.46708,1
2019,3.20054,43.69654,1
2019,3.20861,-76.65333,1
2019,3.22608,-76.31332,1
2019,3.2286,-76.5824,1
2019,3.22935,41.01269,1
2019,3.24079,-74.35443,1
2019,3.25061,-76.22996,1
2019,3.25079,-76.22914,2
2019,3.26158,-76.54101,1
2019,3.31229,43.47213,2
2019,3.32728,42.21856,4
2019,3.32888,42.22019,1
2019,3.35167,44.12222,3
2019,3.38158,45.59839,3
2019,3.382,-74.0438,1
2019,3.38256,41.4158,1
2019,3.38734,40.70918,1
2019,3.38961,40.7136,1
2019,3.42934,-76.51604,1
2019,3.47748,41.45478,1
2019,3.50031,46.50096,1
2019,3.50392,42.23624,2
2019,3.5316,40.99932,1
2019,3.5952,98.67222,2
2019,3.68457,41.68573,1
2019,3.6881,46.1605,1
2019,3.69345,27.88601,1
2019,3.74869,34.8282,1
2019,3.80089,-76.64127,1
2019,3.80828,42.54729,1
2019,3.80929,43.2461,1
2019,3.81095,43.2465,1
2019,3.81464,23.68559,1
2019,3.83423,21.49818,1
2019,3.85325,45.56523,3
2019,3.90703,40.37005,1
2019,3.92686,41.87717,4
2019,3.93872,41.84471,2
2019,4.02247,9.19544,1
2019,4.04778,9.16833,1
2019,4.0629,28.14,1
2019,4.07432,9.3598,1
2019,4.07863,9.35898,1
2019,4.09397,-76.17652,1
2019,4.09894,30.67334,2
2019,4.1086,42.2856,1
2019,4.1206,43.89053,2
2019,4.12726,9.3055,1
2019,4.15336,9.26737,11
2019,4.17519,73.51791,1
2019,4.18483,28.17118,3
2019,4.19276,9.27879,1
2019,4.21001,8.9901,1
2019,4.21053,45.56049,2
2019,4.2306,9.33679,1
2019,4.23062,9.3368,1
2019,4.24028,8.97695,1
2019,4.27003,9.44559,1
2019,4.27006,9.44532,1
2019,4.29045,9.4145,1
2019,4.29829,43.52441,1
2019,4.31255,9.43086,1
2019,4.33361,96.96409,1
2019,4.3745,9.41317,1
2019,4.38963,46.0872,1
2019,4.41234,9.37561,1
2019,4.45373,9.37634,1
2019,4.47308,5.77452,1
2019,4.5142,7.35332,1
2019,4.52137,45.69054,1
2019,4.53268,7.44134,1
2019,4.54132,9.24967,1
2019,4.60037,9.03776,1
2019,4.61796,47.74297,1
2019,4.62922,9.44753,3
2019,4.63426,7.73587,1
2019,4.65354,20.80761,5
2019,4.66713,-74.10605,2
2019,4.67368,47.90989,1
2019,4.69994,7.76884,1
2019,4.70691,28.59731,1
2019,4.72312,6.77885,1
2019,4.72315,6.77883,1
2019,4.72752,7.28259,1
2019,4.73538,45.2024,8
2019,4.74117,46.64391,1
2019,4.7546,8.50269,1
2019,4.77132,33.59239,1
2019,4.79451,6.31462,1
2019,4.80933,6.9743,1
2019,4.8156,7.04984,1
2019,4.86741,6.9328,3
2019,4.86979,6.90876,1
2019,4.91801,31.26438,1
2019,4.91878,7.94839,1
2019,4.92369,5.81785,1
2019,4.92689,45.21625,1
2019,4.94215,27.31223,1
2019,4.95169,47.67779,1
2019,4.96633,46.48813,1
2019,4.96639,46.48813,2
2019,4.97867,6.32972,1
2019,4.98985,8.33928,1
2019,5.00346,7.7742,1
2019,5.01182,-76.00293,1
2019,5.02642,118.33531,1
2019,5.04024,16.21897,1
2019,5.08175,9.76728,1
2019,5.09324,119.8468,1
2019,5.10871,46.71164,1
2019,5.15642,8.02485,1
2019,5.15735,9.36731,1
2019,5.20254,7.80388,1
2019,5.2473,-73.85267,1
2019,5.2528,-76.82596,2
2019,5.26923,6.05015,1
2019,5.2863,7.41891,1
2019,5.29422,46.87623,1
2019,5.30801,45.88036,1
2019,5.30873,45.88195,1
2019,5.31087,7.13594,1
2019,5.33808,6.23087,1
2019,5.34705,30.32767,1
2019,5.39507,26.4918,1
2019,5.40258,37.57467,1
2019,5.41172,6.95856,1
2019,5.42789,7.51996,1
2019,5.43333,9.96667,1
2019,5.45015,119.10998,1
2019,5.48906,7.01759,1
2019,5.49315,7.007,1
2019,5.51177,9.9916,1
2019,5.51683,9.99541,1
2019,5.53702,46.38905,2
2019,5.55655,31.68506,1
2019,5.60556,27.47237,1
2019,5.67139,10.17917,1
2019,5.67313,-0.16638,1
2019,5.73481,0.03024,1
2019,5.74592,9.31278,1
2019,5.76355,20.67404,1
2019,5.78943,6.10235,1
2019,5.8118,5.70476,1
2019,5.81779,6.11297,1
2019,5.8206,9.3673,1
2019,5.83453,9.92134,1
2019,5.83678,9.88894,1
2019,5.85074,7.8204,1
2019,5.85639,101.92361,1
2019,5.86852,9.76508,1
2019,5.87497,5.70366,1
2019,5.88618,10.01599,1
2019,5.89973,10.15595,1
2019,5.91794,125.34535,1
2019,5.92297,120.91662,1
2019,5.94302,15.6002,1
2019,5.96372,10.15957,24
2019,5.96538,10.15927,1
2019,5.97851,10.36111,4
2019,5.97958,6.88731,1
2019,5.99252,121.0029,1
2019,5.99599,10.2604,3
2019,5.99694,121.16639,1
2019,6.00154,9.28064,1
2019,6.00531,7.15212,1
2019,6.00861,120.90722,1
2019,6.01258,10.01919,1
2019,6.02776,101.85368,1
2019,6.02816,101.85457,1
2019,6.03387,10.57937,1
2019,6.03548,10.12132,1
2019,6.04343,120.99426,4
2019,6.04786,6.9075,1
2019,6.04932,7.20312,1
2019,6.05046,121.01224,3
2019,6.05103,101.96914,1
2019,6.06416,121.10232,1
2019,6.07058,80.22516,1
2019,6.07076,121.04634,1
2019,6.07084,6.42889,1
2019,6.07424,121.06263,1
2019,6.07579,121.08926,1
2019,6.07873,121.09525,1
2019,6.08168,10.63941,1
2019,6.08453,10.13017,1
2019,6.0847,121.07082,1
2019,6.08555,121.09553,1
2019,6.08621,121.0958,2
2019,6.08822,121.10933,1
2019,6.08956,10.09192,1
2019,6.11392,8.0247,1
2019,6.11609,125.35253,1
2019,6.11622,125.16939,1
2019,6.11646,101.85713,1
2019,6.11756,101.85907,3
2019,6.13604,10.25715,1
2019,6.1502,5.6324,1
2019,6.15266,7.43893,1
2019,6.15888,7.43292,1
2019,6.16667,10.78333,1
2019,6.16685,101.19,1
2019,6.17077,101.19101,2
2019,6.17891,101.83216,1
2019,6.19587,10.2668,1
2019,6.1997,10.5186,1
2019,6.20117,10.67023,1
2019,6.20475,10.68475,1
2019,6.20624,10.66985,1
2019,6.20669,10.68497,1
2019,6.20669,102.06081,1
2019,6.20983,10.68288,1
2019,6.21377,6.69294,1
2019,6.21818,125.06214,1
2019,6.21955,7.6451,1
2019,6.22191,7.08214,1
2019,6.22258,125.06378,1
2019,6.22448,10.67598,1
2019,6.22452,10.67599,1
2019,6.22585,101.24528,1
2019,6.22987,5.54081,1
2019,6.2342,6.44931,1
2019,6.24155,7.46655,1
2019,6.24174,101.29616,1
2019,6.24192,101.80936,1
2019,6.24195,101.80935,1
2019,6.24203,-75.56476,1
2019,6.24474,124.55284,1
2019,6.2487,101.30429,1
2019,6.2519,102.05837,1
2019,6.25348,7.47601,1
2019,6.25415,101.7296,2
2019,6.25534,101.28002,1
2019,6.2568,101.28867,1
2019,6.25969,21.19987,1
2019,6.26062,101.25368,1
2019,6.26225,21.19832,1
2019,6.26421,124.65247,1
2019,6.26796,6.59689,1
2019,6.27032,101.65962,2
2019,6.28143,-71.70056,1
2019,6.28203,10.28525,2
2019,6.28217,7.4659,1
2019,6.28292,7.98108,1
2019,6.29186,101.79528,1
2019,6.30198,7.26228,1
2019,6.31561,-10.80737,1
2019,6.31899,6.4714,1
2019,6.32068,6.47167,1
2019,6.32951,101.62715,1
2019,6.33599,6.85123,1
2019,6.33891,-75.55272,1
2019,6.34535,10.39471,1
2019,6.35867,6.54521,1
2019,6.36667,10.78333,1
2019,6.38217,-71.65502,1
2019,6.38471,101.50136,1
2019,6.38529,101.70114,1
2019,6.38844,10.07513,2
2019,6.39015,10.08991,1
2019,6.39146,101.5173,1
2019,6.39266,7.50595,1
2019,6.42009,101.47801,1
2019,6.42068,7.50984,1
2019,6.42282,101.08925,2
2019,6.42615,101.28072,1
2019,6.42925,101.57961,1
2019,6.43005,10.7342,1
2019,6.4353,7.18985,1
2019,6.43541,122.02968,1
2019,6.43747,101.00331,1
2019,6.44356,122.05536,1
2019,6.44417,121.97577,1
2019,6.45696,7.36138,1
2019,6.45709,-71.74552,5
2019,6.46481,-75.20507,1
2019,6.46561,7.57625,1
2019,6.46588,7.57624,1
2019,6.47037,10.43966,2
2019,6.47156,-75.16465,1
2019,6.48066,7.40826,1
2019,6.4813,101.13189,1
2019,6.48337,101.1376,5
2019,6.48667,101.15041,1
2019,6.49062,121.90002,1
2019,6.49215,-71.55888,1
2019,6.50281,124.11981,1
2019,6.50383,100.84515,1
2019,6.50694,124.41982,1
2019,6.51077,101.06198,1
2019,6.51586,121.91038,1
2019,6.51712,80.23118,1
2019,6.51766,101.65232,1
2019,6.52633,8.80988,1
2019,6.53093,101.63545,1
2019,6.54115,101.2804,1
2019,6.54385,101.63284,1
2019,6.54485,10.89031,3
2019,6.5455,101.2799,2
2019,6.54731,-71.00223,2
2019,6.54896,101.63853,2
2019,6.54907,-7.49763,1
2019,6.55604,101.20959,1
2019,6.55605,101.20959,1
2019,6.55738,5.53102,1
2019,6.56004,124.0676,1
2019,6.56187,101.22702,2
2019,6.5634,101.46799,1
2019,6.56567,47.76376,1
2019,6.5875,101.16722,2
2019,6.58848,10.70132,1
2019,6.60395,101.33857,4
2019,6.61095,122.17335,1
2019,6.61318,5.45438,1
2019,6.61387,100.11428,1
2019,6.61642,6.15937,1
2019,6.61838,101.42838,1
2019,6.62118,124.60544,1
2019,6.62211,100.06837,2
2019,6.62365,100.06765,1
2019,6.6253,101.51344,1
2019,6.62562,101.46796,1
2019,6.6321,124.598,1
2019,6.63308,101.15094,1
2019,6.63798,101.66312,1
2019,6.64794,121.96241,1
2019,6.65062,101.55322,1
2019,6.65083,6.17319,1
2019,6.65668,101.63,1
2019,6.65852,48.11209,1
2019,6.66694,101.3034,1
2019,6.67118,100.07343,1
2019,6.67888,101.146,1
2019,6.6796,124.6663,1
2019,6.68932,124.67411,1
2019,6.69294,100.9902,1
2019,6.69722,101.21325,1
2019,6.70041,121.97256,2
2019,6.70294,121.969,1
2019,6.70356,100.99739,1
2019,6.71113,101.59278,1
2019,6.71611,121.98349,1
2019,6.71796,101.59303,1
2019,6.71859,39.34132,1
2019,6.71904,101.56945,1
2019,6.72889,101.09419,1
2019,6.73986,4.16416,1
2019,6.74244,100.99202,1
2019,6.75185,4.878,1
2019,6.7625,101.45972,1
2019,6.77053,101.29508,1
2019,6.77083,3.00111,1
2019,6.7744,47.42903,9
2019,6.77954,101.19306,1
2019,6.78641,101.14827,1
2019,6.79373,101.28266,1
2019,6.79399,100.91733,1
2019,6.79423,-71.77288,1
2019,6.79434,-71.77122,1
2019,6.79437,-71.77155,3
2019,6.79906,-1.08495,1
2019,6.80069,101.50327,1
2019,6.80071,9.39379,1
2019,6.80583,124.4666,2
2019,6.80867,124.6293,1
2019,6.81878,124.35238,1
2019,6.8192,47.43665,1
2019,6.82054,-71.32344,1
2019,6.82562,-58.16387,1
2019,6.82773,101.17872,1
2019,6.82777,101.23492,1
2019,6.8302,101.51912,2
2019,6.83321,100.94114,1
2019,6.83876,79.86519,1
2019,6.84271,-71.46723,1
2019,6.8449,101.25763,1
2019,6.86213,124.68195,1
2019,6.86281,124.44365,3
2019,6.8748,101.41688,1
2019,6.8833,124.48666,1
2019,6.88509,124.49111,1
2019,6.89705,-71.71238,1
2019,6.90044,100.77181,1
2019,6.90274,124.45905,1
2019,6.90427,124.52237,1
2019,6.9078,124.61921,1
2019,6.91329,-71.80068,1
2019,6.91716,124.66906,1
2019,6.92343,125.08286,1
2019,6.92909,122.07885,4
2019,6.93261,-71.16713,2
2019,6.9367,124.42578,1
2019,6.94174,124.59158,1
2019,6.94184,79.86169,5
2019,6.94202,124.41956,1
2019,6.94213,-71.21615,1
2019,6.94231,124.51907,1
2019,6.94317,-71.2164,1
2019,6.94603,-71.88442,1
2019,6.95366,-71.8577,1
2019,6.95585,-71.87231,1
2019,6.95611,-71.8726,5
2019,6.95621,-71.8727,1
2019,6.95645,124.38845,1
2019,6.95648,124.44342,1
2019,6.95675,-71.35403,1
2019,6.96095,-71.62453,1
2019,6.96913,6.04255,1
2019,6.96913,6.04264,1
2019,6.97297,-71.83453,1
2019,6.97443,-71.01554,2
2019,6.97639,124.38216,1
2019,6.97902,121.96664,1
2019,6.98157,124.35852,1
2019,6.98183,-71.35406,1
2019,6.98382,124.53121,1
2019,6.99355,124.52323,1
2019,6.99625,124.48486,1
2019,6.99938,-72.11021,1
2019,7.00178,-72.10819,1
2019,7.00309,-71.87763,1
2019,7.00674,7.42914,1
2019,7.01018,-75.6921,1
2019,7.01048,-71.78306,1
2019,7.01061,125.09113,1
2019,7.01107,-71.4227,1
2019,7.01598,-71.51729,1
2019,7.0171,124.17544,1
2019,7.01735,124.49332,1
2019,7.01863,18.30046,1
2019,7.01984,-71.42555,1
2019,7.02026,124.52843,1
2019,7.0217,-71.42241,1
2019,7.02238,-71.38505,1
2019,7.02533,124.49847,1
2019,7.02794,-70.72391,1
2019,7.02859,124.38873,1
2019,7.02923,-71.42955,1
2019,7.02929,-71.42948,1
2019,7.02933,-71.42948,1
2019,7.02992,47.06717,1
2019,7.03183,-74.69383,1
2019,7.03593,124.31673,2
2019,7.0424,124.6773,1
2019,7.04254,124.69118,1
2019,7.04778,-72.16905,1
2019,7.05332,124.64417,1
2019,7.06273,124.28661,1
2019,7.07635,124.72979,1
2019,7.08111,15.5575,1
2019,7.08645,-70.74083,1
2019,7.08977,15.53833,2
2019,7.1111,100.58588,1
2019,7.11231,124.80803,1
2019,7.1128,125.14316,1
2019,7.12067,-75.55223,1
2019,7.12191,-73.12111,1
2019,7.12287,3.6585,1
2019,7.12356,124.319,1
2019,7.14375,124.47802,1
2019,7.154,124.26161,1
2019,7.16697,9.28331,1
2019,7.17019,2.85771,1
2019,7.17222,-75.7644,1
2019,7.17251,124.76856,1
2019,7.17261,-75.76468,1
2019,7.17667,79.89047,1
2019,7.17866,6.20322,1
2019,7.19684,80.67153,1
2019,7.20211,100.59023,1
2019,7.20467,124.23105,1
2019,7.20959,124.24197,13
2019,7.21271,124.22754,1
2019,7.2184,79.8392,1
2019,7.22513,8.13852,1
2019,7.22861,5.18161,1
2019,7.24346,124.517,1
2019,7.24398,-75.39149,1
2019,7.25522,126.1562,1
2019,7.25571,5.3313,1
2019,7.25755,9.98033,1
2019,7.26211,5.21274,1
2019,7.26235,124.30878,1
2019,7.26382,124.78921,1
2019,7.26506,100.32233,3
2019,7.26599,100.31611,1
2019,7.26766,80.43311,1
2019,7.27015,125.14149,1
2019,7.27678,9.56037,1
2019,7.27813,100.28629,1
2019,7.2804,124.28383,1
2019,7.2811,125.99688,1
2019,7.28757,124.94928,1
2019,7.29117,-75.39215,1
2019,7.2912,-75.39213,1
2019,7.29161,-75.72222,1
2019,7.2977,5.84734,1
2019,7.30141,122.25934,1
2019,7.3098,125.68079,1
2019,7.31604,9.55343,1
2019,7.31644,124.53065,1
2019,7.31736,40.3075,1
2019,7.32881,100.33678,1
2019,7.33505,3.90814,1
2019,7.33684,9.00184,1
2019,7.33815,13.56683,1
2019,7.34605,5.27634,1
2019,7.34841,4.18722,1
2019,7.3519,100.32333,1
2019,7.35236,100.32397,1
2019,7.35286,100.32469,1
2019,7.35333,6.11029,1
2019,7.35375,125.14761,1
2019,7.35448,-61.81936,1
2019,7.3619,124.94543,1
2019,7.37445,124.80722,1
2019,7.37456,3.89154,2
2019,7.38758,125.17897,1
2019,7.40317,-75.30635,1
2019,7.41238,8.79398,1
2019,7.43353,125.7971,1
2019,7.43839,-77.11518,1
2019,7.43884,-77.11361,1
2019,7.43942,125.34748,1
2019,7.44092,5.87821,1
2019,7.44216,10.08696,1
2019,7.45145,123.33178,1
2019,7.45648,10.07461,1
2019,7.4723,9.98378,1
2019,7.4815,4.56014,1
2019,7.48679,125.96967,1
2019,7.50743,125.92588,1
2019,7.51113,123.34661,1
2019,7.567,126.07847,1
2019,7.56978,6.9886,1
2019,7.57649,-75.35034,1
2019,7.6135,8.87655,1
2019,7.62052,4.82983,1
2019,7.62072,122.20298,1
2019,7.62092,100.08582,1
2019,7.62094,100.0861,1
2019,7.62732,9.6238,1
2019,7.62986,8.81423,1
2019,7.63188,125.92066,1
2019,7.63738,5.88014,1
2019,7.64075,5.79396,1
2019,7.66093,123.46358,2
2019,7.66389,8.17756,1
2019,7.66693,9.22299,1
2019,7.67279,124.97546,1
2019,7.67744,6.42356,1
2019,7.67799,4.80955,1
2019,7.67914,3.44515,1
2019,7.70329,122.1306,1
2019,7.70945,126.19798,1
2019,7.70994,81.6955,1
2019,7.71103,-74.75332,1
2019,7.71669,8.1358,1
2019,7.71786,-73.95023,1
2019,7.73262,8.53976,1
2019,7.74557,5.52423,1
2019,7.75438,10.17235,1
2019,7.75511,4.82051,1
2019,7.76616,-63.00126,1
2019,7.76616,-63.00088,1
2019,7.77611,-74.22167,1
2019,7.78298,123.7406,1
2019,7.78811,6.72973,3
2019,7.81552,4.77687,1
2019,7.81685,-72.44987,1
2019,7.8197,8.85868,1
2019,7.81972,8.85869,1
2019,7.8252,123.43738,1
2019,7.84379,-72.46969,1
2019,7.84992,123.55199,1
2019,7.86083,125.17087,1
2019,7.86277,5.5094,1
2019,7.8633,125.17059,1
2019,7.87645,125.14389,1
2019,7.87682,10.02128,1
2019,7.87736,9.78287,1
2019,7.87844,125.78745,1
2019,7.8891,-72.49669,1
2019,7.90496,125.09111,1
2019,7.90845,125.10756,1
2019,7.91377,125.31366,2
2019,7.91854,8.73919,1
2019,7.92102,123.44959,1
2019,7.92473,123.77139,1
2019,7.93017,9.81096,1
2019,7.93031,9.81249,2
2019,7.93178,9.79101,1
2019,7.93424,7.8215,1
2019,7.93634,125.26481,1
2019,7.95411,8.74812,2
2019,7.95616,124.37769,1
2019,7.95715,-73.94645,1
2019,7.96025,125.07687,1
2019,7.96208,125.25984,1
2019,7.97878,5.99041,1
2019,7.99259,8.57104,1
2019,7.99595,124.26588,1
2019,7.99747,124.89017,1
2019,8.00423,123.46077,1
2019,8.01459,6.58408,1
2019,8.0241,-72.83153,1
2019,8.02741,6.6082,1
2019,8.05259,125.13493,1
2019,8.05708,-73.13545,1
2019,8.05747,124.58606,1
2019,8.07985,123.40644,1
2019,8.08184,-72.79952,2
2019,8.11483,122.78331,1
2019,8.13133,-73.28498,1
2019,8.13691,81.43408,1
2019,8.13919,-72.57044,1
2019,8.15455,125.1333,1
2019,8.15986,124.09755,1
2019,8.16152,6.8186,2
2019,8.17973,124.01122,1
2019,8.18083,124.00722,1
2019,8.18406,-73.31363,1
2019,8.19963,125.0278,1
2019,8.2239,126.15447,1
2019,8.23376,123.0008,1
2019,8.23732,124.99751,1
2019,8.24588,34.59057,1
2019,8.25009,6.23339,1
2019,8.25224,-73.35307,1
2019,8.26064,-73.35691,1
2019,8.26104,125.6095,1
2019,8.2624,-73.3546,1
2019,8.26478,-73.36805,1
2019,8.27079,-73.14546,1
2019,8.28129,-73.19593,1
2019,8.30878,123.60079,1
2019,8.32216,-73.14587,1
2019,8.33091,-73.10205,1
2019,8.34926,80.37949,1
2019,8.36153,126.01593,1
2019,8.37275,-74.36879,1
2019,8.38854,125.08286,1
2019,8.3999,-72.56702,1
2019,8.4016,-73.209,1
2019,8.41394,-73.20752,1
2019,8.41693,125.71562,1
2019,8.4176,125.522,1
2019,8.42826,125.68607,1
2019,8.43394,124.86794,1
2019,8.43608,-73.28582,1
2019,8.43696,-73.29333,1
2019,8.43721,-73.28706,2
2019,8.43749,-73.28689,1
2019,8.43773,-73.28764,1
2019,8.44186,-72.6664,1
2019,8.45629,125.15878,1
2019,8.46088,-73.31345,1
2019,8.46135,12.05239,1
2019,8.46198,-73.3105,1
2019,8.47009,25.6843,2
2019,8.47015,-73.33701,1
2019,8.47167,10.43281,1
2019,8.47304,-73.33757,1
2019,8.47782,-72.60258,1
2019,8.49048,-72.63925,1
2019,8.4961,7.4828,1
2019,8.51241,123.24615,1
2019,8.51289,124.30908,1
2019,8.51636,125.40463,1
2019,8.58214,-73.33611,1
2019,8.59525,-73.09497,1
2019,8.60231,77.00123,1
2019,8.60239,125.87156,1
2019,8.60813,77.00467,1
2019,8.61225,-73.31778,1
2019,8.6127,124.8929,1
2019,8.61574,33.06226,1
2019,8.61847,37.37285,1
2019,8.62631,-72.33829,1
2019,8.63634,9.09233,1
2019,8.64222,-72.73777,1
2019,8.64235,-72.73773,1
2019,8.64236,-72.73773,2
2019,8.6434,-72.69938,1
2019,8.64364,125.35211,1
2019,8.64938,-72.73845,1
2019,8.65613,-72.95572,1
2019,8.67019,125.96707,1
2019,8.6789,125.97511,1
2019,8.69206,-72.72589,1
2019,8.7079,124.76027,1
2019,8.72631,-72.74995,1
2019,8.74448,124.78161,1
2019,8.79352,125.34114,1
2019,8.79361,125.58024,1
2019,8.81942,117.78618,1
2019,8.82805,-72.78239,1
2019,8.89028,126.11108,1
2019,8.89292,11.37719,1
2019,8.8975,125.41611,1
2019,8.9349,125.55878,1
2019,8.93866,33.71943,1
2019,8.93872,125.24781,1
2019,8.94401,126.06488,1
2019,8.94754,125.54062,1
2019,8.94791,125.53996,1
2019,8.9625,125.95899,1
2019,8.96405,40.19697,1
2019,8.97153,125.9889,1
2019,8.9806,38.75776,1
2019,9.0053,-72.89903,1
2019,9.02018,8.3312,1
2019,9.02107,125.68607,1
2019,9.04266,38.64516,1
2019,9.04406,126.1708,1
2019,9.04861,8.425,1
2019,9.0653,8.21995,1
2019,9.07236,8.43684,1
2019,9.08568,126.15126,1
2019,9.08826,36.54633,1
2019,9.10167,123.19935,1
2019,9.12136,117.86631,1
2019,9.17692,35.03882,2
2019,9.22162,8.52816,1
2019,9.23764,-75.81362,1
2019,9.25707,-73.81292,1
2019,9.27779,123.30248,1
2019,9.27833,11.71028,1
2019,9.28633,122.94432,1
2019,9.31626,123.30378,1
2019,9.3213,123.30707,1
2019,9.33286,122.91558,1
2019,9.34997,125.51596,1
2019,9.36711,12.54996,1
2019,9.37332,8.95979,1
2019,9.38051,8.58482,1
2019,9.38186,11.62295,1
2019,9.40124,123.22506,1
2019,9.40294,123.23073,1
2019,9.40944,11.995,2
2019,9.41711,8.24864,2
2019,9.42543,125.66669,1
2019,9.42788,12.51727,1
2019,9.43844,12.52327,1
2019,9.44797,125.70792,1
2019,9.48788,9.1347,1
2019,9.50229,35.50284,1
2019,9.50541,122.8103,1
2019,9.5455,8.89568,1
2019,9.54972,125.68,1
2019,9.56005,8.71023,1
2019,9.56255,8.9687,1
2019,9.57998,8.94031,1
2019,9.58672,125.60408,1
2019,9.59516,9.22812,1
2019,9.59532,12.04512,1
2019,9.64474,125.48553,1
2019,9.64521,8.5219,1
2019,9.66677,8.88872,1
2019,9.67404,123.10152,1
2019,9.67705,9.15068,1
2019,9.67813,123.10703,2
2019,9.68124,8.63806,1
2019,9.68312,8.63809,1
2019,9.68682,125.49334,1
2019,9.68694,125.49188,1
2019,9.68702,123.01342,1
2019,9.69785,122.75904,1
2019,9.69803,8.95132,1
2019,9.69806,8.95139,1
2019,9.74668,124.39194,1
2019,9.75,123.06667,1
2019,9.75001,123.06666,1
2019,9.76513,122.73649,1
2019,9.76536,8.81486,1
2019,9.78472,125.48969,1
2019,9.81778,33.54583,1
2019,9.82036,8.65886,1
2019,9.83036,122.9494,1
2019,9.83757,28.48621,1
2019,9.84028,122.94722,1
2019,9.84791,123.13853,1
2019,9.84994,8.68344,4
2019,9.85086,8.68446,1
2019,9.85273,123.07609,1
2019,9.91341,122.85358,2
2019,9.91688,28.37794,2
2019,9.92133,8.90588,1
2019,9.92141,8.90574,1
2019,9.92364,7.7634,1
2019,9.92776,8.8913,1
2019,9.92841,8.89466,1
2019,9.93637,-84.11026,1
2019,9.93884,-84.08493,1
2019,9.9465,122.79983,1
2019,9.95672,124.0578,1
2019,9.98164,76.29988,1
2019,9.98442,122.81446,1
2019,9.99121,6.81473,1
2019,10.00197,122.8423,1
2019,10.00752,7.80617,1
2019,10.01254,7.79652,1
2019,10.0502,8.78407,1
2019,10.05339,122.85922,1
2019,10.05646,8.12741,1
2019,10.06507,122.91662,1
2019,10.08158,7.72409,1
2019,10.08167,7.72444,1
2019,10.08173,122.88167,1
2019,10.09761,8.79218,3
2019,10.0992,12.00096,1
2019,10.10337,7.84561,1
2019,10.10722,123.21178,1
2019,10.12977,123.27519,1
2019,10.13136,123.22213,1
2019,10.13871,124.30327,1
2019,10.14371,123.13515,1
2019,10.14484,123.25315,1
2019,10.14696,124.21169,1
2019,10.14898,-73.96023,1
2019,10.16165,123.70665,1
2019,10.17384,124.98873,1
2019,10.18284,123.21401,1
2019,10.18299,123.21396,1
2019,10.18323,123.21385,2
2019,10.19621,119.12908,1
2019,10.20001,-4.96666,1
2019,10.20627,-4.9787,1
2019,10.21395,123.24194,1
2019,10.23817,7.8543,1
2019,10.24419,-67.60662,1
2019,10.24461,7.88689,1
2019,10.24461,78.7462,1
2019,10.25133,123.08453,2
2019,10.25163,13.02544,1
2019,10.25696,123.82995,1
2019,10.25772,7.86509,1
2019,10.25882,7.88569,1
2019,10.26143,123.16366,1
2019,10.26175,123.16327,1
2019,10.26555,7.89691,1
2019,10.26921,123.22509,2
2019,10.27039,7.17903,1
2019,10.27252,123.32072,1
2019,10.28251,15.23471,1
2019,10.29533,123.87825,1
2019,10.32035,123.9015,1
2019,10.34128,39.95813,1
2019,10.34364,123.79088,1
2019,10.35917,13.36861,1
2019,10.35958,13.38183,1
2019,10.36782,123.93373,1
2019,10.37515,7.43448,1
2019,10.37957,123.87111,1
2019,10.38051,123.23627,2
2019,10.39656,123.80764,1
2019,10.40655,13.82163,1
2019,10.41364,-66.93671,1
2019,10.43134,13.00288,1
2019,10.44114,124.88969,1
2019,10.45647,7.47088,1
2019,10.4671,7.43175,1
2019,10.48283,-66.96213,1
2019,10.51242,7.41732,1
2019,10.52894,7.46248,1
2019,10.54288,12.23534,1
2019,10.55641,13.40494,1
2019,10.56634,123.07776,1
2019,10.569,123.19699,1
2019,10.57202,123.22847,1
2019,10.59253,14.32101,1
2019,10.60177,13.0333,1
2019,10.60295,-71.77856,1
2019,10.60629,123.41593,1
2019,10.61168,12.19186,1
2019,10.61519,13.13234,1
2019,10.61969,13.38658,2
2019,10.62992,14.65721,1
2019,10.63152,14.65895,1
2019,10.63156,14.65878,2
2019,10.63834,12.66848,1
2019,10.6395,123.38228,1
2019,10.64002,-4.7588,1
2019,10.6409,-4.75678,1
2019,10.65155,-61.5129,1
2019,10.65633,13.1279,1
2019,10.65807,12.16278,1
2019,10.66133,6.53831,1
2019,10.66948,122.94513,1
2019,10.67785,12.15688,2
2019,10.68423,13.27105,1
2019,10.68456,13.27104,2
2019,10.68479,13.27006,1
2019,10.68618,13.26925,1
2019,10.69507,122.32113,1
2019,10.69734,12.33207,1
2019,10.69838,14.46898,1
2019,10.7,122.2,1
2019,10.72829,12.14525,1
2019,10.73777,13.13056,1
2019,10.74047,13.80266,1
2019,10.74246,13.80424,1
2019,10.74507,13.33313,1
2019,10.74644,13.41508,3
2019,10.74906,122.08703,1
2019,10.75,-3.4,1
2019,10.75098,13.22035,1
2019,10.76066,13.31456,1
2019,10.76281,49.41568,1
2019,10.77132,13.27171,2
2019,10.78029,35.56579,1
2019,10.7805,13.49629,1
2019,10.78298,12.98481,1
2019,10.78485,122.43102,1
2019,10.78749,122.30366,1
2019,10.79018,124.99799,1
2019,10.79116,13.56389,1
2019,10.80298,12.39639,1
2019,10.80632,13.45809,4
2019,10.80802,12.37362,1
2019,10.81005,122.22771,1
2019,10.81215,13.50842,1
2019,10.81693,12.41753,1
2019,10.81706,13.54253,1
2019,10.81734,13.51481,1
2019,10.81886,13.82585,1
2019,10.82022,13.53008,1
2019,10.82222,123.52241,1
2019,10.82436,13.5155,1
2019,10.82862,14.43229,1
2019,10.83054,79.40624,1
2019,10.83636,12.22047,1
2019,10.83852,48.9337,1
2019,10.85241,13.5321,2
2019,10.859,12.11062,1
2019,10.86083,12.96222,1
2019,10.86283,14.75182,3
2019,10.86355,13.02944,1
2019,10.86616,12.84998,1
2019,10.86794,12.84833,1
2019,10.86811,12.84935,1
2019,10.86912,12.84782,1
2019,10.88545,13.57643,1
2019,10.89002,12.90162,1
2019,10.89093,13.62759,1
2019,10.90711,122.19731,1
2019,10.94114,124.6898,1
2019,10.94222,12.14417,1
2019,10.95069,122.38438,1
2019,10.9548,-73.05193,1
2019,10.9601,123.94155,1
2019,10.96445,13.90431,1
2019,10.99474,49.03618,1
2019,11.0291,13.851,1
2019,11.0325,12.0579,3
2019,11.04674,14.14046,2
2019,11.05,13.96649,1
2019,11.05861,12.99583,1
2019,11.0785,37.87776,6
2019,11.08254,14.01894,1
2019,11.08398,13.69309,1
2019,11.08912,12.81033,1
2019,11.1057,76.6543,1
2019,11.12808,122.33343,1
2019,11.13142,13.88046,1
2019,11.13851,12.84019,1
2019,11.14226,14.18606,1
2019,11.1461,13.512,1
2019,11.14865,14.00735,1
2019,11.1519,12.7587,1
2019,11.16036,13.51182,2
2019,11.16154,14.01447,1
2019,11.17013,13.72831,1
2019,11.1725,13.76111,2
2019,11.17275,13.42955,2
2019,11.1763,14.24706,1
2019,11.17639,125.55841,1
2019,11.17676,124.87575,1
2019,11.17688,122.47638,1
2019,11.18417,13.91417,1
2019,11.1939,14.07543,1
2019,11.19722,125.5175,1
2019,11.2177,12.08398,1
2019,11.21849,-0.26435,1
2019,11.22223,13.78382,1
2019,11.24177,12.07245,1
2019,11.25227,12.01057,3
2019,11.27046,1.46708,1
2019,11.2748,49.17966,12
2019,11.27552,14.14407,5
2019,11.33026,34.05469,3
2019,11.33419,7.51166,1
2019,11.40536,-72.36669,1
2019,11.4643,13.29668,1
2019,11.47509,13.13888,1
2019,11.47694,41.68389,2
2019,11.48502,12.31189,2
2019,11.49905,125.27738,1
2019,11.52384,0.75328,3
2019,11.52477,0.1495,1
2019,11.52556,76.02273,1
2019,11.56109,13.26376,1
2019,11.56998,125.00225,1
2019,11.57174,13.45283,1
2019,11.57302,12.62286,1
2019,11.57421,37.36135,3
2019,11.5839,13.0483,1
2019,11.58744,124.46972,1
2019,11.58869,13.53741,1
2019,11.59038,125.08836,1
2019,11.59875,79.71581,1
2019,11.60212,13.37215,1
2019,11.61626,13.07524,1
2019,11.6261,125.13551,1
2019,11.63108,13.09184,1
2019,11.63917,125.09285,2
2019,11.64749,125.43095,1
2019,11.6634,12.60075,1
2019,11.67648,13.34232,1
2019,11.67777,9.89488,1
2019,11.68396,75.65524,2
2019,11.68586,13.05517,2
2019,11.68614,12.98371,1
2019,11.70386,0.50111,1
2019,11.70717,0.14024,1
2019,11.71232,12.51966,1
2019,11.72179,13.03432,1
2019,11.72933,13.30093,1
2019,11.73059,13.12652,1
2019,11.74009,124.04465,1
2019,11.74464,11.97026,2
2019,11.74598,-2.93008,1
2019,11.74723,11.96682,1
2019,11.74806,75.49278,1
2019,11.74914,75.48904,2
2019,11.75069,13.12306,1
2019,11.75429,124.0275,1
2019,11.75445,13.14457,1
2019,11.77898,13.00608,1
2019,11.78052,13.00348,1
2019,11.78185,11.93312,1
2019,11.80119,13.1488,2
2019,11.80363,12.5175,1
2019,11.80873,12.49579,2
2019,11.81195,125.45214,1
2019,11.82294,13.1457,1
2019,11.82481,13.15072,1
2019,11.82616,13.15768,1
2019,11.8266,12.66753,1
2019,11.82998,12.63018,1
2019,11.83109,13.15096,1
2019,11.8311,13.15097,2
2019,11.8319,12.83962,1
2019,11.83306,13.12349,1
2019,11.83424,13.16711,1
2019,11.84079,13.14139,12
2019,11.84266,12.77595,1
2019,11.84376,13.13627,1
2019,11.84643,12.93546,1
2019,11.84643,125.0278,1
2019,11.8747,13.25215,1
2019,11.87529,13.25178,1
2019,11.8829,14.16436,1
2019,11.8829,14.1644,1
2019,11.88464,13.15197,4
2019,11.88467,75.36509,2
2019,11.90001,13.53443,1
2019,11.9011,14.44006,1
2019,11.90569,125.04272,1
2019,11.90595,6.40778,1
2019,11.90757,5.68817,1
2019,11.90955,13.5884,2
2019,11.91269,13.11108,1
2019,11.91841,14.64554,1
2019,11.9192,123.86348,1
2019,11.92234,13.67266,1
2019,11.92466,13.60131,2
2019,11.92991,7.34944,3
2019,11.94724,12.99947,1
2019,11.96714,6.07188,1
2019,11.96757,124.92861,1
2019,11.97078,-86.09017,1
2019,11.9735,7.35186,1
2019,11.97433,8.50026,1
2019,11.98588,123.9527,1
2019,11.9901,13.32414,1
2019,12.00434,25.01122,1
2019,12.01337,13.50759,1
2019,12.03321,13.97362,1
2019,12.03658,13.91724,6
2019,12.03682,123.19372,1
2019,12.03712,13.07157,1
2019,12.04667,1.40667,1
2019,12.05637,13.92417,1
2019,12.05861,75.32472,1
2019,12.06667,124.58333,1
2019,12.06758,124.59296,1
2019,12.08609,6.68747,1
2019,12.09598,13.97967,1
2019,12.09796,-4.68922,1
2019,12.10266,6.71721,1
2019,12.10382,-86.26702,1
2019,12.10485,-1.54557,1
2019,12.11023,13.98912,1
2019,12.11386,12.8252,5
2019,12.12052,13.17404,4
2019,12.12889,124.53783,1
2019,12.13207,6.65713,1
2019,12.14377,14.00995,1
2019,12.15466,11.77422,2
2019,12.16285,6.6745,1
2019,12.16633,6.95836,1
2019,12.18081,124.9088,1
2019,12.18449,-4.80541,1
2019,12.18451,-4.80541,1
2019,12.18714,11.70683,1
2019,12.18889,6.90194,1
2019,12.19452,123.69029,1
2019,12.20125,14.02193,1
2019,12.20464,13.8744,1
2019,12.20948,7.3061,1
2019,12.23077,6.29837,1
2019,12.24238,13.05358,1
2019,12.24971,1.67607,1
2019,12.257,13.10752,5
2019,12.26016,124.95655,1
2019,12.26445,14.09712,1
2019,12.26665,124.94431,1
2019,12.26853,14.46611,3
2019,12.27167,14.16692,1
2019,12.27515,125.08323,1
2019,12.27529,6.92964,1
2019,12.30165,125.11962,1
2019,12.30602,123.55886,1
2019,12.30837,13.82421,1
2019,12.31558,125.30158,1
2019,12.31666,125.13333,1
2019,12.3478,121.06602,1
2019,12.35947,14.21093,1
2019,12.36361,13.82483,1
2019,12.36397,13.82762,1
2019,12.37328,13.80325,1
2019,12.37903,14.22436,1
2019,12.39226,14.23605,1
2019,12.40641,1.34693,1
2019,12.4068,-3.81422,1
2019,12.40883,125.05288,1
2019,12.40894,124.51736,1
2019,12.41097,124.25883,1
2019,12.41452,-4.54431,1
2019,12.43176,123.77782,1
2019,12.43655,0.90566,1
2019,12.43879,124.32271,1
2019,12.44538,124.70224,1
2019,12.44726,124.3141,1
2019,12.45442,125.08558,1
2019,12.48616,125.07778,1
2019,12.4863,12.77572,1
2019,12.48694,13.2086,9
2019,12.48698,125.07742,1
2019,12.48816,121.01631,1
2019,12.492,12.78155,6
2019,12.50647,13.98364,1
2019,12.51393,7.61142,1
2019,12.5191,13.54487,1
2019,12.52065,124.77802,1
2019,12.53294,1.44997,1
2019,12.53575,53.8956,1
2019,12.54555,-87.16657,1
2019,12.55139,14.25861,1
2019,12.55566,13.11983,2
2019,12.55784,-16.58157,1
2019,12.5713,13.30284,1
2019,12.57241,13.30494,1
2019,12.62146,13.65017,1
2019,12.6248,12.79194,1
2019,12.62841,79.66285,1
2019,12.63924,-8.00287,2
2019,12.64028,14.27861,1
2019,12.66248,12.77332,2
2019,12.6648,78.01054,1
2019,12.67131,13.61371,1
2019,12.67198,13.61619,1
2019,12.67409,13.61115,2
2019,12.67902,23.81505,1
2019,12.69963,12.77439,1
2019,12.70333,13.21788,2
2019,12.70757,121.3999,1
2019,12.72278,1.05028,1
2019,12.72279,1.05029,1
2019,12.74226,-3.49529,1
2019,12.76076,121.14813,1
2019,12.77913,22.28753,1
2019,12.80333,1.13167,1
2019,12.81107,14.45182,1
2019,12.8198,44.84215,1
2019,12.8315,44.7848,1
2019,12.83672,44.92206,1
2019,12.84908,45.03728,15
2019,12.85023,12.50686,1
2019,12.85267,121.37703,1
2019,12.86259,-7.55971,1
2019,12.86671,7.23334,1
2019,12.86714,44.98396,21
2019,12.8908,44.98821,1
2019,12.89403,11.92642,1
2019,12.89417,11.92639,1
2019,12.89569,44.97569,1
2019,12.90085,123.61693,1
2019,12.90343,13.15126,1
2019,12.91717,14.35302,1
2019,12.9179,13.52218,1
2019,12.93027,123.66513,1
2019,12.93397,121.37703,1
2019,12.94351,43.41515,1
2019,12.94677,13.67245,2
2019,12.94782,43.43258,1
2019,12.96499,-3.88799,1
2019,12.97465,1.55439,1
2019,12.9851,1.56755,1
2019,12.98985,43.51985,1
2019,12.99271,124.01475,1
2019,12.99499,123.68696,1
2019,13.00195,12.99224,1
2019,13.00741,77.57487,1
2019,13.0103,13.74003,1
2019,13.01569,123.7797,1
2019,13.01993,123.63156,1
2019,13.03128,43.52786,1
2019,13.04163,24.03083,1
2019,13.05471,8.48699,1
2019,13.07027,44.79587,1
2019,13.07511,-3.29821,2
2019,13.07872,12.64375,1
2019,13.08159,123.68749,1
2019,13.08308,13.80629,1
2019,13.0857,45.35986,1
2019,13.09113,12.51353,1
2019,13.09528,13.8225,1
2019,13.09534,13.82262,1
2019,13.09544,120.71488,1
2019,13.09577,13.82256,1
2019,13.09725,-1.60361,1
2019,13.09877,12.10835,1
2019,13.09948,12.51126,1
2019,13.09954,12.51141,3
2019,13.10262,0.7357,1
2019,13.10556,12.84762,1
2019,13.10593,44.16243,1
2019,13.11052,121.31659,1
2019,13.1134,123.6817,1
2019,13.12055,123.74363,1
2019,13.12973,45.38557,3
2019,13.13222,43.78376,1
2019,13.13612,45.36308,1
2019,13.14124,45.45309,1
2019,13.14896,44.85055,2
2019,13.15487,43.71943,1
2019,13.15599,121.23974,1
2019,13.15972,0.63722,1
2019,13.16089,123.73361,1
2019,13.16281,0.63778,1
2019,13.16316,0.63924,2
2019,13.16718,121.1458,1
2019,13.16818,-3.89225,1
2019,13.17858,44.7634,1
2019,13.27258,44.27133,1
2019,13.27371,13.80176,1
2019,13.28457,-1.47525,1
2019,13.2879,25.07652,1
2019,13.28794,44.27701,1
2019,13.29666,123.35939,1
2019,13.31084,44.38694,1
2019,13.31193,-1.0777,1
2019,13.31282,-0.52736,2
2019,13.3135,12.60468,1
2019,13.31484,25.08894,1
2019,13.31489,12.6047,4
2019,13.31935,43.67022,1
2019,13.31962,43.25563,6
2019,13.32111,43.26638,1
2019,13.32416,43.31684,1
2019,13.32427,-1.07539,1
2019,13.32684,-1.04982,1
2019,13.3314,-1.52816,1
2019,13.33865,-0.94433,1
2019,13.34691,43.32871,1
2019,13.34716,44.19068,1
2019,13.3525,44.00194,1
2019,13.35653,-1.05861,2
2019,13.3576,45.69648,1
2019,13.37351,-3.19716,1
2019,13.37463,43.97685,1
2019,13.37703,121.16462,1
2019,13.37899,-3.20308,3
2019,13.38615,-3.82682,1
2019,13.38967,14.53875,2
2019,13.39457,43.63419,1
2019,13.3962,44.19842,1
2019,13.39732,44.09738,1
2019,13.40014,121.18106,1
2019,13.40895,43.64993,1
2019,13.41002,-6.38675,1
2019,13.41137,-1.06089,1
2019,13.41312,43.63753,1
2019,13.41389,-1.05583,1
2019,13.4139,-1.05585,1
2019,13.4139,-1.05578,1
2019,13.41505,-1.05638,2
2019,13.41722,43.63561,1
2019,13.41818,43.38101,1
2019,13.41966,22.47779,1
2019,13.42201,14.10824,1
2019,13.42223,-3.91049,1
2019,13.43109,-1.48658,1
2019,13.43181,123.48482,1
2019,13.43775,43.27621,1
2019,13.44089,22.44173,2
2019,13.44613,-1.5984,2
2019,13.45018,12.71992,1
2019,13.4627,44.0627,1
2019,13.46306,44.06667,1
2019,13.468,-3.91551,1
2019,13.46894,123.27716,1
2019,13.47134,44.02408,1
2019,13.48314,12.84293,1
2019,13.48315,12.8435,1
2019,13.48337,12.84302,1
2019,13.48518,-2.77248,1
2019,13.48752,43.88416,1
2019,13.4901,-3.16718,1
2019,13.50054,-1.3499,2
2019,13.50125,-3.88354,1
2019,13.50207,-3.31517,1
2019,13.50326,43.30648,1
2019,13.50357,-5.63559,1
2019,13.50419,44.02516,1
2019,13.50857,44.32806,1
2019,13.5115,-1.28882,2
2019,13.5116,2.12538,1
2019,13.51285,-1.28758,1
2019,13.51383,24.86908,2
2019,13.51469,43.38632,1
2019,13.51501,44.05169,1
2019,13.5219,46.71142,1
2019,13.52631,14.2017,1
2019,13.52775,14.01721,1
2019,13.528,44.12151,1
2019,13.52827,14.01809,3
2019,13.5293,43.94958,1
2019,13.52941,43.94986,3
2019,13.53038,43.99632,1
2019,13.53208,-87.49023,1
2019,13.5341,43.95022,1
2019,13.53939,-1.19096,1
2019,13.54123,43.35574,1
2019,13.54168,44.08001,1
2019,13.54208,44.078,2
2019,13.54857,-1.38092,1
2019,13.55076,44.05702,1
2019,13.55525,12.8656,1
2019,13.5658,36.97502,1
2019,13.56683,-2.41099,1
2019,13.57242,24.26754,1
2019,13.57759,44.0178,2
2019,13.58049,44.0172,1
2019,13.58648,44.0241,77
2019,13.59076,13.14833,1
2019,13.60354,122.44095,1
2019,13.60499,43.93073,3
2019,13.6085,14.47209,1
2019,13.61464,124.23988,1
2019,13.62098,43.66724,1
2019,13.62909,43.68117,1
2019,13.62925,123.2658,1
2019,13.63655,122.90432,1
2019,13.64056,-0.80944,3
2019,13.64176,-0.80934,1
2019,13.64418,4.03378,1
2019,13.64667,44.63694,1
2019,13.6555,44.02539,1
2019,13.6592,43.6856,1
2019,13.66401,43.66077,1
2019,13.66545,43.70092,1
2019,13.66594,43.68492,1
2019,13.66884,43.67156,1
2019,13.669,14.35111,3
2019,13.6695,13.1258,1
2019,13.67049,122.99024,1
2019,13.67114,13.14047,1
2019,13.67315,13.34051,5
2019,13.67522,43.85533,1
2019,13.67606,13.93713,1
2019,13.67881,-1.55045,1
2019,13.67975,-3.62755,1
2019,13.68047,44.71396,1
2019,13.68292,122.35257,1
2019,13.68391,-1.88653,1
2019,13.68749,44.92389,1
2019,13.68955,1.73273,1
2019,13.69062,43.46519,1
2019,13.69111,1.28278,1
2019,13.69341,44.69388,1
2019,13.69609,-1.48063,1
2019,13.69992,13.3083,1
2019,13.7008,13.309,1
2019,13.70154,43.60452,1
2019,13.70187,22.48525,1
2019,13.70266,44.73357,12
2019,13.7045,13.30437,1
2019,13.71002,35.92124,1
2019,13.71255,44.34277,1
2019,13.71468,-1.17611,3
2019,13.71504,44.59181,1
2019,13.71716,43.44748,1
2019,13.71944,43.35353,1
2019,13.72026,46.01616,1
2019,13.72139,-0.17222,1
2019,13.72334,14.15358,1
2019,13.7261,43.61811,1
2019,13.72639,-2.39861,1
2019,13.72917,-1.28639,1
2019,13.73989,44.72067,3
2019,13.74081,43.76268,1
2019,13.74232,43.65149,1
2019,13.74413,44.46462,1
2019,13.74513,-3.35288,1
2019,13.75307,44.48555,1
2019,13.75657,-0.31187,1
2019,13.76098,43.77808,1
2019,13.76108,121.2283,1
2019,13.76164,-3.49234,1
2019,13.76304,4.01081,1
2019,13.76667,-2.06667,1
2019,13.7693,-2.07248,1
2019,13.77152,-1.97074,1
2019,13.77458,43.8893,1
2019,13.77724,44.48096,1
2019,13.78096,43.72214,1
2019,13.78191,43.39912,1
2019,13.78257,43.89831,1
2019,13.78463,44.37955,2
2019,13.7849,44.3775,1
2019,13.78579,100.56085,13
2019,13.78814,44.57021,1
2019,13.7883,44.3863,1
2019,13.79167,44.71722,1
2019,13.79226,122.25972,1
2019,13.79701,-3.77472,1
2019,13.79787,44.44119,2
2019,13.79944,44.42722,1
2019,13.79972,44.42667,2
2019,13.80037,44.81386,1
2019,13.80222,-1.56882,1
2019,13.80302,45.80958,1
2019,13.80498,44.77564,4
2019,13.80566,44.77772,1
2019,13.80807,43.2485,1
2019,13.80856,-1.32844,2
2019,13.80973,43.24731,1
2019,13.81011,44.20839,1
2019,13.81024,43.24831,2
2019,13.81059,122.33464,1
2019,13.81099,44.77466,1
2019,13.81294,-2.06643,1
2019,13.81298,-2.06652,1
2019,13.81647,-3.441,1
2019,13.82028,43.84833,1
2019,13.82336,43.30811,1
2019,13.82404,43.33666,1
2019,13.8266,44.69059,2
2019,13.83016,43.36312,1
2019,13.83236,-1.60824,1
2019,13.8331,-1.60884,1
2019,13.83526,44.50057,1
2019,13.83774,44.92418,1
2019,13.84528,123.70195,1
2019,13.8458,45.99555,1
2019,13.84593,44.89344,1
2019,13.84755,46.02599,1
2019,13.85069,44.70296,1
2019,13.8542,44.70534,1
2019,13.85673,44.6692,2
2019,13.85746,43.32899,1
2019,13.85926,44.7055,1
2019,13.86385,-1.16332,1
2019,13.86664,100.49634,2
2019,13.87057,44.61382,1
2019,13.87833,43.23639,1
2019,13.88056,-1.95147,1
2019,13.88196,44.69132,1
2019,13.88607,-1.4458,1
2019,13.88733,44.64852,1
2019,13.89112,44.77305,1
2019,13.89238,44.77599,1
2019,13.89265,44.76925,1
2019,13.89789,-1.76483,1
2019,13.89791,-1.76484,1
2019,13.89844,44.68028,1
2019,13.90091,121.33979,1
2019,13.90406,-1.60393,1
2019,13.90456,44.64112,1
2019,13.90722,44.67548,2
2019,13.91071,-1.63403,1
2019,13.91152,44.26664,1
2019,13.91172,44.66656,5
2019,13.91174,44.69981,1
2019,13.91278,-1.63417,1
2019,13.91329,46.19927,1
2019,13.91362,-2.84222,1
2019,13.91562,46.66646,1
2019,13.91657,44.68243,2
2019,13.91666,43.56666,1
2019,13.91872,44.68381,1
2019,13.91885,44.67308,2
2019,13.91961,44.14524,1
2019,13.92151,-1.61558,1
2019,13.92152,46.1539,1
2019,13.92242,46.61853,1
2019,13.92379,43.48051,1
2019,13.92527,44.45305,1
2019,13.92761,121.62546,1
2019,13.92767,-5.38106,1
2019,13.92853,43.48243,2
2019,13.92954,-1.1482,1
2019,13.93064,44.70794,1
2019,13.93094,43.48235,1
2019,13.93099,43.47846,2
2019,13.9313,43.47915,1
2019,13.93131,43.47913,1
2019,13.93134,43.47892,6
2019,13.93135,43.47886,1
2019,13.93135,43.47895,1
2019,13.93137,43.47894,1
2019,13.93144,44.67518,1
2019,13.93148,46.11387,1
2019,13.93166,43.47928,3
2019,13.93184,44.67898,1
2019,13.93215,44.47545,1
2019,13.93232,43.48068,1
2019,13.9324,46.08017,1
2019,13.93245,46.08014,1
2019,13.93325,43.4609,1
2019,13.93384,-2.07417,1
2019,13.93407,44.48987,1
2019,13.93556,44.6687,1
2019,13.93612,43.45532,1
2019,13.9363,43.50449,1
2019,13.93846,43.45303,1
2019,13.93973,43.49537,1
2019,13.9432,43.45597,1
2019,13.94334,43.49234,1
2019,13.94585,121.45868,1
2019,13.9472,44.71624,1
2019,13.95227,121.62087,1
2019,13.95364,44.03215,1
2019,13.95387,-1.67432,1
2019,13.95514,44.68022,1
2019,13.95624,43.50446,1
2019,13.96121,44.58827,1
2019,13.96187,45.46715,1
2019,13.96284,-5.35994,1
2019,13.96527,46.63033,1
2019,13.96549,-1.62964,1
2019,13.96811,46.74232,1
2019,13.96889,3.19833,1
2019,13.97141,44.17664,1
2019,13.97209,44.16253,1
2019,13.97219,3.1945,1
2019,13.97422,44.15753,1
2019,13.9743,44.17136,1
2019,13.9777,22.70738,1
2019,13.97868,45.4292,1
2019,13.9812,-3.58636,1
2019,13.98253,45.39811,1
2019,13.9831,45.4335,1
2019,13.98333,45.58036,1
2019,13.98335,44.57935,2
2019,13.98501,45.55848,2
2019,13.98704,44.67221,1
2019,13.98778,44.63694,1
2019,13.9933,46.83065,1
2019,13.99334,45.42902,1
2019,13.99718,-5.35001,1
2019,13.99755,46.61722,1
2019,13.99978,46.83138,1
2019,14.00473,-0.9573,1
2019,14.00486,43.20386,1
2019,14.00556,-1.90917,1
2019,14.00665,44.66593,1
2019,14.00672,46.67037,1
2019,14.00684,122.18256,1
2019,14.007,45.829,1
2019,14.01241,46.70135,1
2019,14.01283,122.52196,1
2019,14.0189,44.663,1
2019,14.01925,46.69807,1
2019,14.01971,123.30429,1
2019,14.02038,35.32085,1
2019,14.02066,44.55999,1
2019,14.02189,44.44486,1
2019,14.0259,44.51119,2
2019,14.02707,43.97099,1
2019,14.02721,44.69292,1
2019,14.02858,45.56,1
2019,14.02954,44.54169,1
2019,14.0319,-5.23774,1
2019,14.03214,-0.51177,1
2019,14.03289,44.66538,1
2019,14.03305,-3.46243,1
2019,14.03305,46.72634,1
2019,14.0353,45.616,1
2019,14.03536,44.57106,1
2019,14.03714,44.53393,1
2019,14.03889,-0.62833,1
2019,14.03937,46.76337,1
2019,14.04076,47.83373,1
2019,14.04176,46.75628,1
2019,14.0426,44.47899,1
2019,14.0441,45.5667,1
2019,14.04432,44.48167,1
2019,14.04492,-2.75959,1
2019,14.0507,45.6081,1
2019,14.05225,44.60429,1
2019,14.05627,44.48488,1
2019,14.05639,44.4998,1
2019,14.05738,45.44974,1
2019,14.05757,44.43158,2
2019,14.05968,44.60384,1
2019,14.06144,44.50378,1
2019,14.06162,46.91497,1
2019,14.06199,47.79487,1
2019,14.06212,46.91498,6
2019,14.06421,121.32334,1
2019,14.06456,46.68281,2
2019,14.06505,-87.1715,1
2019,14.06743,121.25021,1
2019,14.0677,-1.48045,2
2019,14.07213,-3.08314,1
2019,14.07241,45.42187,2
2019,14.0725,43.15889,1
2019,14.07252,43.15889,1
2019,14.0728,43.15911,1
2019,14.07361,44.49882,1
2019,14.07473,43.17698,1
2019,14.07474,-3.08267,3
2019,14.07752,-3.51804,1
2019,14.08139,-2.44556,1
2019,14.08503,-1.29017,1
2019,14.08632,44.66797,1
2019,14.08635,-2.43389,1
2019,14.09344,-1.63408,6
2019,14.09483,-0.73564,1
2019,14.09628,-1.36622,1
2019,14.09667,43.20061,1
2019,14.09724,-0.69637,1
2019,14.09844,-1.62874,1
2019,14.10533,43.18954,1
2019,14.10537,-2.08599,1
2019,14.10607,43.16923,1
2019,14.10694,43.10554,1
2019,14.10944,44.19444,1
2019,14.11137,43.96262,1
2019,14.11143,-3.00115,1
2019,14.11204,45.45975,1
2019,14.1157,-87.23451,1
2019,14.116,44.0824,1
2019,14.11798,43.18264,1
2019,14.11862,43.2045,1
2019,14.12306,-2.11294,1
2019,14.12661,43.16455,1
2019,14.12667,43.18474,1
2019,14.12755,43.15604,1
2019,14.12832,43.184,1
2019,14.13144,-5.23536,1
2019,14.13265,43.2183,1
2019,14.13634,43.17874,1
2019,14.13668,-3.0755,1
2019,14.13761,44.19324,1
2019,14.13841,43.17773,1
2019,14.13952,43.22433,1
2019,14.13971,43.1712,1
2019,14.14318,43.18202,1
2019,14.14472,-0.7625,1
2019,14.14472,43.1964,1
2019,14.14514,-3.12485,1
2019,14.14613,-1.56685,1
2019,14.14667,43.19694,1
2019,14.14719,-0.19125,1
2019,14.15291,122.67294,1
2019,14.16671,45.8308,1
2019,14.17016,44.69028,1
2019,14.17172,45.81903,1
2019,14.18333,43.22611,1
2019,14.18451,43.23043,1
2019,14.1846,43.22988,1
2019,14.185,43.22722,1
2019,14.18527,43.22639,6
2019,14.1888,43.28092,1
2019,14.19448,45.80051,1
2019,14.1948,-0.76041,1
2019,14.2065,-1.85293,2
2019,14.2075,44.76778,1
2019,14.22156,121.74876,1
2019,14.22222,-4.49333,1
2019,14.22241,-4.99923,1
2019,14.22726,1.44246,1
2019,14.22913,-0.86155,2
2019,14.22932,-0.86121,1
2019,14.22934,-0.86036,5
2019,14.25031,1.00091,1
2019,14.25369,13.10722,2
2019,14.25535,13.11349,1
2019,14.265,44.50694,1
2019,14.27966,-2.1351,1
2019,14.28074,121.12081,1
2019,14.28184,-2.13444,1
2019,14.2828,43.0666,3
2019,14.283,43.0668,2
2019,14.28305,122.69595,1
2019,14.28333,43.06667,1
2019,14.28424,121.08892,1
2019,14.29387,-3.70683,1
2019,14.29563,121.49616,1
2019,14.29731,44.33681,1
2019,14.30163,-2.16204,1
2019,14.30527,-0.75566,1
2019,14.30551,-1.05461,1
2019,14.3092,45.5391,1
2019,14.30945,-2.7375,1
2019,14.31465,44.92525,1
2019,14.31486,2.08864,1
2019,14.31544,-2.74023,1
2019,14.32332,-1.27106,1
2019,14.33544,-1.32613,1
2019,14.33862,45.07551,1
2019,14.34895,-3.60912,3
2019,14.34962,45.38607,1
2019,14.34969,-3.60974,1
2019,14.35039,121.08225,1
2019,14.35887,45.44981,1
2019,14.37666,-2.3912,1
2019,14.37752,43.26981,1
2019,14.3849,45.46249,1
2019,14.39641,45.71893,1
2019,14.40198,121.03278,4
2019,14.40926,-4.17419,1
2019,14.40935,-1.55201,2
2019,14.41399,44.83742,2
2019,14.43196,46.1542,1
2019,14.44293,-0.23018,1
2019,14.44311,-0.22916,1
2019,14.44697,44.81786,1
2019,14.44763,44.81783,2
2019,14.4563,-4.91942,1
2019,14.45812,-2.82604,1
2019,14.46555,47.26996,1
2019,14.46698,47.27548,1
2019,14.467,47.27528,1
2019,14.4719,-0.45024,1
2019,14.47421,43.94871,2
2019,14.48385,121.0145,1
2019,14.49917,45.53167,1
2019,14.49961,-3.94614,1
2019,14.49986,-3.81724,1
2019,14.5098,45.3738,1
2019,14.51222,-0.99083,1
2019,14.5174,121.57696,1
2019,14.51827,44.86341,1
2019,14.52168,43.32464,1
2019,14.52416,-4.09075,1
2019,14.53078,46.83109,1
2019,14.53095,121.00426,3
2019,14.53502,46.83678,1
2019,14.53751,46.83165,1
2019,14.53826,-9.19072,1
2019,14.54397,49.12458,1
2019,14.54763,45.37194,1
2019,14.55046,44.39771,13
2019,14.55146,44.94,1
2019,14.55389,45.585,1
2019,14.55487,47.31152,1
2019,14.56139,-0.0725,1
2019,14.56194,-3.39194,1
2019,14.58019,0.7254,1
2019,14.58251,121.08424,1
2019,14.58297,45.57539,1
2019,14.58603,-3.08061,1
2019,14.58614,-3.08033,2
2019,14.58841,49.12022,1
2019,14.59791,-0.71886,1
2019,14.59935,120.98477,5
2019,14.60475,44.93798,1
2019,14.6085,45.0599,1
2019,14.60977,43.0669,1
2019,14.61126,43.13076,2
2019,14.61194,0.27639,1
2019,14.61896,43.09617,1
2019,14.62254,43.09902,1
2019,14.62598,43.10824,1
2019,14.62788,-4.03104,1
2019,14.62923,43.09004,1
2019,14.6338,-3.41955,2
2019,14.63662,43.05741,1
2019,14.63744,43.0929,1
2019,14.63808,43.05512,5
2019,14.64269,43.11778,1
2019,14.64288,-6.69187,1
2019,14.64783,43.12815,1
2019,14.64895,2.14502,1
2019,14.65517,43.0511,1
2019,14.65903,43.09788,1
2019,14.66031,43.10768,1
2019,14.66487,43.04302,1
2019,14.66661,-1.01099,1
2019,14.67103,-3.11888,1
2019,14.67204,120.95772,1
2019,14.67285,43.08722,1
2019,14.67428,121.0575,3
2019,14.6766,-1.95135,3
2019,14.67739,-0.46135,1
2019,14.67873,-0.46203,1
2019,14.68084,43.04548,1
2019,14.6827,1.95147,1
2019,14.68351,-0.6333,1
2019,14.68918,-3.10388,1
2019,14.69099,-4.02817,1
2019,14.6929,-1.89204,1
2019,14.69939,121.59978,1
2019,14.70845,121.24803,1
2019,14.71925,46.48925,1
2019,14.7274,42.96096,7
2019,14.728,1.15723,1
2019,14.73002,44.45183,1
2019,14.73118,-4.21061,1
2019,14.73841,-6.11794,1
2019,14.75463,46.51626,2
2019,14.76976,49.37427,1
2019,14.76995,43.19491,1
2019,14.77646,-88.78082,1
2019,14.77755,43.01623,1
2019,14.77781,43.01622,1
2019,14.78239,42.97309,60
2019,14.78575,43.21365,2
2019,14.78718,43.00938,1
2019,14.78846,42.9783,1
2019,14.78998,43.18346,1
2019,14.79091,42.97088,4
2019,14.79674,-1.30356,1
2019,14.79739,43.01347,1
2019,14.80423,-4.44016,1
2019,14.82557,-5.24908,1
2019,14.8293,3.92561,1
2019,14.83136,43.02792,1
2019,14.83389,3.91778,1
2019,14.83515,120.51571,1
2019,14.85439,46.72872,1
2019,14.8708,120.23829,1
2019,14.87624,-1.85445,3
2019,14.90483,1.17098,2
2019,14.93206,120.88085,1
2019,14.94948,45.27431,1
2019,14.98863,-3.61656,1
2019,14.99631,-2.9436,1
2019,14.99781,-2.67633,1
2019,15.00074,1.222,1
2019,15.00705,-2.9543,2
2019,15.01666,-4.23054,1
2019,15.01799,-2.96128,1
2019,15.01988,-2.86981,1
2019,15.0289,-2.84339,1
2019,15.0298,-2.4335,1
2019,15.03288,42.98366,1
2019,15.04,12.87462,1
2019,15.04344,-3.36914,1
2019,15.0531,120.94032,1
2019,15.0547,1.83537,1
2019,15.05691,1.83293,1
2019,15.07124,120.74479,1
2019,15.07813,120.93631,1
2019,15.12193,45.28457,1
2019,15.1293,-2.30091,1
2019,15.15806,120.05525,1
2019,15.16935,120.79196,1
2019,15.17002,-2.37461,1
2019,15.171,-1.97982,1
2019,15.18991,46.73277,1
2019,15.2485,43.25587,1
2019,15.25,45.28333,1
2019,15.28635,-1.70072,4
2019,15.30168,-1.01777,1
2019,15.30531,43.01949,3
2019,15.30698,120.04604,1
2019,15.32277,45.18113,1
2019,15.3231,0.7487,1
2019,15.32544,44.2119,25
2019,15.33946,-8.58444,1
2019,15.34946,75.16088,1
2019,15.35874,-1.28765,1
2019,15.36946,2.04007,1
2019,15.38444,12.99237,1
2019,15.39167,44.27997,1
2019,15.39799,-3.78313,1
2019,15.41006,45.37436,1
2019,15.41631,42.30033,1
2019,15.42056,45.30818,1
2019,15.42337,45.26472,1
2019,15.42506,120.93836,1
2019,15.42686,45.083,1
2019,15.42826,120.92308,1
2019,15.43478,3.67676,1
2019,15.44989,45.01869,2
2019,15.45218,120.63006,1
2019,15.45639,45.32487,6
2019,15.45718,44.23188,1
2019,15.45989,45.76492,1
2019,15.47003,45.32286,1
2019,15.4865,120.97339,1
2019,15.48875,43.76324,1
2019,15.49602,43.73938,1
2019,15.4984,44.08474,1
2019,15.49896,32.55867,1
2019,15.49919,120.97742,1
2019,15.50018,120.98046,1
2019,15.5016,44.08849,1
2019,15.50611,45.32667,1
2019,15.50633,44.0603,1
2019,15.51589,45.44981,1
2019,15.54437,45.12649,1
2019,15.54826,121.0945,1
2019,15.57486,48.85387,1
2019,15.59158,120.90453,1
2019,15.59387,120.9561,1
2019,15.59751,120.97473,1
2019,15.61383,32.49295,1
2019,15.65738,32.28863,1
2019,15.6614,-4.35092,1
2019,15.66625,45.89728,1
2019,15.66682,0.50853,1
2019,15.68308,43.63144,1
2019,15.68653,43.59722,1
2019,15.69505,43.58471,1
2019,15.69637,44.21229,2
2019,15.70304,43.60393,1
2019,15.73333,43.18333,1
2019,15.7355,121.12078,1
2019,15.75139,44.57444,1
2019,15.7662,24.90422,1
2019,15.76914,120.93799,1
2019,15.78554,47.19381,1
2019,15.82911,1.45861,1
2019,15.83927,48.4547,1
2019,15.8402,48.45438,2
2019,15.84972,48.5189,1
2019,15.85135,-87.9283,1
2019,15.85404,48.63467,1
2019,15.86055,46.17288,1
2019,15.86922,47.16874,1
2019,15.90723,3.16807,1
2019,15.91416,120.64194,1
2019,15.91492,48.65074,4
2019,15.91564,2.39617,1
2019,15.9186,120.35895,1
2019,15.91968,47.29262,1
2019,15.92126,48.63638,1
2019,15.92306,48.21444,1
2019,15.94001,48.78975,5
2019,15.94868,3.15728,1
2019,15.9526,43.41628,1
2019,15.96107,43.38596,1
2019,15.96223,43.51282,1
2019,15.98167,13.20025,1
2019,16.00984,48.29837,1
2019,16.01526,-0.57203,1
2019,16.02141,43.31139,1
2019,16.02469,-3.86863,1
2019,16.03485,43.1577,1
2019,16.04094,43.48543,1
2019,16.04594,43.40678,1
2019,16.05306,43.41194,1
2019,16.07221,120.34061,1
2019,16.0724,-97.61956,1
2019,16.08615,44.68381,1
2019,16.08803,44.72459,2
2019,16.09611,43.42333,1
2019,16.10715,44.55172,1
2019,16.11221,43.10089,1
2019,16.11806,43.32947,2
2019,16.12314,120.43101,1
2019,16.12924,2.5143,1
2019,16.13703,-3.74511,1
2019,16.13836,4.78388,1
2019,16.14044,1.43098,1
2019,16.1407,120.44781,1
2019,16.14094,42.87502,1
2019,16.14344,43.00826,1
2019,16.14668,43.11846,1
2019,16.14846,43.48474,1
2019,16.14903,43.49545,1
2019,16.15056,1.4275,1
2019,16.15253,43.4672,1
2019,16.16288,43.4713,1
2019,16.1709,43.472,1
2019,16.18428,-95.20876,1
2019,16.20214,43.38812,1
2019,16.20278,43.42194,1
2019,16.21056,52.17111,1
2019,16.23159,43.42109,1
2019,16.23479,43.48337,1
2019,16.2374,43.4723,1
2019,16.23877,43.45554,1
2019,16.239,43.45544,2
2019,16.24137,43.4543,2
2019,16.2423,43.4503,1
2019,16.24488,43.44592,1
2019,16.24688,43.47048,1
2019,16.24877,43.06005,1
2019,16.24907,43.06265,1
2019,16.25064,43.0601,1
2019,16.25082,43.27736,1
2019,16.25147,121.01058,1
2019,16.25355,43.12827,1
2019,16.25698,43.94415,1
2019,16.2636,-1.58728,1
2019,16.26521,-3.3979,1
2019,16.26833,43.2673,1
2019,16.27335,43.4792,1
2019,16.29646,-0.07326,1
2019,16.36667,43.45,1
2019,16.38879,120.38847,1
2019,16.40545,43.06508,1
2019,16.41099,43.11962,1
2019,16.41743,-3.66495,1
2019,16.41749,-3.66482,1
2019,16.4176,-3.66486,1
2019,16.43,43.17751,2
2019,16.44069,-95.02212,1
2019,16.45323,43.13079,1
2019,16.57951,121.86765,1
2019,16.60584,121.25346,1
2019,16.62,-0.28086,3
2019,16.6346,120.33901,1
2019,16.64628,121.87334,1
2019,16.66232,42.842,1
2019,16.66871,74.26896,1
2019,16.69892,121.56011,1
2019,16.70509,42.91472,1
2019,16.71132,-3.1808,1
2019,16.75027,45.31451,1
2019,16.7516,-93.10299,1
2019,16.75775,-2.99936,2
2019,16.76552,2.93043,1
2019,16.77603,43.70186,1
2019,16.7802,121.57152,1
2019,16.78569,-3.03683,1
2019,16.7996,120.40162,1
2019,16.83698,44.38731,1
2019,16.85068,49.3653,1
2019,16.87615,81.83064,1
2019,16.89319,42.57526,2
2019,16.90818,42.89077,1
2019,16.90998,42.8845,1
2019,16.9118,44.8486,1
2019,16.91749,43.76241,2
2019,16.94593,97.95929,1
2019,16.95085,43.74799,1
2019,16.96093,43.24338,1
2019,16.96608,120.81544,1
2019,16.9683,120.83138,1
2019,17.00002,-0.95477,1
2019,17.03101,120.8868,1
2019,17.04859,122.03443,3
2019,17.05123,74.26528,1
2019,17.06197,43.50311,1
2019,17.10468,-92.27366,1
2019,17.1474,78.28895,1
2019,17.15612,120.88384,1
2019,17.26875,-97.67963,1
2019,17.29056,43.34336,1
2019,17.29299,44.20726,1
2019,17.34578,44.61812,1
2019,17.3905,120.56532,1
2019,17.3972,43.4829,1
2019,17.41206,43.26799,1
2019,17.43919,-99.5451,1
2019,17.44083,120.76444,1
2019,17.45812,44.18239,1
2019,17.46853,121.75249,1
2019,17.51098,-91.99305,1
2019,17.55494,44.23236,4
2019,17.57444,50.69387,1
2019,17.59222,52.59388,1
2019,17.61864,44.32998,1
2019,17.62832,78.37569,1
2019,17.64167,-101.5517,1
2019,17.65757,121.54634,1
2019,17.68682,83.21848,2
2019,17.71046,121.44184,1
2019,17.72166,42.0253,1
2019,17.74089,-91.77428,1
2019,17.74524,81.41901,1
2019,17.75811,78.37111,1
2019,17.81125,-97.78035,1
2019,17.83074,-93.38974,1
2019,17.85966,121.50236,1
2019,17.87353,120.46694,1
2019,17.91424,121.94731,1
2019,17.91778,121.70389,1
2019,17.92264,10.90864,1
2019,17.9239,121.9114,1
2019,17.98083,-0.10222,1
2019,17.9809,81.4382,1
2019,18.02222,81.30694,1
2019,18.04173,81.30215,1
2019,18.07147,-94.4083,1
2019,18.07295,80.8256,1
2019,18.11208,82.60142,1
2019,18.12953,82.3836,1
2019,18.13342,81.25188,1
2019,18.16362,81.48846,1
2019,18.19604,80.97773,1
2019,18.22346,42.52605,4
2019,18.23451,42.65831,1
2019,18.23482,42.65774,3
2019,18.24509,81.32916,1
2019,18.25229,81.24482,1
2019,18.29454,42.7918,1
2019,18.30286,80.55217,1
2019,18.31475,42.72516,8
2019,18.3194,80.57935,1
2019,18.32718,81.41842,1
2019,18.34089,81.18099,1
2019,18.34402,81.88254,1
2019,18.35265,81.58431,1
2019,18.35265,81.88872,1
2019,18.38051,81.3844,1
2019,18.39446,81.66582,1
2019,18.4096,81.68106,1
2019,18.42464,49.54955,1
2019,18.4427,1.41133,3
2019,18.44321,81.71183,1
2019,18.47085,81.19178,1
2019,18.4915,81.25253,1
2019,18.49181,81.25303,1
2019,18.49625,81.29455,1
2019,18.50828,81.0037,1
2019,18.50868,81.00436,1
2019,18.51379,81.36055,1
2019,18.52772,-72.33284,1
2019,18.52817,73.87099,1
2019,18.53848,80.76489,1
2019,18.5404,-73.79632,1
2019,18.54345,82.22301,1
2019,18.54346,82.22299,1
2019,18.54499,81.37837,1
2019,18.56408,82.96502,1
2019,18.56569,-97.1009,1
2019,18.59439,-72.30743,1
2019,18.59694,81.28086,1
2019,18.61134,81.9675,1
2019,18.63338,-100.90645,1
2019,18.64171,81.25908,2
2019,18.66782,80.48706,1
2019,18.68682,73.7419,1
2019,18.6899,-99.10145,1
2019,18.72735,80.8622,1
2019,18.73835,81.0775,2
2019,18.74361,-98.77097,1
2019,18.75055,81.70528,1
2019,18.76561,80.99716,1
2019,18.76708,82.03663,1
2019,18.77518,80.5367,2
2019,18.8025,81.33472,1
2019,18.80349,81.68842,1
2019,18.81345,-98.95349,1
2019,18.82383,-72.07404,1
2019,18.83538,80.7732,1
2019,18.83678,42.70467,1
2019,18.85157,73.13053,1
2019,18.85485,93.6992,1
2019,18.86083,80.72144,2
2019,18.87509,81.15034,1
2019,18.8959,-96.99594,1
2019,18.89686,81.34544,2
2019,18.89817,81.34888,2
2019,18.90029,81.34834,1
2019,18.90622,-100.15072,1
2019,18.91502,80.7495,1
2019,18.9498,82.55607,1
2019,18.98833,81.18416,1
2019,19.01061,81.44712,1
2019,19.01103,81.06274,1
2019,19.03282,73.10127,1
2019,19.03704,81.10047,1
2019,19.07035,72.83854,1
2019,19.07561,80.54476,1
2019,19.09691,42.86379,1
2019,19.15078,-96.12553,1
2019,19.16792,81.59803,1
2019,19.1977,81.9648,1
2019,19.20369,81.93438,1
2019,19.22504,81.97086,1
2019,19.23498,81.85365,1
2019,19.27988,72.88552,1
2019,19.28528,93.81,1
2019,19.29649,81.91532,1
2019,19.35785,80.48549,1
2019,19.36242,81.18101,1
2019,19.41481,80.58967,4
2019,19.41482,80.58969,1
2019,19.41543,80.59294,1
2019,19.41959,81.20583,1
2019,19.4212,93.54585,1
2019,19.43261,-99.13321,1
2019,19.44131,81.38495,1
2019,19.44139,80.72972,1
2019,19.45788,81.3364,1
2019,19.45884,80.28186,1
2019,19.46485,0.85639,3
2019,19.48613,83.45414,1
2019,19.50451,-96.61578,1
2019,19.53572,80.2581,1
2019,19.59862,80.22658,4
2019,19.59881,80.2269,2
2019,19.60199,80.51253,1
2019,19.60975,84.11712,1
2019,19.62447,81.14549,1
2019,19.65149,84.40413,1
2019,19.7096,83.36692,1
2019,19.72353,81.24241,1
2019,19.72358,81.24239,1
2019,19.72367,81.24234,1
2019,19.73688,81.6097,1
2019,19.76247,83.29541,1
2019,19.77639,80.41889,1
2019,19.81009,93.98784,2
2019,19.81992,79.98648,1
2019,19.8357,80.35443,1
2019,19.83581,82.48716,1
2019,19.8465,80.43044,1
2019,19.88129,82.06847,1
2019,19.91374,83.1649,1
2019,19.96484,80.99767,1
2019,19.9649,80.99768,1
2019,19.96726,81.15745,1
2019,19.97283,83.55765,1
2019,19.97919,80.1596,1
2019,19.99528,80.44083,1
2019,19.99861,83.30722,1
2019,20.04272,93.37416,3
2019,20.04669,93.37077,1
2019,20.0472,93.3729,1
2019,20.06466,93.40072,1
2019,20.09848,81.15959,1
2019,20.12052,93.53993,1
2019,20.1342,84.01674,1
2019,20.1344,79.73443,1
2019,20.13764,92.89282,1
2019,20.14509,80.03943,1
2019,20.15028,81.35139,1
2019,20.15277,92.86769,1
2019,20.1723,79.99698,1
2019,20.1848,79.99415,1
2019,20.18487,79.9948,1
2019,20.25058,85.98275,1
2019,20.25207,0.98153,1
2019,20.25243,81.46479,1
2019,20.26253,98.20898,1
2019,20.27271,81.48831,2
2019,20.30108,93.32946,1
2019,20.30247,93.3311,1
2019,20.32988,84.85457,1
2019,20.3335,93.00381,4
2019,20.34859,80.51259,1
2019,20.35886,84.11768,1
2019,20.36606,93.26339,2
2019,20.44568,92.79652,1
2019,20.48447,92.75555,1
2019,20.48491,92.75558,1
2019,20.49278,85.99143,1
2019,20.50072,80.58864,1
2019,20.5032,80.74681,1
2019,20.54203,93.2396,1
2019,20.5432,80.51224,1
2019,20.54694,84.29611,1
2019,20.57393,-101.19572,1
2019,20.58846,80.35751,1
2019,20.59351,93.193,2
2019,20.59352,93.19303,4
2019,20.61259,92.68867,1
2019,20.61315,84.7916,1
2019,20.62015,80.20853,1
2019,20.63386,82.05978,1
2019,20.65482,-87.08012,1
2019,20.68406,80.45487,1
2019,20.72169,92.65367,1
2019,20.75519,84.08412,1
2019,20.81035,92.39494,1
2019,20.82374,92.37079,1
2019,20.82411,92.36904,1
2019,20.84448,92.97506,3
2019,20.84449,92.43388,1
2019,20.8455,92.97972,1
2019,20.84762,92.96169,1
2019,20.84902,92.4926,1
2019,20.85869,93.06131,1
2019,20.86947,92.52715,1
2019,20.86951,92.52722,11
2019,20.87249,92.52735,1
2019,20.95167,85.09852,1
2019,21.05323,81.74686,1
2019,21.09754,81.03778,1
2019,21.11883,80.78193,1
2019,21.1458,79.08816,1
2019,21.15554,80.40151,1
2019,21.1828,92.49009,1
2019,21.21049,92.16378,1
2019,21.21132,92.16335,2
2019,21.26919,40.41915,1
2019,21.30318,92.86267,1
2019,21.30365,92.85397,3
2019,21.30367,92.85394,1
2019,21.30388,80.49541,1
2019,21.3356,79.38668,1
2019,21.44235,92.84773,1
2019,21.45496,80.19607,1
2019,21.47121,78.2647,1
2019,21.48581,39.1925,1
2019,21.51416,80.54874,1
2019,21.58423,72.13125,2
2019,21.67195,80.68262,1
2019,21.67306,82.64564,1
2019,21.82174,84.95186,1
2019,21.82234,76.35243,1
2019,21.83911,82.2663,1
2019,21.84438,99.68007,1
2019,21.86364,52.60097,1
2019,21.90328,83.46008,1
2019,21.981,92.49999,1
2019,22.0012,88.43536,1
2019,22.02278,96.44056,1
2019,22.03107,87.88202,1
2019,22.03918,96.47166,1
2019,22.10876,-100.95079,1
2019,22.21846,84.99995,1
2019,22.24485,92.01779,1
2019,22.26398,92.39286,1
2019,22.27431,114.17619,1
2019,22.27736,114.17215,1
2019,22.27998,114.16609,1
2019,22.3048,92.22613,1
2019,22.3193,114.16934,1
2019,22.3193,114.16936,1
2019,22.32002,114.1693,1
2019,22.32027,114.16973,1
2019,22.32056,114.21206,1
2019,22.32296,114.17546,1
2019,22.33129,96.80037,2
2019,22.33132,96.80027,1
2019,22.34007,114.13849,1
2019,22.35456,96.83593,1
2019,22.36509,85.43756,1
2019,22.3704,87.25313,1
2019,22.37103,114.17558,1
2019,22.38157,114.27202,1
2019,22.38928,92.28274,1
2019,22.38928,92.28284,2
2019,22.39083,113.97251,1
2019,22.41785,80.83196,1
2019,22.4551,85.57407,1
2019,22.46465,114.00669,1
2019,22.4683,87.97075,1
2019,22.50715,85.37847,1
2019,22.50757,85.37692,2
2019,22.51255,88.60958,1
2019,22.54068,97.03473,1
2019,22.54202,97.03534,1
2019,22.54367,97.03371,1
2019,22.55173,88.35234,4
2019,22.57988,85.46316,1
2019,22.58307,88.40616,1
2019,22.60614,85.04681,1
2019,22.62363,97.30036,1
2019,22.64478,88.32282,1
2019,22.65641,86.17239,1
2019,22.66029,89.78873,1
2019,22.6643,85.38535,1
2019,22.66639,-3.985,1
2019,22.68532,85.5123,1
2019,22.68906,88.64724,1
2019,22.69342,83.83272,1
2019,22.69659,85.48475,1
2019,22.70405,85.92951,1
2019,22.71634,88.47797,1
2019,22.7258,85.80388,1
2019,22.73579,88.38121,1
2019,22.75052,88.34058,1
2019,22.76221,88.24368,1
2019,22.83334,88.6317,1
2019,22.83917,85.73972,1
2019,22.85317,88.39911,1
2019,22.85319,88.39918,2
2019,22.85358,88.39116,2
2019,22.85613,86.01216,2
2019,22.86208,88.39814,1
2019,22.87138,89.50175,1
2019,22.87234,89.50075,1
2019,22.914,89.49076,1
2019,22.92915,97.76431,1
2019,22.93403,88.37127,1
2019,22.9402,97.75052,1
2019,22.96244,85.32913,1
2019,23.00555,85.53443,1
2019,23.05077,85.65377,1
2019,23.07308,85.27991,2
2019,23.08906,97.39833,1
2019,23.09296,97.39758,1
2019,23.10187,85.5805,1
2019,23.10723,85.25148,1
2019,23.15491,97.87009,1
2019,23.16916,92.19611,1
2019,23.17097,89.17958,1
2019,23.21997,85.24767,1
2019,23.25067,77.43485,1
2019,23.2613,91.48403,1
2019,23.26335,92.12925,1
2019,23.26454,88.4381,1
2019,23.26719,84.55103,1
2019,23.30208,97.962,1
2019,23.33511,85.92309,1
2019,23.36651,120.35508,1
2019,23.36889,98.54178,1
2019,23.40908,83.93076,1
2019,23.44093,84.68452,3
2019,23.44188,84.68359,1
2019,23.44623,88.31298,1
2019,23.45471,97.86084,1
2019,23.45966,97.93623,2
2019,23.50884,84.59042,1
2019,23.50891,84.59034,1
2019,23.57395,85.13269,1
2019,23.57685,85.11931,1
2019,23.64645,85.51152,1
2019,23.64647,85.51188,1
2019,23.64864,84.84034,1
2019,23.65929,85.02999,1
2019,23.67252,84.89874,1
2019,23.69698,85.16608,1
2019,23.69858,85.62036,1
2019,23.72059,90.56834,1
2019,23.72945,86.61827,1
2019,23.74162,83.83663,1
2019,23.74632,84.50911,5
2019,23.79075,86.43945,1
2019,23.79128,90.4182,12
2019,23.80055,85.65821,1
2019,23.82063,84.17832,1
2019,23.83042,97.68466,1
2019,23.85627,85.03062,1
2019,23.87587,85.75,1
2019,23.89422,85.93556,1
2019,23.92938,85.38961,1
2019,23.99256,94.05666,1
2019,23.99687,85.37176,1
2019,24.00883,86.14142,1
2019,24.03007,84.07843,1
2019,24.03807,84.20222,1
2019,24.09826,88.26841,1
2019,24.10497,84.52388,1
2019,24.105,84.52389,1
2019,24.12365,88.54324,1
2019,24.18754,86.29293,1
2019,24.19135,86.29964,1
2019,24.20706,84.87326,1
2019,24.21988,94.31029,1
2019,24.22176,88.54807,1
2019,24.24699,93.63888,1
2019,24.25127,94.30129,1
2019,24.25128,94.3013,1
2019,24.25129,94.30131,1
2019,24.25136,94.30126,1
2019,24.25215,42.13709,1
2019,24.26547,84.48157,1
2019,24.29122,84.7928,1
2019,24.34275,93.69783,1
2019,24.35264,92.66317,1
2019,24.36484,84.24632,1
2019,24.40414,93.7048,1
2019,24.42973,84.35815,1
2019,24.4416,84.39888,1
2019,24.4435,94.02293,1
2019,24.45375,84.58434,1
2019,24.47966,43.3791,1
2019,24.5014,84.45663,1
2019,24.50472,93.97956,1
2019,24.50644,86.81638,1
2019,24.5422,84.27923,1
2019,24.56974,84.52745,1
2019,24.57698,84.62175,1
2019,24.59703,85.26844,1
2019,24.59735,76.16098,1
2019,24.68459,46.70267,1
2019,24.70609,93.93868,1
2019,24.71415,93.92815,1
2019,24.74379,88.12809,1
2019,24.78212,92.85771,1
2019,24.79244,84.9987,1
2019,24.79792,93.94052,23
2019,24.85547,67.77431,1
2019,24.8704,94.0511,1
2019,24.87154,86.20726,1
2019,24.89112,67.14331,25
2019,24.8926,93.89633,1
2019,24.91636,79.58118,1
2019,24.9215,86.24445,2
2019,24.98033,86.26351,1
2019,25.01093,88.14149,1
2019,25.03488,84.39812,1
2019,25.07419,86.22163,1
2019,25.08465,48.03963,1
2019,25.1035,62.32773,1
2019,25.10441,94.37511,1
2019,25.10594,86.15546,1
2019,25.11047,12.59329,1
2019,25.15714,86.09516,1
2019,25.17097,93.97547,1
2019,25.35467,68.28357,1
2019,25.36359,84.76746,1
2019,25.38929,68.35734,1
2019,25.40367,94.104,1
2019,25.45181,81.78736,1
2019,25.50075,63.97509,1
2019,25.559,84.66895,1
2019,25.57424,27.93834,1
2019,25.57877,91.89325,1
2019,25.58036,91.92048,1
2019,25.61853,88.12558,1
2019,25.63254,88.13187,1
2019,25.73437,93.74128,1
2019,25.7765,84.73806,1
2019,25.78225,-80.22145,1
2019,25.84095,93.76343,1
2019,25.90914,93.72656,1
2019,25.92056,92.48078,1
2019,25.93389,49.66861,1
2019,25.99941,63.04745,2
2019,26.06278,93.18572,1
2019,26.08821,85.06301,1
2019,26.09801,87.95071,1
2019,26.10098,62.81355,1
2019,26.12929,85.15162,1
2019,26.14979,91.76393,2
2019,26.17097,64.03926,1
2019,26.2054,93.13027,1
2019,26.23516,60.22835,1
2019,26.26958,88.59611,1
2019,26.28516,84.17384,1
2019,26.30981,44.83182,1
2019,26.31579,84.65967,1
2019,26.32094,89.45135,1
2019,26.37905,49.93512,1
2019,26.40732,81.12895,1
2019,26.41631,94.93362,1
2019,26.41904,12.57826,1
2019,26.43709,89.97668,1
2019,26.43757,14.27516,1
2019,26.44063,95.03157,1
2019,26.44102,14.25122,3
2019,26.44111,14.25122,1
2019,26.44132,14.25161,1
2019,26.44992,80.33187,1
2019,26.49562,87.30631,1
2019,26.51082,80.24687,1
2019,26.55478,50.00452,1
2019,26.56062,87.72239,1
2019,26.56183,12.88087,2
2019,26.58093,95.07896,1
2019,26.59097,86.6777,1
2019,26.59947,64.02551,1
2019,26.60981,84.85679,1
2019,26.6167,86.70201,1
2019,26.62696,63.35314,1
2019,26.6293,87.98249,1
2019,26.64294,87.37115,1
2019,26.64334,87.99069,1
2019,26.65588,88.12622,1
2019,26.6616,91.35973,1
2019,26.67643,87.96222,1
2019,26.68239,87.45694,1
2019,26.68722,85.85833,1
2019,26.72741,94.18099,1
2019,26.73032,64.14782,1
2019,26.73075,64.14821,1
2019,26.73137,64.1488,1
2019,26.73155,92.92758,1
2019,26.7807,86.64096,2
2019,26.78073,85.20387,1
2019,26.80056,85.20917,1
2019,26.80791,86.42723,1
2019,26.84268,95.37992,1
2019,26.84372,80.9216,1
2019,26.84537,85.96111,1
2019,26.84657,14.54029,1
2019,26.8728,80.9276,1
2019,26.92834,86.52916,1
2019,26.93417,-105.66515,1
2019,26.94221,88.03631,1
2019,26.97214,64.11457,1
2019,26.99006,85.8925,1
2019,26.99427,95.54073,1
2019,27.02287,14.44122,8
2019,27.04869,85.31362,1
2019,27.09836,86.96679,1
2019,27.10177,95.41609,1
2019,27.11132,86.9574,1
2019,27.11927,85.35628,1
2019,27.15247,84.96857,1
2019,27.1552,87.13996,1
2019,27.15856,85.33916,1
2019,27.16323,85.06393,1
2019,27.16813,85.37562,1
2019,27.17711,87.05113,1
2019,27.20364,87.81567,1
2019,27.25692,85.97124,1
2019,27.25739,85.97028,1
2019,27.29105,95.66945,1
2019,27.30524,68.61414,1
2019,27.33619,-112.27015,1
2019,27.34167,87.10192,1
2019,27.35,85.8125,1
2019,27.3526,62.34478,1
2019,27.43676,85.00255,2
2019,27.44498,85.03533,1
2019,27.47283,94.91196,1
2019,27.48605,95.17188,2
2019,27.49219,95.34678,1
2019,27.50056,87.20333,1
2019,27.51045,87.1941,1
2019,27.51167,85.93917,1
2019,27.51179,85.03804,1
2019,27.52897,84.3548,1
2019,27.54696,85.13756,1
2019,27.54871,96.02263,1
2019,27.55196,85.00344,1
2019,27.55434,83.29309,1
2019,27.55464,85.02335,3
2019,27.56365,84.09259,1
2019,27.56482,68.09982,1
2019,27.59082,85.08466,1
2019,27.61419,87.14229,2
2019,27.61654,85.55043,1
2019,27.6246,85.07724,1
2019,27.62709,85.08568,1
2019,27.62738,83.3789,1
2019,27.64047,83.97792,1
2019,27.64651,84.39669,1
2019,27.64827,85.09136,1
2019,27.64864,84.13296,2
2019,27.64983,65.98019,1
2019,27.64984,83.88971,3
2019,27.65419,82.99316,2
2019,27.65434,82.99284,1
2019,27.65448,82.99762,1
2019,27.6671,83.80453,1
2019,27.66897,85.31982,5
2019,27.6705,85.42936,1
2019,27.67558,95.56428,1
2019,27.68519,83.14368,1
2019,27.68853,83.30552,1
2019,27.70096,85.27484,1
2019,27.70875,85.3295,5
2019,27.72144,84.19626,1
2019,27.72762,85.16883,1
2019,27.73752,84.59561,1
2019,27.74175,85.333,1
2019,27.75184,85.06654,1
2019,27.79097,86.66111,1
2019,27.81073,16.38906,1
2019,27.81171,16.38925,1
2019,27.82298,85.59603,1
2019,27.82479,83.63716,1
2019,27.82667,85.24488,1
2019,27.85629,83.73644,1
2019,27.89886,81.20419,1
2019,27.90023,80.79963,1
2019,27.91666,83.08334,1
2019,27.91704,84.40676,1
2019,27.93767,93.85238,1
2019,27.9512,85.68458,3
2019,27.97111,84.26861,1
2019,27.97114,84.89848,1
2019,27.97446,93.40086,1
2019,27.98271,83.03668,1
2019,28.0023,84.62001,1
2019,28.05606,81.62802,1
2019,28.10166,82.85329,1
2019,28.11645,82.87006,1
2019,28.1224,82.67658,1
2019,28.14483,84.04436,1
2019,28.14487,84.41191,1
2019,28.14559,80.09092,1
2019,28.14575,84.06894,1
2019,28.14606,81.7787,1
2019,28.14842,84.08016,1
2019,28.17805,83.69866,1
2019,28.17875,84.06141,1
2019,28.1948,82.96629,1
2019,28.20247,84.11712,1
2019,28.20386,83.99296,19
2019,28.20958,83.98557,1
2019,28.21179,81.71305,1
2019,28.22346,83.41865,1
2019,28.24517,69.1837,1
2019,28.25694,83.90722,1
2019,28.26606,83.60028,1
2019,28.2717,83.58968,1
2019,28.27722,83.58231,1
2019,28.27743,83.58162,1
2019,28.28838,83.99368,1
2019,28.30093,68.19084,1
2019,28.30365,66.069,1
2019,28.35248,82.12784,1
2019,28.37656,77.33203,1
2019,28.37831,69.36439,1
2019,28.38019,82.65188,1
2019,28.38066,68.34314,1
2019,28.38156,82.64834,3
2019,28.40345,66.24179,1
2019,28.40435,69.94382,1
2019,28.42401,66.29019,1
2019,28.43428,81.7458,1
2019,28.43429,81.74588,1
2019,28.47639,84.68975,2
2019,28.50673,81.18546,1
2019,28.51681,81.77979,1
2019,28.51866,68.54268,1
2019,28.54329,68.21814,1
2019,28.54374,68.21844,5
2019,28.54691,17.53586,1
2019,28.55082,81.06933,1
2019,28.55736,66.77659,1
2019,28.57091,80.79503,1
2019,28.57524,17.32631,1
2019,28.58333,83.33333,2
2019,28.5876,68.04775,1
2019,28.6,81.63333,1
2019,28.6029,83.33617,2
2019,28.60452,83.3401,1
2019,28.63331,69.19037,1
2019,28.6512,80.44988,1
2019,28.70324,80.58563,1
2019,28.71604,69.95446,1
2019,28.72439,80.60795,1
2019,28.7568,61.09688,1
2019,28.79278,80.65028,1
2019,28.80721,80.59449,1
2019,28.8271,80.90919,1
2019,28.83136,80.89865,1
2019,28.83141,80.90063,1
2019,28.85543,80.25447,1
2019,28.86492,82.17203,1
2019,28.86515,82.17136,1
2019,28.89374,64.40585,1
2019,28.90525,80.46603,1
2019,28.93343,81.36656,1
2019,28.97639,81.52667,1
2019,28.98276,82.27182,1
2019,28.98293,67.52352,1
2019,28.99169,81.25861,1
2019,29.00332,65.87667,1
2019,29.00912,81.25255,1
2019,29.00943,76.6456,1
2019,29.01612,69.09254,1
2019,29.03441,69.15866,2
2019,29.03962,81.25188,1
2019,29.07034,-110.95104,1
2019,29.08154,70.31037,1
2019,29.08996,80.49004,1
2019,29.112,80.68121,1
2019,29.11203,81.38943,1
2019,29.13897,80.62892,1
2019,29.14213,69.1,1
2019,29.14387,69.09979,1
2019,29.14505,81.25199,1
2019,29.18717,80.85154,1
2019,29.23527,67.55994,1
2019,29.27724,81.73083,1
2019,29.27812,76.23488,2
2019,29.32767,80.6999,1
2019,29.356,80.87277,1
2019,29.36823,82.4816,1
2019,29.37312,78.13523,1
2019,29.39513,71.68711,1
2019,29.4522,80.99762,2
2019,29.4658,-98.52534,1
2019,29.48119,67.64383,1
2019,29.48358,60.8627,2
2019,29.4977,80.59318,1
2019,29.50126,80.58828,1
2019,29.524,82.15855,1
2019,29.52783,81.09875,1
2019,29.54222,81.29917,1
2019,29.5716,80.52718,1
2019,29.57403,67.91309,1
2019,29.6983,66.64379,1
2019,29.77667,81.25188,1
2019,29.80396,66.85099,2
2019,29.85538,67.33993,2
2019,29.89661,66.61913,1
2019,29.9379,32.6104,1
2019,29.99769,-90.17797,1
2019,30.02292,31.18519,2
2019,30.04049,31.10921,1
2019,30.04582,69.9283,1
2019,30.04886,70.64526,1
2019,30.06593,66.95427,1
2019,30.06833,66.95194,1
2019,30.06871,-89.92835,1
2019,30.08452,66.98344,1
2019,30.08463,31.33431,5
2019,30.09826,66.94448,1
2019,30.11622,47.71828,3
2019,30.14308,65.11733,1
2019,30.15611,47.40772,1
2019,30.15928,72.69426,1
2019,30.16351,66.05178,1
2019,30.19044,68.91174,1
2019,30.20082,66.99435,20
2019,30.21663,66.92471,1
2019,30.21787,67.59227,3
2019,30.22485,66.05095,1
2019,30.2455,66.04642,1
2019,30.25354,66.04933,1
2019,30.26916,68.32207,1
2019,30.29698,47.38112,1
2019,30.30051,-97.75222,1
2019,30.30453,67.16463,1
2019,30.30473,68.48243,1
2019,30.31359,48.02713,1
2019,30.32165,35.48015,1
2019,30.32767,31.25166,1
2019,30.35493,66.94431,2
2019,30.36592,47.60982,1
2019,30.36632,68.68899,1
2019,30.37097,68.59932,6
2019,30.37992,67.72618,1
2019,30.44721,49.07161,1
2019,30.4526,-87.20177,1
2019,30.46596,67.57804,1
2019,30.50156,31.21686,1
2019,30.51005,47.77809,13
2019,30.52623,47.77326,1
2019,30.52633,33.61823,1
2019,30.52796,-92.0851,2
2019,30.54551,66.26923,1
2019,30.55168,47.73592,1
2019,30.58333,66.99651,3
2019,30.58412,77.02052,1
2019,30.59135,-91.95515,1
2019,30.60847,33.61758,1
2019,30.6677,47.66327,1
2019,30.67468,66.6599,1
2019,30.68367,34.86581,1
2019,30.71409,34.87575,1
2019,30.72414,47.73158,1
2019,30.73005,66.84849,1
2019,30.74238,33.7438,1
2019,30.74505,33.05497,1
2019,30.76202,75.83921,1
2019,30.8229,75.17381,1
2019,30.82556,67.7448,1
2019,30.82956,35.03882,1
2019,30.82999,66.58862,1
2019,30.88308,66.48515,1
2019,30.89475,34.45011,1
2019,30.91651,66.50417,1
2019,30.91826,64.15833,1
2019,30.92211,66.45153,4
2019,30.92402,64.1368,1
2019,30.9308,64.15691,1
2019,30.93085,32.74665,1
2019,30.93953,66.51449,1
2019,30.95993,61.86895,1
2019,30.96093,-85.51234,1
2019,30.98822,32.98963,1
2019,30.99536,64.15561,1
2019,30.99614,34.24717,1
2019,30.99672,66.14671,1
2019,30.99746,33.27903,1
2019,31.00081,66.40403,1
2019,31.01678,33.00859,3
2019,31.01752,33.01159,1
2019,31.01955,64.40965,1
2019,31.02095,34.82,1
2019,31.0316,66.22584,1
2019,31.04011,33.35089,2
2019,31.04437,46.26145,3
2019,31.05093,66.12125,1
2019,31.05832,66.1087,1
2019,31.05896,66.38589,1
2019,31.06063,33.43,1
2019,31.07083,66.03114,1
2019,31.07602,33.60535,1
2019,31.07614,33.84205,1
2019,31.07756,33.599,1
2019,31.08287,34.14627,1
2019,31.09498,33.55477,1
2019,31.10488,33.67681,1
2019,31.11655,33.72472,3
2019,31.12665,33.80086,10
2019,31.1504,72.68108,1
2019,31.15205,76.96863,1
2019,31.1565,34.13021,1
2019,31.16018,34.05405,1
2019,31.18496,76.56905,1
2019,31.18606,34.00856,1
2019,31.19365,16.55388,3
2019,31.20278,66.06778,1
2019,31.20511,34.10673,1
2019,31.2067,34.46434,1
2019,31.20681,34.46418,1
2019,31.20691,34.46401,2
2019,31.21094,34.46653,1
2019,31.21222,34.11706,7
2019,31.24848,34.78786,1
2019,31.2502,34.24128,5
2019,31.26328,66.37344,1
2019,31.27879,34.25644,2
2019,31.29514,34.21966,1
2019,31.30989,64.2214,1
2019,31.31802,34.78349,1
2019,31.3185,65.9534,3
2019,31.32233,65.95455,1
2019,31.32502,34.86617,1
2019,31.33078,64.35772,1
2019,31.33369,63.96141,1
2019,31.34312,69.45286,1
2019,31.34392,64.36889,1
2019,31.3445,64.42385,1
2019,31.34746,34.49101,3
2019,31.35223,64.43124,1
2019,31.3568,63.93408,1
2019,31.35754,34.31149,1
2019,31.36365,63.95861,1
2019,31.37272,34.51958,1
2019,31.37358,34.37378,1
2019,31.3749,34.39802,2
2019,31.37597,34.31978,2
2019,31.38089,67.23712,2
2019,31.38163,67.23797,1
2019,31.38356,64.28171,1
2019,31.39258,34.37148,1
2019,31.39689,34.36461,2
2019,31.40952,64.3434,1
2019,31.41371,73.0691,1
2019,31.42563,34.57906,2
2019,31.42909,34.5132,1
2019,31.44202,34.58089,1
2019,31.44762,66.59825,1
2019,31.45021,65.39516,1
2019,31.45474,65.46019,1
2019,31.45575,34.42163,1
2019,31.4583,61.49977,1
2019,31.46057,66.52144,1
2019,31.46122,66.52239,2
2019,31.46515,65.76632,1
2019,31.46532,67.22727,1
2019,31.4706,64.53417,1
2019,31.47417,65.23598,1
2019,31.47479,67.21072,1
2019,31.47539,34.48036,1
2019,31.47587,65.47777,1
2019,31.49546,65.73834,1
2019,31.49587,65.68025,1
2019,31.49908,65.70993,1
2019,31.49936,65.84868,1
2019,31.49972,65.21028,1
2019,31.50241,34.45974,4
2019,31.50547,74.34288,4
2019,31.50773,34.63034,1
2019,31.50863,65.70587,1
2019,31.50872,65.74712,1
2019,31.51247,65.71585,1
2019,31.51316,65.85551,1
2019,31.52269,34.59558,1
2019,31.52422,67.12639,1
2019,31.52606,45.20077,1
2019,31.5261,65.69051,1
2019,31.52701,65.6195,1
2019,31.5282,34.59638,11
2019,31.5296,64.23222,3
2019,31.52973,35.11823,1
2019,31.53024,35.09416,3
2019,31.53386,66.2241,1
2019,31.53619,34.53957,1
2019,31.53626,66.22453,1
2019,31.53804,34.57356,1
2019,31.5435,65.46062,1
2019,31.54562,64.17902,1
2019,31.54905,64.19458,1
2019,31.55574,34.54331,1
2019,31.5559,70.76251,2
2019,31.55706,64.87709,1
2019,31.55706,65.01581,1
2019,31.55901,64.49297,1
2019,31.55971,65.32615,1
2019,31.56074,34.77387,1
2019,31.5619,64.20985,1
2019,31.5881,73.69188,1
2019,31.58932,65.06063,1
2019,31.59058,34.61359,1
2019,31.59619,63.88951,1
2019,31.60083,64.37053,11
2019,31.60212,64.48186,1
2019,31.60557,34.77177,1
2019,31.61333,63.97021,1
2019,31.61978,65.41389,1
2019,31.62407,65.05561,1
2019,31.6267,35.10497,1
2019,31.63108,65.74223,32
2019,31.63272,34.60035,1
2019,31.63642,64.24319,1
2019,31.64003,65.99852,1
2019,31.6401,35.14217,2
2019,31.6409,35.26055,1
2019,31.6494,35.11554,1
2019,31.65236,65.64878,1
2019,31.6528,35.22958,1
2019,31.65792,34.64169,1
2019,31.65968,35.14307,1
2019,31.66621,65.02322,1
2019,31.66883,64.26444,1
2019,31.67015,34.57515,7
2019,31.67235,62.96722,2
2019,31.67924,64.23525,1
2019,31.68603,74.22813,1
2019,31.69335,65.0233,2
2019,31.6954,35.11351,1
2019,31.6965,65.69307,1
2019,31.70456,35.19446,1
2019,31.70665,65.68488,1
2019,31.71074,64.39872,1
2019,31.71355,34.92984,1
2019,31.71452,65.63422,1
2019,31.71664,35.18567,2
2019,31.71794,67.41673,1
2019,31.7253,65.68047,1
2019,31.73046,70.33672,2
2019,31.73609,64.36736,1
2019,31.74178,34.7809,1
2019,31.74311,65.63666,4
2019,31.7478,64.44217,1
2019,31.74834,64.53274,1
2019,31.75524,67.43086,1
2019,31.76174,35.26504,1
2019,31.7716,35.2034,1
2019,31.77347,35.29891,1
2019,31.78315,65.64657,1
2019,31.78391,34.6731,1
2019,31.78484,35.22461,11
2019,31.78813,64.55124,1
2019,31.78902,64.68848,1
2019,31.79478,64.6177,1
2019,31.80262,66.32472,3
2019,31.80439,70.60542,1
2019,31.80592,70.67404,1
2019,31.81944,-106.59432,1
2019,31.81961,70.89714,1
2019,31.82144,34.66517,2
2019,31.82254,70.84608,1
2019,31.82496,64.56282,1
2019,31.83082,70.26145,1
2019,31.83433,70.90905,6
2019,31.83528,64.5903,2
2019,31.83649,35.26322,1
2019,31.83711,64.66662,1
2019,31.84233,61.24209,1
2019,31.84795,-106.43089,5
2019,31.84822,47.1452,5
2019,31.86042,67.7844,1
2019,31.86147,35.20843,1
2019,31.8646,64.65237,1
2019,31.87231,35.54087,1
2019,31.88492,67.857,1
2019,31.88695,67.20127,1
2019,31.8899,67.85236,1
2019,31.89174,35.43653,1
2019,31.89745,67.84795,3
2019,31.89891,35.009,1
2019,31.89916,65.51198,1
2019,31.90378,65.52307,1
2019,31.90826,67.1554,1
2019,31.91148,35.25007,1
2019,31.925,65.51959,1
2019,31.92631,35.09884,1
2019,31.92739,12.25163,1
2019,31.9298,35.13599,1
2019,31.93272,70.46088,3
2019,31.9416,35.22273,1
2019,31.94532,35.22219,1
2019,31.94679,65.50426,1
2019,31.94708,67.28321,1
2019,31.95146,34.88782,1
2019,31.95158,67.28478,1
2019,31.953,67.23701,1
2019,31.95444,35.3,1
2019,31.95852,35.22589,1
2019,31.97054,34.79172,1
2019,31.98958,44.92377,2
2019,31.99042,35.73377,2
2019,32.01867,35.34415,1
2019,32.0232,65.55945,1
2019,32.02501,44.31634,2
2019,32.02572,65.5493,1
2019,32.03793,65.57746,1
2019,32.04944,64.85012,1
2019,32.05043,63.96787,1
2019,32.05441,35.29911,1
2019,32.05625,66.04041,1
2019,32.05672,35.31069,1
2019,32.06399,44.94134,1
2019,32.06559,44.33861,1
2019,32.06711,35.08362,1
2019,32.06716,35.29786,1
2019,32.06782,66.09575,1
2019,32.06929,20.15114,7
2019,32.06932,35.31518,1
2019,32.0707,64.84561,1
2019,32.07408,66.11968,1
2019,32.07411,66.14159,1
2019,32.07482,65.98051,1
2019,32.07575,66.14347,1
2019,32.07615,65.98303,1
2019,32.07935,66.00397,1
2019,32.07943,66.00538,1
2019,32.08299,35.36453,1
2019,32.08509,35.18083,1
2019,32.08516,35.25679,1
2019,32.09942,66.02245,1
2019,32.09968,66.02683,1
2019,32.09992,64.98384,1
2019,32.1,65.98824,1
2019,32.10021,66.90102,4
2019,32.10182,35.28773,1
2019,32.10888,35.16655,1
2019,32.11028,35.16607,1
2019,32.11197,63.87428,1
2019,32.12484,65.03317,1
2019,32.12873,66.57153,2
2019,32.13104,66.96229,1
2019,32.13307,65.0178,1
2019,32.13384,61.28172,1
2019,32.13936,66.20826,1
2019,32.14029,65.02383,1
2019,32.14127,70.14292,1
2019,32.15,70.10944,1
2019,32.15315,65.02683,1
2019,32.15452,35.25855,1
2019,32.15532,74.18244,1
2019,32.1576,35.22629,2
2019,32.16866,35.2362,1
2019,32.17325,67.18236,1
2019,32.1771,35.0586,1
2019,32.17751,66.53643,1
2019,32.17862,35.21506,1
2019,32.17882,35.20665,1
2019,32.17988,66.49373,1
2019,32.18024,66.80059,1
2019,32.18063,35.13015,1
2019,32.18417,67.54864,1
2019,32.18455,35.2492,1
2019,32.18466,35.24923,2
2019,32.18467,35.24923,1
2019,32.18779,34.97438,1
2019,32.1914,65.78526,1
2019,32.1917,35.37153,1
2019,32.19188,67.18945,1
2019,32.1933,65.63749,1
2019,32.20715,35.27307,1
2019,32.20944,70.38354,1
2019,32.21154,70.33095,1
2019,32.22227,35.25351,5
2019,32.22759,34.92206,1
2019,32.23167,68.52471,1
2019,32.2354,67.53729,1
2019,32.23578,68.52847,1
2019,32.23844,20.19086,1
2019,32.23892,62.01755,1
2019,32.24531,70.36124,1
2019,32.24647,68.3541,1
2019,32.25114,63.86117,1
2019,32.26454,68.52472,1
2019,32.27012,65.04968,1
2019,32.27266,64.77353,1
2019,32.27465,35.89608,1
2019,32.30014,75.88534,1
2019,32.30408,61.61779,1
2019,32.3061,69.57996,2
2019,32.30824,62.03534,1
2019,32.30896,62.24479,1
2019,32.31642,41.82564,1
2019,32.31947,35.024,1
2019,32.32024,69.85974,1
2019,32.32728,67.88775,1
2019,32.33173,62.03931,1
2019,32.36302,66.33531,1
2019,32.36691,62.11382,15
2019,32.37319,66.35308,1
2019,32.37533,66.7606,3
2019,32.37994,62.19598,1
2019,32.38232,66.33676,1
2019,32.38518,69.43121,1
2019,32.40584,35.20481,1
2019,32.41842,65.75632,2
2019,32.41933,35.30522,1
2019,32.42134,35.38636,1
2019,32.42292,35.30241,1
2019,32.42319,40.96355,1
2019,32.42496,69.47062,1
2019,32.42612,70.87888,1
2019,32.44386,62.14537,1
2019,32.44399,35.1703,2
2019,32.44628,62.14627,1
2019,32.44682,68.49761,1
2019,32.45854,-114.78256,1
2019,32.45864,69.73939,1
2019,32.46062,35.30125,2
2019,32.46127,66.97908,3
2019,32.46285,43.87189,1
2019,32.46613,67.40482,1
2019,32.46924,44.41664,2
2019,32.47149,70.00329,1
2019,32.47433,70.00268,1
2019,32.47467,66.93907,1
2019,32.47532,70.00291,1
2019,32.47549,62.0431,1
2019,32.48092,62.02824,1
2019,32.48136,36.4205,1
2019,32.48151,62.03023,1
2019,32.48352,62.04025,1
2019,32.48411,69.62395,1
2019,32.49082,67.41963,1
2019,32.49149,67.03503,2
2019,32.49368,-116.95295,1
2019,32.49385,67.00139,1
2019,32.49533,62.26266,4
2019,32.50465,62.25441,1
2019,32.50516,67.41211,1
2019,32.50764,63.76954,1
2019,32.50798,35.31425,2
2019,32.51346,67.43267,1
2019,32.5149,67.42322,1
2019,32.51577,69.28948,1
2019,32.51949,67.44438,1
2019,32.52193,63.78023,1
2019,32.5236,67.43296,1
2019,32.53337,63.74896,1
2019,32.54865,70.83192,1
2019,32.55569,62.92054,1
2019,32.55976,41.91965,1
2019,32.56341,66.62037,1
2019,32.56699,69.83171,1
2019,32.56703,45.73547,1
2019,32.56922,41.91999,1
2019,32.5763,70.90712,2
2019,32.58544,41.43815,1
2019,32.58592,41.97255,1
2019,32.60439,44.00714,6
2019,32.61016,61.55318,1
2019,32.61797,65.87237,3
2019,32.62036,65.44206,1
2019,32.6204,14.33119,1
2019,32.6212,69.52209,1
2019,32.62233,36.10376,2
2019,32.62333,69.5058,2
2019,32.62975,62.49081,3
2019,32.63952,69.81864,1
2019,32.64699,14.26097,3
2019,32.66168,36.11366,1
2019,32.66258,13.18531,2
2019,32.66694,65.90418,1
2019,32.66836,35.54428,1
2019,32.67046,65.90379,1
2019,32.67232,65.56217,1
2019,32.67437,36.05689,3
2019,32.67876,69.82996,1
2019,32.68243,69.83336,1
2019,32.68432,69.83006,1
2019,32.68511,68.48034,1
2019,32.68689,69.83443,1
2019,32.68913,69.83021,1
2019,32.68984,62.73239,1
2019,32.69246,69.83273,1
2019,32.69325,62.73867,1
2019,32.70308,13.26314,1
2019,32.70976,36.56764,2
2019,32.71107,36.02684,1
2019,32.7126,69.27008,1
2019,32.72906,74.85912,1
2019,32.72987,62.70237,1
2019,32.72997,74.85537,1
2019,32.7361,36.06819,1
2019,32.73696,36.76751,1
2019,32.73808,62.5822,1
2019,32.74576,65.90842,1
2019,32.74834,66.3228,1
2019,32.75124,36.30449,1
2019,32.75574,12.72305,3
2019,32.76554,22.62112,6
2019,32.76713,70.0411,1
2019,32.76932,62.74841,1
2019,32.77076,61.65708,1
2019,32.7713,61.65636,1
2019,32.77371,35.88524,1
2019,32.77734,44.28935,1
2019,32.78724,68.41809,1
2019,32.79359,-96.76625,1
2019,32.79995,67.78053,1
2019,32.80058,70.49556,2
2019,32.80231,36.77161,1
2019,32.80612,67.77352,1
2019,32.81194,67.77175,1
2019,32.81304,69.96992,1
2019,32.82024,70.11919,1
2019,32.82224,13.01141,2
2019,32.82482,36.29375,1
2019,32.8354,-117.11984,2
2019,32.83565,35.97017,2
2019,32.83805,13.18259,15
2019,32.83926,36.33956,2
2019,32.84103,74.46282,1
2019,32.84957,35.93505,1
2019,32.85707,13.33851,2
2019,32.86701,44.22045,2
2019,32.87046,36.1783,1
2019,32.87066,36.57271,1
2019,32.87142,-93.98629,1
2019,32.87154,74.24721,1
2019,32.87461,68.07372,1
2019,32.87573,67.17711,1
2019,32.87754,67.77581,1
2019,32.88504,61.14032,1
2019,32.89008,36.04185,1
2019,32.89331,69.66326,1
2019,32.8954,68.06605,2
2019,32.89952,74.74248,1
2019,32.91518,70.67139,1
2019,32.91559,70.67724,1
2019,32.91872,67.74793,1
2019,32.92288,69.76112,1
2019,32.92676,69.93706,1
2019,32.92985,66.6891,1
2019,32.92989,66.69041,1
2019,32.93337,68.64706,1
2019,32.93733,69.95934,1
2019,32.94307,69.95503,3
2019,32.9448,69.95655,1
2019,32.95302,69.89346,3
2019,32.9538,70.2672,1
2019,32.95695,69.90163,8
2019,32.9578,70.16946,1
2019,32.95859,65.43357,1
2019,32.96019,69.20526,1
2019,32.96802,69.82023,1
2019,32.969,70.0613,1
2019,32.97083,69.83944,1
2019,32.97405,70.19741,1
2019,32.97543,70.27374,10
2019,32.9842,69.98735,1
2019,32.98579,67.96384,1
2019,32.98716,-117.02013,1
2019,32.98735,70.60253,1
2019,32.98886,70.18298,1
2019,32.99006,71.04978,1
2019,32.99107,70.64551,1
2019,32.99159,70.16644,1
2019,32.99439,62.51216,2
2019,32.99861,70.12296,1
2019,33.00144,35.77336,1
2019,33.00651,70.06825,3
2019,33.00806,70.64833,1
2019,33.01502,35.78403,1
2019,33.01997,44.36961,1
2019,33.02043,36.1282,1
2019,33.02498,68.55652,1
2019,33.03744,40.28518,1
2019,33.03898,40.28838,1
2019,33.0412,69.03595,1
2019,33.05,70.13333,1
2019,33.05799,44.35484,1
2019,33.06319,68.97664,1
2019,33.07904,75.29384,1
2019,33.08504,70.2451,1
2019,33.08938,35.47034,1
2019,33.09194,68.36235,1
2019,33.10974,71.09072,1
2019,33.12159,75.32165,1
2019,33.12479,63.84989,1
2019,33.12864,64.12626,1
2019,33.13268,62.08986,1
2019,33.13472,-117.07225,1
2019,33.13873,70.03353,1
2019,33.14345,68.08057,1
2019,33.1448,63.72038,1
2019,33.15118,70.42956,1
2019,33.15354,65.4269,1
2019,33.15379,70.43591,1
2019,33.15762,62.38629,1
2019,33.15775,74.24202,2
2019,33.16283,70.37061,1
2019,33.16356,43.8631,2
2019,33.17735,68.05658,1
2019,33.1782,68.75253,2
2019,33.17862,68.0945,1
2019,33.17882,70.39402,1
2019,33.17889,70.3941,2
2019,33.17949,63.77039,1
2019,33.18076,70.3908,1
2019,33.18168,44.23542,1
2019,33.18601,68.05765,1
2019,33.18778,68.07205,1
2019,33.1888,67.47649,1
2019,33.18932,68.05641,1
2019,33.19446,68.09352,1
2019,33.19652,70.38191,2
2019,33.2062,67.48305,1
2019,33.20703,65.66531,1
2019,33.20944,68.01377,1
2019,33.21352,69.97624,1
2019,33.21356,65.61468,1
2019,33.21634,65.52471,1
2019,33.21724,68.51652,1
2019,33.22067,68.0078,1
2019,33.2212,65.61889,1
2019,33.22228,75.38202,1
2019,33.22547,62.31922,1
2019,33.22794,65.60656,1
2019,33.22965,65.58572,1
2019,33.23371,62.27199,1
2019,33.23648,65.63642,1
2019,33.23997,65.63311,1
2019,33.24083,69.82917,1
2019,33.24304,65.46386,1
2019,33.24318,65.46551,1
2019,33.24473,65.46785,1
2019,33.24528,65.54322,1
2019,33.24997,62.14475,1
2019,33.25093,68.95225,1
2019,33.2555,70.49143,1
2019,33.25596,74.41352,1
2019,33.2856,65.48533,1
2019,33.29695,68.88713,1
2019,33.29897,68.88377,1
2019,33.30357,44.37177,97
2019,33.30583,68.49056,1
2019,33.31065,44.03821,1
2019,33.31128,75.76634,1
2019,33.31131,68.43198,1
2019,33.31159,75.76622,1
2019,33.3116,75.7662,1
2019,33.31206,68.38034,1
2019,33.31616,69.8011,1
2019,33.31643,68.44966,1
2019,33.31676,68.4499,1
2019,33.31861,68.43262,1
2019,33.32113,43.78521,1
2019,33.32352,69.90533,1
2019,33.32884,74.22782,1
2019,33.33007,69.19239,1
2019,33.33096,68.46598,1
2019,33.33247,71.27635,1
2019,33.33287,69.93,1
2019,33.33413,62.14393,1
2019,33.33526,69.92847,14
2019,33.33576,68.42853,1
2019,33.34042,43.78174,1
2019,33.34417,71.29132,1
2019,33.34909,35.74958,1
2019,33.34916,43.7842,8
2019,33.34945,43.72523,1
2019,33.35227,66.22848,1
2019,33.36086,66.26635,1
2019,33.36184,43.71704,1
2019,33.36919,66.04499,1
2019,33.37161,74.31519,1
2019,33.37576,44.70287,1
2019,33.39158,43.75495,1
2019,33.39392,65.53085,1
2019,33.39964,68.35515,2
2019,33.40306,43.91187,3
2019,33.40933,69.11484,1
2019,33.41137,68.21126,1
2019,33.41526,68.20714,1
2019,33.42095,43.29566,2
2019,33.42183,66.21558,1
2019,33.42454,70.73731,1
2019,33.42902,66.21292,1
2019,33.43333,70.11554,1
2019,33.43551,69.03102,1
2019,33.43598,69.03104,1
2019,33.43701,75.19393,1
2019,33.44943,-79.56597,1
2019,33.44984,70.06404,2
2019,33.45252,70.88316,1
2019,33.45337,70.89986,1
2019,33.4567,69.11333,1
2019,33.45711,43.30909,1
2019,33.46082,44.15743,1
2019,33.46933,68.66876,1
2019,33.47071,68.75316,1
2019,33.47268,68.63708,1
2019,33.4804,68.42509,1
2019,33.49083,70.00083,1
2019,33.4911,68.62658,1
2019,33.49116,69.09576,1
2019,33.49432,68.37023,1
2019,33.49777,74.18208,1
2019,33.5021,74.17978,1
2019,33.50225,68.07116,1
2019,33.50619,72.99871,1
2019,33.5088,66.10864,1
2019,33.51114,68.05092,1
2019,33.51416,68.04261,1
2019,33.51524,36.29208,4
2019,33.5161,71.4275,1
2019,33.51936,75.89987,1
2019,33.52163,65.66556,2
2019,33.52258,68.09214,1
2019,33.52704,68.06869,1
2019,33.5279,71.06699,1
2019,33.52889,71.05612,1
2019,33.53528,44.61389,1
2019,33.53956,69.47474,1
2019,33.54067,44.25127,3
2019,33.54262,68.41533,28
2019,33.5439,68.41586,1
2019,33.54831,44.41574,1
2019,33.55099,44.2335,1
2019,33.5529,74.89698,1
2019,33.55449,68.44601,1
2019,33.55502,68.3856,1
2019,33.56669,68.30007,1
2019,33.5682,75.19606,1
2019,33.57022,68.30013,1
2019,33.57109,42.91294,1
2019,33.57114,68.2959,1
2019,33.57181,44.53607,1
2019,33.57252,69.88356,1
2019,33.57322,69.70253,1
2019,33.57349,44.54743,1
2019,33.5759,69.65023,1
2019,33.57914,68.45909,1
2019,33.57924,44.62158,1
2019,33.58503,66.06234,1
2019,33.5906,71.44062,1
2019,33.59206,42.61896,1
2019,33.59863,69.229,5
2019,33.59968,65.10948,1
2019,33.60508,74.14308,1
2019,33.60947,68.23343,1
2019,33.61343,74.92613,2
2019,33.61778,60.94699,1
2019,33.63256,75.13334,1
2019,33.63592,62.26664,1
2019,33.6391,44.60827,1
2019,33.63972,74.99896,1
2019,33.63987,74.26342,1
2019,33.64145,65.74444,1
2019,33.6425,44.41912,1
2019,33.64268,75.06256,1
2019,33.64311,68.38672,1
2019,33.64525,70.07391,1
2019,33.64542,75.01967,2
2019,33.64641,61.97834,1
2019,33.65364,75.19685,1
2019,33.65408,45.54744,1
2019,33.65827,75.02818,1
2019,33.66265,69.33142,1
2019,33.66749,74.04764,1
2019,33.66854,39.9679,1
2019,33.66969,44.38132,12
2019,33.67056,44.64122,1
2019,33.67161,61.98139,1
2019,33.67164,73.05606,3
2019,33.67247,74.86928,2
2019,33.67495,75.13712,1
2019,33.68327,43.47326,1
2019,33.68352,64.89064,1
2019,33.68569,64.82455,1
2019,33.68759,74.99598,1
2019,33.68925,45.06467,1
2019,33.69282,69.48064,1
2019,33.69341,44.79608,2
2019,33.69395,45.06742,1
2019,33.69436,74.88434,1
2019,33.69656,44.62094,1
2019,33.69668,63.09286,1
2019,33.70409,75.20339,1
2019,33.7062,69.38311,1
2019,33.70737,75.10539,2
2019,33.70948,64.90959,1
2019,33.71259,69.47152,1
2019,33.71349,44.27038,1
2019,33.71365,74.84662,1
2019,33.71527,44.71079,1
2019,33.717,44.67952,2
2019,33.72061,74.84852,1
2019,33.72129,74.83107,1
2019,33.72226,66.63835,1
2019,33.72417,63.15196,1
2019,33.72428,75.08394,1
2019,33.72662,75.09124,1
2019,33.72988,71.50957,1
2019,33.73194,74.85806,1
2019,33.73222,75.15792,5
2019,33.73623,63.14893,1
2019,33.74324,44.62382,3
2019,33.7446,74.86645,1
2019,33.745,45.54562,5
2019,33.74619,69.91764,1
2019,33.74864,74.84701,1
2019,33.7493,75.32596,1
2019,33.74949,62.2616,1
2019,33.75083,45.39083,1
2019,33.7513,74.889,3
2019,33.7517,74.87147,1
2019,33.75442,74.90029,1
2019,33.75827,35.52956,1
2019,33.75862,44.39833,1
2019,33.76048,69.36053,1
2019,33.7618,74.29227,1
2019,33.76509,74.84413,1
2019,33.76641,44.70506,1
2019,33.76723,74.9764,2
2019,33.76921,44.37677,2
2019,33.77115,69.32278,1
2019,33.77231,69.91618,1
2019,33.77323,45.14424,1
2019,33.77335,45.14945,6
2019,33.77352,45.14754,1
2019,33.77383,75.2519,1
2019,33.77494,75.00475,2
2019,33.77506,44.58035,1
2019,33.77512,69.33969,1
2019,33.77528,74.91028,1
2019,33.77785,69.49438,1
2019,33.77882,69.93318,1
2019,33.78044,69.38371,1
2019,33.78208,74.93111,1
2019,33.78608,45.13675,1
2019,33.787,69.35394,1
2019,33.78733,74.86387,2
2019,33.78733,74.86389,1
2019,33.78751,42.45611,1
2019,33.7895,75.10338,2
2019,33.79034,75.07685,1
2019,33.79035,74.89454,1
2019,33.79057,75.17132,1
2019,33.79465,44.89258,3
2019,33.79539,69.81199,1
2019,33.79543,44.68876,1
2019,33.79656,43.16927,2
2019,33.79707,69.79634,1
2019,33.7979,69.81167,1
2019,33.79821,68.93483,1
2019,33.80008,69.66917,1
2019,33.80261,63.80054,1
2019,33.80289,68.57036,1
2019,33.80358,44.63442,1
2019,33.80396,69.81579,1
2019,33.80398,75.2456,1
2019,33.80554,74.96618,2
2019,33.80688,69.79879,1
2019,33.80875,74.81004,1
2019,33.80902,69.91632,1
2019,33.81135,70.15021,1
2019,33.81152,70.23338,1
2019,33.81203,63.30319,1
2019,33.81279,74.09773,1
2019,33.81363,75.46447,1
2019,33.81377,66.21774,1
2019,33.81379,44.65724,3
2019,33.81422,75.00127,1
2019,33.81572,74.88713,1
2019,33.81608,75.21381,1
2019,33.81739,69.92219,1
2019,33.82021,74.81584,1
2019,33.82355,44.74246,1
2019,33.82424,74.85317,1
2019,33.82426,74.85313,1
2019,33.82995,69.38145,1
2019,33.83136,44.73397,1
2019,33.83391,74.93111,1
2019,33.835,44.79222,1
2019,33.83563,44.24741,1
2019,33.83668,44.7907,1
2019,33.84008,69.59346,1
2019,33.84078,44.7767,1
2019,33.8427,66.24669,1
2019,33.84688,74.87115,1
2019,33.85369,75.0438,1
2019,33.85412,68.37031,1
2019,33.85489,44.48998,1
2019,33.85853,74.84999,1
2019,33.85996,74.82892,1
2019,33.86072,44.68387,1
2019,33.86246,45.28732,1
2019,33.8625,45.28722,1
2019,33.8648,42.53638,2
2019,33.86652,74.86455,1
2019,33.8688,75.02834,1
2019,33.87283,72.01704,1
2019,33.87339,74.90042,4
2019,33.87375,74.86835,1
2019,33.87492,44.34442,1
2019,33.8786,70.88973,1
2019,33.8794,36.08301,1
2019,33.87975,41.84,1
2019,33.88077,44.93267,1
2019,33.8809,41.83883,1
2019,33.88262,74.88622,1
2019,33.88443,44.76115,1
2019,33.88894,75.0718,1
2019,33.88912,35.5519,1
2019,33.88956,42.62325,1
2019,33.88956,44.76788,1
2019,33.89397,75.06915,1
2019,33.89686,74.93317,1
2019,33.9032,74.92166,1
2019,33.90321,74.92165,1
2019,33.90484,44.77743,1
2019,33.90494,74.83975,1
2019,33.90494,74.94964,1
2019,33.90605,44.72455,1
2019,33.90754,68.66877,2
2019,33.90876,44.79004,1
2019,33.9098,44.16339,1
2019,33.91,44.7642,1
2019,33.91018,75.26897,1
2019,33.91119,44.73594,5
2019,33.91251,75.10345,1
2019,33.91759,71.97478,1
2019,33.91861,75.08212,1
2019,33.91876,75.08229,1
2019,33.92127,8.12893,1
2019,33.92175,75.01392,1
2019,33.92178,75.01391,1
2019,33.92179,75.0139,1
2019,33.92186,68.63225,1
2019,33.92224,74.95312,1
2019,33.92375,68.61318,1
2019,33.92659,44.77206,8
2019,33.92761,71.80784,1
2019,33.93046,75.0614,2
2019,33.93101,75.11421,9
2019,33.93167,69.06968,1
2019,33.93199,68.87884,1
2019,33.93398,74.64121,1
2019,33.93486,74.64005,1
2019,33.93812,44.38344,1
2019,33.93832,75.11502,1
2019,33.93871,75.11053,1
2019,33.94016,68.86984,1
2019,33.94067,74.9661,1
2019,33.9411,44.3297,1
2019,33.94437,44.36567,1
2019,33.94787,74.92987,1
2019,33.94824,44.3636,1
2019,33.94958,44.983,1
2019,33.9515,44.9713,1
2019,33.95316,44.9219,4
2019,33.95477,75.09839,1
2019,33.96768,74.96362,1
2019,33.96802,69.60555,1
2019,33.97124,71.56273,1
2019,33.97361,74.88916,2
2019,33.97631,71.43716,2
2019,33.98243,74.95303,1
2019,33.98261,63.70685,1
2019,33.98307,63.72983,2
2019,33.98505,42.46547,1
2019,33.98936,71.3189,1
2019,33.99452,72.91042,1
2019,33.99459,44.35727,3
2019,33.99606,69.06994,1
2019,33.99768,71.88465,1
2019,34.00256,63.74025,2
2019,34.00458,63.7127,1
2019,34.00576,71.92965,1
2019,34.0059,71.64887,1
2019,34.006,71.53743,10
2019,34.00721,71.98308,1
2019,34.00746,74.67596,1
2019,34.00792,69.03617,1
2019,34.00797,42.52218,1
2019,34.01047,44.14824,1
2019,34.01083,71.05389,1
2019,34.01302,69.00671,1
2019,34.01406,71.5236,1
2019,34.02119,68.99954,6
2019,34.02385,69.04359,1
2019,34.02608,71.33172,1
2019,34.02866,69.03566,1
2019,34.03071,44.06386,1
2019,34.03118,69.02242,1
2019,34.03564,45.44058,3
2019,34.03914,63.70114,1
2019,34.03952,43.54444,1
2019,34.0403,74.888,1
2019,34.04031,74.88799,1
2019,34.04399,70.44361,1
2019,34.04616,62.17558,1
2019,34.04924,68.9913,1
2019,34.04982,68.99028,1
2019,34.05307,43.48247,1
2019,34.05347,44.93308,1
2019,34.05711,44.21829,1
2019,34.06,45.05491,1
2019,34.06027,70.66342,1
2019,34.06503,70.66551,1
2019,34.06722,44.95222,1
2019,34.06947,70.66482,1
2019,34.08374,74.7899,23
2019,34.08627,70.44186,1
2019,34.08657,70.63784,1
2019,34.08769,64.01795,1
2019,34.0918,64.32877,1
2019,34.09266,42.38547,1
2019,34.09284,70.47024,1
2019,34.09374,44.21817,1
2019,34.09474,70.27232,1
2019,34.09772,63.7645,1
2019,34.09958,64.90596,2
2019,34.10072,45.05196,1
2019,34.10258,70.96198,1
2019,34.10363,61.07758,1
2019,34.10583,62.13445,1
2019,34.10583,64.94374,1
2019,34.10753,64.30599,1
2019,34.11032,71.16381,5
2019,34.11222,44.76639,2
2019,34.11302,65.04868,1
2019,34.11404,74.67041,1
2019,34.11658,72.02162,1
2019,34.11856,45.05277,2
2019,34.11999,70.05605,1
2019,34.12573,45.00334,2
2019,34.12576,42.37431,1
2019,34.12813,74.83963,1
2019,34.12866,69.68108,1
2019,34.12872,71.08582,1
2019,34.14384,62.77552,1
2019,34.14549,42.06466,1
2019,34.14821,74.37495,1
2019,34.15076,69.2401,1
2019,34.154,63.8449,1
2019,34.15903,74.35873,1
2019,34.15952,74.35871,1
2019,34.16244,71.9547,1
2019,34.16889,45.35222,1
2019,34.17183,70.62168,3
2019,34.17304,45.28291,1
2019,34.17373,70.61643,1
2019,34.1751,74.56567,1
2019,34.18106,45.18653,1
2019,34.18521,70.83578,1
2019,34.18536,45.11985,1
2019,34.18668,69.20407,2
2019,34.1915,69.20769,1
2019,34.19204,42.49727,1
2019,34.19392,45.28919,1
2019,34.19575,70.78639,1
2019,34.19655,70.16184,2
2019,34.19742,62.76126,1
2019,34.19779,62.14014,1
2019,34.19899,45.19309,1
2019,34.19903,74.34996,1
2019,34.20011,70.27806,1
2019,34.20131,74.44876,1
2019,34.20212,69.18763,1
2019,34.20237,69.22548,1
2019,34.2056,74.35386,2
2019,34.2058,69.09267,1
2019,34.20602,71.03574,1
2019,34.20842,43.89071,10
2019,34.21492,64.43414,1
2019,34.21649,69.17196,1
2019,34.21664,71.1397,1
2019,34.21729,71.56104,1
2019,34.22043,71.2262,1
2019,34.22581,74.64102,1
2019,34.22602,70.19587,1
2019,34.22802,61.25002,1
2019,34.22862,69.1296,1
2019,34.22921,70.19321,1
2019,34.23013,70.19296,1
2019,34.23044,69.22738,1
2019,34.23189,69.10109,1
2019,34.2327,44.8134,1
2019,34.23524,70.15902,1
2019,34.237,70.14038,1
2019,34.23701,70.06093,1
2019,34.2376,69.97415,1
2019,34.23822,69.12442,1
2019,34.24063,70.18129,1
2019,34.24888,68.00446,1
2019,34.25268,62.87875,1
2019,34.25442,62.87942,1
2019,34.25491,70.90887,1
2019,34.25537,62.49733,1
2019,34.25622,45.16369,1
2019,34.25789,70.19139,1
2019,34.26193,45.15959,1
2019,34.26205,62.77344,1
2019,34.2635,70.78743,1
2019,34.26442,45.16511,1
2019,34.26826,70.77989,1
2019,34.27104,45.16357,6
2019,34.27324,63.14194,1
2019,34.27369,45.16577,1
2019,34.27396,62.61652,1
2019,34.27403,44.54254,2
2019,34.27449,63.1455,1
2019,34.27609,44.53322,1
2019,34.27882,45.27507,1
2019,34.27922,70.36515,1
2019,34.28224,63.01009,1
2019,34.28302,62.72495,1
2019,34.28366,61.81794,1
2019,34.28367,43.90676,1
2019,34.28632,70.76495,1
2019,34.28889,74.46371,9
2019,34.29166,70.5728,1
2019,34.29237,70.57409,1
2019,34.29565,41.74973,1
2019,34.29621,69.29369,1
2019,34.29798,74.6153,1
2019,34.29828,70.10023,1
2019,34.29887,45.1506,1
2019,34.30068,71.65125,1
2019,34.31115,63.2462,1
2019,34.3113,45.22885,1
2019,34.31351,41.1674,1
2019,34.31653,45.28827,2
2019,34.31659,41.16099,1
2019,34.31665,61.4445,1
2019,34.31812,42.6639,1
2019,34.31847,45.11985,1
2019,34.31848,63.06915,1
2019,34.31882,41.162,1
2019,34.31882,63.20921,1
2019,34.31954,68.75964,1
2019,34.32416,63.12362,2
2019,34.32429,67.90061,1
2019,34.32882,63.19626,1
2019,34.32888,45.21426,1
2019,34.32905,70.67109,1
2019,34.33056,74.46534,2
2019,34.33137,41.21692,1
2019,34.33161,45.34328,1
2019,34.33227,70.17472,1
2019,34.33259,73.20281,1
2019,34.33332,44.91668,1
2019,34.33508,74.48302,1
2019,34.34672,62.19732,19
2019,34.34734,45.38327,11
2019,34.34787,45.27347,1
2019,34.34874,40.92125,1
2019,34.35192,63.18851,1
2019,34.35331,63.26773,2
2019,34.35425,45.38394,1
2019,34.35778,70.71972,1
2019,34.359,45.28423,1
2019,34.36068,63.90735,1
2019,34.3607,62.3525,1
2019,34.36273,45.16818,4
2019,34.36544,45.35974,1
2019,34.36774,41.98528,1
2019,34.36879,41.09447,2
2019,34.37091,63.19732,1
2019,34.37193,61.78467,1
2019,34.37416,74.35334,1
2019,34.37432,9.05624,1
2019,34.37513,45.38103,1
2019,34.38005,61.59205,1
2019,34.38038,9.06233,1
2019,34.38313,44.58297,1
2019,34.38687,74.3741,1
2019,34.38694,69.0725,1
2019,34.38726,72.07167,1
2019,34.39214,70.26103,1
2019,34.39381,41.07953,1
2019,34.3968,68.86394,4
2019,34.39928,74.28127,1
2019,34.39952,45.14268,2
2019,34.40248,69.73342,1
2019,34.40412,74.35322,1
2019,34.41099,74.37348,1
2019,34.41712,70.44959,59
2019,34.41935,45.2882,1
2019,34.41987,45.27248,1
2019,34.42649,69.12685,1
2019,34.42887,68.83865,1
2019,34.43084,44.93409,3
2019,34.43114,8.77567,1
2019,34.43422,40.98938,7
2019,34.4346,35.83616,1
2019,34.43998,70.64439,1
2019,34.44818,70.65221,1
2019,34.44878,68.79425,1
2019,34.44917,70.6619,1
2019,34.45109,35.81075,2
2019,34.45258,72.3668,1
2019,34.45435,70.51658,1
2019,34.45889,43.79101,1
2019,34.46666,45.16589,2
2019,34.46674,45.16465,1
2019,34.46698,74.2877,1
2019,34.46886,71.27215,1
2019,34.47141,40.91042,1
2019,34.47715,74.20432,1
2019,34.47882,45.20335,1
2019,34.48212,70.48205,1
2019,34.48511,70.19321,1
2019,34.48686,62.70708,1
2019,34.49437,65.21371,1
2019,34.49501,70.45515,1
2019,34.50229,69.30666,1
2019,34.50318,69.35612,1
2019,34.50341,74.28689,1
2019,34.50777,69.25635,1
2019,34.50868,68.62306,1
2019,34.51111,70.18722,1
2019,34.51328,69.32814,1
2019,34.51371,71.06608,1
2019,34.51972,45.15611,1
2019,34.52046,69.30136,1
2019,34.52132,65.24924,12
2019,34.52384,69.1403,93
2019,34.525,74.39167,1
2019,34.52691,74.25651,1
2019,34.52713,68.59044,1
2019,34.52814,68.93174,1
2019,34.53375,43.48374,2
2019,34.5356,71.28742,3
2019,34.53694,65.11472,1
2019,34.54197,69.35972,1
2019,34.54206,66.33577,2
2019,34.54542,68.93342,1
2019,34.54583,43.53863,1
2019,34.54877,65.74902,1
2019,34.54904,65.65044,1
2019,34.54906,65.71556,1
2019,34.5492,65.7158,2
2019,34.55273,64.96284,1
2019,34.55481,43.56379,1
2019,34.55545,41.43888,1
2019,34.5564,71.2575,1
2019,34.55852,38.29367,1
2019,34.56306,71.25458,1
2019,34.57122,65.74769,1
2019,34.57416,68.95184,1
2019,34.57749,70.59292,1
2019,34.57865,40.93924,1
2019,34.58,65.75,1
2019,34.58051,38.85221,1
2019,34.58141,74.06798,1
2019,34.58281,36.72859,1
2019,34.58381,69.25437,1
2019,34.58452,61.20806,1
2019,34.58587,69.2551,1
2019,34.59013,65.75012,1
2019,34.5944,61.26826,1
2019,34.59559,61.19429,1
2019,34.5962,72.443,1
2019,34.59708,-83.76216,1
2019,34.60222,71.51722,1
2019,34.60364,61.15235,1
2019,34.60367,65.75538,1
2019,34.62152,43.66838,1
2019,34.6231,70.92925,1
2019,34.62549,61.17159,1
2019,34.62553,65.23392,1
2019,34.63204,66.31646,1
2019,34.64167,45.3875,1
2019,34.64763,69.09196,1
2019,34.65,65.29996,1
2019,34.65076,69.31085,1
2019,34.6512,42.9872,1
2019,34.65425,61.20158,1
2019,34.65474,65.18953,1
2019,34.65687,61.10969,3
2019,34.66363,69.09794,1
2019,34.664,61.1332,1
2019,34.66634,37.47838,1
2019,34.66702,71.30852,2
2019,34.66816,61.10948,2
2019,34.6688,36.82872,1
2019,34.66889,69.04447,1
2019,34.67039,71.30614,1
2019,34.67134,69.04953,1
2019,34.67213,65.83751,1
2019,34.67487,70.21344,3
2019,34.68867,44.95802,1
2019,34.68958,44.06603,1
2019,34.69808,38.79533,1
2019,34.69987,69.06167,1
2019,34.71723,36.63992,1
2019,34.72023,44.10678,1
2019,34.72184,70.14823,1
2019,34.7251,71.53356,1
2019,34.72627,44.58491,2
2019,34.72698,71.50105,1
2019,34.73068,72.01873,1
2019,34.73624,71.32541,1
2019,34.7378,45.08447,1
2019,34.74176,70.28681,1
2019,34.74351,71.57505,1
2019,34.74854,69.04567,1
2019,34.75519,63.10394,7
2019,34.75749,43.60904,1
2019,34.76358,71.56596,1
2019,34.76527,71.41138,1
2019,34.77097,44.3689,1
2019,34.78325,70.108,1
2019,34.7838,70.10358,1
2019,34.78653,71.52492,1
2019,34.78727,70.10125,1
2019,34.79047,70.47652,1
2019,34.79065,71.3427,1
2019,34.79209,48.5165,1
2019,34.79561,70.05835,1
2019,34.79593,69.6931,1
2019,34.79746,62.13654,1
2019,34.80269,62.14013,1
2019,34.8062,69.68579,1
2019,34.80798,70.43705,1
2019,34.80801,71.44603,1
2019,34.80946,71.32124,1
2019,34.81018,62.64328,3
2019,34.8139,71.33542,1
2019,34.81891,63.1209,1
2019,34.81924,63.5282,1
2019,34.82231,63.53924,1
2019,34.82271,71.41192,1
2019,34.82528,71.36306,1
2019,34.83422,69.65746,1
2019,34.83608,71.40774,1
2019,34.83938,63.4944,1
2019,34.84121,63.43096,1
2019,34.84615,69.15805,1
2019,34.84628,69.21623,1
2019,34.84659,71.09732,1
2019,34.84734,69.21475,1
2019,34.85509,63.4862,2
2019,34.85529,70.11336,1
2019,34.85731,71.07262,1
2019,34.85746,-111.7951,1
2019,34.85851,63.49427,1
2019,34.85904,71.53035,1
2019,34.86621,71.52639,1
2019,34.86768,63.41506,1
2019,34.87084,62.54757,1
2019,34.87725,37.37322,1
2019,34.88017,69.65191,1
2019,34.88358,63.48452,1
2019,34.8842,38.87252,2
2019,34.88909,69.85278,1
2019,34.89274,63.51556,1
2019,34.8966,63.57401,1
2019,34.89819,43.80824,1
2019,34.90264,71.46054,1
2019,34.90794,68.98004,1
2019,34.91346,45.24112,1
2019,34.9173,69.19345,1
2019,34.92056,69.17745,1
2019,34.92495,43.80219,2
2019,34.93383,69.23279,1
2019,34.93399,69.23101,1
2019,34.93661,71.89859,1
2019,34.9382,62.27829,1
2019,34.94026,69.25497,1
2019,34.94141,69.83043,1
2019,34.94291,69.26132,1
2019,34.9508,43.49454,10
2019,34.95972,69.61806,1
2019,34.95973,70.92146,1
2019,34.96322,63.09624,1
2019,34.96742,62.93481,1
2019,34.97074,63.13804,1
2019,34.97364,63.13735,1
2019,34.97438,63.13728,1
2019,34.97478,71.83427,1
2019,34.98107,69.62143,1
2019,34.98207,40.53936,2
2019,34.98294,69.58655,1
2019,34.98426,63.53318,1
2019,34.98894,70.91121,1
2019,34.9897,70.9071,1
2019,34.99005,63.13254,3
2019,34.99123,62.93008,1
2019,34.99187,69.30645,1
2019,34.99921,71.35877,1
2019,34.99928,63.52468,1
2019,34.99932,62.2476,1
2019,35.00601,40.51334,1
2019,35.00606,40.51351,1
2019,35.00645,40.51346,1
2019,35.00835,68.89976,1
2019,35.0111,40.52798,1
2019,35.0113,70.04632,1
2019,35.0114,37.05613,1
2019,35.01156,135.76815,1
2019,35.01322,69.41538,1
2019,35.01578,40.45521,3
2019,35.01816,69.16899,5
2019,35.01976,43.65541,1
2019,35.02002,64.32822,1
2019,35.02376,70.42721,1
2019,35.02806,63.27,1
2019,35.03293,69.66633,1
2019,35.03394,44.51455,1
2019,35.03879,69.64146,1
2019,35.03936,71.36104,1
2019,35.04104,62.3781,1
2019,35.04601,45.73285,1
2019,35.04734,69.6316,1
2019,35.05139,63.29639,1
2019,35.05249,69.68278,1
2019,35.06369,36.34168,1
2019,35.06808,62.9029,1
2019,35.07428,62.87288,1
2019,35.07545,62.87426,1
2019,35.07631,43.93985,1
2019,35.07791,62.87258,1
2019,35.08024,62.86117,1
2019,35.08165,70.46758,1
2019,35.08449,44.32366,1
2019,35.0845,44.32365,1
2019,35.0845,44.32366,1
2019,35.08736,63.08773,1
2019,35.09363,63.27178,1
2019,35.09609,43.4663,3
2019,35.09755,44.32985,2
2019,35.09912,40.45932,2
2019,35.0997,44.35146,1
2019,35.09983,44.40929,1
2019,35.10466,-89.97738,2
2019,35.10619,62.32574,1
2019,35.10739,40.53842,1
2019,35.10939,36.57118,1
2019,35.11123,62.32416,1
2019,35.11556,68.98377,1
2019,35.12347,62.31538,1
2019,35.12504,40.4281,1
2019,35.12663,68.9994,1
2019,35.13352,36.74937,1
2019,35.1353,44.08766,7
2019,35.13701,44.44664,1
2019,35.14398,61.62998,1
2019,35.14573,36.69552,2
2019,35.1476,63.17924,1
2019,35.15011,62.28338,1
2019,35.15331,61.73922,1
2019,35.15335,61.73939,1
2019,35.15681,40.42734,4
2019,35.15781,65.11397,1
2019,35.1731,40.42359,1
2019,35.17795,45.98805,1
2019,35.18113,44.36821,1
2019,35.18706,37.18374,1
2019,35.1895,8.67165,1
2019,35.20058,40.48116,1
2019,35.20064,71.87501,1
2019,35.20278,63.06281,1
2019,35.20298,63.06551,1
2019,35.20397,44.41836,1
2019,35.20433,61.61107,1
2019,35.20576,63.06576,1
2019,35.20852,43.89499,1
2019,35.21088,61.60706,5
2019,35.21113,43.99397,1
2019,35.21188,44.37584,1
2019,35.22205,72.42512,1
2019,35.2222,43.33353,1
2019,35.22271,72.42582,1
2019,35.22472,38.86103,1
2019,35.22537,40.24372,1
2019,35.22539,71.3612,1
2019,35.24142,-92.94651,1
2019,35.24319,43.6988,2
2019,35.24462,44.27549,1
2019,35.24844,36.57145,1
2019,35.25889,69.16983,1
2019,35.25999,68.6196,1
2019,35.26024,43.79056,1
2019,35.26026,43.40028,1
2019,35.26124,36.55733,1
2019,35.26481,62.9995,9
2019,35.26637,36.711,1
2019,35.26691,43.5865,1
2019,35.27028,43.59022,1
2019,35.27102,43.45808,2
2019,35.27208,43.91504,4
2019,35.27291,43.60023,2
2019,35.2762,43.59045,1
2019,35.27758,43.59444,1
2019,35.28179,43.64507,1
2019,35.28182,72.00432,1
2019,35.28733,36.44525,2
2019,35.28798,40.30886,1
2019,35.2915,36.66252,2
2019,35.29568,43.79067,1
2019,35.30304,44.32993,1
2019,35.30654,36.51954,1
2019,35.30766,43.61617,1
2019,35.3103,71.55014,1
2019,35.31556,8.85207,1
2019,35.31711,67.63093,1
2019,35.31972,44.66,1
2019,35.32136,64.81158,2
2019,35.32137,64.81151,1
2019,35.32196,43.61499,1
2019,35.32328,36.48783,1
2019,35.32612,43.78081,2
2019,35.32782,69.51585,1
2019,35.33346,72.04561,1
2019,35.34602,43.70384,1
2019,35.36157,35.92716,1
2019,35.36216,40.13551,1
2019,35.36351,36.39459,2
2019,35.36915,40.21608,1
2019,35.37679,36.53746,2
2019,35.38667,43.15398,1
2019,35.38896,43.1814,1
2019,35.39715,9.20804,2
2019,35.40527,68.23451,1
2019,35.40574,36.82191,2
2019,35.40639,43.21222,1
2019,35.41585,43.11477,3
2019,35.4208,9.23266,1
2019,35.42084,36.33123,1
2019,35.42913,63.41904,3
2019,35.43273,36.49405,2
2019,35.43582,36.74111,1
2019,35.44318,36.65006,1
2019,35.44711,63.39792,1
2019,35.44766,65.88962,1
2019,35.45014,63.37551,1
2019,35.45211,44.37546,21
2019,35.46068,44.24072,1
2019,35.46548,43.18215,1
2019,35.46588,43.17256,1
2019,35.46667,44.31667,1
2019,35.46806,43.1998,1
2019,35.4699,44.12767,1
2019,35.47108,43.14918,1
2019,35.47713,63.37913,1
2019,35.48554,43.9292,1
2019,35.49279,63.41442,1
2019,35.49302,68.26531,1
2019,35.49547,43.84084,1
2019,35.49577,63.39104,1
2019,35.49745,36.40313,1
2019,35.49753,43.10038,1
2019,35.49944,43.23489,8
2019,35.50254,68.87966,1
2019,35.50258,69.95503,1
2019,35.50292,36.40039,1
2019,35.50913,42.57266,1
2019,35.51475,63.46552,1
2019,35.51632,44.28159,1
2019,35.5288,35.79298,1
2019,35.53845,36.31643,1
2019,35.54127,44.23754,1
2019,35.55453,43.26265,1
2019,35.56462,64.43193,1
2019,35.56558,64.43449,1
2019,35.56701,45.3855,1
2019,35.56943,42.72302,1
2019,35.58567,63.32809,1
2019,35.58691,44.17263,1
2019,35.5963,64.35884,1
2019,35.5967,65.18829,1
2019,35.5967,68.72437,1
2019,35.5982,64.76366,1
2019,35.59821,64.76366,1
2019,35.59951,64.29692,3
2019,35.60399,68.67018,1
2019,35.60547,63.32461,1
2019,35.61081,68.67024,1
2019,35.61562,36.55839,1
2019,35.61642,64.79674,1
2019,35.61753,65.16865,1
2019,35.61998,63.40365,2
2019,35.62526,43.22324,1
2019,35.62798,65.35205,1
2019,35.63,65.28,1
2019,35.63633,65.28338,1
2019,35.63845,65.27296,1
2019,35.63941,45.44733,1
2019,35.63957,63.30551,1
2019,35.64035,63.30929,2
2019,35.64088,63.30995,2
2019,35.64265,63.30598,1
2019,35.64577,67.97325,1
2019,35.65078,64.33209,1
2019,35.65182,66.04628,5
2019,35.6549,67.82907,1
2019,35.65702,44.05602,1
2019,35.65811,68.04775,1
2019,35.65973,64.23931,1
2019,35.66628,44.04504,1
2019,35.66768,67.8787,2
2019,35.6704,66.04632,1
2019,35.67061,66.04685,1
2019,35.67075,66.04635,1
2019,35.67075,66.04642,1
2019,35.67278,43.6975,1
2019,35.67293,44.07014,1
2019,35.67373,64.30119,1
2019,35.68912,139.74774,1
2019,35.68983,42.54902,1
2019,35.69036,64.29641,1
2019,35.69312,64.29434,1
2019,35.69376,68.40092,1
2019,35.69993,67.33504,1
2019,35.70001,44.0999,1
2019,35.70383,67.29358,1
2019,35.70789,67.29147,1
2019,35.7088,67.28801,1
2019,35.70939,65.22192,3
2019,35.71013,64.74116,1
2019,35.71262,64.7177,1
2019,35.71681,66.30896,1
2019,35.71979,36.01444,1
2019,35.72123,64.76953,2
2019,35.72133,43.1973,1
2019,35.73211,43.57297,1
2019,35.7368,65.43637,1
2019,35.7445,64.73656,1
2019,35.74684,67.01387,1
2019,35.75229,44.14774,1
2019,35.75666,37.04158,1
2019,35.7667,64.76138,1
2019,35.76835,43.58897,1
2019,35.77126,35.9899,1
2019,35.77282,64.72886,1
2019,35.7759,64.72542,1
2019,35.77787,64.77056,1
2019,35.77848,64.78051,1
2019,35.78324,35.96326,1
2019,35.79441,68.80568,1
2019,35.79813,43.29418,2
2019,35.79881,67.45601,1
2019,35.80766,66.33869,1
2019,35.81064,41.83996,1
2019,35.8134,36.31994,1
2019,35.81397,36.60992,1
2019,35.81568,43.28517,1
2019,35.81682,64.73303,1
2019,35.82124,66.35438,1
2019,35.82409,43.54493,1
2019,35.82544,64.64216,1
2019,35.82559,66.37667,1
2019,35.83148,38.54541,2
2019,35.83318,68.81446,1
2019,35.8357,68.81834,4
2019,35.83872,65.232,1
2019,35.83974,65.23282,1
2019,35.84052,64.70512,1
2019,35.84076,66.37303,1
2019,35.84172,64.63085,2
2019,35.84179,65.24166,1
2019,35.84182,68.97851,1
2019,35.84198,65.23197,1
2019,35.84303,68.46034,1
2019,35.84731,66.72778,1
2019,35.84859,43.6113,1
2019,35.84999,66.73,1
2019,35.85113,43.3537,2
2019,35.85309,66.73077,1
2019,35.854,66.72606,1
2019,35.85753,65.44198,1
2019,35.8578,65.43284,1
2019,35.86025,36.79052,1
2019,35.86069,66.394,1
2019,35.86098,65.28321,1
2019,35.86611,66.33667,1
2019,35.86851,36.80467,1
2019,35.87097,43.29677,1
2019,35.87209,65.47437,1
2019,35.87349,65.88308,1
2019,35.88276,65.40458,1
2019,35.88335,64.49768,1
2019,35.88337,68.73324,1
2019,35.8855,36.29291,1
2019,35.8868,66.36537,1
2019,35.88939,-5.32134,1
2019,35.89008,66.3825,1
2019,35.89171,36.98635,1
2019,35.89399,43.37683,1
2019,35.89615,66.35303,1
2019,35.89636,65.16351,1
2019,35.89782,66.41382,1
2019,35.89932,69.08135,1
2019,35.90125,69.07755,1
2019,35.90639,66.35196,1
2019,35.90653,65.10071,1
2019,35.91204,65.02924,1
2019,35.91448,67.33914,1
2019,35.92105,64.77454,3
2019,35.92189,64.9858,1
2019,35.92274,66.79872,1
2019,35.92361,64.38011,1
2019,35.92428,64.39529,1
2019,35.92821,66.35324,1
2019,35.9288,36.63145,13
2019,35.9306,64.33906,1
2019,35.93087,64.95752,1
2019,35.93162,66.57796,1
2019,35.93456,68.71198,1
2019,35.94077,64.29818,1
2019,35.94755,68.71033,16
2019,35.94852,66.45855,2
2019,35.95016,68.71107,1
2019,35.95101,69.28568,1
2019,35.95152,39.00956,9
2019,35.95217,66.52157,1
2019,35.95352,69.31308,1
2019,35.95505,43.16391,1
2019,35.95538,70.75568,1
2019,35.95647,66.9588,1
2019,35.96219,68.72938,2
2019,35.96982,69.02844,1
2019,35.9699,66.72359,1
2019,35.97361,64.31361,1
2019,35.97392,69.03589,1
2019,35.97535,64.29195,1
2019,35.9764,69.03731,1
2019,35.97692,66.92408,1
2019,35.98119,66.94783,1
2019,35.98347,68.70684,1
2019,35.98801,65.39131,1
2019,35.98822,68.63574,3
2019,35.98832,64.28244,1
2019,35.9892,64.7206,1
2019,35.98972,38.96257,1
2019,35.99264,66.36421,1
2019,35.99353,43.21973,1
2019,35.99588,42.82914,1
2019,35.99883,66.20205,13
2019,35.99987,65.3634,1
2019,36.00025,65.36299,1
2019,36.00154,65.363,1
2019,36.00165,65.36289,1
2019,36.00239,66.95478,1
2019,36.00276,65.36605,3
2019,36.00278,64.90306,1
2019,36.00431,67.01069,1
2019,36.00564,66.21757,1
2019,36.00571,68.69324,1
2019,36.01335,39.07439,1
2019,36.01882,64.85975,2
2019,36.02114,65.76095,1
2019,36.02198,64.69312,3
2019,36.02231,66.23727,1
2019,36.0224,67.43323,1
2019,36.02394,64.99334,1
2019,36.02504,64.94069,1
2019,36.02548,68.675,2
2019,36.02552,67.43194,1
2019,36.02569,70.77728,1
2019,36.0283,66.38831,1
2019,36.02896,70.7836,1
2019,36.03156,64.97841,1
2019,36.03516,65.01098,1
2019,36.03554,68.64311,4
2019,36.03736,65.00067,1
2019,36.03784,66.23049,1
2019,36.03925,66.37128,1
2019,36.04049,64.85909,1
2019,36.0444,67.4349,1
2019,36.04506,41.71672,1
2019,36.0473,64.99182,1
2019,36.05436,69.08284,1
2019,36.05496,40.72496,5
2019,36.05513,67.40562,1
2019,36.05527,68.55706,1
2019,36.05544,64.98991,1
2019,36.05562,64.84814,1
2019,36.05765,66.24965,1
2019,36.06091,68.59381,8
2019,36.06118,67.35489,1
2019,36.06148,69.11122,1
2019,36.06238,68.67292,1
2019,36.06282,66.20578,1
2019,36.06289,67.39589,1
2019,36.06357,66.53687,1
2019,36.06765,64.96812,1
2019,36.06876,67.45209,1
2019,36.06997,67.46424,1
2019,36.07135,-94.16597,1
2019,36.07232,67.44823,1
2019,36.07266,66.25001,1
2019,36.07603,67.38256,1
2019,36.07936,64.84151,1
2019,36.07956,64.90596,2
2019,36.0803,67.4126,1
2019,36.0807,-115.13693,1
2019,36.08411,67.38457,1
2019,36.0842,65.76136,1
2019,36.09195,68.52361,1
2019,36.09574,66.21962,1
2019,36.09942,67.46227,1
2019,36.10147,65.40784,1
2019,36.10167,37.12862,1
2019,36.10809,64.96585,1
2019,36.10921,68.11309,1
2019,36.10964,-83.54936,1
2019,36.11071,65.41094,1
2019,36.11186,66.48892,1
2019,36.11544,37.04935,1
2019,36.11633,65.6884,1
2019,36.119,67.4299,1
2019,36.12003,66.05537,1
2019,36.12966,65.72306,1
2019,36.13583,69.29548,1
2019,36.13834,43.00027,1
2019,36.14066,69.19396,1
2019,36.14408,66.47145,1
2019,36.15071,66.02959,6
2019,36.1532,43.25123,1
2019,36.15821,68.7201,1
2019,36.15823,66.04278,2
2019,36.15856,43.2551,2
2019,36.15877,66.4788,1
2019,36.16538,64.61575,1
2019,36.16724,65.71339,1
2019,36.17571,68.75338,1
2019,36.17731,68.75214,1
2019,36.17809,42.27387,1
2019,36.17936,68.73103,1
2019,36.18134,37.06925,1
2019,36.18654,68.69731,1
2019,36.18798,69.33543,1
2019,36.18823,36.7251,1
2019,36.18838,37.25708,1
2019,36.1902,42.55497,1
2019,36.19125,36.70379,1
2019,36.19259,44.00462,3
2019,36.1959,42.0578,1
2019,36.20172,37.14352,11
2019,36.20211,37.13426,1
2019,36.20235,41.68717,1
2019,36.21423,36.76139,1
2019,36.21711,65.37207,1
2019,36.21766,65.93304,6
2019,36.2214,65.29946,1
2019,36.22225,67.93487,1
2019,36.22372,68.77832,1
2019,36.22388,37.48434,1
2019,36.2253,68.80221,4
2019,36.22901,69.57157,1
2019,36.2295,41.88568,1
2019,36.22957,42.23624,1
2019,36.23151,36.69413,2
2019,36.23426,64.8627,1
2019,36.23634,64.90698,1
2019,36.23689,69.57304,1
2019,36.23794,64.86505,3
2019,36.23833,64.86474,1
2019,36.24783,68.77814,1
2019,36.26005,64.8782,1
2019,36.26264,43.14266,1
2019,36.26422,36.56571,1
2019,36.26656,64.85918,1
2019,36.26693,68.01969,4
2019,36.26921,41.84804,1
2019,36.27852,43.08129,12
2019,36.28013,65.87854,1
2019,36.28086,36.85577,1
2019,36.28213,43.73421,1
2019,36.28683,64.86837,2
2019,36.2873,66.85123,1
2019,36.29648,68.6517,1
2019,36.30016,68.64675,2
2019,36.30383,65.48208,2
2019,36.30931,36.6782,1
2019,36.30952,65.8726,1
2019,36.31008,68.82644,1
2019,36.31404,41.86282,1
2019,36.31654,67.96292,1
2019,36.31939,41.86148,1
2019,36.32075,37.39063,1
2019,36.32322,42.14351,2
2019,36.33041,65.89481,1
2019,36.33062,68.61999,1
2019,36.33634,65.46063,4
2019,36.35084,69.39833,1
2019,36.35415,43.14357,12
2019,36.35416,43.38178,1
2019,36.35913,69.34622,1
2019,36.36231,69.37414,2
2019,36.36267,69.38863,1
2019,36.36412,69.37384,1
2019,36.36428,66.8878,1
2019,36.3662,37.51228,8
2019,36.36878,66.91864,1
2019,36.36988,66.89103,1
2019,36.37015,66.89158,1
2019,36.3737,69.35651,1
2019,36.37486,64.87877,1
2019,36.37682,42.44888,2
2019,36.3813,66.92028,1
2019,36.38178,69.34374,1
2019,36.38925,66.92242,1
2019,36.39218,69.32971,1
2019,36.39634,36.68827,1
2019,36.40623,40.79205,1
2019,36.40739,42.96462,4
2019,36.41252,64.89414,1
2019,36.4126,67.12667,1
2019,36.41933,69.72918,1
2019,36.42106,64.89325,1
2019,36.42151,64.89313,1
2019,36.42186,64.89325,1
2019,36.42586,66.89958,1
2019,36.43247,37.56614,4
2019,36.43511,36.87483,1
2019,36.43827,70.79177,1
2019,36.45892,43.19872,1
2019,36.46077,39.59355,1
2019,36.46121,68.02762,1
2019,36.46814,65.0192,1
2019,36.47278,64.9,1
2019,36.47424,67.11565,1
2019,36.48258,37.1971,1
2019,36.48742,66.60531,1
2019,36.48954,42.90975,1
2019,36.49778,42.43352,1
2019,36.49838,66.92578,3
2019,36.49903,66.68382,2
2019,36.4996,36.80045,1
2019,36.50105,65.08761,1
2019,36.50215,67.9478,1
2019,36.50359,40.74063,10
2019,36.50787,40.74627,1
2019,36.50832,66.67094,2
2019,36.50853,42.84222,1
2019,36.50952,37.33705,1
2019,36.50968,68.90408,1
2019,36.50989,37.33743,1
2019,36.51005,66.60583,1
2019,36.51035,66.64443,1
2019,36.51037,68.90138,1
2019,36.51056,65.06779,2
2019,36.51063,68.89573,1
2019,36.51116,68.86666,1
2019,36.51164,36.86736,11
2019,36.51228,36.86843,1
2019,36.51461,68.90142,1
2019,36.51475,66.65993,1
2019,36.51678,36.82167,1
2019,36.51827,36.95465,1
2019,36.52522,36.91137,1
2019,36.52721,40.55889,1
2019,36.52856,37.95409,10
2019,36.53542,37.96555,1
2019,36.53766,66.66779,1
2019,36.54,66.97,1
2019,36.5416,66.57346,1
2019,36.54322,68.89069,1
2019,36.54622,71.33972,1
2019,36.54656,68.88479,1
2019,36.55058,66.72882,3
2019,36.55534,68.91527,1
2019,36.55811,66.71154,1
2019,36.55831,41.86585,1
2019,36.5695,37.43545,1
2019,36.57371,37.01649,1
2019,36.58544,37.04692,10
2019,36.58843,69.9995,1
2019,36.59304,66.7429,1
2019,36.59556,39.12833,1
2019,36.59562,39.12848,1
2019,36.5963,39.12958,1
2019,36.59775,39.13032,1
2019,36.60068,8.96632,1
2019,36.60077,37.79362,1
2019,36.60886,68.89336,1
2019,36.61171,-89.81895,2
2019,36.61279,37.44903,6
2019,36.61547,69.10893,1
2019,36.61748,68.89572,1
2019,36.62509,65.75294,1
2019,36.62709,69.0981,1
2019,36.63122,37.47019,1
2019,36.63462,69.36945,1
2019,36.6388,70.85522,2
2019,36.64165,69.08983,1
2019,36.64179,69.08941,1
2019,36.64268,69.09185,1
2019,36.64271,69.09191,1
2019,36.64876,66.31961,1
2019,36.65108,66.88198,1
2019,36.65202,38.93463,1
2019,36.65295,69.47985,1
2019,36.65598,39.75863,1
2019,36.66229,68.6798,2
2019,36.66272,68.87047,1
2019,36.66386,44.51974,1
2019,36.66627,68.98683,1
2019,36.66744,67.01536,1
2019,36.66858,69.00946,2
2019,36.66911,38.93536,1
2019,36.66945,37.73251,1
2019,36.6697,68.56869,2
2019,36.67251,36.66606,1
2019,36.67374,68.68684,1
2019,36.67432,66.7243,1
2019,36.67467,65.7484,1
2019,36.67517,66.74303,1
2019,36.6755,36.66495,1
2019,36.67582,37.7571,1
2019,36.67641,69.06658,1
2019,36.68051,42.39427,1
2019,36.68103,69.114,1
2019,36.68145,69.1149,2
2019,36.68419,68.95446,1
2019,36.68613,66.36363,1
2019,36.68734,69.05317,1
2019,36.68794,68.76068,1
2019,36.68846,69.10298,2
2019,36.68968,68.79072,1
2019,36.69414,68.81503,2
2019,36.69492,45.14475,1
2019,36.69591,38.94673,5
2019,36.69746,71.14718,1
2019,36.70054,66.33594,1
2019,36.70355,68.84708,3
2019,36.70389,66.34526,1
2019,36.70428,68.9076,1
2019,36.70545,66.36155,1
2019,36.70574,68.87697,34
2019,36.70993,67.1157,7
2019,36.71338,38.94879,1
2019,36.71858,66.87115,1
2019,36.71998,66.33939,1
2019,36.72298,68.74932,2
2019,36.72699,69.51697,1
2019,36.72855,68.8679,2
2019,36.72877,68.8202,1
2019,36.73346,69.53776,5
2019,36.73587,66.36696,1
2019,36.73666,68.858,1
2019,36.74036,38.93022,1
2019,36.74371,71.21301,1
2019,36.74408,66.07974,1
2019,36.74652,66.37591,1
2019,36.7467,66.37012,1
2019,36.74793,68.77726,1
2019,36.74803,66.74767,1
2019,36.74873,68.88032,1
2019,36.7491,70.85095,2
2019,36.75563,66.89778,1
2019,36.76048,71.20454,1
2019,36.76622,70.9122,1
2019,36.77789,66.55593,1
2019,36.77798,66.6909,1
2019,36.78003,66.65814,1
2019,36.78114,66.54814,1
2019,36.78366,66.15485,1
2019,36.78453,64.96853,1
2019,36.78693,64.99385,1
2019,36.78756,66.14773,1
2019,36.78855,70.82664,1
2019,36.78915,10.1698,1
2019,36.79129,68.82935,1
2019,36.79333,66.68831,1
2019,36.79454,66.89439,1
2019,36.79495,66.44049,1
2019,36.79738,68.85629,1
2019,36.79936,10.17756,1
2019,36.80014,40.96269,1
2019,36.80056,68.80278,1
2019,36.80122,66.90807,1
2019,36.80141,66.41034,1
2019,36.8016,66.66116,1
2019,36.80314,66.41276,1
2019,36.8041,44.6647,1
2019,36.80625,66.88344,1
2019,36.8065,10.18153,1
2019,36.80925,66.49578,1
2019,36.81065,66.86319,1
2019,36.81177,66.66735,1
2019,36.81347,66.02594,1
2019,36.81367,66.87648,1
2019,36.81445,66.34146,2
2019,36.81451,37.99427,1
2019,36.816,66.6583,1
2019,36.81751,70.85025,1
2019,36.81863,38.01113,8
2019,36.81891,38.01011,1
2019,36.82044,66.40859,1
2019,36.82163,67.71933,1
2019,36.82333,66.82112,1
2019,36.82429,66.65004,1
2019,36.82454,66.65464,1
2019,36.82679,38.05188,2
2019,36.82923,69.39579,1
2019,36.83147,66.70007,1
2019,36.83215,66.25216,1
2019,36.83328,69.39753,1
2019,36.84087,65.29122,1
2019,36.84194,67.02677,1
2019,36.84667,66.14506,1
2019,36.84795,40.07062,3
2019,36.84912,66.11294,1
2019,36.85346,65.28856,1
2019,36.86254,41.63854,1
2019,36.86298,69.90437,1
2019,36.86305,66.80598,1
2019,36.86716,70.48193,1
2019,36.87189,68.3745,1
2019,36.87392,70.46845,1
2019,36.87681,35.45623,1
2019,36.87935,65.661,1
2019,36.88099,70.28038,1
2019,36.88211,65.2621,1
2019,36.88214,68.27627,1
2019,36.8865,38.3502,1
2019,36.88817,68.42932,1
2019,36.89092,67.18945,1
2019,36.89625,66.21512,1
2019,36.89697,65.66586,2
2019,36.8991,66.21393,1
2019,36.89977,66.23676,1
2019,36.90391,66.18958,1
2019,36.90392,66.21411,1
2019,36.90919,39.73434,3
2019,36.91201,68.43983,1
2019,36.91534,66.19624,1
2019,36.91539,66.18952,1
2019,36.91596,66.21939,2
2019,36.91866,68.52991,1
2019,36.91906,68.48451,5
2019,36.94658,69.21194,1
2019,36.94701,30.67125,2
2019,36.94726,69.19403,1
2019,36.95334,66.25648,2
2019,36.95373,69.19216,1
2019,36.95551,65.57476,1
2019,36.95608,68.58045,1
2019,36.9573,68.5563,1
2019,36.96243,69.14869,1
2019,36.96254,68.57837,1
2019,36.96597,66.91492,1
2019,36.96686,69.16029,1
2019,36.96824,68.56884,3
2019,36.97559,38.4264,1
2019,36.97872,69.18178,1
2019,36.9813,70.73358,1
2019,36.98294,66.7958,1
2019,36.98324,66.79408,1
2019,36.9839,66.79629,1
2019,36.98769,66.81577,1
2019,36.98802,69.17696,1
2019,36.98807,66.83172,1
2019,36.99051,69.43172,1
2019,36.99142,35.33083,1
2019,36.9925,66.29678,1
2019,36.99552,69.40023,4
2019,36.99625,40.33966,1
2019,36.99632,66.74876,1
2019,36.99658,69.17196,1
2019,36.99699,66.75528,2
2019,36.99741,69.40408,1
2019,36.9977,69.44627,1
2019,37.00172,69.41239,1
2019,37.00316,66.77841,1
2019,37.00335,69.40486,1
2019,37.0037,70.87088,1
2019,37.00462,-121.58548,1
2019,37.00714,69.4074,1
2019,37.00851,68.44474,1
2019,37.00963,70.55663,1
2019,37.01091,69.43143,2
2019,37.01391,68.90548,1
2019,37.01724,69.1959,1
2019,37.02239,69.43297,1
2019,37.02489,69.16098,2
2019,37.02499,37.97748,1
2019,37.02602,65.99766,1
2019,37.02722,70.89814,1
2019,37.0281,66.34985,1
2019,37.02944,41.54621,1
2019,37.03053,40.38259,1
2019,37.03133,64.93324,1
2019,37.03356,66.82988,1
2019,37.03371,64.93342,1
2019,37.03434,66.76179,1
2019,37.04,69.39354,3
2019,37.04231,27.41919,1
2019,37.0446,69.40838,1
2019,37.04946,66.00897,1
2019,37.05336,41.22734,7
2019,37.05345,11.01179,1
2019,37.05472,66.80677,1
2019,37.05818,66.80152,1
2019,37.05887,66.06199,1
2019,37.06216,71.19394,1
2019,37.06515,66.74303,1
2019,37.06968,69.42077,1
2019,37.07013,69.48753,1
2019,37.07361,43.58028,1
2019,37.08018,41.22019,2
2019,37.08827,44.32766,1
2019,37.08904,68.82686,1
2019,37.09389,71.1556,1
2019,37.09657,71.16499,1
2019,37.10075,69.91252,1
2019,37.10213,68.8324,1
2019,37.10696,41.21314,1
2019,37.10783,70.56756,1
2019,37.10819,68.81073,1
2019,37.11141,41.22065,1
2019,37.11252,68.85255,1
2019,37.11339,68.91786,3
2019,37.11612,70.37318,1
2019,37.12502,68.98656,1
2019,37.13115,69.45088,1
2019,37.13223,68.84023,1
2019,37.13754,69.37268,1
2019,37.14323,68.94909,1
2019,37.14361,68.88371,1
2019,37.14562,70.46214,1
2019,37.14615,68.87041,1
2019,37.14615,69.1101,1
2019,37.14621,69.11019,1
2019,37.15618,68.95663,1
2019,37.16161,68.92202,1
2019,37.16851,27.90229,1
2019,37.17109,69.7806,1
2019,37.17172,68.98788,1
2019,37.17245,69.47188,1
2019,37.17704,38.79415,1
2019,37.18372,68.91495,1
2019,37.1851,68.91593,1
2019,37.18517,67.71998,2
2019,37.18993,68.60967,1
2019,37.206,69.47718,1
2019,37.20634,41.39774,1
2019,37.21498,67.41477,1
2019,37.21537,28.36339,1
2019,37.21969,68.91764,1
2019,37.22247,70.84394,1
2019,37.22427,70.05165,1
2019,37.22733,69.50042,1
2019,37.22815,67.04636,1
2019,37.23959,43.51248,1
2019,37.24278,69.48084,1
2019,37.24394,69.48159,1
2019,37.24411,69.4797,1
2019,37.2442,69.47906,1
2019,37.24442,42.47373,1
2019,37.24562,69.48348,1
2019,37.2478,67.0401,1
2019,37.25039,44.48543,1
2019,37.25666,66.88299,1
2019,37.25973,9.88227,1
2019,37.2694,70.84245,1
2019,37.27676,9.86416,1
2019,37.2884,66.07958,1
2019,37.29171,43.68914,1
2019,37.29371,43.67119,2
2019,37.29908,66.07475,1
2019,37.3026,44.53089,1
2019,37.30554,42.49832,2
2019,37.30638,66.06467,1
2019,37.30652,66.0006,1
2019,37.31102,27.7694,1
2019,37.31933,44.57108,1
2019,37.32239,65.99395,1
2019,37.33303,66.81545,1
2019,37.33491,42.18789,1
2019,37.3364,69.57735,1
2019,37.33718,66.00066,1
2019,37.3402,41.8934,1
2019,37.34925,69.56404,1
2019,37.36417,69.55889,1
2019,37.3739,44.08508,1
2019,37.37895,69.51545,1
2019,37.37953,40.9295,1
2019,37.38345,-122.02556,1
2019,37.39993,69.81223,1
2019,37.40486,69.7407,1
2019,37.40494,69.67554,1
2019,37.41313,70.19165,1
2019,37.41917,69.42917,1
2019,37.41984,66.02066,1
2019,37.42496,69.65872,1
2019,37.43774,69.52353,1
2019,37.45045,69.52721,1
2019,37.45922,69.52418,1
2019,37.45981,69.52579,1
2019,37.45992,69.52602,1
2019,37.45997,69.52612,2
2019,37.46001,69.49336,1
2019,37.46124,69.66419,1
2019,37.46517,69.66358,1
2019,37.49126,42.51843,1
2019,37.49137,42.45949,1
2019,37.50996,69.68909,1
2019,37.57002,43.16411,1
2019,37.57007,44.29048,1
2019,37.57172,44.2823,1
2019,37.57314,126.97787,1
2019,37.57735,43.73568,1
2019,37.57743,43.73678,1
2019,37.57803,44.28115,1
2019,37.58296,69.85086,1
2019,37.60211,-120.86599,1
2019,37.62086,70.71456,2
2019,37.62702,70.71685,1
2019,37.665,70.65778,1
2019,37.75573,-122.44285,2
2019,37.92222,40.18438,2
2019,37.9274,41.94198,1
2019,37.95206,68.29316,1
2019,37.99749,23.76273,21
2019,38.06088,23.59102,1
2019,38.08418,23.7384,1
2019,38.16812,71.22912,1
2019,38.20232,70.91166,1
2019,38.24915,71.22102,1
2019,38.31119,26.7955,1
2019,38.34625,27.04327,1
2019,38.35917,27.26761,1
2019,38.42327,71.0328,2
2019,38.49805,41.01487,1
2019,38.56246,68.95169,1
2019,38.5667,-121.46834,1
2019,38.65233,42.42012,1
2019,38.78872,-77.00789,1
2019,38.90993,-77.01473,1
2019,38.96355,-77.44961,1
2019,39.142,43.914,1
2019,39.44608,-84.36657,1
2019,39.54664,44.06883,1
2019,39.55041,44.02174,1
2019,39.66116,44.80859,1
2019,39.77979,-84.1998,2
2019,39.79885,9.62666,1
2019,39.82063,44.57034,1
2019,39.8321,-105.15114,1
2019,39.85815,44.53639,1
2019,39.93077,32.76754,2
2019,40.00932,-75.13337,1
2019,40.10194,43.18583,1
2019,40.28056,22.50584,1
2019,40.32024,9.32644,1
2019,40.4656,-3.69626,3
2019,40.62066,22.952,7
2019,40.62741,27.622,1
2019,40.69426,-73.93068,6
2019,40.71883,-74.06876,1
2019,40.79436,22.41445,1
2019,40.87867,29.34228,1
2019,40.96625,-81.84395,2
2019,40.9708,-74.79713,1
2019,41.10618,28.68986,5
2019,41.11812,-74.0681,1
2019,41.12868,-74.08549,1
2019,41.13547,-74.99231,1
2019,41.31139,-72.92474,1
2019,41.47071,9.26669,1
2019,41.47759,19.72048,1
2019,41.51125,-81.56358,1
2019,41.79739,-74.82691,1
2019,41.83735,-87.6862,1
2019,42.04324,13.92173,1
2019,42.09563,9.15244,4
2019,42.1348,8.59621,1
2019,42.28138,-71.24108,1
2019,42.34545,-77.66051,1
2019,42.35217,9.04557,2
2019,42.41867,-71.16391,2
2019,42.48424,9.45408,1
2019,42.7,9.44732,2
2019,43.091,-80.10298,1
2019,43.14518,46.87481,1
2019,43.16196,45.19825,1
2019,43.18018,44.79886,1
2019,43.30228,77.22692,1
2019,43.33104,45.07494,1
2019,43.50383,-1.44225,1
2019,43.7252,-79.38703,2
2019,43.76507,11.31294,1
2019,45.07273,7.67954,2
2019,45.11416,5.75716,1
2019,45.18235,5.72123,1
2019,45.36434,9.68248,1
2019,45.46921,9.17451,1
2019,45.75465,4.83016,1
2019,45.76405,4.90892,1
2019,46.1853,30.33603,1
2019,46.50165,-80.93954,1
2019,46.56925,30.78984,1
2019,46.96119,32.00294,1
2019,47.17934,-122.29021,1
2019,47.2426,-122.45434,1
2019,47.26047,37.77844,1
2019,47.38256,8.54332,1
2019,47.47838,-122.19197,2
2019,47.49406,19.07604,1
2019,47.50273,32.47369,1
2019,47.62791,37.75537,1
2019,47.8388,35.13957,1
2019,47.88922,35.06462,1
2019,47.91048,33.39178,1
2019,47.94229,37.50403,2
2019,47.99947,37.97975,1
2019,48.01588,37.80285,1
2019,48.05986,37.57649,1
2019,48.1048,38.59236,1
2019,48.32646,9.89311,1
2019,48.41315,-4.46794,1
2019,48.42297,38.17194,1
2019,48.43961,0.01065,1
2019,48.64805,0.74985,1
2019,48.66662,39.46045,1
2019,48.73725,39.2312,1
2019,48.85664,2.34233,2
2019,49.44443,32.05977,1
2019,49.4519,11.07689,1
2019,50.16175,36.17069,1
2019,50.16902,36.16475,1
2019,50.25662,36.50782,1
2019,50.41455,30.51964,1
2019,50.44082,30.50867,1
2019,50.44267,30.56475,1
2019,50.4501,30.5234,3
2019,50.45857,30.54734,1
2019,50.46161,30.46974,1
2019,50.8719,5.51672,1
2019,50.89997,14.803,1
2019,51.12293,13.11672,1
2019,51.21432,-0.7988,1
2019,51.32696,9.17077,1
2019,51.34224,12.37477,1
2019,51.36708,7.46328,1
2019,51.44603,-0.47455,1
2019,51.4557,7.01158,1
2019,51.46849,12.12456,1
2019,51.49384,11.9802,1
2019,51.49698,11.9688,1
2019,51.50438,-0.14004,6
2019,51.52204,6.92812,1
2019,51.52391,6.92925,1
2019,51.62661,24.96085,1
2019,51.97257,6.7232,1
2019,52.09074,5.12142,1
2019,52.20151,-7.15351,1
2019,52.25185,-7.13421,1
2019,52.38739,4.64622,1
2019,52.50153,13.40185,3
2019,52.6567,5.60538,1
2019,52.66384,-8.62673,1
2019,52.68112,-8.64775,1
2019,53.07237,8.81587,1
2019,53.14737,0.33831,1
2019,53.36167,-6.24548,2
2019,53.58573,-116.44557,1
2019,53.59408,-1.80136,1
2019,53.71608,-6.35016,1
2019,53.83274,-7.91801,1
2019,53.83277,-7.92156,1
2019,53.95598,-7.71562,1
2019,53.97177,-6.48675,1
2019,54.0859,-6.57559,1
2019,54.12875,-7.34502,1
2019,54.16115,-6.31054,1
2019,54.33785,-5.81975,1
2019,54.33936,-6.9576,1
2019,54.34383,-7.63187,1
2019,54.34426,-6.29025,1
2019,54.34654,-6.66191,1
2019,54.44744,-6.37947,1
2019,54.44924,-6.37633,1
2019,54.45031,-6.36556,1
2019,54.46337,-6.3286,1
2019,54.51569,-6.05572,1
2019,54.55269,-6.01631,4
2019,54.58316,-5.85616,1
2019,54.59147,-5.79151,1
2019,54.60848,-5.95583,26
2019,54.6647,-5.98002,1
2019,54.72124,25.28399,1
2019,54.81916,-7.46791,2
2019,54.82825,-6.06922,1
2019,54.86509,-6.27247,1
2019,54.95602,-6.4802,2
2019,55.01156,-7.31204,22
2019,55.08107,-6.06561,1
2019,55.56032,13.02018,1
2019,55.56597,38.22284,1
2019,55.67256,12.50629,2
2019,55.75138,37.57991,3
2019,55.872,-4.28828,1
2019,55.94637,37.53552,1
2019,56.03192,14.68686,1
2019,59.85337,30.34843,1
2019,59.91387,10.75224,1
2019,59.91986,10.45956,2
2019,60.62995,24.85808,1
2019,61.46921,24.03992,1
2019,62.98049,27.7377,1
2020,-42.97413,-71.64386,1
2020,-41.96521,-71.53281,1
2020,-41.90021,-71.50781,1
2020,-41.8199,-71.42981,1
2020,-41.13406,174.85014,1
2020,-40.57178,-73.17329,1
2020,-39.07962,-72.4447,1
2020,-38.8135,-72.6249,1
2020,-38.76823,-72.59897,1
2020,-38.76645,-72.85204,1
2020,-38.59338,-72.31899,1
2020,-38.58318,-73.05282,1
2020,-38.50994,-72.78418,1
2020,-38.44042,-71.88974,1
2020,-38.34516,-73.49132,2
2020,-38.24604,-72.67782,1
2020,-38.24482,-72.6827,1
2020,-38.24326,-73.49152,1
2020,-38.17933,-72.32106,1
2020,-38.1729,-72.4038,1
2020,-38.16356,-72.52048,1
2020,-38.0969,145.26462,1
2020,-38.0656,-72.38036,1
2020,-38.06407,-72.37601,1
2020,-38.06323,-72.37425,1
2020,-38.0558,-73.39897,1
2020,-38.02834,-73.11941,1
2020,-38.01952,-72.7992,1
2020,-38.01714,-72.42457,1
2020,-38.01619,-73.22889,1
2020,-38.01558,-72.42565,1
2020,-38.01323,-72.41907,1
2020,-38.01278,-73.18771,1
2020,-37.98936,-73.2582,1
2020,-37.98147,-72.41064,1
2020,-37.95827,-72.43212,1
2020,-37.95669,-72.431,1
2020,-37.95531,-72.43114,1
2020,-37.92691,-73.25967,1
2020,-37.88477,-73.29181,1
2020,-37.88117,-72.56721,2
2020,-37.88029,-72.69503,1
2020,-37.86963,-73.46174,1
2020,-37.86916,-72.36433,1
2020,-37.84143,-71.94651,1
2020,-37.82589,-73.03521,1
2020,-37.81103,-73.26911,1
2020,-37.80502,-72.70231,1
2020,-37.79913,-73.39297,1
2020,-37.69546,-73.56111,1
2020,-37.62754,-73.46154,1
2020,-37.61088,145.08706,1
2020,-37.04496,174.86554,1
2020,-37.03369,174.86825,1
2020,-37.02097,174.89575,1
2020,-36.98635,174.843,1
2020,-36.98387,174.83903,1
2020,-36.9663,174.7904,1
2020,-36.96429,174.79589,1
2020,-36.95528,174.78663,1
2020,-36.95254,174.82294,1
2020,-36.9392,174.85262,1
2020,-36.816,-73.03766,2
2020,-35.43138,-71.66036,1
2020,-35.12749,138.50596,1
2020,-34.95318,173.18874,1
2020,-33.89296,18.59349,1
2020,-33.7878,18.92526,1
2020,-33.36624,-70.5053,4
2020,-32.05427,115.74467,1
2020,-31.33203,-64.21325,1
2020,-29.82325,30.80129,1
2020,-28.40788,32.18432,1
2020,-28.37173,32.35014,1
2020,-28.37036,32.35593,1
2020,-28.14459,31.8648,1
2020,-27.63655,153.03,1
2020,-26.84868,27.64454,2
2020,-26.53282,27.85708,1
2020,-26.42101,28.28096,1
2020,-26.35903,28.13075,1
2020,-26.34667,28.10241,2
2020,-26.29235,28.1522,1
2020,-26.15727,28.42474,1
2020,-25.89717,32.60725,1
2020,-25.56534,30.52791,1
2020,-25.4908,-52.5258,1
2020,-23.96306,-46.39194,1
2020,-23.48532,-46.69645,1
2020,-22.96466,-43.22214,1
2020,-22.5492,-55.73872,1
2020,-22.49488,-42.51349,1
2020,-22.336,166.912,1
2020,-22.12435,-56.51121,1
2020,-21.40275,165.83247,1
2020,-21.39455,165.82725,2
2020,-20.54564,34.00315,1
2020,-20.3425,33.72983,2
2020,-19.97493,33.3977,1
2020,-19.90809,33.83857,1
2020,-19.75667,33.85653,1
2020,-19.66603,33.8741,1
2020,-19.64917,34.47194,1
2020,-19.40396,33.29004,1
2020,-19.349,34.268,1
2020,-19.32841,33.83418,1
2020,-19.24965,33.91089,1
2020,-19.2433,34.12425,1
2020,-19.09987,33.81001,1
2020,-19.00857,30.90156,1
2020,-18.94383,32.86485,1
2020,-17.4732,-66.1126,1
2020,-17.4701,-66.1278,1
2020,-17.4522,-66.1102,1
2020,-17.4086,-63.9035,1
2020,-17.403,-63.8838,1
2020,-17.40251,-63.88928,1
2020,-17.40196,-63.87574,1
2020,-17.40066,-63.88473,1
2020,-16.9097,-62.6138,1
2020,-13.4119,39.92869,1
2020,-13.33861,39.72694,1
2020,-13.07192,40.41024,1
2020,-12.9732,40.5178,1
2020,-12.66059,40.42367,1
2020,-12.59361,40.15111,1
2020,-12.57454,40.27627,1
2020,-12.56445,40.27691,1
2020,-12.56337,40.27603,1
2020,-12.56306,40.23972,1
2020,-12.54038,39.65169,1
2020,-12.52556,40.42223,1
2020,-12.52444,40.38333,1
2020,-12.52354,40.41221,1
2020,-12.52345,40.42148,1
2020,-12.52249,40.24697,1
2020,-12.52096,40.36281,1
2020,-12.51349,40.23008,1
2020,-12.50292,40.19476,1
2020,-12.49088,40.07685,1
2020,-12.47435,40.08251,1
2020,-12.4743,40.0825,1
2020,-12.46216,40.45284,1
2020,-12.4579,40.26083,1
2020,-12.45678,40.02672,1
2020,-12.43875,40.49588,1
2020,-12.43574,40.49618,3
2020,-12.43253,40.60443,1
2020,-12.4059,40.119,1
2020,-12.4014,40.1186,1
2020,-12.40106,40.11874,1
2020,-12.38528,40.27583,1
2020,-12.3802,40.2642,2
2020,-12.37979,40.26374,1
2020,-12.3792,40.1376,1
2020,-12.3446,40.3145,1
2020,-12.34459,40.5816,1
2020,-12.33355,39.32062,1
2020,-12.31944,40.1375,1
2020,-12.3176,40.49879,1
2020,-12.23385,40.14015,5
2020,-12.21556,40.59944,1
2020,-12.21504,-74.01619,1
2020,-12.2,40.6,2
2020,-12.16974,40.47535,1
2020,-12.16861,40.47861,1
2020,-12.15371,37.58084,1
2020,-12.13154,40.21056,2
2020,-12.11606,40.10925,1
2020,-12.09194,40.45694,1
2020,-12.09153,40.46162,1
2020,-12.08968,40.41925,2
2020,-12.07536,40.10851,1
2020,-12.07432,40.1108,1
2020,-12.07011,40.4285,1
2020,-12.06974,40.47836,2
2020,-12.0683,40.4292,1
2020,-12.065,40.38694,1
2020,-12.06315,40.19088,1
2020,-12.04654,40.14567,1
2020,-12.04329,40.14527,6
2020,-12.02213,40.14673,1
2020,-12.0125,40.3514,1
2020,-12.0081,40.4547,1
2020,-11.9996,40.53615,1
2020,-11.99861,40.53806,1
2020,-11.93583,39.98472,2
2020,-11.93302,40.10815,1
2020,-11.93195,40.10838,1
2020,-11.93194,40.11028,2
2020,-11.9209,40.4819,1
2020,-11.9182,40.4321,1
2020,-11.90089,40.11196,1
2020,-11.90041,40.11122,1
2020,-11.89814,40.11163,1
2020,-11.88917,39.30778,1
2020,-11.8882,40.07433,2
2020,-11.88139,40.43361,1
2020,-11.87932,40.42353,1
2020,-11.86333,39.81417,1
2020,-11.86327,39.80003,1
2020,-11.85337,40.48541,1
2020,-11.85181,39.76198,1
2020,-11.85111,40.07611,1
2020,-11.85102,40.07599,1
2020,-11.83116,40.09338,1
2020,-11.82749,39.82425,1
2020,-11.8236,39.8122,2
2020,-11.80891,40.00537,1
2020,-11.80867,40.00688,1
2020,-11.8086,40.00605,1
2020,-11.78358,39.90883,1
2020,-11.7759,39.8945,1
2020,-11.77557,39.89554,1
2020,-11.775,39.89519,5
2020,-11.76806,40.425,1
2020,-11.76031,39.80403,1
2020,-11.76004,39.72601,1
2020,-11.75833,39.80611,1
2020,-11.7575,39.74417,1
2020,-11.75389,40.44972,1
2020,-11.74697,39.87533,1
2020,-11.73123,-40.5574,1
2020,-11.7068,39.9842,1
2020,-11.6876,27.50262,1
2020,-11.66442,39.56402,1
2020,-11.6642,39.7643,1
2020,-11.66249,39.56321,1
2020,-11.65977,27.48009,1
2020,-11.65631,39.93753,1
2020,-11.65614,39.93742,1
2020,-11.6412,39.9928,1
2020,-11.58919,40.18989,1
2020,-11.5444,39.8764,1
2020,-11.53667,39.93394,1
2020,-11.53555,39.9363,1
2020,-11.53333,40.36667,1
2020,-11.5108,40.03231,2
2020,-11.47319,40.09964,1
2020,-11.43673,40.18715,1
2020,-11.4265,40.2987,1
2020,-11.42264,40.52602,1
2020,-11.4095,40.46734,1
2020,-11.3804,40.2728,1
2020,-11.36667,40.33333,1
2020,-11.35847,40.34933,1
2020,-11.3574,40.34938,1
2020,-11.35589,40.3523,2
2020,-11.35431,40.34985,1
2020,-11.3536,40.35224,10
2020,-11.34801,40.36396,1
2020,-11.34759,40.36421,1
2020,-11.34204,40.35644,1
2020,-11.34189,40.32419,2
2020,-11.30912,40.35773,1
2020,-11.27944,40.41028,1
2020,-11.26583,40.42,1
2020,-11.24278,40.35194,1
2020,-11.2412,39.8878,1
2020,-11.23998,40.3645,1
2020,-11.23994,40.36453,1
2020,-11.19262,40.61428,2
2020,-11.17611,39.66,1
2020,-11.16601,40.46389,1
2020,-11.15612,39.66286,1
2020,-11.15556,39.6625,1
2020,-11.15296,39.73434,1
2020,-11.14999,39.66185,1
2020,-11.14957,39.66047,1
2020,-11.14124,40.32517,1
2020,-11.08085,39.67312,1
2020,-11.07403,39.67573,1
2020,-11.07312,39.67241,1
2020,-11.07276,39.67504,5
2020,-11.0232,40.6905,2
2020,-10.99029,40.47786,1
2020,-10.96496,40.35548,1
2020,-10.9619,40.3546,2
2020,-10.93836,39.84636,1
2020,-10.89722,40.05947,2
2020,-10.89656,40.05803,1
2020,-10.89473,40.06111,1
2020,-10.7827,40.43666,1
2020,-10.77437,40.47455,1
2020,-10.65598,40.16883,3
2020,-8.9094,33.46077,1
2020,-7.9,27.98333,1
2020,-6.68107,106.90658,1
2020,-6.27401,27.9249,1
2020,-6.16478,35.74362,1
2020,-5.95746,28.01568,2
2020,-5.67163,27.96714,1
2020,-5.5029,27.87884,1
2020,-5.50262,27.87884,1
2020,-5.40653,105.24916,1
2020,-5.35811,15.97575,1
2020,-5.09699,28.89359,1
2020,-4.91942,12.27057,1
2020,-4.76667,29.71667,1
2020,-4.66272,28.66064,1
2020,-4.62351,29.10846,1
2020,-4.61333,-77.60201,1
2020,-4.574,138.35891,1
2020,-4.55546,140.56249,1
2020,-4.55335,136.8883,1
2020,-4.33333,137.0,1
2020,-4.30111,28.94417,1
2020,-4.29998,28.94166,1
2020,-4.28822,137.4577,1
2020,-4.23874,29.09267,1
2020,-4.2,29.03661,1
2020,-4.15,27.56667,1
2020,-4.14189,137.08984,1
2020,-4.06778,102.51306,1
2020,-3.95106,28.74893,1
2020,-3.87453,29.05097,1
2020,-3.84236,28.72712,1
2020,-3.81361,29.44115,1
2020,-3.73854,136.98537,1
2020,-3.69048,29.40041,1
2020,-3.64678,28.70289,1
2020,-3.6433,28.6828,1
2020,-3.64213,28.7032,1
2020,-3.617,28.6977,1
2020,-3.56866,29.36024,1
2020,-3.53348,32.42085,1
2020,-3.50686,136.75206,1
2020,-3.47266,30.25226,1
2020,-3.41016,136.70837,2
2020,-3.38692,36.68299,1
2020,-3.37288,29.14488,1
2020,-3.34432,28.09561,1
2020,-3.3413,29.38573,1
2020,-3.16606,-78.44669,1
2020,-3.12011,28.99362,1
2020,-3.07842,29.57615,1
2020,-3.01166,28.29944,3
2020,-3.0078,29.64992,1
2020,-2.7794,29.4281,1
2020,-2.67831,115.11776,1
2020,-2.67299,-79.61493,1
2020,-2.47333,40.46461,1
2020,-2.32531,40.33128,2
2020,-2.26956,40.90064,1
2020,-2.21628,40.48295,1
2020,-2.1799,-79.88268,1
2020,-2.17667,40.81466,1
2020,-2.15683,40.9042,1
2020,-2.13891,29.05401,1
2020,-2.09687,28.90482,1
2020,-1.63789,41.58694,1
2020,-1.62613,120.47181,1
2020,-1.60834,29.13629,1
2020,-1.53154,40.68057,1
2020,-1.50639,40.59528,1
2020,-1.49462,40.61437,1
2020,-1.43494,-78.08327,1
2020,-1.39843,28.81598,1
2020,-1.39832,28.8183,1
2020,-1.395,120.75377,1
2020,-1.35676,28.67169,1
2020,-1.34717,29.36816,1
2020,-1.3137,40.7322,1
2020,-1.25089,40.79959,2
2020,-1.1951,28.7429,5
2020,-1.19057,29.56129,1
2020,-1.1869,29.44613,1
2020,-1.17176,120.26281,1
2020,-1.1535,28.9105,1
2020,-1.0779,29.42973,1
2020,-0.79177,29.04599,4
2020,-0.71448,39.85435,3
2020,-0.66667,28.75,1
2020,-0.61017,39.78077,1
2020,-0.60891,39.7814,1
2020,-0.51588,40.39049,2
2020,-0.43615,40.25908,1
2020,-0.42418,40.23472,1
2020,-0.41113,29.7751,1
2020,-0.35785,42.54665,7
2020,-0.32563,42.27992,1
2020,-0.18776,40.38103,1
2020,-0.18714,40.38382,1
2020,-0.17383,41.2699,3
2020,-0.172,40.041,1
2020,-0.15496,29.2437,1
2020,-0.15452,29.24207,1
2020,-0.14266,40.26801,2
2020,-0.07448,42.57202,1
2020,-0.05044,29.51428,1
2020,-0.03968,40.46787,1
2020,-0.01481,40.43033,1
2020,-0.00709,42.64126,1
2020,0.02714,42.29033,2
2020,0.10216,40.29127,1
2020,0.22458,40.64824,1
2020,0.24888,42.77963,1
2020,0.26175,-76.54694,1
2020,0.28273,34.75186,1
2020,0.28319,41.71717,1
2020,0.28444,41.62007,1
2020,0.28456,41.63177,1
2020,0.29586,32.52581,1
2020,0.30181,32.57654,1
2020,0.30366,41.44077,2
2020,0.30684,32.51647,1
2020,0.31433,41.43866,1
2020,0.31481,41.43883,1
2020,0.31568,29.42516,1
2020,0.32124,41.74647,1
2020,0.33216,29.6774,1
2020,0.3377,29.7484,1
2020,0.33778,29.72523,2
2020,0.33849,29.74636,1
2020,0.34124,29.72096,1
2020,0.3531,-76.9339,1
2020,0.35552,29.63123,1
2020,0.41183,29.76954,1
2020,0.41212,41.00811,2
2020,0.41849,29.55072,2
2020,0.42619,29.24106,1
2020,0.4312,29.4749,1
2020,0.4353,29.4705,1
2020,0.43595,-75.52768,1
2020,0.43595,-75.52767,1
2020,0.43675,29.41075,1
2020,0.44801,29.36602,1
2020,0.45031,29.42199,1
2020,0.4611,29.43248,5
2020,0.46354,29.42057,1
2020,0.46443,29.44929,1
2020,0.46508,29.45466,1
2020,0.4655,-76.2595,1
2020,0.46667,29.41667,1
2020,0.47769,29.35516,1
2020,0.48669,29.45191,2
2020,0.48816,29.42226,1
2020,0.49298,29.45616,1
2020,0.49305,29.45184,2
2020,0.49558,29.45844,1
2020,0.49594,29.45961,2
2020,0.49619,29.51443,1
2020,0.49901,29.45275,6
2020,0.49928,29.4595,1
2020,0.5,29.46667,3
2020,0.52433,29.34902,1
2020,0.54233,29.82944,1
2020,0.6313,29.4918,1
2020,0.6332,-76.582,1
2020,0.6405,29.4962,1
2020,0.643,29.5012,1
2020,0.65188,29.49766,3
2020,0.6636,29.51359,1
2020,0.69849,29.50266,1
2020,0.71022,29.42955,1
2020,0.71799,29.49478,1
2020,0.72872,29.36689,1
2020,0.73019,29.36776,1
2020,0.73637,29.72885,1
2020,0.73984,29.44645,1
2020,0.74397,29.30154,6
2020,0.75702,29.4676,1
2020,0.7645,29.5652,1
2020,0.7673,29.52644,1
2020,0.78126,29.60065,1
2020,0.78188,29.599,1
2020,0.81349,29.38697,1
2020,0.81507,-77.71659,1
2020,0.82467,29.44066,2
2020,0.82502,29.44041,1
2020,0.83002,-77.64155,1
2020,0.85175,29.61209,1
2020,0.85222,29.6125,1
2020,0.85223,29.61264,1
2020,0.85237,29.25765,2
2020,0.85317,29.61072,2
2020,0.91116,29.82525,2
2020,0.91478,29.61235,1
2020,0.92528,-76.15333,1
2020,0.93308,-75.69062,1
2020,0.94141,29.81119,1
2020,0.96143,-76.40763,1
2020,0.96299,29.60682,3
2020,0.98472,29.10734,1
2020,0.98665,29.80435,3
2020,0.98889,29.87833,1
2020,0.98906,29.87855,1
2020,0.98968,40.95824,1
2020,0.9962,29.35508,2
2020,1.02411,29.58371,1
2020,1.0457,29.9233,2
2020,1.05344,-77.86384,1
2020,1.11423,44.0287,1
2020,1.1241,29.8335,1
2020,1.14087,-77.86457,1
2020,1.20841,30.17743,1
2020,1.2138,30.09041,1
2020,1.22633,42.70803,1
2020,1.2275,29.92472,2
2020,1.2277,29.92487,3
2020,1.3279,-77.60001,1
2020,1.32923,27.97548,1
2020,1.33261,-77.58616,1
2020,1.35093,-77.52387,1
2020,1.35953,29.02854,3
2020,1.36012,29.03652,1
2020,1.36494,29.44657,1
2020,1.36661,29.76313,2
2020,1.39096,-78.51778,1
2020,1.39197,30.44024,1
2020,1.3974,30.35628,3
2020,1.41766,-78.43596,1
2020,1.43181,29.84277,1
2020,1.43749,29.84348,2
2020,1.43915,29.84391,5
2020,1.43924,29.84333,1
2020,1.45251,29.8749,1
2020,1.4607,30.29136,1
2020,1.46272,29.84931,1
2020,1.46667,30.1,1
2020,1.48322,-78.65187,1
2020,1.4881,29.8881,1
2020,1.49054,40.37997,1
2020,1.52113,30.25968,2
2020,1.52826,29.77025,1
2020,1.52877,29.88683,1
2020,1.5529,30.25405,1
2020,1.55941,30.25224,1
2020,1.56114,30.24961,1
2020,1.56252,30.25159,1
2020,1.565,30.24734,1
2020,1.57428,30.23973,1
2020,1.578,-74.51784,1
2020,1.59577,29.41793,10
2020,1.61539,-75.60424,1
2020,1.62556,30.03472,2
2020,1.63605,40.30886,1
2020,1.63916,44.52645,1
2020,1.64209,30.22567,1
2020,1.64311,29.98898,1
2020,1.65,30.48333,1
2020,1.66963,30.0242,1
2020,1.67202,30.60829,2
2020,1.67306,-78.13722,1
2020,1.70766,30.21491,1
2020,1.71443,30.47718,1
2020,1.71634,44.76869,2
2020,1.72881,30.12661,1
2020,1.72916,30.31472,1
2020,1.73333,30.3333,1
2020,1.73569,30.30411,1
2020,1.75039,44.74571,1
2020,1.76046,30.49883,1
2020,1.76643,30.29131,1
2020,1.78163,44.72033,1
2020,1.78268,44.53775,1
2020,1.79528,30.24361,1
2020,1.79627,30.22467,4
2020,1.79665,-77.16373,1
2020,1.79803,30.2385,1
2020,1.8052,30.1067,2
2020,1.80815,44.698,3
2020,1.8129,30.119,1
2020,1.81737,30.21603,1
2020,1.81883,30.12742,2
2020,1.8207,30.3278,1
2020,1.8224,30.1381,1
2020,1.84645,-76.04423,1
2020,1.87545,29.04599,2
2020,1.87655,44.86716,1
2020,1.87665,44.2479,2
2020,1.88336,-77.1964,1
2020,1.8838,30.325,1
2020,1.8921,30.358,1
2020,1.90072,30.38186,4
2020,1.90701,30.52973,1
2020,1.91444,30.03916,1
2020,1.91455,30.50274,1
2020,1.91532,-76.85636,1
2020,1.91667,30.5,2
2020,1.91836,30.50188,1
2020,1.91932,30.50257,2
2020,1.92214,44.78713,1
2020,1.9224,44.9544,1
2020,1.92271,44.95463,1
2020,1.92284,44.95482,1
2020,1.92453,44.48122,1
2020,1.925,30.16028,1
2020,1.9293,30.04919,1
2020,1.93903,30.33238,1
2020,1.94475,30.52842,1
2020,1.95958,30.51429,1
2020,1.9631,30.50529,1
2020,1.96879,30.5018,2
2020,1.96922,30.502,11
2020,1.97291,30.36191,2
2020,1.97894,44.83206,6
2020,1.98013,30.19156,1
2020,1.99168,30.57019,1
2020,2.01663,44.96646,1
2020,2.02742,30.73989,1
2020,2.03877,45.24197,2
2020,2.04763,44.89763,2
2020,2.04911,30.62184,1
2020,2.05577,40.79134,1
2020,2.05982,45.32611,76
2020,2.06702,30.89869,1
2020,2.06878,-77.05406,1
2020,2.07211,45.22142,1
2020,2.07843,45.24782,1
2020,2.08206,45.20749,3
2020,2.08551,45.40275,1
2020,2.08634,30.89612,1
2020,2.09016,45.17723,1
2020,2.0902,45.17671,1
2020,2.09433,45.0943,1
2020,2.09603,30.5981,1
2020,2.09611,30.59806,1
2020,2.099,30.61476,1
2020,2.09968,45.15723,3
2020,2.10389,30.13861,1
2020,2.1103,43.52332,1
2020,2.11364,-74.77321,1
2020,2.1219,30.1067,1
2020,2.13866,45.11595,1
2020,2.14383,45.11806,5
2020,2.1448,30.7688,1
2020,2.1912,-73.7897,1
2020,2.2019,40.75326,2
2020,2.20488,30.111,1
2020,2.21576,31.15534,1
2020,2.22518,31.15577,1
2020,2.23547,45.07702,2
2020,2.25007,44.69232,1
2020,2.25071,30.78382,1
2020,2.25394,-77.2473,1
2020,2.25631,39.27904,1
2020,2.26188,-76.7407,1
2020,2.26582,40.24521,1
2020,2.27398,30.93009,1
2020,2.28895,30.72837,2
2020,2.29488,30.95712,1
2020,2.30086,30.59269,1
2020,2.30547,30.97616,1
2020,2.31068,-74.7287,1
2020,2.32225,30.33342,1
2020,2.35913,45.38367,3
2020,2.39814,45.0187,2
2020,2.40746,42.97088,1
2020,2.4492,45.3542,2
2020,2.4649,-77.23556,1
2020,2.47844,-78.10999,1
2020,2.4785,-76.8085,1
2020,2.48563,45.65172,1
2020,2.48779,45.6592,1
2020,2.49313,40.715,1
2020,2.50097,45.35442,1
2020,2.50905,30.90734,1
2020,2.50994,-76.40173,1
2020,2.51321,44.95666,1
2020,2.52329,-75.31562,1
2020,2.53679,-77.78155,1
2020,2.55217,-76.85377,1
2020,2.5558,-75.27502,1
2020,2.56943,-75.96883,1
2020,2.57348,30.57579,1
2020,2.5761,30.57871,1
2020,2.59102,45.37018,3
2020,2.59502,-77.01637,1
2020,2.60901,40.84906,1
2020,2.61974,44.89368,4
2020,2.62308,-76.56987,1
2020,2.6383,45.37065,1
2020,2.65474,-75.9928,1
2020,2.67959,45.41696,1
2020,2.7002,-76.53786,1
2020,2.70947,40.91735,1
2020,2.74206,43.15837,1
2020,2.75236,-76.66465,1
2020,2.77224,27.60828,1
2020,2.77313,41.01138,1
2020,2.77726,45.50064,5
2020,2.77912,27.60828,1
2020,2.78555,-76.5178,1
2020,2.79283,41.01436,1
2020,2.79776,-76.48348,3
2020,2.79817,44.07856,1
2020,2.8054,30.3363,1
2020,2.80909,40.92744,1
2020,2.83646,42.86277,1
2020,2.8458,-77.24804,1
2020,2.86218,30.84138,1
2020,2.86563,-76.77046,1
2020,2.86876,43.0053,3
2020,2.892,-76.55,1
2020,2.89216,-76.54988,1
2020,2.89395,30.20546,1
2020,2.9267,46.22253,1
2020,2.93043,45.86106,1
2020,2.95321,-76.6937,1
2020,2.95629,-76.2704,2
2020,2.96473,45.51236,1
2020,2.96494,45.5124,1
2020,2.97163,-76.26578,1
2020,2.9733,45.5356,1
2020,2.97795,-76.66842,1
2020,2.97874,-76.45537,1
2020,3.00901,-76.4863,1
2020,3.01277,-76.64235,1
2020,3.0161,-76.6425,1
2020,3.01611,-76.6425,1
2020,3.01613,-76.64228,1
2020,3.01999,-76.29145,1
2020,3.0207,-76.24055,1
2020,3.02646,-74.43614,1
2020,3.03582,-76.40787,1
2020,3.03739,43.79696,2
2020,3.05438,43.13675,1
2020,3.06581,-76.3538,1
2020,3.06582,-76.35369,1
2020,3.10542,45.85238,1
2020,3.11564,43.64658,5
2020,3.11575,-76.62613,1
2020,3.12788,-73.75251,1
2020,3.13727,-76.29828,1
2020,3.14941,41.18541,1
2020,3.15118,41.18904,1
2020,3.15446,-76.38668,1
2020,3.1553,41.18541,1
2020,3.16231,42.49377,2
2020,3.17324,42.50273,1
2020,3.17458,-76.26032,1
2020,3.17564,-76.25919,2
2020,3.17752,-76.257,1
2020,3.18909,-76.24428,1
2020,3.19461,40.73613,1
2020,3.21122,43.20185,1
2020,3.22059,-76.41546,1
2020,3.22221,-76.24741,1
2020,3.2251,-76.4149,1
2020,3.23924,-74.35066,1
2020,3.25151,-76.22896,1
2020,3.26177,-76.54033,1
2020,3.26812,40.82317,1
2020,3.28666,41.07972,1
2020,3.31229,43.47213,3
2020,3.32728,42.21856,2
2020,3.38158,45.59839,2
2020,3.38256,41.4158,1
2020,3.38274,-76.61799,1
2020,3.42934,-76.51604,1
2020,3.50389,-76.54523,1
2020,3.52417,39.05304,1
2020,3.52472,16.04583,1
2020,3.56911,41.00128,1
2020,3.5738,40.95869,2
2020,3.62304,45.55622,1
2020,3.6744,43.39853,1
2020,3.69742,44.52195,1
2020,3.75626,72.96723,1
2020,3.80828,42.54729,2
2020,3.80929,43.2461,1
2020,3.81095,43.2465,1
2020,3.81605,11.48871,1
2020,3.82099,41.16531,6
2020,3.8259,42.6984,1
2020,3.82722,-73.68907,1
2020,3.84803,11.50208,1
2020,3.85325,45.56523,1
2020,3.85874,40.65499,1
2020,3.87397,11.49973,1
2020,3.8775,41.69389,1
2020,3.88149,-77.0399,1
2020,3.8897,45.5831,1
2020,3.89836,40.87265,1
2020,3.90064,-76.30183,1
2020,3.90083,-76.29778,1
2020,3.91671,11.52761,1
2020,3.92403,41.82495,1
2020,3.92686,41.87717,4
2020,3.93125,11.52066,1
2020,3.93564,41.85512,1
2020,3.93572,41.8949,1
2020,3.94225,41.84857,1
2020,3.98305,44.15885,1
2020,4.02247,9.19544,1
2020,4.02315,9.19508,1
2020,4.0417,-76.10059,1
2020,4.05106,9.76787,1
2020,4.05634,45.2568,1
2020,4.1005,-73.63698,1
2020,4.1206,43.89053,1
2020,4.12177,9.30701,2
2020,4.16212,-73.6446,1
2020,4.20608,9.27377,1
2020,4.20651,-77.02868,1
2020,4.21053,45.56049,1
2020,4.21065,73.5388,1
2020,4.22699,30.6446,1
2020,4.23964,30.7102,1
2020,4.27073,9.44449,1
2020,4.29045,9.4145,1
2020,4.29206,9.41263,1
2020,4.30641,45.30293,1
2020,4.32164,31.64052,1
2020,4.33406,96.01203,1
2020,4.37588,46.96586,1
2020,4.4852,30.1012,1
2020,4.55847,32.50297,1
2020,4.5765,9.1748,1
2020,4.61441,31.26264,2
2020,4.62922,9.44753,2
2020,4.65042,5.98705,1
2020,4.73538,45.2024,6
2020,4.7479,9.66765,1
2020,4.77191,6.06985,1
2020,4.77922,16.70337,1
2020,4.78701,7.00148,1
2020,4.79028,7.31318,1
2020,4.79737,6.98953,1
2020,4.81795,5.51763,1
2020,4.83014,9.01285,1
2020,4.85936,31.57125,1
2020,4.88686,7.12517,2
2020,4.90763,29.45764,1
2020,4.92968,46.41117,1
2020,4.94027,15.87419,1
2020,4.94042,15.87894,1
2020,4.95889,6.36583,1
2020,4.96297,7.18746,1
2020,4.98362,-76.4044,1
2020,5.04011,21.21095,1
2020,5.08175,9.76728,1
2020,5.0896,7.23023,1
2020,5.1032,6.0658,1
2020,5.1327,7.71662,1
2020,5.15222,9.38945,1
2020,5.15519,6.44733,1
2020,5.15735,9.36731,1
2020,5.18501,46.82528,3
2020,5.26784,-0.86751,1
2020,5.26913,17.64225,1
2020,5.2766,6.06257,1
2020,5.28301,7.32773,1
2020,5.28333,6.05,1
2020,5.30801,45.88036,2
2020,5.31557,25.95715,1
2020,5.31643,17.1004,1
2020,5.32003,46.5644,1
2020,5.33157,6.05989,1
2020,5.3466,-4.01184,1
2020,5.34936,-72.40623,1
2020,5.36946,46.19144,1
2020,5.39507,26.4918,3
2020,5.403,6.06527,1
2020,5.43204,119.10884,1
2020,5.45054,5.9431,1
2020,5.45149,5.90195,1
2020,5.51635,-76.9745,1
2020,5.5276,7.06329,1
2020,5.53442,-0.42527,1
2020,5.53702,46.38905,4
2020,5.53849,46.38988,1
2020,5.54832,-0.21235,1
2020,5.55237,6.04489,2
2020,5.55688,7.01221,1
2020,5.56108,-0.14291,1
2020,5.57361,-76.64056,1
2020,5.58779,7.04447,1
2020,5.62944,9.23444,1
2020,5.66667,39.0,1
2020,5.67728,10.04412,1
2020,5.68035,7.8047,1
2020,5.68438,10.03597,1
2020,5.68958,10.36766,2
2020,5.69563,-76.64981,1
2020,5.69729,22.78257,1
2020,5.70787,8.88339,1
2020,5.73614,5.93569,1
2020,5.74182,20.05518,1
2020,5.74592,9.31278,2
2020,5.7513,20.65702,1
2020,5.76355,20.67404,4
2020,5.76821,8.98442,1
2020,5.78123,7.03909,1
2020,5.78583,9.36027,1
2020,5.79616,10.16252,1
2020,5.79909,10.16291,1
2020,5.80044,10.16154,1
2020,5.8068,14.83268,1
2020,5.80934,8.8542,1
2020,5.83678,9.88894,1
2020,5.872,-74.90223,1
2020,5.8784,8.00535,1
2020,5.8871,125.0012,1
2020,5.89316,9.99122,1
2020,5.9129,120.90573,1
2020,5.92944,15.62363,1
2020,5.93249,10.19702,1
2020,5.94302,15.6002,2
2020,5.95038,10.39131,1
2020,5.95473,10.0551,1
2020,5.9584,10.04333,1
2020,5.96372,10.15957,22
2020,5.97122,15.26276,1
2020,5.97185,101.9236,2
2020,5.98665,10.43415,1
2020,5.98839,10.43761,1
2020,5.98884,10.43875,2
2020,5.99599,10.2604,1
2020,6.00025,10.18431,1
2020,6.00161,120.99226,1
2020,6.00561,-58.30888,1
2020,6.00669,10.01475,1
2020,6.00729,10.57462,1
2020,6.01892,10.5657,1
2020,6.01896,10.56568,1
2020,6.03141,121.08056,1
2020,6.03324,10.58025,2
2020,6.03721,0.36698,1
2020,6.03839,101.73683,1
2020,6.05046,121.01224,5
2020,6.06802,10.44025,1
2020,6.06879,10.4441,1
2020,6.06922,6.83997,1
2020,6.07258,121.13381,1
2020,6.07569,0.42902,1
2020,6.07723,121.09234,1
2020,6.08181,10.63926,1
2020,6.08502,10.0816,1
2020,6.08822,121.10933,1
2020,6.08947,10.11534,1
2020,6.12284,10.26562,1
2020,6.12392,9.83349,1
2020,6.129,124.54176,1
2020,6.13634,14.81284,1
2020,6.15562,-71.76252,1
2020,6.17657,6.62929,3
2020,6.19971,101.55343,1
2020,6.20397,10.68597,1
2020,6.20761,101.48778,1
2020,6.21419,101.71291,1
2020,6.22132,6.30134,1
2020,6.22282,124.82024,1
2020,6.22448,10.67598,2
2020,6.22566,124.98667,1
2020,6.23292,6.64778,2
2020,6.23529,6.64787,1
2020,6.24203,-75.56476,2
2020,6.24269,6.59509,1
2020,6.24851,10.50554,1
2020,6.25,10.75,1
2020,6.25415,101.7296,1
2020,6.255,101.70472,1
2020,6.26662,6.59844,1
2020,6.26787,6.59703,2
2020,6.27008,6.59585,1
2020,6.28116,-71.1048,1
2020,6.28191,-1.50997,1
2020,6.28203,10.28525,1
2020,6.30889,7.65481,1
2020,6.31386,-76.13181,1
2020,6.31845,6.47328,1
2020,6.32056,19.08169,1
2020,6.32296,10.00538,1
2020,6.33333,25.66667,1
2020,6.33869,6.53637,1
2020,6.37556,31.64611,1
2020,6.38458,101.50208,1
2020,6.41335,124.36561,1
2020,6.42703,10.79052,1
2020,6.43485,101.63648,1
2020,6.44549,-71.78193,1
2020,6.44573,10.40195,1
2020,6.48384,124.36423,1
2020,6.48958,4.87226,1
2020,6.49095,-71.55832,1
2020,6.49182,101.3885,2
2020,6.49219,124.08085,1
2020,6.51029,124.1198,1
2020,6.51455,7.51217,1
2020,6.51778,101.62715,1
2020,6.51805,122.0872,1
2020,6.53964,3.34572,1
2020,6.54182,101.64361,2
2020,6.5455,101.2799,2
2020,6.54731,-71.00223,1
2020,6.54731,-71.00222,1
2020,6.54954,121.88305,1
2020,6.55317,124.05194,1
2020,6.55701,101.6425,1
2020,6.57987,15.35471,1
2020,6.58221,122.17998,1
2020,6.585,10.55071,1
2020,6.58879,124.06433,1
2020,6.61493,0.46938,1
2020,6.63579,101.01246,1
2020,6.65622,7.45781,1
2020,6.65718,8.80712,1
2020,6.66796,124.52787,1
2020,6.67583,-71.68611,1
2020,6.67831,101.14632,1
2020,6.68379,101.37572,1
2020,6.68417,101.57249,1
2020,6.68654,101.22784,1
2020,6.69542,101.56877,2
2020,6.7021,124.74154,1
2020,6.70258,101.55996,1
2020,6.70628,101.52998,1
2020,6.71796,101.59303,3
2020,6.73341,124.85465,1
2020,6.73433,101.11721,1
2020,6.74327,124.80169,1
2020,6.74938,101.46431,1
2020,6.75,16.08333,1
2020,6.76065,40.30886,1
2020,6.76326,101.29508,1
2020,6.76888,-71.74725,1
2020,6.7691,101.59961,2
2020,6.7744,47.42903,8
2020,6.78494,124.76457,1
2020,6.78637,101.14472,1
2020,6.796,124.63344,1
2020,6.79917,8.00528,1
2020,6.79962,33.13111,1
2020,6.80017,33.13066,1
2020,6.80667,-58.15958,1
2020,6.81452,-71.1641,1
2020,6.8152,-58.14911,2
2020,6.81798,7.40972,1
2020,6.81889,7.45516,1
2020,6.82056,124.90472,1
2020,6.82459,-58.16251,1
2020,6.82762,-5.28934,1
2020,6.83148,101.18927,1
2020,6.83338,124.45846,2
2020,6.83553,101.51057,1
2020,6.85074,35.07843,2
2020,6.85103,124.19769,1
2020,6.85171,124.1976,1
2020,6.85287,124.38924,1
2020,6.86281,124.44365,4
2020,6.86603,124.47046,1
2020,6.86642,124.47111,1
2020,6.87214,124.55288,1
2020,6.87372,124.46864,1
2020,6.88248,9.60306,1
2020,6.89107,9.55712,1
2020,6.8945,124.5001,1
2020,6.90324,124.52229,1
2020,6.90903,124.53413,1
2020,6.9182,12.80548,1
2020,6.92349,5.77739,1
2020,6.92672,124.41402,1
2020,6.92701,-71.85571,1
2020,6.92909,122.07885,1
2020,6.93153,124.45084,1
2020,6.93588,-70.26995,1
2020,6.94296,124.46702,1
2020,6.94314,124.5196,1
2020,6.94481,-71.2593,1
2020,6.94765,122.11478,1
2020,6.9481,124.44486,1
2020,6.94945,-71.5628,1
2020,6.95055,124.44769,1
2020,6.95308,126.21608,1
2020,6.95417,122.18389,1
2020,6.95425,124.33277,1
2020,6.95453,124.42664,1
2020,6.95611,-71.8726,1
2020,6.95702,124.38466,1
2020,6.95811,5.91158,1
2020,6.96584,-71.45289,1
2020,6.9731,100.48631,1
2020,6.97446,-76.61213,1
2020,6.98054,-76.82057,1
2020,6.98262,122.15003,1
2020,6.98297,124.41656,1
2020,6.99044,-70.81578,1
2020,6.99161,124.51129,1
2020,7.00178,-72.10819,1
2020,7.01762,10.1006,1
2020,7.0212,-71.38524,1
2020,7.02231,8.22884,1
2020,7.02533,124.49847,3
2020,7.02933,-71.42948,1
2020,7.03322,-76.35396,1
2020,7.03986,6.13271,1
2020,7.04858,8.21029,1
2020,7.05314,124.61927,1
2020,7.06273,124.2866,1
2020,7.0651,124.6779,1
2020,7.06709,6.26744,1
2020,7.08444,-70.75889,1
2020,7.09091,17.66889,1
2020,7.09905,124.76205,1
2020,7.10604,124.94634,1
2020,7.11205,124.80882,1
2020,7.12445,47.4027,1
2020,7.14485,9.20872,1
2020,7.17083,124.52165,1
2020,7.17086,9.28842,1
2020,7.19106,124.53452,1
2020,7.19283,47.5283,2
2020,7.19437,5.58596,1
2020,7.1973,38.60053,1
2020,7.20471,125.8832,1
2020,7.20959,124.24197,6
2020,7.21417,8.14444,1
2020,7.23865,9.7296,1
2020,7.24933,5.22226,1
2020,7.2636,-58.48298,1
2020,7.2684,5.27748,1
2020,7.27658,124.22267,1
2020,7.27722,124.30722,1
2020,7.27791,5.26844,1
2020,7.2851,124.2981,1
2020,7.28847,124.26994,1
2020,7.29604,5.84688,1
2020,7.30682,-72.48157,1
2020,7.3148,125.87606,1
2020,7.32567,8.63491,1
2020,7.33201,125.4106,1
2020,7.33489,5.19564,1
2020,7.35168,-62.53555,1
2020,7.37456,3.89154,1
2020,7.38238,125.1683,1
2020,7.40627,125.49794,1
2020,7.42192,9.12111,1
2020,7.45052,6.29971,1
2020,7.45145,123.33178,1
2020,7.45288,5.90928,1
2020,7.46732,7.2453,1
2020,7.47752,15.53994,1
2020,7.49337,5.23018,1
2020,7.49337,7.17364,1
2020,7.49512,10.35977,1
2020,7.50218,9.82418,1
2020,7.53615,3.95241,1
2020,7.55062,122.19731,1
2020,7.57664,126.50067,1
2020,7.57787,3.89626,1
2020,7.58872,125.09578,1
2020,7.59111,125.14861,1
2020,7.60497,-74.80901,1
2020,7.6249,3.9644,1
2020,7.62862,3.98442,1
2020,7.64393,9.56356,1
2020,7.65237,3.99847,1
2020,7.67389,36.83579,1
2020,7.68102,6.42396,1
2020,7.6958,6.43925,1
2020,7.70147,125.80964,2
2020,7.70846,8.5228,1
2020,7.71183,9.89158,1
2020,7.7247,124.48636,1
2020,7.73071,-72.4845,1
2020,7.73126,8.53842,1
2020,7.7408,7.05862,3
2020,7.74804,31.692,1
2020,7.75784,122.12545,1
2020,7.76177,9.87365,1
2020,7.76429,8.58169,1
2020,7.79962,7.54098,1
2020,7.8092,122.90576,1
2020,7.81999,122.2527,1
2020,7.83175,7.5383,1
2020,7.83308,125.81975,1
2020,7.83694,-72.46611,1
2020,7.83946,122.87192,1
2020,7.85225,125.7696,1
2020,7.85828,123.03245,1
2020,7.86584,8.66521,1
2020,7.87129,9.78149,1
2020,7.87199,-74.25161,1
2020,7.87764,8.93782,1
2020,7.87772,8.6565,1
2020,7.88319,124.08201,1
2020,7.89424,125.53191,1
2020,7.91127,8.67921,1
2020,7.9247,8.87583,3
2020,7.92631,-72.48419,1
2020,7.9289,38.71778,1
2020,7.93392,8.68299,1
2020,7.93399,39.65182,1
2020,7.93456,5.29411,1
2020,7.93729,-72.60483,1
2020,7.94097,124.63779,1
2020,7.94628,-72.89881,1
2020,7.95086,125.21597,1
2020,7.96667,8.76667,1
2020,7.96946,8.89594,1
2020,7.99778,124.69,1
2020,7.99919,125.47396,1
2020,7.99959,124.30003,1
2020,8.01972,124.70806,1
2020,8.03555,124.6263,1
2020,8.05444,8.60624,1
2020,8.05783,-73.13315,1
2020,8.06145,122.9325,1
2020,8.0643,-74.5879,1
2020,8.07678,-72.83932,1
2020,8.07825,-73.22149,1
2020,8.08188,123.10374,1
2020,8.08466,125.31713,1
2020,8.08511,-73.22571,1
2020,8.0879,7.14306,1
2020,8.09094,6.7954,1
2020,8.09831,125.35068,1
2020,8.10767,-73.25494,1
2020,8.11389,7.96611,1
2020,8.12337,9.76988,1
2020,8.12505,125.33014,1
2020,8.13024,123.54201,1
2020,8.1311,6.85433,1
2020,8.13206,122.90714,1
2020,8.15086,124.38654,1
2020,8.16619,8.76245,1
2020,8.23333,8.56667,1
2020,8.25162,6.88556,1
2020,8.2558,7.1567,1
2020,8.25974,124.55838,1
2020,8.2655,125.02936,1
2020,8.27908,-73.36773,1
2020,8.27925,123.69966,1
2020,8.29484,-74.4751,1
2020,8.2966,-72.57104,1
2020,8.31931,4.38345,1
2020,8.32132,-73.1456,1
2020,8.32306,-73.35306,1
2020,8.32456,-73.35767,1
2020,8.32503,77.18341,1
2020,8.33096,39.31803,1
2020,8.34486,124.43657,1
2020,8.35361,-72.54917,1
2020,8.35631,-73.34777,1
2020,8.38328,-73.08966,1
2020,8.39353,-72.91978,1
2020,8.40331,48.48802,1
2020,8.40786,-73.1026,1
2020,8.40913,20.64906,1
2020,8.40941,20.64875,1
2020,8.40991,20.64825,1
2020,8.41084,20.64444,1
2020,8.42805,7.90464,1
2020,8.43722,-73.23528,1
2020,8.43967,123.58152,1
2020,8.4421,-72.6658,1
2020,8.47032,-73.33709,1
2020,8.47709,47.36321,2
2020,8.4781,-73.38301,1
2020,8.49135,124.59308,1
2020,8.5186,125.43145,1
2020,8.51894,8.52162,1
2020,8.52868,8.53546,1
2020,8.52879,-74.03182,1
2020,8.57562,-73.09662,1
2020,8.57617,-73.09314,1
2020,8.59967,124.80899,1
2020,8.60334,125.91412,1
2020,8.64236,-72.73773,2
2020,8.64773,125.97379,1
2020,8.64789,126.09661,1
2020,8.66155,126.1138,1
2020,8.72018,124.92846,1
2020,8.72441,126.18497,1
2020,8.74366,126.22143,1
2020,8.77213,-73.68428,1
2020,8.77361,125.83,1
2020,8.77922,124.80589,1
2020,8.84272,-73.67404,1
2020,8.86577,126.0404,1
2020,8.87518,117.50308,1
2020,8.87754,8.26878,1
2020,8.88226,38.76777,1
2020,8.94401,126.06488,2
2020,8.95781,-73.6272,1
2020,8.96448,125.96042,1
2020,8.97241,37.86197,1
2020,8.98311,38.81009,1
2020,8.99754,38.8297,1
2020,8.99929,-72.89825,1
2020,9.00036,-72.89844,1
2020,9.00296,29.74513,1
2020,9.00427,37.96493,1
2020,9.03357,38.14244,1
2020,9.03414,38.66189,2
2020,9.05676,12.03008,1
2020,9.05888,38.88278,1
2020,9.08535,126.02409,1
2020,9.08636,36.54935,1
2020,9.09159,123.04104,1
2020,9.10746,126.13553,1
2020,9.12219,125.53761,1
2020,9.16367,126.17348,1
2020,9.1708,35.47272,1
2020,9.17267,35.03908,1
2020,9.19806,34.88056,1
2020,9.199,125.8683,1
2020,9.21871,31.34934,1
2020,9.22696,8.90476,1
2020,9.2314,12.43553,1
2020,9.23417,126.06444,1
2020,9.24069,8.96029,1
2020,9.2506,8.9033,1
2020,9.26903,123.02262,1
2020,9.27659,125.88765,1
2020,9.29949,8.99486,1
2020,9.30313,123.30986,1
2020,9.31584,125.58025,1
2020,9.32353,123.2954,1
2020,9.32786,9.43116,1
2020,9.33374,-75.30614,1
2020,9.33384,11.6851,1
2020,9.35539,125.65875,1
2020,9.3583,8.1829,1
2020,9.3692,8.2049,1
2020,9.37856,122.82256,1
2020,9.3935,8.2346,1
2020,9.40799,9.09637,1
2020,9.4096,8.2376,1
2020,9.44783,123.05639,1
2020,9.46097,8.83795,1
2020,9.47416,125.5782,1
2020,9.47683,8.10816,1
2020,9.4832,28.65005,1
2020,9.48555,9.14044,1
2020,9.4981,125.61826,1
2020,9.50449,8.17744,1
2020,9.53469,8.90666,1
2020,9.5455,8.89568,1
2020,9.54841,125.72888,1
2020,9.549,125.57937,1
2020,9.55761,8.74155,1
2020,9.5632,8.68535,1
2020,9.56997,123.31191,1
2020,9.58611,-4.31203,1
2020,9.6051,8.3546,1
2020,9.61247,8.34351,1
2020,9.63018,8.49766,1
2020,9.63198,123.95521,1
2020,9.63218,8.50346,1
2020,9.63974,125.47295,1
2020,9.64038,8.70957,1
2020,9.66667,38.03333,1
2020,9.66888,8.51393,1
2020,9.68295,80.01782,1
2020,9.69111,8.73889,1
2020,9.69823,8.74863,1
2020,9.69915,8.95247,1
2020,9.7064,0.31368,1
2020,9.71222,37.24472,1
2020,9.73963,123.12488,1
2020,9.75275,28.4077,1
2020,9.75713,125.51377,1
2020,9.78333,8.45,1
2020,9.78931,8.48533,1
2020,9.79262,8.48632,1
2020,9.80045,6.60048,1
2020,9.80345,122.52596,1
2020,9.81995,8.65863,1
2020,9.82323,8.65287,1
2020,9.82826,8.85924,1
2020,9.83111,8.38972,1
2020,9.83833,8.46909,1
2020,9.84113,8.2656,1
2020,9.84333,8.44056,1
2020,9.85332,8.45634,1
2020,9.85632,-66.37358,1
2020,9.85639,8.42167,1
2020,9.86862,8.67641,1
2020,9.88031,6.38027,1
2020,9.88195,8.49135,1
2020,9.8879,8.2988,1
2020,9.89058,8.2213,3
2020,9.9,8.41667,3
2020,9.90051,8.41608,1
2020,9.90103,123.40506,1
2020,9.92224,78.14998,1
2020,9.92402,8.30062,1
2020,9.93337,8.29989,1
2020,9.93941,126.0676,1
2020,9.94639,9.43556,1
2020,9.94778,122.44944,1
2020,9.9492,5.31025,1
2020,9.95,15.06667,1
2020,9.9653,122.9293,1
2020,9.98223,6.80931,1
2020,10.00528,21.875,1
2020,10.00855,6.63275,1
2020,10.00884,6.6306,1
2020,10.01639,-69.40742,1
2020,10.02404,8.76155,2
2020,10.06447,122.97757,1
2020,10.07,6.56061,1
2020,10.07202,122.97713,1
2020,10.07604,8.79563,1
2020,10.08201,8.78479,1
2020,10.095,14.10083,1
2020,10.0976,6.55582,1
2020,10.1207,123.2716,1
2020,10.12109,7.06275,1
2020,10.14264,6.55526,1
2020,10.15008,123.20078,1
2020,10.16107,7.1674,1
2020,10.17362,123.24445,1
2020,10.1867,123.14078,1
2020,10.18687,123.13129,2
2020,10.19904,123.16412,1
2020,10.20107,123.16429,1
2020,10.20722,7.12083,1
2020,10.21172,123.24116,1
2020,10.22037,123.18575,1
2020,10.22988,8.29422,1
2020,10.23248,123.2018,1
2020,10.24678,7.86107,1
2020,10.2529,-61.33809,1
2020,10.25827,7.2286,1
2020,10.28431,-4.90898,1
2020,10.28665,11.16386,1
2020,10.29403,22.78191,1
2020,10.2941,7.5549,1
2020,10.30245,8.23719,1
2020,10.3069,-0.09884,1
2020,10.31053,-6.93507,1
2020,10.32121,7.68317,2
2020,10.32322,7.68454,1
2020,10.32385,7.6842,1
2020,10.32429,7.6833,7
2020,10.33333,7.75,1
2020,10.34107,15.23288,1
2020,10.34278,15.24056,1
2020,10.35962,7.631,2
2020,10.37366,8.22484,1
2020,10.40553,12.56719,1
2020,10.4066,12.5671,1
2020,10.40685,13.83094,1
2020,10.40727,7.46078,1
2020,10.40836,7.26013,1
2020,10.41028,7.45861,1
2020,10.41028,7.45862,1
2020,10.41177,7.8962,1
2020,10.4314,7.52378,1
2020,10.43675,7.46518,1
2020,10.44261,12.11728,1
2020,10.4545,119.36666,1
2020,10.46978,7.4839,1
2020,10.47619,7.23079,1
2020,10.48079,12.43335,1
2020,10.48283,-66.96213,3
2020,10.48373,123.4129,1
2020,10.48899,7.20736,1
2020,10.49536,12.41553,1
2020,10.49756,35.47351,1
2020,10.50895,12.32721,1
2020,10.51046,7.4165,1
2020,10.51916,14.77432,1
2020,10.545,35.975,1
2020,10.55817,7.46654,1
2020,10.56199,13.07615,1
2020,10.56667,35.55,1
2020,10.56689,13.31834,1
2020,10.57988,7.4888,1
2020,10.5823,7.20416,1
2020,10.58399,7.49548,1
2020,10.59356,76.5964,1
2020,10.59744,12.44192,1
2020,10.6037,36.083,1
2020,10.60404,13.03088,1
2020,10.60412,122.02408,1
2020,10.60419,36.0845,1
2020,10.60596,-66.89714,1
2020,10.61168,12.19186,1
2020,10.617,13.38967,2
2020,10.61723,13.13384,2
2020,10.61855,12.17467,1
2020,10.62287,13.06084,1
2020,10.62702,13.85814,1
2020,10.63156,14.65878,3
2020,10.63469,123.11547,1
2020,10.65078,124.8044,1
2020,10.65108,12.91111,1
2020,10.65566,6.85142,1
2020,10.65738,12.90614,1
2020,10.66114,6.54117,2
2020,10.66285,12.51786,1
2020,10.66556,122.95444,1
2020,10.67667,122.99083,1
2020,10.68501,7.4996,1
2020,10.68629,122.97535,1
2020,10.69456,122.17035,1
2020,10.69463,12.32928,1
2020,10.70004,119.45273,1
2020,10.7182,122.26416,1
2020,10.73784,13.13046,1
2020,10.75237,122.32241,1
2020,10.75448,12.95348,1
2020,10.7606,13.31432,1
2020,10.7767,12.9495,1
2020,10.77674,12.91653,1
2020,10.77847,7.53194,1
2020,10.78029,35.56579,6
2020,10.78226,13.35654,1
2020,10.78333,122.3,2
2020,10.79407,123.18067,1
2020,10.796,12.75122,1
2020,10.81393,12.84416,1
2020,10.82,12.9898,2
2020,10.8334,13.82353,1
2020,10.83976,13.02264,1
2020,10.83995,13.02217,1
2020,10.8419,12.9124,1
2020,10.85236,12.66756,1
2020,10.85633,7.76129,1
2020,10.85911,12.19945,1
2020,10.86373,7.7624,1
2020,10.86624,13.51819,1
2020,10.8692,12.84762,1
2020,10.87035,13.04773,1
2020,10.87184,13.04698,1
2020,10.87612,13.61534,1
2020,10.8765,12.66312,1
2020,10.8775,12.9247,1
2020,10.89093,13.62759,1
2020,10.89402,12.68548,1
2020,10.90318,7.48161,1
2020,10.90657,7.55486,1
2020,10.91068,13.83694,1
2020,10.91564,13.83443,1
2020,10.92236,13.84315,1
2020,10.9252,12.8902,1
2020,10.92623,13.73037,1
2020,10.92895,13.88077,1
2020,10.93833,14.47639,1
2020,10.94806,13.80396,1
2020,10.94826,13.80151,1
2020,10.94954,7.60824,1
2020,10.94988,13.79992,1
2020,10.95005,76.97777,1
2020,10.95164,7.45695,1
2020,10.95832,13.94848,1
2020,10.96445,13.90431,1
2020,10.96722,7.41919,1
2020,10.96784,76.99086,1
2020,10.97659,7.6012,1
2020,10.98356,14.42367,3
2020,10.99541,8.10004,1
2020,10.99954,13.94132,1
2020,11.0,35.5,1
2020,11.0,36.25,1
2020,11.00345,13.79832,2
2020,11.00831,76.96469,1
2020,11.01413,76.95274,1
2020,11.01667,25.26667,4
2020,11.01993,13.96628,1
2020,11.02029,13.96516,1
2020,11.031,13.94702,1
2020,11.03324,13.94256,1
2020,11.03778,13.94944,2
2020,11.04555,122.38958,1
2020,11.04948,77.007,1
2020,11.05141,122.40552,1
2020,11.0591,29.7033,1
2020,11.06017,12.04545,1
2020,11.07866,122.25253,1
2020,11.0812,0.72408,1
2020,11.08258,13.70598,1
2020,11.08398,13.69309,2
2020,11.09258,14.19304,1
2020,11.0989,48.56791,1
2020,11.1064,13.507,1
2020,11.11,13.9329,1
2020,11.1104,14.03857,1
2020,11.11044,48.56856,1
2020,11.11547,13.93492,1
2020,11.11846,14.23612,1
2020,11.12077,7.40565,1
2020,11.12122,12.7338,1
2020,11.13142,13.88046,2
2020,11.14667,13.89278,1
2020,11.15186,12.75954,1
2020,11.1519,12.7587,3
2020,11.15289,12.15612,1
2020,11.15505,14.07269,1
2020,11.16254,14.01398,1
2020,11.17262,12.75749,1
2020,11.17275,13.42955,2
2020,11.18316,13.79148,1
2020,11.19163,40.01975,2
2020,11.19902,29.41793,1
2020,11.20315,12.02839,1
2020,11.20478,122.4354,1
2020,11.22056,125.3707,1
2020,11.22223,13.78382,2
2020,11.23284,125.50684,1
2020,11.23652,14.1262,1
2020,11.24629,0.70529,1
2020,11.25227,12.01057,1
2020,11.25735,7.28438,1
2020,11.26965,35.28331,1
2020,11.2748,49.17966,9
2020,11.27552,14.14407,1
2020,11.27667,25.14167,1
2020,11.28111,25.14141,1
2020,11.29561,14.09147,1
2020,11.30252,14.11755,1
2020,11.33333,35.25,1
2020,11.33333,36.33333,1
2020,11.33509,2.32695,1
2020,11.36649,35.9618,1
2020,11.37307,12.4327,1
2020,11.38005,-72.24225,1
2020,11.38084,14.41832,1
2020,11.39112,12.90914,1
2020,11.39386,8.01667,1
2020,11.3958,13.76421,1
2020,11.412,0.8937,1
2020,11.41879,7.32983,1
2020,11.42106,33.38547,3
2020,11.42119,33.3854,1
2020,11.43112,7.16814,1
2020,11.43445,7.3115,1
2020,11.44799,13.75911,1
2020,11.44903,12.95089,1
2020,11.458,12.95382,1
2020,11.46723,1.23127,1
2020,11.46801,13.75855,1
2020,11.4761,13.83497,1
2020,11.4895,12.96492,1
2020,11.4932,25.2074,1
2020,11.5,35.83333,1
2020,11.50104,12.97397,1
2020,11.50239,125.26978,1
2020,11.51837,7.31511,1
2020,11.52052,12.98533,1
2020,11.52685,13.69271,2
2020,11.52989,-72.89896,1
2020,11.54118,13.84768,1
2020,11.56057,125.01162,1
2020,11.57421,37.36135,1
2020,11.60802,125.09934,1
2020,11.60806,37.32139,2
2020,11.60989,104.92981,1
2020,11.61368,124.98459,1
2020,11.62699,125.13511,1
2020,11.62715,125.13511,1
2020,11.63021,1.65789,1
2020,11.63147,1.6683,1
2020,11.63189,75.68932,1
2020,11.63223,12.32003,1
2020,11.65492,13.41966,2
2020,11.65541,13.41293,3
2020,11.68318,14.65018,1
2020,11.68846,13.22312,1
2020,11.68958,13.22245,1
2020,11.70339,0.50538,1
2020,11.72064,75.67026,1
2020,11.73691,76.08358,1
2020,11.74817,13.25342,1
2020,11.7486,13.2577,1
2020,11.7538,75.4953,1
2020,11.759,75.52333,1
2020,11.76394,12.26313,1
2020,11.77664,124.93419,1
2020,11.78866,11.57028,1
2020,11.81194,12.8225,1
2020,11.82139,79.78293,1
2020,11.82618,13.11372,1
2020,11.82998,12.63018,4
2020,11.8311,13.15097,2
2020,11.83998,12.76768,1
2020,11.84079,13.14139,9
2020,11.84519,12.82184,1
2020,11.84528,12.82018,1
2020,11.8455,12.82372,1
2020,11.84615,12.93451,1
2020,11.84619,12.9439,1
2020,11.84643,12.93546,7
2020,11.84766,13.16011,1
2020,11.84985,12.83789,2
2020,11.85793,12.90146,1
2020,11.85876,-6.7708,1
2020,11.86597,0.34492,1
2020,11.8677,13.24496,2
2020,11.87528,1.86694,2
2020,11.8838,13.34368,2
2020,11.88464,13.15197,1
2020,11.90955,13.5884,1
2020,11.91436,13.58482,1
2020,11.93061,13.89359,1
2020,11.93315,7.39655,1
2020,11.93369,123.14289,1
2020,11.94637,13.20176,1
2020,11.95855,2.013,1
2020,11.96256,13.17148,1
2020,11.97167,125.27527,1
2020,11.97519,125.06359,2
2020,11.97583,13.31944,1
2020,12.02288,0.60403,1
2020,12.03368,123.6817,1
2020,12.03658,13.91724,2
2020,12.0372,125.347,1
2020,12.03881,13.07265,1
2020,12.03893,13.07256,1
2020,12.04728,-4.66597,2
2020,12.04823,124.1518,1
2020,12.04861,125.39306,1
2020,12.04923,124.68092,1
2020,12.05,0.78121,1
2020,12.08874,12.78085,1
2020,12.10382,-86.26702,1
2020,12.10527,75.20962,1
2020,12.10794,125.05214,1
2020,12.11,13.98861,1
2020,12.11312,12.83613,1
2020,12.11386,12.8252,3
2020,12.1151,12.82563,2
2020,12.11659,0.88934,1
2020,12.15212,124.87027,1
2020,12.15466,11.77422,2
2020,12.15766,-5.61908,1
2020,12.18076,124.41681,1
2020,12.18764,1.74228,1
2020,12.20693,14.0224,1
2020,12.21662,-85.16666,1
2020,12.21758,124.90728,1
2020,12.2196,7.50382,1
2020,12.22446,123.55437,1
2020,12.23703,6.30179,1
2020,12.24971,1.67607,1
2020,12.25,-3.41667,1
2020,12.257,13.10752,2
2020,12.26383,125.04622,1
2020,12.26419,11.73226,1
2020,12.26508,13.93891,1
2020,12.26853,14.46611,1
2020,12.27383,124.93312,1
2020,12.2844,1.93898,1
2020,12.2905,14.13717,1
2020,12.29314,12.78542,1
2020,12.29388,11.43904,1
2020,12.30453,7.21893,1
2020,12.34874,13.13995,1
2020,12.35203,14.17053,1
2020,12.35947,14.21093,3
2020,12.36539,13.82937,1
2020,12.37368,-1.53698,2
2020,12.37905,13.15289,1
2020,12.37942,14.22527,1
2020,12.3822,125.00026,1
2020,12.38228,123.60359,1
2020,12.38419,-5.46593,1
2020,12.38423,123.32055,1
2020,12.39167,14.17368,1
2020,12.41337,14.25369,1
2020,12.41446,-4.54439,1
2020,12.41495,-4.54559,1
2020,12.43333,0.16667,1
2020,12.44959,13.18608,1
2020,12.4605,13.19457,1
2020,12.46355,14.13498,1
2020,12.47399,2.4251,1
2020,12.48694,13.2086,2
2020,12.48824,121.43133,1
2020,12.49151,121.14762,1
2020,12.492,12.78155,1
2020,12.49554,12.7796,1
2020,12.49576,11.50042,1
2020,12.49861,11.50049,1
2020,12.52867,13.57243,1
2020,12.52938,121.0696,1
2020,12.53532,13.85111,1
2020,12.54776,14.48558,1
2020,12.55145,14.25814,1
2020,12.56179,11.79903,1
2020,12.56197,11.79908,1
2020,12.56215,11.79937,1
2020,12.57194,12.02201,1
2020,12.57357,13.08179,1
2020,12.57704,13.30664,1
2020,12.60638,37.46149,1
2020,12.60699,123.67708,1
2020,12.61294,-7.98027,1
2020,12.63606,1.58014,1
2020,12.64616,-7.99912,1
2020,12.64861,54.01889,1
2020,12.65086,54.02192,1
2020,12.65201,0.49039,1
2020,12.67409,13.61115,5
2020,12.68894,12.07033,1
2020,12.69488,123.88298,1
2020,12.74226,-3.49529,1
2020,12.74667,7.26354,1
2020,12.75478,2.17621,2
2020,12.75541,2.17678,1
2020,12.7663,24.3634,1
2020,12.80656,44.71938,1
2020,12.81147,6.7938,1
2020,12.8237,24.8325,1
2020,12.82448,124.08363,1
2020,12.8269,11.97564,1
2020,12.83741,-4.92329,1
2020,12.84908,45.03728,14
2020,12.86714,44.98396,8
2020,12.87194,12.96658,1
2020,12.87305,124.01889,1
2020,12.87829,45.00569,1
2020,12.88632,12.50537,1
2020,12.88876,12.50545,1
2020,12.89262,13.69064,1
2020,12.89708,12.53902,1
2020,12.90647,123.60149,1
2020,12.9123,123.5969,1
2020,12.91602,7.30968,1
2020,12.91982,24.23566,1
2020,12.92108,-8.71487,1
2020,12.925,13.57077,1
2020,12.9361,43.42303,1
2020,12.94652,14.33196,1
2020,12.94677,13.67245,1
2020,12.95361,77.62177,1
2020,12.96175,13.62842,1
2020,12.96178,74.89026,1
2020,12.96367,-8.98906,1
2020,12.97601,124.03793,1
2020,12.98266,123.77245,1
2020,12.99111,0.95583,1
2020,12.99145,0.95641,1
2020,13.0152,124.00702,1
2020,13.03695,80.26743,1
2020,13.03824,23.60071,1
2020,13.03942,7.2162,1
2020,13.04262,123.56161,1
2020,13.04554,7.18441,1
2020,13.04993,-1.20652,1
2020,13.05232,123.61478,1
2020,13.054,123.85787,1
2020,13.05936,44.87753,1
2020,13.06993,-3.55991,1
2020,13.09561,13.82264,1
2020,13.09566,13.8189,1
2020,13.10119,123.53333,1
2020,13.1022,12.5106,1
2020,13.10348,44.05743,1
2020,13.104,12.51062,2
2020,13.10529,12.50852,1
2020,13.1057,-4.32378,1
2020,13.12251,22.15996,1
2020,13.12827,122.97556,1
2020,13.13256,123.60648,1
2020,13.13879,14.89084,1
2020,13.14703,43.82125,1
2020,13.1523,123.68191,1
2020,13.16042,123.6861,1
2020,13.16309,-0.82716,1
2020,13.16417,-0.8225,1
2020,13.16532,0.63996,2
2020,13.16838,-3.89322,1
2020,13.17228,-3.40739,1
2020,13.17652,-84.95574,1
2020,13.17897,-0.8283,1
2020,13.18221,45.47698,2
2020,13.18498,12.4624,1
2020,13.20287,44.0708,1
2020,13.2127,44.12415,1
2020,13.21503,44.11979,1
2020,13.21583,122.54306,1
2020,13.2166,44.1175,1
2020,13.23214,0.88196,1
2020,13.23388,-0.78001,1
2020,13.23979,-3.16759,1
2020,13.24278,0.97848,1
2020,13.27396,14.24213,1
2020,13.29056,44.26056,1
2020,13.29575,4.97467,1
2020,13.29726,-3.62495,1
2020,13.31142,123.24159,1
2020,13.31489,12.6047,1
2020,13.31962,43.25563,6
2020,13.3203,43.24732,1
2020,13.32068,-1.0833,1
2020,13.32536,2.59164,1
2020,13.33209,44.09286,1
2020,13.34644,1.29176,1
2020,13.35547,14.75652,1
2020,13.3576,45.69648,4
2020,13.3628,-3.86965,1
2020,13.36667,12.66861,1
2020,13.37327,-3.19696,1
2020,13.37861,44.00028,1
2020,13.38009,12.78289,1
2020,13.3839,-3.82718,1
2020,13.38623,-3.8261,1
2020,13.39028,43.96833,2
2020,13.399,12.7692,1
2020,13.40935,44.00032,1
2020,13.40989,12.79255,1
2020,13.41172,-1.05806,2
2020,13.41175,1.2285,1
2020,13.41312,43.63753,2
2020,13.41389,-1.05583,1
2020,13.43668,0.52993,1
2020,13.43668,0.53598,2
2020,13.43757,-3.18252,1
2020,13.44014,43.8943,2
2020,13.44017,-1.11687,1
2020,13.44386,14.25769,1
2020,13.44806,43.27,1
2020,13.46386,12.81548,1
2020,13.46667,-3.91667,1
2020,13.46732,23.29372,1
2020,13.46753,-1.19087,1
2020,13.4724,43.3755,1
2020,13.47389,43.88806,2
2020,13.47718,44.05843,1
2020,13.48337,12.84302,4
2020,13.48477,-2.77626,1
2020,13.48512,43.88642,1
2020,13.48748,-3.79029,1
2020,13.49531,43.45952,1
2020,13.5002,-3.884,1
2020,13.51338,-1.28806,1
2020,13.51667,122.55405,1
2020,13.52796,44.69707,1
2020,13.52827,14.01809,2
2020,13.53343,12.81777,1
2020,13.53829,14.63663,1
2020,13.53916,12.84434,1
2020,13.53992,46.03949,1
2020,13.54931,4.63093,1
2020,13.55469,43.943,2
2020,13.56667,36.96667,1
2020,13.56683,-2.41099,1
2020,13.56874,-1.52212,1
2020,13.57004,-1.40371,1
2020,13.57663,43.95583,1
2020,13.58278,44.3475,1
2020,13.58501,44.33614,1
2020,13.58648,44.0241,30
2020,13.59141,-3.263,1
2020,13.59448,44.06803,1
2020,13.59541,-3.59241,1
2020,13.59625,-3.59233,2
2020,13.5967,43.95943,1
2020,13.59683,13.25258,1
2020,13.59972,43.95,14
2020,13.60928,-3.74222,1
2020,13.61934,-3.58029,1
2020,13.62532,-3.36964,1
2020,13.64426,-3.3962,1
2020,13.65623,-3.52366,1
2020,13.65639,22.49473,1
2020,13.6568,46.0967,1
2020,13.65814,15.25932,1
2020,13.66066,13.10691,1
2020,13.665,-0.8006,1
2020,13.66878,-3.74673,1
2020,13.66887,-1.9109,1
2020,13.66964,13.12617,1
2020,13.67086,-3.74792,1
2020,13.67139,44.75122,1
2020,13.67315,13.34051,1
2020,13.67881,-1.55045,1
2020,13.68946,13.33777,1
2020,13.68948,0.59583,1
2020,13.70036,-1.40334,1
2020,13.70037,-1.4121,2
2020,13.70266,44.73357,4
2020,13.70578,-1.64985,1
2020,13.71467,-5.9401,1
2020,13.71823,-1.64638,1
2020,13.73146,-3.52628,2
2020,13.73333,44.68333,1
2020,13.7391,-6.0816,1
2020,13.74893,44.45192,1
2020,13.74944,44.46833,1
2020,13.7498,44.4657,1
2020,13.7527,-0.7496,1
2020,13.75862,-0.39966,1
2020,13.76207,44.14032,1
2020,13.76231,-1.48512,1
2020,13.76495,-0.75206,1
2020,13.76521,44.44644,1
2020,13.76638,-0.85097,1
2020,13.7674,122.18596,1
2020,13.76948,-60.94342,1
2020,13.79078,-2.26186,1
2020,13.79267,-4.39378,1
2020,13.80502,-2.07988,1
2020,13.80565,45.80128,1
2020,13.81007,-1.77323,1
2020,13.8177,-1.3161,1
2020,13.8179,13.77575,1
2020,13.8187,44.57393,1
2020,13.81976,121.13528,1
2020,13.82318,43.34526,1
2020,13.83162,-3.55069,1
2020,13.83181,2.93326,1
2020,13.83189,-1.60758,1
2020,13.83318,-1.60784,1
2020,13.8348,-3.4013,1
2020,13.8392,44.30987,1
2020,13.84767,45.86974,1
2020,13.85036,44.70211,1
2020,13.85041,43.45173,1
2020,13.85069,44.70296,1
2020,13.8631,44.6349,1
2020,13.86403,43.34055,1
2020,13.86425,-1.16145,2
2020,13.86486,44.50798,1
2020,13.86731,44.62605,1
2020,13.86734,44.63467,1
2020,13.87083,-2.27028,1
2020,13.87927,45.86952,1
2020,13.87961,43.23594,1
2020,13.8798,124.15544,1
2020,13.8874,45.86365,1
2020,13.89019,13.88891,1
2020,13.8992,43.22952,2
2020,13.89925,43.22979,1
2020,13.89972,-1.76556,1
2020,13.90789,43.53223,1
2020,13.908,44.66304,1
2020,13.91719,43.44637,1
2020,13.92045,44.67373,1
2020,13.92473,43.47675,1
2020,13.92598,43.47407,1
2020,13.92722,43.43743,1
2020,13.93038,-90.83416,1
2020,13.93106,43.48093,1
2020,13.9312,43.48014,1
2020,13.93134,43.47892,6
2020,13.9317,43.4831,4
2020,13.93222,46.0825,1
2020,13.93292,-1.66909,1
2020,13.93353,43.48512,3
2020,13.93396,43.48164,1
2020,13.93407,43.43282,1
2020,13.93778,43.50597,1
2020,13.94738,-1.67234,1
2020,13.95104,121.34058,1
2020,13.96111,43.96583,1
2020,13.96403,13.69622,1
2020,13.96449,45.27956,1
2020,13.96667,44.18333,1
2020,13.96988,-2.24615,1
2020,13.96996,43.43343,1
2020,13.97209,44.16253,3
2020,13.97333,43.95139,1
2020,13.97478,45.26998,1
2020,13.98397,46.69973,1
2020,13.98494,121.74234,1
2020,13.99023,48.18108,1
2020,13.99688,48.18464,1
2020,14.00436,2.18962,1
2020,14.00485,-0.95801,1
2020,14.00489,46.69148,1
2020,14.00692,46.8421,1
2020,14.00907,2.18884,1
2020,14.01472,45.80194,1
2020,14.02026,43.21085,1
2020,14.02242,48.34409,1
2020,14.02272,44.71838,1
2020,14.0274,44.69312,1
2020,14.03014,-2.19686,1
2020,14.03233,38.31657,1
2020,14.03254,-3.46244,1
2020,14.03289,44.66538,1
2020,14.0333,-0.5184,1
2020,14.03337,-3.26191,1
2020,14.03565,-0.36824,1
2020,14.03761,-0.31106,1
2020,14.041,45.39232,1
2020,14.0441,46.7807,1
2020,14.06155,-3.78606,1
2020,14.06212,46.91498,3
2020,14.06355,43.37238,1
2020,14.064,-3.07539,1
2020,14.06654,43.16496,8
2020,14.06976,47.96374,1
2020,14.0706,-3.0825,1
2020,14.07249,43.1589,2
2020,14.0725,43.15889,3
2020,14.07257,-3.08333,1
2020,14.07307,36.56889,2
2020,14.0784,-3.51911,1
2020,14.08144,-2.45018,2
2020,14.083,-2.45,1
2020,14.085,45.80083,2
2020,14.08541,45.8028,1
2020,14.08632,44.66797,2
2020,14.08711,46.85591,1
2020,14.08822,43.22764,1
2020,14.09281,-3.79283,1
2020,14.09344,-1.63408,4
2020,14.10309,43.10162,3
2020,14.10402,43.10326,1
2020,14.10406,43.10319,3
2020,14.10714,43.19116,1
2020,14.11405,43.96734,1
2020,14.12306,-2.11294,2
2020,14.13326,45.46435,2
2020,14.13694,38.77611,1
2020,14.1405,44.35125,1
2020,14.1432,121.2739,1
2020,14.14324,-2.51349,1
2020,14.14549,24.53419,1
2020,14.14556,24.53297,1
2020,14.14628,43.18784,2
2020,14.14889,43.18807,1
2020,14.14912,45.46916,1
2020,14.15216,-1.92403,1
2020,14.15364,43.19995,1
2020,14.15444,-0.05528,2
2020,14.16022,44.16516,1
2020,14.17333,43.23635,1
2020,14.18226,43.22288,1
2020,14.18527,43.22639,6
2020,14.18592,43.22549,1
2020,14.18764,13.76553,1
2020,14.19096,-3.74981,1
2020,14.19856,43.21895,3
2020,14.20979,24.6574,3
2020,14.21422,43.13467,1
2020,14.22187,-5.9855,1
2020,14.22212,43.35055,1
2020,14.22229,-4.49339,1
2020,14.22612,-5.97533,1
2020,14.22633,-5.97336,1
2020,14.22833,-4.03417,1
2020,14.22844,-0.86183,1
2020,14.24188,47.6428,1
2020,14.2458,98.202,2
2020,14.25694,43.87389,1
2020,14.26987,47.56201,1
2020,14.28333,43.06667,4
2020,14.29902,120.95897,1
2020,14.31547,-2.74009,1
2020,14.31605,2.08649,1
2020,14.31755,43.05799,1
2020,14.32666,47.44721,1
2020,14.33036,121.08051,1
2020,14.33283,121.09019,1
2020,14.34093,43.05288,2
2020,14.34895,-3.60912,3
2020,14.35042,121.08224,1
2020,14.35044,-3.61204,1
2020,14.3546,45.3849,1
2020,14.35516,43.31851,1
2020,14.38333,47.16667,1
2020,14.3889,-3.7248,1
2020,14.3978,47.7404,1
2020,14.40117,-0.31693,1
2020,14.40911,-4.17408,1
2020,14.41809,47.28421,1
2020,14.42016,46.97146,1
2020,14.42645,46.15622,1
2020,14.43326,47.19193,1
2020,14.44525,-3.58127,3
2020,14.44881,-5.07605,1
2020,14.44902,-87.64825,1
2020,14.45021,-2.24447,1
2020,14.45093,-2.24497,1
2020,14.45685,45.27522,1
2020,14.46623,44.02748,1
2020,14.4719,-0.45024,1
2020,14.48622,-3.04133,1
2020,14.4889,-2.7279,1
2020,14.49972,-3.94639,1
2020,14.50182,44.821,2
2020,14.50714,46.49362,1
2020,14.5164,44.8915,1
2020,14.52167,43.32464,1
2020,14.52956,46.83013,2
2020,14.53215,46.82197,1
2020,14.53352,46.83463,1
2020,14.53529,46.8347,1
2020,14.53826,-9.19072,2
2020,14.53851,46.83095,1
2020,14.53908,-4.0969,1
2020,14.54134,1.25335,1
2020,14.54397,49.12458,1
2020,14.54457,1.30569,1
2020,14.54943,121.03359,1
2020,14.55046,44.39771,3
2020,14.55361,44.94158,1
2020,14.56089,121.44055,1
2020,14.56148,-0.07253,1
2020,14.5709,45.29825,1
2020,14.57248,43.092,3
2020,14.57321,45.29838,4
2020,14.5859,-0.13784,1
2020,14.58833,44.53533,1
2020,14.5895,-3.1022,1
2020,14.59935,120.98477,2
2020,14.60209,42.99789,1
2020,14.60369,43.01266,1
2020,14.60444,43.07167,1
2020,14.605,44.8894,1
2020,14.60699,43.07634,1
2020,14.61438,43.08901,1
2020,14.61578,43.11555,1
2020,14.61733,43.07926,1
2020,14.61961,43.07413,2
2020,14.6352,43.0063,1
2020,14.63808,43.05512,1
2020,14.63837,43.08738,1
2020,14.6432,-6.6909,1
2020,14.64452,43.10083,1
2020,14.64843,43.1377,1
2020,14.64893,43.09026,1
2020,14.64953,120.96788,1
2020,14.65394,43.08336,1
2020,14.67428,121.0575,4
2020,14.67532,2.27181,1
2020,14.67616,43.04224,1
2020,14.6766,-1.95135,2
2020,14.679,43.04271,1
2020,14.6821,45.1832,1
2020,14.68407,-6.01227,1
2020,14.68566,-6.02243,1
2020,14.6887,43.07414,1
2020,14.7274,42.96096,3
2020,14.73544,0.92168,2
2020,14.74066,-6.1205,1
2020,14.75463,46.51626,1
2020,14.774,42.97368,1
2020,14.7769,45.7402,1
2020,14.77917,43.01722,1
2020,14.78239,42.97309,26
2020,14.78371,-6.23068,5
2020,14.78398,42.92708,1
2020,14.79091,42.97088,1
2020,14.79148,45.03865,1
2020,14.7938,43.07464,2
2020,14.79674,-1.30356,1
2020,14.79818,45.71736,1
2020,14.80064,-6.02072,1
2020,14.81042,-5.95786,1
2020,14.8115,-5.95846,1
2020,14.8259,121.27408,1
2020,14.853,121.0655,1
2020,14.86542,120.89081,1
2020,14.87491,43.36686,1
2020,14.87607,-1.85448,1
2020,14.88492,5.29105,1
2020,14.9013,120.7719,1
2020,14.94528,45.46504,1
2020,14.94854,74.0562,1
2020,14.96056,45.16278,1
2020,14.96583,45.21778,1
2020,14.96667,-3.65686,1
2020,14.96848,0.70249,1
2020,14.99583,-3.61389,1
2020,15.0,50.0,1
2020,15.00452,-2.95506,1
2020,15.00705,-2.9543,1
2020,15.01666,-4.23054,2
2020,15.04722,45.18861,1
2020,15.07152,39.04242,1
2020,15.07922,-2.21935,1
2020,15.08909,-91.22194,1
2020,15.11339,97.81377,1
2020,15.13404,-2.40652,1
2020,15.14611,-2.30216,1
2020,15.22833,44.25333,2
2020,15.2293,2.99852,1
2020,15.23138,44.26233,1
2020,15.23843,-3.05291,1
2020,15.28635,-1.70072,1
2020,15.29185,38.91067,1
2020,15.29728,-61.38488,1
2020,15.30531,43.01949,2
2020,15.30992,42.66142,1
2020,15.31621,42.67204,1
2020,15.31664,38.87451,1
2020,15.31686,42.67241,1
2020,15.32288,38.92505,2
2020,15.32544,44.2119,6
2020,15.33051,39.06399,1
2020,15.33756,120.9055,1
2020,15.33879,38.92219,1
2020,15.34126,120.91656,1
2020,15.34173,44.29473,2
2020,15.3423,-1.50845,1
2020,15.35921,44.28692,1
2020,15.36903,47.02729,1
2020,15.40092,-4.12111,1
2020,15.41698,45.08188,1
2020,15.41975,44.1218,1
2020,15.42004,45.10459,1
2020,15.45033,45.01982,1
2020,15.45063,45.01976,1
2020,15.45639,45.32487,14
2020,15.4625,45.32556,2
2020,15.47404,0.70905,1
2020,15.47484,45.41672,1
2020,15.47572,45.31396,1
2020,15.48104,45.32281,1
2020,15.4823,45.46313,1
2020,15.48971,45.3183,1
2020,15.49002,2.55291,1
2020,15.50065,32.5599,1
2020,15.50639,44.06028,2
2020,15.51589,45.44981,1
2020,15.52441,1.93392,1
2020,15.53333,44.65,1
2020,15.5659,45.35464,1
2020,15.58465,45.00408,2
2020,15.61789,32.55489,1
2020,15.63333,44.58333,1
2020,15.64363,32.22261,3
2020,15.65993,-3.71726,1
2020,15.6676,-90.42931,1
2020,15.68083,32.45139,1
2020,15.72013,44.53964,1
2020,15.74386,44.56047,1
2020,15.74403,44.56149,1
2020,15.75139,44.57444,1
2020,15.7516,44.5746,1
2020,15.76061,44.72063,1
2020,15.77508,-4.51078,1
2020,15.77677,-86.8008,1
2020,15.78362,-3.86464,1
2020,15.80838,121.41315,1
2020,15.81893,52.19437,1
2020,15.82128,-1.30057,2
2020,15.85,44.775,1
2020,15.8501,-2.784,1
2020,15.85722,44.79206,3
2020,15.89901,2.17312,1
2020,15.90656,120.60129,1
2020,15.91492,48.65074,3
2020,15.92641,-3.99891,1
2020,15.9267,48.62625,1
2020,15.92856,2.37725,1
2020,15.93447,2.69289,1
2020,15.94001,48.78975,2
2020,15.94954,48.80957,2
2020,15.96279,48.78709,1
2020,15.98154,13.19986,1
2020,16.0432,120.33344,1
2020,16.07883,120.44728,1
2020,16.16541,44.7769,1
2020,16.22264,43.29316,1
2020,16.24703,-0.0198,1
2020,16.24711,-0.05124,1
2020,16.25639,44.65056,1
2020,16.25712,42.924,1
2020,16.26133,-0.03428,1
2020,16.26781,-3.39714,1
2020,16.27063,44.64399,1
2020,16.3526,43.68757,1
2020,16.43316,1.03431,1
2020,16.51155,0.65468,1
2020,16.62858,-3.32451,1
2020,16.6651,75.9114,1
2020,16.67888,98.3711,2
2020,16.68366,121.62747,1
2020,16.70334,120.93963,1
2020,16.70723,121.72502,1
2020,16.75775,-2.99936,2
2020,16.78444,-2.57104,1
2020,16.79018,45.29939,1
2020,16.79059,45.29903,1
2020,16.8,43.15,1
2020,16.80475,45.12107,1
2020,16.83561,-2.5242,1
2020,16.87346,42.55568,1
2020,16.88936,42.57057,2
2020,16.89319,42.57526,5
2020,16.89701,-99.82086,1
2020,16.91749,43.76241,1
2020,16.94,43.76389,1
2020,16.95094,43.74777,1
2020,16.95565,42.92762,1
2020,16.9797,45.02693,1
2020,16.9841,121.65358,1
2020,16.998,45.5741,1
2020,17.00846,-100.08547,1
2020,17.03358,-1.40381,1
2020,17.1426,42.48723,1
2020,17.14333,120.44944,1
2020,17.16462,45.86585,1
2020,17.44141,43.46448,1
2020,17.47732,0.11732,1
2020,17.48012,0.11713,1
2020,17.48228,43.28216,1
2020,17.53849,80.61402,1
2020,17.55494,44.23236,9
2020,17.5656,44.22894,2
2020,17.57944,120.62306,1
2020,17.58355,80.65936,1
2020,17.59552,52.60876,1
2020,17.60827,81.24206,1
2020,17.67393,80.9002,1
2020,17.68142,120.73047,1
2020,17.69876,42.01254,1
2020,18.01408,81.05139,1
2020,18.04572,0.60265,1
2020,18.07295,80.8256,1
2020,18.09231,81.45666,1
2020,18.10887,82.67347,1
2020,18.12002,81.72768,1
2020,18.12994,81.26998,1
2020,18.13343,81.25188,1
2020,18.18016,121.75037,1
2020,18.20565,80.66984,1
2020,18.2085,81.3167,1
2020,18.20882,81.06526,1
2020,18.22975,121.41376,1
2020,18.23378,42.65522,4
2020,18.23436,42.6579,2
2020,18.23449,42.65595,1
2020,18.23904,81.17536,1
2020,18.24316,42.65549,1
2020,18.24317,82.28672,1
2020,18.25463,42.79273,1
2020,18.2612,42.79471,1
2020,18.274,121.6748,1
2020,18.27429,81.22407,1
2020,18.31475,42.72516,4
2020,18.34114,-99.53103,1
2020,18.34186,-99.56242,1
2020,18.34351,81.88274,1
2020,18.34359,81.88253,1
2020,18.34363,81.88129,1
2020,18.35499,81.20884,1
2020,18.35936,81.5969,1
2020,18.38752,81.65564,1
2020,18.3884,81.6422,1
2020,18.3895,81.65986,1
2020,18.4037,81.66502,1
2020,18.41826,1.41351,1
2020,18.42245,81.19037,1
2020,18.51031,81.90367,1
2020,18.51122,81.35371,1
2020,18.51378,81.36054,1
2020,18.5141,81.3574,1
2020,18.52537,80.93556,1
2020,18.52772,-72.33284,2
2020,18.5815,81.26008,1
2020,18.60351,81.64326,1
2020,18.61898,81.27858,1
2020,18.63647,81.73321,1
2020,18.6568,81.78345,1
2020,18.72834,80.86266,1
2020,18.735,81.09792,1
2020,18.73594,81.09871,1
2020,18.74322,81.55739,1
2020,18.75084,81.60179,2
2020,18.7529,81.7046,1
2020,18.7656,80.99716,1
2020,18.76887,81.50668,1
2020,18.78844,81.07934,1
2020,18.79252,81.66457,1
2020,18.79722,80.504,1
2020,18.7997,80.7907,1
2020,18.7997,80.8182,1
2020,18.81723,80.93426,1
2020,18.81908,1.35405,1
2020,18.84322,80.7761,1
2020,18.84398,81.00971,1
2020,18.84563,81.38393,1
2020,18.84848,94.24872,1
2020,18.84888,94.24896,1
2020,18.85797,81.1212,1
2020,18.86083,80.72144,1
2020,18.89817,81.34888,2
2020,18.99132,81.94398,1
2020,19.00672,80.94892,1
2020,19.03463,80.98795,1
2020,19.0413,80.8868,1
2020,19.04333,80.66343,1
2020,19.04686,81.35025,1
2020,19.06271,82.5835,1
2020,19.0918,80.7907,2
2020,19.10256,94.18596,1
2020,19.13515,81.3865,1
2020,19.18567,93.81592,2
2020,19.20515,81.93236,2
2020,19.21719,81.90409,1
2020,19.23361,94.13441,2
2020,19.23371,94.13983,1
2020,19.25,81.25,1
2020,19.4081,-102.0431,1
2020,19.44985,81.32747,1
2020,19.45035,81.32791,1
2020,19.46485,0.85639,1
2020,19.47359,83.34955,1
2020,19.50716,83.06696,1
2020,19.53809,80.41748,1
2020,19.54611,80.61472,1
2020,19.61904,80.33942,1
2020,19.71005,81.2487,1
2020,19.71234,81.3183,1
2020,19.71426,81.26661,1
2020,19.82372,80.6462,1
2020,19.82381,79.82485,1
2020,19.8251,82.10813,1
2020,19.82772,80.18056,1
2020,19.92459,93.79338,1
2020,19.93607,81.12633,1
2020,19.96645,80.76599,1
2020,19.96823,83.75618,1
2020,19.98851,80.7327,1
2020,19.98902,80.8481,1
2020,20.0675,81.27068,1
2020,20.0692,93.1063,1
2020,20.07469,84.05968,1
2020,20.09648,0.0667,1
2020,20.09815,93.65017,2
2020,20.1473,92.88355,1
2020,20.1617,81.1395,1
2020,20.18487,79.9948,2
2020,20.20709,86.074,1
2020,20.25207,0.98153,1
2020,20.31634,98.3732,1
2020,20.33205,92.99298,1
2020,20.33864,83.71327,1
2020,20.36172,93.27597,1
2020,20.36548,93.26341,1
2020,20.3945,93.3308,1
2020,20.43979,1.80782,1
2020,20.44573,-97.32025,1
2020,20.46302,93.31284,1
2020,20.48491,92.75558,7
2020,20.48695,93.28288,1
2020,20.54983,-101.14941,1
2020,20.56671,80.55928,1
2020,20.57177,92.71453,1
2020,20.58012,93.22312,1
2020,20.59357,93.18364,1
2020,20.5948,93.20057,1
2020,20.59979,93.24887,1
2020,20.60283,92.65783,1
2020,20.68879,93.13896,1
2020,20.71732,92.96545,1
2020,20.72533,92.64796,1
2020,20.735,0.45246,1
2020,20.7539,80.38595,1
2020,20.80358,92.60368,1
2020,20.8235,71.04086,1
2020,20.82374,92.37079,1
2020,20.82411,92.36902,1
2020,20.8435,92.97472,1
2020,20.84448,92.97506,1
2020,20.84468,92.97527,1
2020,20.86951,92.52722,1
2020,20.90401,80.98285,1
2020,21.0899,92.8968,1
2020,21.09734,77.05357,1
2020,21.09754,81.03778,1
2020,21.11091,80.79939,1
2020,21.21274,92.16379,1
2020,21.22624,92.92879,1
2020,21.27759,92.25861,1
2020,21.30365,92.85397,1
2020,21.31384,92.85758,1
2020,21.32163,-158.08114,1
2020,21.45,18.41667,1
2020,21.48245,82.71117,1
2020,21.48581,39.1925,2
2020,21.48925,38.91382,1
2020,21.50194,81.00861,1
2020,21.6013,80.79964,1
2020,21.6502,39.23065,1
2020,21.81288,80.18383,1
2020,21.93588,85.12109,1
2020,22.14252,-100.98384,1
2020,22.20323,88.70764,1
2020,22.2061,80.57435,1
2020,22.26706,114.18699,1
2020,22.27844,114.16868,1
2020,22.30551,114.16806,1
2020,22.31529,114.17771,1
2020,22.31836,114.16953,1
2020,22.32429,114.16909,1
2020,22.32654,114.1633,1
2020,22.3277,114.16917,1
2020,22.34014,114.13843,1
2020,22.34128,114.15329,1
2020,22.3419,91.81512,2
2020,22.35041,114.09786,1
2020,22.35677,114.12949,1
2020,22.36365,85.43604,1
2020,22.36509,85.43756,2
2020,22.37741,114.13606,1
2020,22.39677,113.96638,1
2020,22.4358,84.93147,1
2020,22.44986,114.0024,1
2020,22.45221,114.17319,1
2020,22.45823,114.00081,1
2020,22.49502,114.14124,1
2020,22.4973,85.5176,1
2020,22.49756,114.12838,1
2020,22.49899,113.94412,1
2020,22.5118,85.37343,1
2020,22.52822,114.11334,1
2020,22.54186,97.03501,1
2020,22.54765,85.78966,1
2020,22.55665,85.68821,2
2020,22.57083,85.48708,2
2020,22.57996,86.68906,1
2020,22.58354,85.59429,1
2020,22.59609,85.46432,1
2020,22.60628,85.43928,1
2020,22.61509,85.5551,1
2020,22.63195,85.45529,1
2020,22.64731,85.29048,1
2020,22.70866,85.53855,1
2020,22.71634,88.47797,2
2020,22.84073,92.09597,1
2020,22.86425,85.33004,1
2020,22.86837,88.40325,1
2020,22.86848,85.8024,1
2020,22.90346,85.77196,1
2020,22.98891,96.93945,1
2020,22.992,85.65228,1
2020,23.00093,85.53184,1
2020,23.04273,84.54114,1
2020,23.04413,84.53794,1
2020,23.23655,-106.40305,1
2020,23.26453,88.4381,1
2020,23.40906,83.93494,1
2020,23.4274,15.98875,1
2020,23.42835,84.56523,1
2020,23.43699,84.67975,1
2020,23.45625,97.93454,1
2020,23.51359,83.89591,1
2020,23.53977,84.61006,1
2020,23.55348,91.12669,1
2020,23.57472,96.77639,1
2020,23.62675,84.56953,1
2020,23.64648,83.77385,1
2020,23.67889,85.05944,1
2020,23.67934,87.75234,2
2020,23.68155,84.11712,1
2020,23.68341,87.75354,1
2020,23.69026,90.39292,1
2020,23.7252,85.0326,1
2020,23.73916,91.95892,1
2020,23.74631,84.5083,1
2020,23.74632,84.50911,1
2020,23.76373,84.09628,1
2020,23.79128,90.4182,21
2020,23.80138,85.69637,1
2020,23.80244,84.61405,1
2020,23.81114,85.60475,1
2020,23.82906,84.78885,1
2020,23.83333,97.67972,1
2020,23.84821,84.11495,1
2020,23.86552,85.09337,1
2020,23.90215,91.95106,1
2020,23.90414,85.89167,1
2020,23.94878,93.85188,1
2020,23.9649,86.14465,1
2020,23.97803,97.9013,1
2020,23.98258,86.16286,1
2020,23.99335,97.91026,1
2020,23.9959,97.90075,1
2020,23.99687,85.37176,1
2020,23.99781,97.90127,2
2020,24.02317,38.1829,1
2020,24.19088,86.2998,1
2020,24.24291,85.10505,1
2020,24.27676,92.59886,1
2020,24.29586,84.46901,1
2020,24.29672,84.64616,1
2020,24.357,92.85104,1
2020,24.38588,84.02467,1
2020,24.38958,84.46954,1
2020,24.44245,84.38952,1
2020,24.4552,84.58158,1
2020,24.48024,92.78708,1
2020,24.49948,93.77845,1
2020,24.54603,94.04433,1
2020,24.57698,84.62175,1
2020,24.59382,84.51369,1
2020,24.59916,94.03906,1
2020,24.62978,93.75818,1
2020,24.6527,93.89843,1
2020,24.68459,46.70267,3
2020,24.773,86.08733,2
2020,24.78212,92.85771,1
2020,24.78676,91.358,1
2020,24.79792,93.94052,7
2020,24.80578,93.94412,1
2020,24.82433,86.1192,1
2020,24.82477,94.14302,1
2020,24.85756,94.48236,1
2020,24.88301,94.09438,1
2020,24.88438,94.09486,1
2020,24.89112,67.14331,25
2020,24.90247,91.86596,1
2020,24.90401,94.92435,1
2020,24.92082,86.17538,1
2020,25.0058,66.82011,1
2020,25.04304,86.19589,1
2020,25.1242,86.55036,1
2020,25.1259,88.58793,1
2020,25.12745,86.2342,1
2020,25.17906,92.39085,1
2020,25.23109,92.24413,1
2020,25.24425,87.63481,1
2020,25.3552,91.44709,1
2020,25.37535,64.91495,1
2020,25.37716,92.40956,1
2020,25.38929,68.35734,1
2020,25.42526,81.96892,1
2020,25.4932,93.5386,1
2020,25.49668,93.11255,1
2020,25.5276,91.26312,1
2020,25.53127,90.02188,1
2020,25.54199,86.06061,1
2020,25.56112,86.48953,1
2020,25.56113,91.61736,1
2020,25.5782,91.89307,1
2020,25.57877,91.89325,1
2020,25.59624,85.03383,1
2020,25.61254,96.31344,1
2020,25.65173,91.85194,1
2020,25.67379,91.06101,1
2020,25.71444,82.96667,1
2020,25.79667,63.30194,1
2020,25.8314,62.25993,1
2020,25.84139,63.22973,1
2020,25.88867,68.54493,1
2020,25.90914,93.72656,1
2020,25.91059,93.72529,1
2020,25.93449,14.45869,1
2020,25.9655,62.9572,1
2020,25.99941,63.04745,2
2020,26.00175,63.09099,1
2020,26.00862,63.89123,1
2020,26.03228,83.384,1
2020,26.03333,62.73333,1
2020,26.07348,62.72052,1
2020,26.08576,63.0158,1
2020,26.10288,62.36894,1
2020,26.14833,62.01444,1
2020,26.14979,91.76393,2
2020,26.17097,64.03926,1
2020,26.3,65.58333,1
2020,26.3741,80.41255,1
2020,26.44102,14.25122,1
2020,26.48648,93.9292,1
2020,26.54342,86.74774,1
2020,26.6139,-81.82086,1
2020,26.63974,86.18535,1
2020,26.67171,88.06564,1
2020,26.6799,87.4604,1
2020,26.73279,65.35488,1
2020,26.76196,87.40359,2
2020,26.79167,86.69889,1
2020,26.85706,80.93322,1
2020,26.91386,86.31739,1
2020,26.9221,63.30381,1
2020,26.92892,95.54165,1
2020,26.94233,86.15103,1
2020,26.9494,65.49224,1
2020,26.95702,64.85157,1
2020,26.97214,64.11457,2
2020,26.97271,64.10436,1
2020,27.01362,84.87952,1
2020,27.04003,95.07581,1
2020,27.08821,85.7237,1
2020,27.09377,86.53101,1
2020,27.14266,86.1121,1
2020,27.26407,87.24193,2
2020,27.31983,95.81656,1
2020,27.35694,96.01278,1
2020,27.3572,95.3226,1
2020,27.3681,85.1074,1
2020,27.38036,95.89704,1
2020,27.43394,95.60839,1
2020,27.46471,83.02142,1
2020,27.4824,94.90248,1
2020,27.48277,-109.93037,1
2020,27.48532,-109.91024,1
2020,27.48792,94.91869,1
2020,27.51071,87.19308,1
2020,27.5243,-109.9128,1
2020,27.56008,68.21572,2
2020,27.5668,96.08571,1
2020,27.56774,95.55724,1
2020,27.58906,68.00286,1
2020,27.66897,85.31982,1
2020,27.67382,85.35969,1
2020,27.70875,85.3295,1
2020,27.7209,85.28818,1
2020,27.72901,-97.3941,1
2020,27.76354,69.57379,1
2020,27.85791,68.77555,1
2020,27.95704,68.63799,1
2020,27.98716,84.06789,1
2020,28.01142,-82.57587,1
2020,28.04375,-82.37743,1
2020,28.28167,68.4375,1
2020,28.28233,68.44721,1
2020,28.30624,68.43737,1
2020,28.36086,62.96767,1
2020,28.39615,78.17212,1
2020,28.42116,70.29887,1
2020,28.45202,68.03429,1
2020,28.46145,68.59815,1
2020,28.47395,76.95806,1
2020,28.47716,-81.33686,1
2020,28.49125,66.26348,1
2020,28.51858,68.54198,1
2020,28.56115,77.28093,1
2020,28.56203,77.28272,1
2020,28.56258,77.28272,1
2020,28.57051,67.49955,1
2020,28.57271,81.64144,1
2020,28.58584,77.15334,2
2020,28.66217,68.14678,1
2020,28.66246,77.07228,1
2020,28.66916,77.45376,1
2020,28.68691,69.95327,1
2020,28.69873,82.20362,1
2020,28.70324,80.58563,3
2020,28.70944,82.16361,1
2020,28.83136,80.89865,1
2020,28.89241,33.37294,1
2020,28.914,60.0702,1
2020,28.9983,66.36094,1
2020,29.08386,68.86276,1
2020,29.09261,80.48249,1
2020,29.11777,70.33426,1
2020,29.12122,71.74459,1
2020,29.14387,69.09979,1
2020,29.17801,-82.15116,1
2020,29.18192,68.21156,1
2020,29.35347,80.86741,1
2020,29.36862,80.97471,1
2020,29.45688,81.48026,1
2020,29.48358,60.8627,1
2020,29.54278,67.87722,1
2020,29.54828,67.87919,1
2020,29.58903,66.00411,1
2020,29.6894,80.60164,2
2020,29.75997,67.3026,1
2020,29.78603,-95.38848,1
2020,29.79516,66.90349,1
2020,29.80396,66.85099,1
2020,29.85538,67.33993,1
2020,29.87635,66.84192,1
2020,29.89609,69.25024,1
2020,29.89953,69.52463,1
2020,29.97208,81.81942,1
2020,29.97214,47.11968,1
2020,29.98358,14.26848,1
2020,30.02111,70.62667,1
2020,30.09782,67.93848,1
2020,30.09826,66.94448,1
2020,30.10472,67.93754,1
2020,30.12048,62.26104,1
2020,30.1211,65.38169,1
2020,30.16028,67.70539,1
2020,30.19535,67.71322,3
2020,30.20082,66.99435,9
2020,30.23412,66.07381,1
2020,30.24382,66.04635,1
2020,30.27499,47.28597,1
2020,30.28061,62.0546,1
2020,30.28236,33.61758,1
2020,30.32909,47.24724,1
2020,30.3321,-81.67508,1
2020,30.35496,68.60073,1
2020,30.36366,47.61728,1
2020,30.36693,65.6466,1
2020,30.38287,47.70296,1
2020,30.39114,47.68671,1
2020,30.41457,33.42348,1
2020,30.43701,63.33435,1
2020,30.45029,47.98335,1
2020,30.50612,-90.45629,1
2020,30.51005,47.77809,10
2020,30.52577,47.7738,1
2020,30.57174,61.83937,1
2020,30.58378,67.00122,1
2020,30.60926,66.57397,1
2020,30.62494,33.53469,1
2020,30.65002,47.79122,2
2020,30.65881,33.71745,1
2020,30.67175,67.05775,1
2020,30.68614,33.45628,1
2020,30.69138,47.73813,1
2020,30.70673,33.38169,1
2020,30.71139,47.78333,1
2020,30.74367,48.43353,1
2020,30.75488,34.85739,1
2020,30.82956,35.03882,1
2020,30.85857,64.15172,1
2020,30.86071,34.82186,1
2020,30.8645,64.1135,1
2020,30.87372,34.79299,1
2020,30.87513,64.13672,1
2020,30.88389,46.43611,1
2020,30.89349,64.16457,1
2020,30.89681,46.44812,1
2020,30.89802,75.86007,1
2020,30.90316,66.47647,1
2020,30.90652,34.81435,1
2020,30.92211,66.45153,3
2020,30.9394,66.39197,1
2020,30.94294,32.71268,3
2020,30.95386,32.74596,4
2020,30.95425,32.77387,4
2020,30.95993,61.86895,1
2020,30.97267,32.74731,1
2020,30.97286,46.72388,1
2020,30.98778,66.16972,2
2020,30.98789,33.06168,1
2020,30.98806,32.76029,3
2020,30.9881,66.15132,1
2020,30.9887,32.7763,1
2020,30.99777,66.41525,1
2020,31.0,64.0,1
2020,31.0047,66.398,1
2020,31.00756,66.39846,1
2020,31.01678,33.00859,4
2020,31.02615,62.45042,1
2020,31.04437,46.26145,20
2020,31.05038,46.22028,1
2020,31.05824,34.85435,1
2020,31.08287,34.14627,4
2020,31.0875,33.50083,1
2020,31.09293,46.26911,1
2020,31.10062,65.15888,1
2020,31.10124,46.00643,1
2020,31.10133,46.00843,1
2020,31.10423,46.36247,2
2020,31.10865,45.88232,1
2020,31.10888,65.1905,1
2020,31.11175,34.08921,1
2020,31.11269,65.70024,1
2020,31.11396,65.21776,1
2020,31.1152,61.8138,1
2020,31.12665,33.80086,3
2020,31.12703,64.20585,2
2020,31.13781,65.28201,1
2020,31.13933,65.76095,2
2020,31.14806,46.25283,1
2020,31.14994,33.92477,1
2020,31.15062,-81.48152,1
2020,31.15639,34.16417,1
2020,31.16112,65.3603,1
2020,31.16171,65.65934,1
2020,31.16371,33.95593,5
2020,31.17003,65.27164,1
2020,31.17139,65.7104,1
2020,31.18606,34.00856,2
2020,31.19365,16.55388,1
2020,31.1985,34.40579,1
2020,31.2063,46.38067,1
2020,31.21179,34.15104,3
2020,31.2118,34.12069,1
2020,31.21222,34.11706,3
2020,31.21638,75.77069,1
2020,31.21718,64.18994,1
2020,31.22417,75.75882,1
2020,31.242,65.30335,1
2020,31.24775,35.20437,1
2020,31.24848,34.78786,2
2020,31.2502,34.24128,4
2020,31.2668,64.07578,1
2020,31.26804,64.23446,2
2020,31.28056,66.77361,1
2020,31.28641,64.15766,1
2020,31.28889,34.40336,1
2020,31.29077,64.21903,1
2020,31.29628,46.24062,1
2020,31.30021,45.27709,1
2020,31.31652,34.46681,1
2020,31.31802,65.95651,1
2020,31.3185,65.9534,3
2020,31.3198,65.9571,1
2020,31.3232,64.06799,1
2020,31.32363,61.77446,2
2020,31.32692,34.37856,1
2020,31.32942,64.21397,1
2020,31.33428,64.40508,1
2020,31.335,62.32517,1
2020,31.33566,64.4438,1
2020,31.34558,74.69151,1
2020,31.34696,34.30143,1
2020,31.35577,64.34679,1
2020,31.36,46.22058,1
2020,31.36354,62.46807,1
2020,31.36365,63.95861,4
2020,31.36395,34.72034,1
2020,31.36782,34.50595,1
2020,31.3749,34.39802,1
2020,31.37871,34.6289,1
2020,31.37952,74.36024,1
2020,31.38089,67.23712,2
2020,31.39378,35.15777,1
2020,31.39444,41.46463,1
2020,31.40546,34.40628,2
2020,31.41423,64.35554,2
2020,31.41927,34.55103,1
2020,31.42563,34.57906,3
2020,31.43393,34.39995,1
2020,31.43735,67.25387,1
2020,31.43951,67.25082,1
2020,31.44193,65.57649,1
2020,31.4427,65.31637,1
2020,31.44374,35.16399,1
2020,31.44423,67.25725,1
2020,31.44488,34.40006,2
2020,31.4463,67.25274,1
2020,31.44977,73.70466,1
2020,31.4503,45.22773,1
2020,31.45334,67.26401,1
2020,31.45336,65.52815,2
2020,31.45754,67.23278,1
2020,31.46122,66.52239,3
2020,31.46285,65.32529,1
2020,31.46746,64.09244,4
2020,31.46864,64.30044,1
2020,31.47029,34.59311,1
2020,31.47032,34.53545,1
2020,31.47261,34.49769,1
2020,31.47694,74.51274,1
2020,31.47771,64.28982,3
2020,31.47944,35.06472,1
2020,31.48151,65.26266,1
2020,31.48405,34.53343,1
2020,31.48505,64.3336,1
2020,31.4858,65.3851,2
2020,31.49052,67.24927,1
2020,31.49091,46.37535,1
2020,31.49304,34.98242,1
2020,31.49737,65.71594,1
2020,31.4996,64.31946,1
2020,31.49971,65.00085,1
2020,31.50187,65.76953,1
2020,31.50195,65.71614,1
2020,31.50306,65.56198,1
2020,31.50547,74.34288,2
2020,31.50688,66.54218,1
2020,31.50847,65.81395,1
2020,31.50871,62.70064,1
2020,31.51087,34.59109,1
2020,31.51188,65.7029,1
2020,31.51402,34.62473,1
2020,31.51519,65.26989,1
2020,31.51846,34.58054,1
2020,31.51858,65.71123,1
2020,31.52,66.562,1
2020,31.52083,66.55417,1
2020,31.5282,34.59638,12
2020,31.5296,64.23222,1
2020,31.52973,34.62675,2
2020,31.53024,35.09416,2
2020,31.53029,64.20522,1
2020,31.5307,65.36509,1
2020,31.53208,65.74079,1
2020,31.53551,65.70886,1
2020,31.5359,65.8085,1
2020,31.53704,65.56131,1
2020,31.5371,65.81151,1
2020,31.54057,65.33373,1
2020,31.54273,65.60178,1
2020,31.54341,65.46106,1
2020,31.54344,65.46065,1
2020,31.54426,65.46047,1
2020,31.545,66.33972,1
2020,31.5451,65.4619,1
2020,31.55242,64.55026,1
2020,31.55534,64.99558,1
2020,31.5572,65.4343,1
2020,31.55783,65.35961,1
2020,31.55822,65.32762,1
2020,31.565,67.16499,1
2020,31.56648,65.02753,1
2020,31.56677,35.11923,1
2020,31.56694,65.54221,1
2020,31.56703,65.01254,1
2020,31.57059,67.09753,1
2020,31.57082,67.03405,1
2020,31.57196,65.74154,1
2020,31.57778,63.79056,2
2020,31.57781,65.0592,1
2020,31.57792,65.3941,2
2020,31.57798,63.79072,1
2020,31.57811,65.3983,1
2020,31.57944,64.82528,1
2020,31.5803,67.0142,1
2020,31.58104,65.02303,1
2020,31.5829,65.35248,1
2020,31.58361,64.99333,1
2020,31.58363,64.99332,1
2020,31.58983,64.33795,5
2020,31.59178,66.38944,1
2020,31.59361,64.37139,1
2020,31.59668,35.22988,1
2020,31.59676,64.40971,1
2020,31.60049,64.25439,1
2020,31.60083,64.37053,31
2020,31.60124,63.80564,1
2020,31.60557,34.77177,1
2020,31.60622,64.33904,1
2020,31.60711,65.63467,2
2020,31.61094,65.62627,1
2020,31.61155,65.04796,1
2020,31.61306,65.71,1
2020,31.61539,65.79445,1
2020,31.61566,65.89878,1
2020,31.61814,63.88814,2
2020,31.61932,65.05016,1
2020,31.61972,65.73671,1
2020,31.62105,74.28244,1
2020,31.62225,65.05335,1
2020,31.62256,63.89448,1
2020,31.62304,65.05425,1
2020,31.62329,65.05423,1
2020,31.62844,63.88,2
2020,31.63108,65.74223,38
2020,31.63327,63.90591,1
2020,31.63458,63.88683,1
2020,31.63465,63.87568,1
2020,31.63479,65.87644,1
2020,31.63507,64.48173,1
2020,31.63528,65.4014,1
2020,31.63554,65.59427,1
2020,31.63817,47.53601,1
2020,31.63822,65.39397,1
2020,31.6401,35.14217,1
2020,31.64115,65.41001,1
2020,31.64156,65.39863,1
2020,31.64174,65.39908,1
2020,31.6418,65.39856,2
2020,31.64194,65.39931,1
2020,31.64226,65.39965,1
2020,31.64306,65.39724,1
2020,31.64363,67.23366,1
2020,31.64407,65.602,1
2020,31.64658,63.8123,1
2020,31.64688,65.58632,1
2020,31.6502,65.40333,1
2020,31.65217,62.8343,1
2020,31.65344,35.12564,1
2020,31.65483,65.04524,1
2020,31.65845,64.32955,2
2020,31.66267,63.01476,2
2020,31.66422,64.26615,4
2020,31.66659,62.93746,2
2020,31.6672,64.3544,1
2020,31.67006,65.94247,1
2020,31.67015,34.57515,6
2020,31.67062,64.5813,1
2020,31.67344,64.59033,2
2020,31.67697,65.87489,1
2020,31.67822,64.89982,1
2020,31.6785,64.62503,1
2020,31.6794,69.98654,1
2020,31.6828,65.42181,1
2020,31.6833,65.06713,1
2020,31.68917,65.67183,1
2020,31.69029,64.6468,1
2020,31.69262,64.65333,2
2020,31.69558,64.2712,1
2020,31.70054,76.73202,1
2020,31.70094,65.68716,1
2020,31.70139,62.80228,1
2020,31.70211,65.68573,1
2020,31.70341,65.70059,1
2020,31.70456,35.19446,2
2020,31.70518,65.64459,1
2020,31.70636,64.37773,1
2020,31.70862,65.68047,1
2020,31.71495,34.63062,1
2020,31.72033,46.1088,1
2020,31.72046,46.10784,1
2020,31.72056,46.10827,1
2020,31.7272,66.78409,1
2020,31.72728,-106.47298,1
2020,31.72794,67.41714,1
2020,31.72796,34.97949,1
2020,31.72879,65.65495,1
2020,31.73583,62.91028,2
2020,31.7402,65.66439,1
2020,31.74485,46.09537,1
2020,31.74746,44.61794,1
2020,31.74796,65.64886,1
2020,31.75,66.7,1
2020,31.7518,65.64962,1
2020,31.75185,65.65244,1
2020,31.75817,64.50161,3
2020,31.75863,65.64414,1
2020,31.7587,65.6466,1
2020,31.76147,64.62143,1
2020,31.76174,35.26504,3
2020,31.76827,69.20698,1
2020,31.7716,35.2034,1
2020,31.77333,64.68417,1
2020,31.77343,64.69895,2
2020,31.77438,64.68556,1
2020,31.78312,64.69846,1
2020,31.78484,35.22461,11
2020,31.78745,64.57551,1
2020,31.78863,64.61909,1
2020,31.78902,64.68848,4
2020,31.79444,64.49621,1
2020,31.79622,64.54535,1
2020,31.79863,64.61916,1
2020,31.80154,64.62776,1
2020,31.8016,66.32504,1
2020,31.80232,35.01002,1
2020,31.80262,66.32472,5
2020,31.80304,64.52756,1
2020,31.80347,66.32376,1
2020,31.80402,35.46796,1
2020,31.80829,35.10742,1
2020,31.80968,70.90566,1
2020,31.8112,70.90524,1
2020,31.81321,63.17335,1
2020,31.81743,34.97834,2
2020,31.81825,47.43575,1
2020,31.82144,34.66517,2
2020,31.82258,64.57003,1
2020,31.82496,64.56282,3
2020,31.82737,64.56335,1
2020,31.82809,64.62017,1
2020,31.82995,64.56811,2
2020,31.83089,70.71222,1
2020,31.83166,70.87407,1
2020,31.83264,64.61674,1
2020,31.83433,70.90905,1
2020,31.83478,64.61239,3
2020,31.83715,64.61768,1
2020,31.83813,64.63077,1
2020,31.83932,64.66621,1
2020,31.84328,65.81889,1
2020,31.84535,64.61858,1
2020,31.84822,47.1452,9
2020,31.84927,35.27644,1
2020,31.85943,64.53054,1
2020,31.86175,35.22869,1
2020,31.86778,64.1954,1
2020,31.87651,64.59345,1
2020,31.87806,67.87,1
2020,31.87876,44.92202,1
2020,31.88398,66.05008,1
2020,31.88482,67.85698,1
2020,31.89773,66.39937,1
2020,31.90034,35.22467,1
2020,31.9025,65.75819,1
2020,31.90389,65.89139,1
2020,31.91409,44.08298,1
2020,31.91999,67.15613,1
2020,31.92657,35.13375,1
2020,31.92768,34.79767,1
2020,31.93272,70.46088,1
2020,31.93706,40.47542,1
2020,31.94028,35.03315,1
2020,31.94167,35.22236,1
2020,31.94368,65.50605,1
2020,31.948,66.02865,1
2020,31.95163,67.28111,1
2020,31.95644,67.42977,3
2020,31.96034,67.36063,1
2020,31.96225,44.5996,1
2020,31.96807,63.12938,1
2020,31.97264,67.37566,1
2020,31.97506,74.2233,1
2020,31.97584,67.37435,2
2020,31.97722,66.72556,1
2020,31.98584,44.89204,1
2020,31.98692,65.4755,2
2020,31.98788,44.92021,1
2020,31.98958,44.92377,6
2020,31.9931,65.5791,1
2020,31.99551,35.30912,1
2020,31.9969,44.38918,1
2020,31.99859,35.06855,1
2020,32.00131,65.52116,1
2020,32.00432,44.8593,1
2020,32.00606,35.12593,1
2020,32.00958,65.53167,1
2020,32.00997,65.47587,1
2020,32.01278,65.95361,1
2020,32.0144,65.95167,2
2020,32.01867,35.34415,1
2020,32.02501,44.31634,4
2020,32.03252,44.91685,1
2020,32.03409,44.39987,1
2020,32.03637,65.2308,1
2020,32.04295,66.12968,1
2020,32.04298,42.25426,1
2020,32.056,64.85855,1
2020,32.06903,66.00187,1
2020,32.06929,20.15114,1
2020,32.07097,64.8337,1
2020,32.0711,64.85259,1
2020,32.07408,66.14153,8
2020,32.07557,66.1446,1
2020,32.07944,66.00556,2
2020,32.07947,66.00579,1
2020,32.07954,66.00573,2
2020,32.08252,35.33199,1
2020,32.08518,35.24798,2
2020,32.08852,66.00515,1
2020,32.08916,34.88382,1
2020,32.09846,66.18395,1
2020,32.0995,64.94552,1
2020,32.10021,66.90102,8
2020,32.10109,66.03724,1
2020,32.1023,35.25818,1
2020,32.10306,63.94639,2
2020,32.10657,64.00462,1
2020,32.10866,35.26836,1
2020,32.11093,64.9862,1
2020,32.11153,66.03147,1
2020,32.1138,64.97212,1
2020,32.11566,66.57002,1
2020,32.11659,35.25702,1
2020,32.11843,35.15625,1
2020,32.12189,64.97261,1
2020,32.12361,64.99639,2
2020,32.12707,65.92556,2
2020,32.13192,63.8879,1
2020,32.13199,61.2802,1
2020,32.14594,35.22538,1
2020,32.15131,35.23929,1
2020,32.15919,60.8771,1
2020,32.16691,63.35332,1
2020,32.16866,35.2362,1
2020,32.16959,46.04541,1
2020,32.17749,34.91001,1
2020,32.17851,35.21345,1
2020,32.17861,66.50611,1
2020,32.17886,66.50631,1
2020,32.17889,35.21472,1
2020,32.18226,66.51828,1
2020,32.18322,35.25006,1
2020,32.18557,35.23125,1
2020,32.18959,67.19733,1
2020,32.19091,67.19174,1
2020,32.19222,66.51593,1
2020,32.20682,65.99286,1
2020,32.21345,67.05848,1
2020,32.22227,35.25351,2
2020,32.22552,67.25322,1
2020,32.24793,69.52665,1
2020,32.25,62.0967,1
2020,32.25,67.25,2
2020,32.25652,68.36423,1
2020,32.25958,44.69488,1
2020,32.27012,65.04968,1
2020,32.28,44.91209,1
2020,32.28359,35.1252,1
2020,32.28374,69.51572,1
2020,32.30389,61.61778,1
2020,32.30408,61.61779,1
2020,32.30972,67.20306,1
2020,32.3098,67.20324,1
2020,32.32509,69.86519,1
2020,32.32632,62.02518,2
2020,32.33134,62.03093,1
2020,32.33947,65.14325,1
2020,32.35441,67.25768,1
2020,32.35492,15.10552,1
2020,32.36608,66.29225,1
2020,32.36691,62.11382,8
2020,32.37444,62.11639,1
2020,32.38083,66.33639,2
2020,32.38101,66.33653,2
2020,32.38103,66.33645,3
2020,32.38238,44.54331,1
2020,32.38652,66.34743,2
2020,32.38889,68.94639,1
2020,32.38917,66.05111,1
2020,32.39103,61.32233,1
2020,32.39507,62.25872,1
2020,32.41304,70.46611,1
2020,32.42956,64.74389,1
2020,32.42982,75.2259,1
2020,32.43263,62.13557,1
2020,32.44646,62.14541,1
2020,32.45052,35.1168,1
2020,32.46062,35.30125,1
2020,32.46819,44.55019,2
2020,32.46924,44.41664,2
2020,32.47556,69.63606,1
2020,32.47987,62.03942,1
2020,32.48042,44.32055,1
2020,32.48092,62.02824,3
2020,32.48192,66.96693,1
2020,32.48312,35.1607,1
2020,32.4869,62.058,1
2020,32.49218,65.03802,1
2020,32.4975,67.39472,1
2020,32.5032,67.41589,2
2020,32.51166,66.98782,1
2020,32.51658,67.01422,1
2020,32.51782,36.47732,1
2020,32.52154,67.41315,1
2020,32.52838,67.00001,1
2020,32.53383,44.60225,1
2020,32.53431,62.31523,2
2020,32.53963,74.11338,1
2020,32.54407,44.54784,1
2020,32.54629,44.58127,1
2020,32.54674,65.39401,1
2020,32.55328,67.03896,1
2020,32.55976,41.91965,2
2020,32.56617,66.99245,1
2020,32.56699,69.83171,1
2020,32.58624,70.06096,1
2020,32.58889,65.77389,1
2020,32.5897,45.4203,1
2020,32.59014,65.775,1
2020,32.5902,69.99358,1
2020,32.59432,65.42834,1
2020,32.59629,65.46398,1
2020,32.60038,36.36335,1
2020,32.60439,44.00714,1
2020,32.61797,65.87237,17
2020,32.61881,65.87153,1
2020,32.62063,65.44186,1
2020,32.62079,69.24799,1
2020,32.62233,36.10376,3
2020,32.62258,65.45535,1
2020,32.62287,69.83932,2
2020,32.62313,65.44308,1
2020,32.62333,69.5058,1
2020,32.62374,65.45643,4
2020,32.62405,65.45921,1
2020,32.62413,65.45966,1
2020,32.62975,62.49081,1
2020,32.63268,36.33929,1
2020,32.63776,36.43134,1
2020,32.63956,65.93864,1
2020,32.63958,65.93834,3
2020,32.64076,65.57078,1
2020,32.64578,70.12176,1
2020,32.64592,44.46876,1
2020,32.64597,65.52086,1
2020,32.64761,65.56825,1
2020,32.66167,68.25139,1
2020,32.66576,65.90469,1
2020,32.6664,65.90363,2
2020,32.66658,65.90274,1
2020,32.67437,36.05689,1
2020,32.67905,68.44192,1
2020,32.68012,70.37319,1
2020,32.68217,65.91696,1
2020,32.68341,65.9021,1
2020,32.68432,70.03837,1
2020,32.6847,69.83434,1
2020,32.68603,36.34914,2
2020,32.6889,35.986,1
2020,32.68919,69.83445,1
2020,32.68951,68.32763,1
2020,32.68984,62.73239,1
2020,32.69213,70.78176,1
2020,32.70976,36.56764,2
2020,32.71107,36.02684,1
2020,32.72445,67.66565,1
2020,32.72446,70.00766,1
2020,32.72728,67.6359,1
2020,32.72968,67.66032,1
2020,32.7334,66.26788,1
2020,32.73495,36.20304,1
2020,32.73833,70.75306,1
2020,32.73991,13.71532,1
2020,32.74439,36.10374,1
2020,32.746,65.88662,1
2020,32.74999,62.58665,3
2020,32.75,13.71667,1
2020,32.75124,36.30449,1
2020,32.75221,69.04587,1
2020,32.75305,12.63105,1
2020,32.75731,67.61234,1
2020,32.77131,69.07318,1
2020,32.77462,65.92788,1
2020,32.7769,69.09152,1
2020,32.77734,44.28935,2
2020,32.77988,35.93374,1
2020,32.78111,69.32917,1
2020,32.78297,62.70306,1
2020,32.78824,36.35244,1
2020,32.80058,70.49556,2
2020,32.80294,13.28329,1
2020,32.80318,70.4994,1
2020,32.80612,67.77352,2
2020,32.81103,68.47152,1
2020,32.81192,68.47535,1
2020,32.81278,74.90322,1
2020,32.82,67.76917,1
2020,32.8201,73.86035,1
2020,32.82224,13.01141,1
2020,32.82771,68.56215,1
2020,32.83287,68.70048,1
2020,32.8362,36.0356,1
2020,32.83805,13.18259,5
2020,32.83876,69.06678,1
2020,32.84915,69.86374,1
2020,32.86151,69.12683,1
2020,32.86701,44.22045,2
2020,32.89008,36.04185,2
2020,32.89313,68.81413,1
2020,32.90546,61.15967,1
2020,32.90712,67.79546,1
2020,32.9081,-80.07554,1
2020,32.91247,69.2608,2
2020,32.91492,70.64535,1
2020,32.91613,66.21065,1
2020,32.92402,70.125,1
2020,32.92488,36.17626,2
2020,32.92738,68.66117,1
2020,32.92985,66.6891,1
2020,32.93554,69.86548,1
2020,32.93796,69.9328,1
2020,32.93882,70.3447,1
2020,32.94404,66.1381,2
2020,32.94649,70.14707,1
2020,32.95126,66.19561,1
2020,32.95192,70.00726,1
2020,32.95302,69.89346,2
2020,32.9538,70.2672,2
2020,32.95474,70.27127,1
2020,32.95693,70.16939,1
2020,32.95695,69.90163,2
2020,32.95871,40.83615,1
2020,32.95905,69.66476,1
2020,32.95911,68.66569,1
2020,32.95937,35.86469,1
2020,32.96496,70.24784,1
2020,32.97002,70.27758,1
2020,32.97405,70.19741,3
2020,32.97543,70.27374,13
2020,32.97749,70.60749,1
2020,32.98118,66.07699,2
2020,32.98222,35.74867,1
2020,32.98293,44.3616,1
2020,32.9834,67.92908,1
2020,32.98375,70.20145,1
2020,32.98497,67.80148,1
2020,32.98735,70.60253,1
2020,32.99129,70.64592,1
2020,32.99219,36.06381,1
2020,33.00631,75.74749,1
2020,33.00651,70.06825,3
2020,33.00776,70.7211,1
2020,33.00787,70.66975,1
2020,33.008,66.67905,1
2020,33.00833,68.40528,1
2020,33.01111,61.24889,1
2020,33.01119,61.249,1
2020,33.01326,44.36192,1
2020,33.01558,35.78435,1
2020,33.0177,44.36449,1
2020,33.03602,40.28816,5
2020,33.03718,40.28586,1
2020,33.05799,44.35484,2
2020,33.06558,68.66861,1
2020,33.0776,68.02617,1
2020,33.07835,44.25472,7
2020,33.09113,69.06251,1
2020,33.09179,62.62693,1
2020,33.10053,44.58449,2
2020,33.11232,68.01915,1
2020,33.12534,35.83072,1
2020,33.13071,44.07632,1
2020,33.13164,68.83937,1
2020,33.14342,70.38368,1
2020,33.14556,68.05734,1
2020,33.14581,67.76004,1
2020,33.1459,68.75573,1
2020,33.15552,74.2422,1
2020,33.15681,69.30719,1
2020,33.16306,68.07321,1
2020,33.16316,35.92688,1
2020,33.17147,69.32935,1
2020,33.1761,68.09716,1
2020,33.1782,68.75253,2
2020,33.17889,70.3941,1
2020,33.17901,65.59196,1
2020,33.17962,70.39511,1
2020,33.18409,67.8572,1
2020,33.18879,65.59568,1
2020,33.18959,44.6182,1
2020,33.19058,68.08199,1
2020,33.19109,68.08915,1
2020,33.19118,68.08948,1
2020,33.19534,44.37552,1
2020,33.19748,35.54674,1
2020,33.20156,67.81838,1
2020,33.20205,62.06428,1
2020,33.20336,44.58669,1
2020,33.20388,68.08781,1
2020,33.2121,67.68584,1
2020,33.21269,65.53602,1
2020,33.21417,65.61722,1
2020,33.21579,36.44848,1
2020,33.22005,62.4966,1
2020,33.2243,62.41623,1
2020,33.23108,62.23956,1
2020,33.23389,67.99512,1
2020,33.23655,66.06912,1
2020,33.23739,62.18674,1
2020,33.23975,70.0265,1
2020,33.24304,65.46386,1
2020,33.24531,68.95396,1
2020,33.26257,43.91082,1
2020,33.26605,62.53882,1
2020,33.26887,62.81573,1
2020,33.27412,62.41845,1
2020,33.27816,68.36727,1
2020,33.27917,44.51886,1
2020,33.28035,69.59615,1
2020,33.28076,62.34127,1
2020,33.28455,68.41901,1
2020,33.2849,68.26994,2
2020,33.28614,62.39656,1
2020,33.29073,44.06384,1
2020,33.2919,44.06608,1
2020,33.2946,71.10206,1
2020,33.2978,68.26701,1
2020,33.29837,68.26675,1
2020,33.30206,62.17206,1
2020,33.30357,44.37177,135
2020,33.30438,62.1542,1
2020,33.30457,62.12386,1
2020,33.3047,44.0352,1
2020,33.30582,62.13108,1
2020,33.3064,68.4531,1
2020,33.30705,62.13642,4
2020,33.3079,63.67972,1
2020,33.31065,44.03821,2
2020,33.31169,69.74304,1
2020,33.31425,69.92694,1
2020,33.31499,68.90369,1
2020,33.31667,68.45,2
2020,33.31691,69.78033,1
2020,33.3215,68.44335,1
2020,33.32407,62.32614,1
2020,33.32461,44.53294,1
2020,33.32668,68.46603,1
2020,33.32769,65.48317,1
2020,33.33149,40.91898,1
2020,33.33158,69.9356,1
2020,33.33385,69.93717,2
2020,33.33526,69.92847,18
2020,33.33735,65.5936,3
2020,33.33777,43.87365,1
2020,33.34916,43.7842,1
2020,33.34964,62.33372,2
2020,33.35315,62.31006,1
2020,33.35571,69.72809,1
2020,33.358,67.978,1
2020,33.35851,69.85974,1
2020,33.35907,69.75402,1
2020,33.36106,70.00206,1
2020,33.36207,64.30974,1
2020,33.36714,69.8683,1
2020,33.36965,69.74167,1
2020,33.37278,68.45528,1
2020,33.37861,68.328,1
2020,33.38203,68.69556,1
2020,33.38333,69.88333,1
2020,33.38512,68.48689,1
2020,33.39306,68.37972,1
2020,33.39364,42.84949,1
2020,33.39714,66.2389,1
2020,33.39924,66.21904,1
2020,33.401,68.50779,1
2020,33.40264,66.27341,1
2020,33.40306,43.91187,2
2020,33.40494,66.30362,1
2020,33.40727,66.25162,1
2020,33.4111,66.34446,1
2020,33.41599,68.65089,1
2020,33.42095,43.29566,1
2020,33.42389,69.04167,1
2020,33.42902,66.21292,2
2020,33.42989,69.03448,1
2020,33.4324,44.4659,1
2020,33.43381,38.92288,1
2020,33.43484,68.44732,1
2020,33.43547,69.04088,1
2020,33.43567,69.8333,1
2020,33.43608,68.61134,1
2020,33.43848,68.88547,1
2020,33.4426,68.66133,1
2020,33.44586,70.06366,1
2020,33.44648,36.3345,1
2020,33.44704,68.65015,1
2020,33.44874,-94.08146,1
2020,33.44984,70.06404,1
2020,33.45086,68.53322,1
2020,33.45206,64.45282,1
2020,33.45434,75.86718,1
2020,33.45513,69.04929,1
2020,33.45578,68.4954,1
2020,33.45759,43.25822,1
2020,33.45796,40.12944,1
2020,33.458,70.02425,1
2020,33.45806,69.995,1
2020,33.45824,69.99502,1
2020,33.46244,68.65851,1
2020,33.46507,68.53875,1
2020,33.46756,68.65745,1
2020,33.46764,68.46952,2
2020,33.46768,68.76266,1
2020,33.46856,68.76266,1
2020,33.46856,68.76319,2
2020,33.47041,68.48458,3
2020,33.4724,68.48424,1
2020,33.47306,68.67183,1
2020,33.4732,68.46986,1
2020,33.47472,68.6525,2
2020,33.47472,69.80314,1
2020,33.47611,69.1375,1
2020,33.47833,68.48433,1
2020,33.47993,68.6507,1
2020,33.48178,68.48425,1
2020,33.48363,68.66735,1
2020,33.48524,68.68112,1
2020,33.49052,70.00159,1
2020,33.49057,74.17154,1
2020,33.49454,69.09253,1
2020,33.49667,69.10528,1
2020,33.49719,68.42508,1
2020,33.49823,67.7616,3
2020,33.49838,69.76331,1
2020,33.49878,44.23603,1
2020,33.50423,64.34513,1
2020,33.505,68.41028,1
2020,33.50677,69.93764,1
2020,33.51524,36.29208,3
2020,33.51554,64.41611,1
2020,33.51672,35.36692,1
2020,33.51926,69.76702,1
2020,33.51968,68.62794,1
2020,33.51993,68.06484,1
2020,33.5201,69.34806,1
2020,33.5218,68.44517,1
2020,33.52382,68.07425,1
2020,33.52743,69.91599,1
2020,33.52752,68.3048,1
2020,33.52849,68.05697,1
2020,33.53,70.07639,1
2020,33.5302,69.04862,1
2020,33.5312,68.04924,1
2020,33.53417,68.43667,1
2020,33.53466,69.13942,1
2020,33.53473,69.13928,1
2020,33.5375,75.25028,1
2020,33.54,68.48694,1
2020,33.54067,44.25127,11
2020,33.54237,74.40694,1
2020,33.54262,68.41533,31
2020,33.548,36.21697,1
2020,33.5487,74.95898,2
2020,33.55044,35.37096,1
2020,33.55222,69.18278,1
2020,33.55389,68.42083,1
2020,33.5583,68.29759,1
2020,33.56196,44.67792,1
2020,33.56368,69.92806,1
2020,33.56599,68.29116,1
2020,33.56667,68.3,1
2020,33.57535,63.67506,2
2020,33.57915,-112.23113,1
2020,33.58194,71.44917,1
2020,33.58227,68.45922,1
2020,33.58361,69.68167,1
2020,33.58362,68.45321,2
2020,33.58386,69.68186,1
2020,33.58395,43.93446,1
2020,33.5866,69.2386,1
2020,33.58753,45.32364,1
2020,33.58778,44.60278,1
2020,33.59033,68.40032,1
2020,33.5906,71.44062,1
2020,33.59073,42.6167,1
2020,33.59175,68.40084,1
2020,33.59401,73.06908,6
2020,33.5959,68.4004,1
2020,33.59858,69.33016,1
2020,33.59863,69.229,15
2020,33.6004,71.03672,1
2020,33.60133,75.15022,1
2020,33.60184,66.06525,1
2020,33.60235,68.39958,1
2020,33.60806,68.23228,1
2020,33.60878,44.66559,1
2020,33.61169,75.26179,1
2020,33.61916,69.38326,1
2020,33.62561,75.23375,1
2020,33.6265,44.8319,1
2020,33.62679,-84.58018,2
2020,33.62718,44.52894,2
2020,33.6339,42.83208,1
2020,33.63472,74.9877,1
2020,33.63562,74.89244,1
2020,33.63612,74.89189,1
2020,33.6373,74.90794,1
2020,33.63738,75.00093,1
2020,33.63812,69.23312,1
2020,33.63895,70.12176,1
2020,33.63913,75.16612,1
2020,33.6403,42.8074,1
2020,33.64308,61.85417,1
2020,33.64323,62.03874,1
2020,33.64352,42.82537,1
2020,33.64358,62.26796,2
2020,33.64425,75.17172,1
2020,33.64469,74.25948,1
2020,33.64542,75.01967,2
2020,33.64806,36.65111,1
2020,33.64826,66.08625,1
2020,33.64879,44.69633,1
2020,33.65199,39.32946,1
2020,33.65264,44.7073,1
2020,33.65266,44.31615,1
2020,33.65363,-116.27851,1
2020,33.65434,70.18386,1
2020,33.65673,74.95485,1
2020,33.66164,61.97772,1
2020,33.6626,75.03622,1
2020,33.66348,70.65356,1
2020,33.66632,69.78559,1
2020,33.66676,43.90622,1
2020,33.66969,44.38132,7
2020,33.67164,73.05606,2
2020,33.67214,39.98672,1
2020,33.67528,68.42167,1
2020,33.68037,61.4347,1
2020,33.6806,44.59952,1
2020,33.68133,44.68757,2
2020,33.68329,75.21938,1
2020,33.68527,69.39741,2
2020,33.68596,74.86432,1
2020,33.68689,44.56303,1
2020,33.68812,69.52612,2
2020,33.69341,44.79608,1
2020,33.69495,68.8928,1
2020,33.69591,68.39321,2
2020,33.69998,42.74833,1
2020,33.70113,44.6618,2
2020,33.70289,61.9848,1
2020,33.70595,69.4854,1
2020,33.7062,69.38311,2
2020,33.70622,74.05859,1
2020,33.70878,75.03545,1
2020,33.70946,64.9108,1
2020,33.71,70.34,1
2020,33.7125,75.05167,1
2020,33.7138,74.834,1
2020,33.71462,74.92683,1
2020,33.717,44.67952,5
2020,33.71938,70.66684,1
2020,33.72119,75.0164,2
2020,33.72129,74.83107,3
2020,33.72285,51.72311,1
2020,33.72401,75.01785,1
2020,33.72428,75.08394,1
2020,33.72444,69.99694,1
2020,33.73067,74.81869,1
2020,33.73222,75.15792,2
2020,33.73246,74.85759,1
2020,33.73546,75.06291,1
2020,33.73611,74.17556,1
2020,33.73633,75.14659,1
2020,33.7376,74.83654,1
2020,33.73858,75.10743,1
2020,33.74056,71.92417,1
2020,33.74324,44.62382,4
2020,33.745,45.54562,1
2020,33.7517,44.60807,1
2020,33.75936,74.80392,2
2020,33.76122,44.97297,1
2020,33.7647,44.24966,1
2020,33.76485,69.33283,1
2020,33.76486,44.24961,2
2020,33.76696,68.53727,1
2020,33.77179,69.38404,1
2020,33.77335,45.14945,4
2020,33.77335,45.14946,1
2020,33.77361,69.33972,1
2020,33.77379,69.33981,1
2020,33.77668,69.65876,1
2020,33.77766,69.49365,4
2020,33.77926,75.06606,1
2020,33.77954,44.59268,1
2020,33.78,68.93,1
2020,33.78187,75.06813,1
2020,33.78683,74.86176,1
2020,33.78864,44.69115,2
2020,33.7895,75.10338,3
2020,33.78972,69.8125,1
2020,33.78992,69.8127,1
2020,33.79098,62.24861,1
2020,33.79173,69.91083,2
2020,33.79267,42.44043,1
2020,33.7948,75.16382,1
2020,33.79498,68.90211,1
2020,33.79646,71.55849,1
2020,33.79701,69.0949,1
2020,33.79738,68.9357,1
2020,33.79749,68.56889,1
2020,33.80174,69.83193,1
2020,33.80218,69.83294,2
2020,33.8037,44.63448,1
2020,33.80471,69.81717,1
2020,33.80583,68.91722,1
2020,33.80878,69.9193,1
2020,33.81344,44.65762,2
2020,33.81379,44.65724,4
2020,33.81583,68.91944,1
2020,33.81797,44.68682,2
2020,33.81829,74.74111,1
2020,33.82054,74.81431,1
2020,33.82193,69.94163,2
2020,33.82426,74.85313,1
2020,33.8251,44.7312,1
2020,33.82601,35.58594,1
2020,33.82749,75.07126,1
2020,33.82898,44.6748,5
2020,33.83123,75.08405,1
2020,33.83124,43.88387,1
2020,33.83213,44.76829,1
2020,33.8324,44.7196,1
2020,33.83333,69.65,1
2020,33.83391,74.93111,1
2020,33.83439,44.72,1
2020,33.83505,44.79236,1
2020,33.83563,44.24741,1
2020,33.83722,68.35556,1
2020,33.84406,68.6154,1
2020,33.84958,44.48732,1
2020,33.85301,44.39068,1
2020,33.8535,74.82556,1
2020,33.85858,43.86732,1
2020,33.86072,44.68387,4
2020,33.86662,75.07482,1
2020,33.86688,74.87622,1
2020,33.87161,74.89457,1
2020,33.87303,67.95034,1
2020,33.87339,74.90042,6
2020,33.87438,44.7347,1
2020,33.87694,74.37389,1
2020,33.88155,68.63173,1
2020,33.88263,68.63245,1
2020,33.88279,74.90772,1
2020,33.88648,68.66251,1
2020,33.88727,74.91361,1
2020,33.89124,74.98047,1
2020,33.8925,44.70972,1
2020,33.89463,68.65338,1
2020,33.89799,70.10753,1
2020,33.90112,70.08604,1
2020,33.90334,36.11962,1
2020,33.90434,44.75094,1
2020,33.90493,68.67248,1
2020,33.90504,65.8161,1
2020,33.90605,44.72455,2
2020,33.9091,68.64493,1
2020,33.9098,44.16339,1
2020,33.91119,44.73594,3
2020,33.91414,44.86251,1
2020,33.91523,71.45868,2
2020,33.91534,74.8832,1
2020,33.9167,74.88244,1
2020,33.91877,75.08262,1
2020,33.9203,44.18679,1
2020,33.92197,75.01392,1
2020,33.92401,45.10215,1
2020,33.92472,68.65722,1
2020,33.92477,68.65729,1
2020,33.92485,68.65731,1
2020,33.92487,68.88112,1
2020,33.92649,44.86896,1
2020,33.92659,44.77206,5
2020,33.92695,44.15592,1
2020,33.92712,68.86692,1
2020,33.92991,68.88523,1
2020,33.93077,44.37997,1
2020,33.93101,75.11421,5
2020,33.93148,41.6963,1
2020,33.93172,44.32576,1
2020,33.93421,36.15075,1
2020,33.93543,36.09783,1
2020,33.9363,74.83642,1
2020,33.9377,44.83117,1
2020,33.93928,68.9419,1
2020,33.93988,75.10375,1
2020,33.94164,44.36162,1
2020,33.94625,74.79831,2
2020,33.94693,44.36771,1
2020,33.94709,44.78063,1
2020,33.9476,61.36665,1
2020,33.94787,74.92987,5
2020,33.94857,44.91599,5
2020,33.95072,44.92118,4
2020,33.95092,75.09316,1
2020,33.95126,69.6851,2
2020,33.95226,-83.99321,1
2020,33.95318,44.20682,1
2020,33.95333,44.87583,1
2020,33.95382,44.7247,1
2020,33.96024,74.87238,1
2020,33.96265,69.02517,1
2020,33.96883,71.48402,1
2020,33.96884,72.67031,1
2020,33.97102,68.97433,1
2020,33.97159,68.98889,1
2020,33.97262,74.83132,1
2020,33.97464,44.92765,1
2020,33.98474,44.12908,1
2020,33.98629,71.365,1
2020,33.98685,74.83728,1
2020,33.99112,72.2847,1
2020,33.99222,45.02018,2
2020,33.99276,71.23101,1
2020,33.99323,74.92022,1
2020,33.99459,44.35727,1
2020,33.99607,74.99548,1
2020,33.99994,69.01953,1
2020,34.00008,71.42601,1
2020,34.00031,44.9411,1
2020,34.00058,71.42251,1
2020,34.0025,44.91111,1
2020,34.00273,44.91111,3
2020,34.00299,44.91087,1
2020,34.00535,-84.14917,1
2020,34.0059,71.64887,1
2020,34.006,71.53743,7
2020,34.00697,44.96506,1
2020,34.00773,69.39694,1
2020,34.00843,68.71789,1
2020,34.00917,63.71417,1
2020,34.00924,69.19634,1
2020,34.01047,44.14824,1
2020,34.01069,71.72354,1
2020,34.01185,64.80698,1
2020,34.01294,70.84907,1
2020,34.01381,69.18536,1
2020,34.01455,69.19239,1
2020,34.01566,69.21025,1
2020,34.01628,64.33139,1
2020,34.01645,64.52664,1
2020,34.01838,44.99604,1
2020,34.02119,68.99954,9
2020,34.02135,69.17209,1
2020,34.02237,44.95647,3
2020,34.02496,44.90333,1
2020,34.02601,74.82446,1
2020,34.02614,74.82451,1
2020,34.02621,74.82439,1
2020,34.0274,44.9455,2
2020,34.02826,74.51925,1
2020,34.03049,62.07222,1
2020,34.03217,69.03207,1
2020,34.03262,68.47967,1
2020,34.03492,36.22784,1
2020,34.03564,45.44058,3
2020,34.03607,74.74774,1
2020,34.03757,-80.90357,1
2020,34.0395,71.49242,1
2020,34.04007,40.58022,1
2020,34.04712,44.07592,1
2020,34.0504,68.99419,1
2020,34.05378,74.88764,1
2020,34.05418,70.07669,1
2020,34.05699,71.56943,1
2020,34.05846,44.21761,2
2020,34.06224,68.35279,1
2020,34.06291,64.71564,1
2020,34.06866,69.02871,1
2020,34.06914,72.64414,1
2020,34.07028,72.04194,1
2020,34.07065,44.86513,1
2020,34.07286,69.46404,1
2020,34.07409,70.28845,2
2020,34.0817,68.76193,1
2020,34.08288,-117.97211,1
2020,34.08374,74.7899,17
2020,34.08709,62.94871,2
2020,34.09222,61.04954,1
2020,34.09293,61.04714,2
2020,34.09374,44.21817,3
2020,34.09446,69.75292,1
2020,34.09724,70.96412,1
2020,34.09775,62.21888,1
2020,34.09958,64.90596,2
2020,34.09966,44.01841,1
2020,34.10299,70.38422,1
2020,34.105,65.0281,1
2020,34.10722,64.305,3
2020,34.10964,74.80749,1
2020,34.11372,64.34813,1
2020,34.11545,64.36242,1
2020,34.1182,-118.40849,1
2020,34.11991,70.21398,1
2020,34.12022,71.10124,1
2020,34.12157,70.8098,1
2020,34.12316,65.04851,1
2020,34.12517,70.47409,1
2020,34.12595,74.81628,1
2020,34.1272,68.5232,1
2020,34.13065,74.80419,1
2020,34.1315,69.63825,1
2020,34.13243,74.56002,1
2020,34.13442,74.83794,1
2020,34.13557,64.98092,1
2020,34.1388,44.594,2
2020,34.13979,70.29019,1
2020,34.14028,70.00972,1
2020,34.14322,74.7994,1
2020,34.14808,74.61657,1
2020,34.15075,69.24007,3
2020,34.15105,62.11546,1
2020,34.15113,61.92414,1
2020,34.15274,69.07395,1
2020,34.1545,44.19952,2
2020,34.15472,70.80941,1
2020,34.15487,41.65996,8
2020,34.15925,69.07162,1
2020,34.15964,61.17916,1
2020,34.15969,-118.13889,1
2020,34.16154,74.55309,2
2020,34.16461,69.61989,1
2020,34.16505,69.60022,1
2020,34.16524,43.90549,1
2020,34.16917,61.26446,1
2020,34.16921,44.82155,3
2020,34.17183,70.62168,2
2020,34.17342,74.43277,1
2020,34.17687,61.70056,1
2020,34.17961,74.67499,1
2020,34.18233,61.16269,2
2020,34.18371,62.75078,1
2020,34.18372,62.75679,1
2020,34.1843,62.7546,2
2020,34.1868,61.1636,2
2020,34.19074,70.1528,4
2020,34.19252,70.00393,1
2020,34.19291,74.42672,1
2020,34.19305,68.63377,1
2020,34.19387,62.80324,1
2020,34.19418,69.98013,2
2020,34.19468,41.8684,1
2020,34.19477,69.09148,1
2020,34.19671,70.83058,1
2020,34.19899,45.19309,1
2020,34.19952,74.34991,1
2020,34.20137,62.7124,1
2020,34.20237,44.81646,1
2020,34.20521,61.27919,1
2020,34.2056,74.35386,1
2020,34.20842,43.89071,2
2020,34.21264,64.8462,1
2020,34.21578,71.026,1
2020,34.2161,69.34091,1
2020,34.21711,70.17731,1
2020,34.2208,45.2837,1
2020,34.22111,74.74862,1
2020,34.2233,45.2644,1
2020,34.22528,69.13278,1
2020,34.22594,44.13558,3
2020,34.2289,70.15093,1
2020,34.22921,70.19321,4
2020,34.23006,70.19622,1
2020,34.23025,69.98153,1
2020,34.23035,69.10727,1
2020,34.23096,70.18073,1
2020,34.23139,70.14917,3
2020,34.2315,70.1494,1
2020,34.23246,69.949,1
2020,34.2338,45.14887,1
2020,34.23564,62.71459,1
2020,34.23589,69.11373,1
2020,34.23707,74.41912,1
2020,34.2374,62.80467,1
2020,34.2406,70.1827,1
2020,34.242,45.274,1
2020,34.24239,70.17842,1
2020,34.24746,69.997,1
2020,34.25,72.25,1
2020,34.2501,70.03126,1
2020,34.25017,69.97958,1
2020,34.25036,70.00807,2
2020,34.25096,74.60735,1
2020,34.25121,70.01132,1
2020,34.25159,67.99578,1
2020,34.25226,44.18171,2
2020,34.255,74.79194,1
2020,34.25532,62.49722,1
2020,34.25628,70.967,1
2020,34.25671,38.31657,1
2020,34.26211,44.54213,1
2020,34.26598,35.76734,1
2020,34.26603,43.7938,1
2020,34.2665,62.75106,1
2020,34.26657,74.38796,1
2020,34.2666,69.28888,2
2020,34.2674,70.188,1
2020,34.26894,72.35721,1
2020,34.27002,69.29933,1
2020,34.27052,62.6087,1
2020,34.27104,45.16357,4
2020,34.27282,63.10897,1
2020,34.27396,70.92577,1
2020,34.2747,44.544,1
2020,34.27486,44.54407,1
2020,34.27493,44.53787,3
2020,34.27493,70.78037,1
2020,34.2753,44.5386,1
2020,34.27556,70.94833,1
2020,34.27567,45.16622,1
2020,34.27569,74.29059,1
2020,34.27778,74.37778,1
2020,34.27782,62.61423,2
2020,34.2793,69.90624,1
2020,34.27944,69.76861,1
2020,34.27956,63.11584,1
2020,34.28039,74.62527,1
2020,34.28056,70.04327,1
2020,34.28139,62.69472,1
2020,34.28356,69.88356,1
2020,34.28398,69.88404,1
2020,34.28528,70.04305,2
2020,34.28833,44.76833,2
2020,34.28854,70.0347,1
2020,34.28889,74.46371,8
2020,34.29025,-83.8302,1
2020,34.2925,74.29491,1
2020,34.29513,68.87036,1
2020,34.2962,45.1119,1
2020,34.299,44.9207,1
2020,34.29944,69.13639,1
2020,34.3,44.93333,1
2020,34.3,62.25,1
2020,34.30359,62.67354,1
2020,34.30483,74.4474,1
2020,34.3069,70.71068,1
2020,34.307,62.26,1
2020,34.3078,74.3977,1
2020,34.308,69.7971,1
2020,34.30909,74.48921,1
2020,34.30918,63.2019,1
2020,34.31176,45.32468,1
2020,34.31557,45.32191,1
2020,34.31667,62.32833,1
2020,34.31719,45.32028,1
2020,34.31898,45.38302,1
2020,34.32002,71.399,1
2020,34.32029,74.36755,1
2020,34.32046,69.77384,1
2020,34.32072,44.47913,1
2020,34.32093,68.75843,1
2020,34.322,44.48579,2
2020,34.322,44.4912,1
2020,34.32221,45.27704,4
2020,34.32226,44.49009,1
2020,34.32396,62.32936,1
2020,34.32786,74.3845,1
2020,34.33237,45.38344,2
2020,34.33304,45.37452,1
2020,34.33309,45.38348,1
2020,34.33333,44.91667,1
2020,34.33333,62.3,1
2020,34.33711,63.50094,1
2020,34.33931,68.75921,1
2020,34.3406,61.74713,1
2020,34.34097,63.14793,1
2020,34.34139,68.85083,1
2020,34.34222,65.41083,1
2020,34.3431,40.9318,1
2020,34.34602,67.90729,2
2020,34.3465,62.25337,1
2020,34.34672,62.19732,16
2020,34.35026,62.25454,1
2020,34.35126,45.3485,1
2020,34.35135,68.23853,3
2020,34.35151,61.70755,1
2020,34.35286,62.20403,1
2020,34.35635,68.80348,1
2020,34.35683,71.45537,1
2020,34.35725,43.81685,1
2020,34.35741,70.23911,1
2020,34.35782,44.41154,1
2020,34.35934,70.47105,1
2020,34.36024,68.73762,1
2020,34.36162,62.16153,1
2020,34.36273,45.16818,5
2020,34.36292,63.24989,1
2020,34.36427,43.75307,1
2020,34.36767,69.20431,2
2020,34.3681,63.49968,1
2020,34.36972,45.215,1
2020,34.37091,63.19732,1
2020,34.37289,63.19692,2
2020,34.37314,43.75307,1
2020,34.37598,69.22996,1
2020,34.37673,62.33806,1
2020,34.37757,74.40396,1
2020,34.37847,62.14181,1
2020,34.38401,45.36314,1
2020,34.38417,64.36694,1
2020,34.38442,64.367,1
2020,34.38558,70.33352,1
2020,34.38577,68.84077,1
2020,34.38667,61.78296,1
2020,34.3871,69.07274,1
2020,34.38741,45.1724,1
2020,34.39125,71.98089,1
2020,34.39158,68.84169,1
2020,34.39332,44.37872,1
2020,34.39472,70.27639,1
2020,34.39496,74.65699,1
2020,34.3968,68.86394,4
2020,34.39727,68.86605,1
2020,34.39785,40.88764,1
2020,34.39791,44.12297,1
2020,34.39928,74.28127,2
2020,34.39952,45.14268,1
2020,34.39987,45.34838,2
2020,34.4,69.48333,2
2020,34.40277,36.42428,1
2020,34.40446,70.42753,1
2020,34.40617,61.83612,1
2020,34.40643,70.35988,1
2020,34.40662,41.52034,1
2020,34.41306,69.13611,1
2020,34.41309,63.2472,1
2020,34.41417,61.53361,1
2020,34.41578,70.30871,1
2020,34.41712,70.44959,18
2020,34.4178,63.91133,1
2020,34.41835,69.74677,1
2020,34.4219,64.01284,1
2020,34.42271,69.12473,1
2020,34.42462,74.63118,1
2020,34.42751,43.0863,1
2020,34.43084,44.93409,1
2020,34.43188,44.5139,1
2020,34.4323,61.4255,1
2020,34.43262,45.1636,1
2020,34.43272,45.16391,2
2020,34.43422,40.98938,1
2020,34.43814,45.14552,1
2020,34.43895,64.48628,1
2020,34.44219,39.77026,1
2020,34.4425,70.50889,2
2020,34.44301,70.65625,1
2020,34.44389,74.3001,1
2020,34.44552,61.79412,1
2020,34.44619,45.22683,1
2020,34.44836,70.66517,1
2020,34.44879,65.21149,1
2020,34.44911,68.79388,1
2020,34.44917,65.21028,1
2020,34.44923,68.79213,2
2020,34.4498,45.3297,1
2020,34.45193,40.91119,1
2020,34.455,70.50556,1
2020,34.45503,45.26049,1
2020,34.45578,68.58283,1
2020,34.45833,69.23189,1
2020,34.45885,68.57836,1
2020,34.45917,68.60556,1
2020,34.46609,68.71585,1
2020,34.4664,45.16213,1
2020,34.46666,68.91667,1
2020,34.46734,68.91652,1
2020,34.46986,61.8275,1
2020,34.47078,65.06145,2
2020,34.47114,74.13777,1
2020,34.47345,69.74765,1
2020,34.47413,68.65255,2
2020,34.47444,69.215,1
2020,34.47448,69.21496,1
2020,34.47847,35.93233,1
2020,34.47965,43.66631,1
2020,34.48511,70.19321,1
2020,34.48665,69.33035,1
2020,34.48674,44.96675,1
2020,34.48764,71.34958,1
2020,34.48783,62.67802,1
2020,34.48846,42.88292,1
2020,34.4913,69.3603,1
2020,34.49298,69.27343,1
2020,34.49755,43.70907,1
2020,34.49871,70.45635,1
2020,34.50336,69.35528,1
2020,34.50643,65.18746,1
2020,34.50744,69.30845,1
2020,34.50756,43.84413,1
2020,34.51068,62.68355,1
2020,34.51328,69.32814,10
2020,34.51464,63.76986,1
2020,34.51755,69.36123,1
2020,34.51893,65.08178,1
2020,34.51935,68.60681,1
2020,34.52022,65.48294,1
2020,34.52132,65.24924,14
2020,34.52262,65.65348,1
2020,34.52272,69.48868,1
2020,34.52304,65.48066,1
2020,34.52314,65.48132,1
2020,34.52318,65.25617,1
2020,34.52374,70.21517,1
2020,34.52384,69.1403,156
2020,34.52446,68.95396,1
2020,34.52558,43.53325,1
2020,34.52691,43.70854,1
2020,34.52784,69.16915,1
2020,34.52824,65.3204,1
2020,34.53375,43.48374,8
2020,34.53501,43.62834,1
2020,34.537,68.60429,1
2020,34.53811,69.35585,1
2020,34.53861,69.19992,1
2020,34.53918,65.00723,1
2020,34.54197,69.35972,4
2020,34.5425,45.31806,1
2020,34.54734,68.93838,1
2020,34.54806,68.93694,3
2020,34.54833,68.93815,1
2020,34.55,69.05,1
2020,34.55111,65.79278,1
2020,34.55273,64.96284,2
2020,34.55582,68.93247,1
2020,34.5562,68.97723,1
2020,34.55662,64.96267,1
2020,34.56315,61.32314,2
2020,34.57268,69.45942,1
2020,34.57415,64.94347,1
2020,34.57415,64.94364,3
2020,34.57505,70.57804,1
2020,34.57529,67.51884,1
2020,34.57773,70.58993,1
2020,34.57906,65.80699,1
2020,34.5802,65.75147,1
2020,34.58221,65.71788,2
2020,34.58609,69.25497,1
2020,34.5864,68.95708,1
2020,34.58787,68.95091,1
2020,34.58897,68.95605,1
2020,34.5912,63.74057,1
2020,34.59143,69.77169,1
2020,34.59234,65.78463,1
2020,34.59676,69.42115,1
2020,34.60156,61.16536,1
2020,34.61143,65.74283,1
2020,34.61277,61.23764,1
2020,34.61574,61.22446,1
2020,34.61692,69.29187,1
2020,34.62152,43.66838,1
2020,34.62917,61.23356,1
2020,34.63181,69.7201,1
2020,34.63529,65.75618,1
2020,34.63964,70.16546,1
2020,34.64016,69.23588,1
2020,34.64059,44.64909,1
2020,34.64297,64.61388,1
2020,34.65392,61.2015,2
2020,34.65687,61.10969,2
2020,34.66017,69.12087,2
2020,34.66491,69.30545,1
2020,34.66667,61.06667,1
2020,34.66667,69.7,1
2020,34.66751,71.29306,1
2020,34.66816,61.10948,2
2020,34.66866,69.2935,1
2020,34.67123,44.11224,1
2020,34.67222,33.0384,1
2020,34.67339,33.03331,1
2020,34.67487,70.21344,6
2020,34.67836,69.0851,1
2020,34.68207,33.03223,1
2020,34.68977,70.14558,2
2020,34.69053,62.92565,1
2020,34.69184,43.61465,1
2020,34.69389,42.68167,1
2020,34.69732,33.01066,1
2020,34.69744,69.094,1
2020,34.6993,33.0097,1
2020,34.70115,70.26505,2
2020,34.70168,70.15039,1
2020,34.70224,65.27598,1
2020,34.7058,44.5135,1
2020,34.70595,43.69707,1
2020,34.71177,44.22908,1
2020,34.71443,71.43229,1
2020,34.71848,38.86589,1
2020,34.71878,71.50117,1
2020,34.71889,69.67263,1
2020,34.71933,77.63357,1
2020,34.7203,33.0198,2
2020,34.72136,69.11778,1
2020,34.722,70.14821,1
2020,34.72559,-92.35767,1
2020,34.72627,44.58491,1
2020,34.7308,65.36239,1
2020,34.73222,71.53361,1
2020,34.73278,71.56306,2
2020,34.73351,71.51966,1
2020,34.73624,71.32541,1
2020,34.73825,44.43911,1
2020,34.74056,69.66861,2
2020,34.74111,69.54222,1
2020,34.74176,70.28681,1
2020,34.74296,62.62781,1
2020,34.75,61.19,1
2020,34.75,69.11889,1
2020,34.75102,71.45968,1
2020,34.75185,71.47656,1
2020,34.75273,63.09675,1
2020,34.75462,70.10089,2
2020,34.75494,44.75961,1
2020,34.75519,63.10394,7
2020,34.75625,63.02094,1
2020,34.75806,71.37167,1
2020,34.75822,65.37843,1
2020,34.75957,71.50623,1
2020,34.76255,67.73046,1
2020,34.76596,69.18047,1
2020,34.77572,69.74664,1
2020,34.77679,-89.44657,1
2020,34.77688,63.72851,1
2020,34.7775,32.9327,3
2020,34.77809,71.42325,1
2020,34.78315,71.53359,1
2020,34.78333,70.18333,1
2020,34.78414,69.14362,1
2020,34.78653,71.52491,1
2020,34.78941,71.44212,1
2020,34.78941,71.46608,1
2020,34.78982,69.05714,1
2020,34.79015,62.90444,1
2020,34.79066,44.66215,3
2020,34.79092,69.67342,1
2020,34.79179,63.56928,1
2020,34.79209,48.5165,1
2020,34.79399,69.07359,1
2020,34.79444,69.67917,3
2020,34.79713,69.68292,1
2020,34.79813,63.56628,1
2020,34.79869,69.67867,1
2020,34.8001,69.66442,2
2020,34.80346,44.52859,1
2020,34.80403,63.54025,1
2020,34.805,36.53194,1
2020,34.80504,70.103,1
2020,34.80806,69.46861,1
2020,34.80828,68.13414,1
2020,34.80866,45.65366,1
2020,34.81057,69.66029,1
2020,34.81101,71.35946,1
2020,34.81362,70.10091,1
2020,34.81547,71.31993,1
2020,34.81898,44.5575,2
2020,34.81928,62.47895,2
2020,34.82133,63.54471,1
2020,34.8217,70.0887,1
2020,34.82191,71.3391,1
2020,34.82204,69.10244,1
2020,34.82215,72.34708,1
2020,34.82365,71.45321,1
2020,34.82365,71.68556,1
2020,34.82389,44.3474,1
2020,34.82528,70.08417,1
2020,34.82548,70.08421,1
2020,34.8263,67.83726,1
2020,34.82686,44.73134,1
2020,34.82942,63.56005,1
2020,34.82978,69.15511,1
2020,34.83183,63.51894,1
2020,34.83185,71.40619,1
2020,34.83758,63.52497,1
2020,34.83771,71.57074,2
2020,34.8386,63.55543,1
2020,34.83884,62.2325,1
2020,34.84176,71.28839,2
2020,34.84627,69.20524,1
2020,34.84628,69.21623,1
2020,34.84659,71.09732,2
2020,34.84722,71.58917,1
2020,34.84762,69.1588,1
2020,34.84855,69.66216,1
2020,34.84898,69.65479,1
2020,34.84917,69.17611,2
2020,34.84939,69.1763,1
2020,34.85083,69.20208,1
2020,34.85259,69.24621,1
2020,34.85432,69.65078,1
2020,34.85492,69.64805,1
2020,34.85509,63.4862,9
2020,34.85642,63.4862,1
2020,34.85644,40.60571,1
2020,34.86167,71.22889,1
2020,34.86621,71.52639,2
2020,34.86626,71.52499,2
2020,34.86648,38.87416,1
2020,34.87132,72.41059,1
2020,34.87184,62.54651,1
2020,34.87548,69.16572,1
2020,34.87804,62.85924,1
2020,34.88128,39.65957,1
2020,34.88135,44.62513,3
2020,34.88233,63.54255,3
2020,34.8842,38.87252,5
2020,34.88494,43.49266,1
2020,34.88794,69.6776,1
2020,34.88864,69.68436,2
2020,34.88947,69.68592,1
2020,34.89957,43.0428,1
2020,34.90058,62.90853,1
2020,34.90209,63.32151,5
2020,34.9029,69.26338,1
2020,34.90291,63.31472,3
2020,34.90496,68.03137,1
2020,34.90583,38.87556,1
2020,34.90586,38.87561,2
2020,34.90652,62.60896,2
2020,34.90852,64.17924,1
2020,34.9108,43.43549,1
2020,34.91541,44.56019,1
2020,34.91544,71.76948,1
2020,34.9161,71.80969,1
2020,34.92018,70.76442,1
2020,34.92137,71.83031,1
2020,34.92167,71.46278,1
2020,34.9218,71.46306,2
2020,34.92395,69.33069,1
2020,34.92509,62.90171,2
2020,34.92556,69.80889,1
2020,34.92559,71.51434,1
2020,34.9256,69.80913,1
2020,34.9261,69.24702,1
2020,34.9267,69.13439,1
2020,34.92682,69.13406,1
2020,34.9289,-86.9765,1
2020,34.92942,68.88101,1
2020,34.92965,68.85858,1
2020,34.93013,62.90046,1
2020,34.93161,44.48401,1
2020,34.93247,62.22541,1
2020,34.93583,71.82389,1
2020,34.93813,63.0848,1
2020,34.93897,69.26591,1
2020,34.93948,69.25266,1
2020,34.94025,69.25497,1
2020,34.9436,71.82296,1
2020,34.94611,69.265,1
2020,34.94658,69.26496,1
2020,34.94728,69.22825,1
2020,34.9508,43.49454,1
2020,34.95084,68.86198,1
2020,34.95151,71.80879,1
2020,34.95578,62.23321,1
2020,34.95611,70.75694,1
2020,34.95811,68.8213,1
2020,34.95864,62.24894,1
2020,34.95964,69.61855,2
2020,34.9601,69.62965,1
2020,34.9631,68.81088,1
2020,34.96313,71.84081,1
2020,34.96365,63.1002,1
2020,34.96611,71.74027,1
2020,34.96909,63.1443,3
2020,34.97161,44.39861,1
2020,34.97359,65.61793,1
2020,34.97481,63.1372,1
2020,34.97489,65.58947,1
2020,34.97538,63.10679,1
2020,34.98106,69.62146,3
2020,34.98174,63.29165,1
2020,34.98207,40.53936,1
2020,34.98591,63.23431,1
2020,34.98729,63.12902,1
2020,34.99005,63.13254,9
2020,34.99143,64.39426,1
2020,34.99194,69.30583,1
2020,34.99421,62.23202,1
2020,34.99528,40.51194,1
2020,34.99643,68.81176,1
2020,35.00226,68.77603,1
2020,35.00472,69.42083,2
2020,35.00607,71.45405,1
2020,35.0064,68.75291,1
2020,35.00846,68.89983,1
2020,35.01059,68.9377,1
2020,35.01279,37.05151,1
2020,35.0146,68.78148,1
2020,35.01511,69.34875,4
2020,35.01578,40.45521,5
2020,35.01745,68.78153,1
2020,35.01816,69.16899,4
2020,35.01872,62.91329,1
2020,35.01914,69.15114,3
2020,35.02758,43.44248,1
2020,35.02984,69.23222,1
2020,35.0303,68.94988,1
2020,35.03583,69.99944,1
2020,35.03641,65.21771,1
2020,35.03936,71.36104,1
2020,35.03967,70.00209,1
2020,35.04009,62.96384,1
2020,35.04109,69.25888,1
2020,35.04503,69.62701,1
2020,35.04533,43.07555,1
2020,35.04611,69.64583,1
2020,35.04655,69.63564,1
2020,35.0475,40.48944,1
2020,35.05023,63.03514,1
2020,35.05056,69.65861,1
2020,35.05345,44.45641,1
2020,35.05503,63.28862,2
2020,35.05521,71.55322,1
2020,35.06487,43.55161,1
2020,35.06689,66.15601,1
2020,35.06759,43.5467,1
2020,35.06908,72.38979,1
2020,35.07141,44.38135,1
2020,35.07275,44.33517,1
2020,35.07484,44.32476,1
2020,35.07638,44.48807,1
2020,35.07791,62.87352,1
2020,35.07796,39.68102,1
2020,35.08091,8.66006,1
2020,35.08121,69.35559,1
2020,35.08262,69.19394,1
2020,35.08299,63.17191,1
2020,35.0845,44.32366,1
2020,35.08736,63.08773,3
2020,35.08866,44.46407,1
2020,35.08921,44.32107,1
2020,35.09912,40.45932,4
2020,35.10157,44.34856,2
2020,35.10197,44.37198,1
2020,35.10466,-89.97738,3
2020,35.10508,40.5351,1
2020,35.10528,61.68722,1
2020,35.10575,69.47342,1
2020,35.11072,62.32348,1
2020,35.1132,61.4795,1
2020,35.11376,62.31735,1
2020,35.11806,71.22833,1
2020,35.11868,43.4948,1
2020,35.11944,62.30333,1
2020,35.12007,63.17303,1
2020,35.12028,68.97056,1
2020,35.12121,44.1236,1
2020,35.12139,62.30444,1
2020,35.12727,33.32364,1
2020,35.12942,43.4163,1
2020,35.13103,43.43224,1
2020,35.13197,43.43407,1
2020,35.13321,63.16113,1
2020,35.13404,61.57135,1
2020,35.13446,43.41758,1
2020,35.1353,44.08766,3
2020,35.13533,65.5068,1
2020,35.13644,69.17202,1
2020,35.13701,44.44664,2
2020,35.1458,71.38952,1
2020,35.14808,61.73504,1
2020,35.15117,69.34737,1
2020,35.15331,61.73922,2
2020,35.15524,61.74272,1
2020,35.1555,61.74414,1
2020,35.15599,63.108,1
2020,35.15681,40.42734,1
2020,35.15762,65.11365,1
2020,35.15778,65.11389,1
2020,35.15807,62.28862,1
2020,35.16604,43.87207,1
2020,35.16783,43.77764,1
2020,35.16926,63.09301,1
2020,35.18417,72.1325,1
2020,35.1869,43.3967,2
2020,35.18694,40.9332,1
2020,35.18815,63.07341,1
2020,35.18879,37.21158,1
2020,35.18893,62.19452,1
2020,35.19394,44.19754,2
2020,35.19704,44.8922,1
2020,35.19716,63.07748,1
2020,35.19887,63.0714,1
2020,35.20472,63.06186,6
2020,35.20799,-80.83044,1
2020,35.20852,43.89499,1
2020,35.2106,43.8571,1
2020,35.21088,61.60706,1
2020,35.21776,69.40267,1
2020,35.21939,43.71425,1
2020,35.22042,8.48728,1
2020,35.23361,71.33056,2
2020,35.23936,44.39078,1
2020,35.2404,46.2959,1
2020,35.24161,69.83272,1
2020,35.24345,62.28423,1
2020,35.24741,62.28138,1
2020,35.24928,72.05089,1
2020,35.2601,63.73933,1
2020,35.26481,62.9995,3
2020,35.27208,43.91504,2
2020,35.27835,44.20978,2
2020,35.27903,44.00018,1
2020,35.28798,40.30886,3
2020,35.29582,44.49008,1
2020,35.30055,40.23363,1
2020,35.30194,40.09221,1
2020,35.3029,41.03338,1
2020,35.30435,43.94387,1
2020,35.30882,64.80151,1
2020,35.3161,43.7283,1
2020,35.32139,64.81108,2
2020,35.32498,43.77549,1
2020,35.32619,43.95132,1
2020,35.32688,44.2445,1
2020,35.3292,43.94368,4
2020,35.32965,40.13503,1
2020,35.33306,40.13874,2
2020,35.33364,43.35184,1
2020,35.33509,44.23716,1
2020,35.3399,40.3174,1
2020,35.35295,-119.03592,1
2020,35.35305,65.81322,1
2020,35.37718,64.92199,1
2020,35.38422,44.22072,2
2020,35.38437,64.78625,1
2020,35.38697,40.08879,1
2020,35.39766,44.21731,1
2020,35.40551,37.43055,1
2020,35.41304,43.80396,1
2020,35.41463,40.04595,1
2020,35.41585,43.11477,1
2020,35.42358,61.34619,1
2020,35.4383,44.0856,1
2020,35.43989,44.2328,1
2020,35.45211,44.37546,15
2020,35.45607,63.44495,1
2020,35.47048,63.474,1
2020,35.48933,44.15105,1
2020,35.49403,63.42944,1
2020,35.49485,43.09716,2
2020,35.49944,43.23489,2
2020,35.51475,43.27488,1
2020,35.52309,64.51081,1
2020,35.53896,64.45613,1
2020,35.54,44.28028,1
2020,35.54016,43.46325,1
2020,35.54308,36.72851,1
2020,35.56109,64.43774,1
2020,35.56457,64.43218,1
2020,35.5646,64.43189,9
2020,35.56621,44.01642,1
2020,35.56701,45.3855,1
2020,35.56851,68.70392,1
2020,35.57346,68.90829,1
2020,35.5754,64.11234,1
2020,35.57583,44.13333,1
2020,35.57816,40.45524,1
2020,35.58567,63.32809,1
2020,35.58667,36.35639,2
2020,35.58677,36.35647,1
2020,35.58701,36.35604,3
2020,35.58833,40.7125,1
2020,35.59076,44.15645,1
2020,35.59107,68.58051,1
2020,35.59402,65.25074,1
2020,35.5952,68.73103,1
2020,35.59718,68.79748,1
2020,35.5994,42.73153,1
2020,35.60223,64.12925,1
2020,35.60832,65.24322,1
2020,35.61165,66.85286,1
2020,35.61298,36.00232,1
2020,35.61562,36.55839,1
2020,35.61796,36.78464,1
2020,35.61843,68.68271,1
2020,35.61981,65.24375,1
2020,35.62176,66.91759,1
2020,35.62284,64.38672,1
2020,35.62387,45.94915,1
2020,35.62488,65.28263,1
2020,35.62523,65.2517,2
2020,35.62526,43.22324,1
2020,35.62736,64.2984,1
2020,35.62805,65.16881,2
2020,35.62808,64.83567,1
2020,35.63,64.25,1
2020,35.63006,64.25011,1
2020,35.63155,44.13045,1
2020,35.63172,63.31408,1
2020,35.63554,67.81841,1
2020,35.63713,65.28182,1
2020,35.63798,67.07747,1
2020,35.63945,-120.65599,1
2020,35.64,64.28,2
2020,35.64088,63.30995,1
2020,35.64111,64.27889,6
2020,35.64116,64.28889,1
2020,35.64137,64.27908,3
2020,35.645,43.26204,1
2020,35.64734,44.06929,1
2020,35.65,36.2,1
2020,35.66036,64.33736,1
2020,35.66183,65.21473,1
2020,35.6683,64.28724,1
2020,35.67075,66.04635,1
2020,35.67403,64.32547,2
2020,35.67688,43.29439,1
2020,35.67918,44.24896,1
2020,35.68056,67.28222,1
2020,35.6807,67.28246,1
2020,35.68072,43.73108,1
2020,35.68348,67.27816,1
2020,35.68416,44.15285,1
2020,35.68736,64.29336,1
2020,35.68752,44.39731,1
2020,35.69267,65.50247,1
2020,35.69715,64.24459,3
2020,35.70038,64.30178,2
2020,35.70056,67.10333,1
2020,35.70294,64.3058,1
2020,35.70403,64.40291,2
2020,35.70492,43.89136,1
2020,35.7053,64.2803,2
2020,35.7064,36.80157,1
2020,35.70807,65.20376,1
2020,35.71634,43.59933,1
2020,35.71667,43.60306,1
2020,35.72647,36.35796,1
2020,35.72995,43.71103,1
2020,35.73541,67.10568,1
2020,35.737,65.35753,1
2020,35.73727,68.66435,1
2020,35.73945,40.76771,1
2020,35.747,43.66424,1
2020,35.7471,44.42688,1
2020,35.75229,44.14774,1
2020,35.76187,43.12185,1
2020,35.76835,43.58897,1
2020,35.7755,36.32132,1
2020,35.7816,36.72189,1
2020,35.78293,67.5394,1
2020,35.78514,64.76969,1
2020,35.78649,36.46216,1
2020,35.79128,36.56765,1
2020,35.79167,36.56667,1
2020,35.7929,36.49693,1
2020,35.7972,68.81229,1
2020,35.79793,36.73076,1
2020,35.7985,43.29482,1
2020,35.80017,36.73024,1
2020,35.8043,69.28775,1
2020,35.80495,36.5854,1
2020,35.80631,68.47714,1
2020,35.8074,36.563,1
2020,35.80972,64.77806,1
2020,35.80994,64.77813,1
2020,35.81078,69.28503,1
2020,35.81083,69.285,1
2020,35.81089,39.26441,1
2020,35.8129,43.2198,1
2020,35.8134,36.31994,1
2020,35.81397,36.60992,3
2020,35.81423,66.73535,1
2020,35.82206,36.26738,1
2020,35.82298,68.45841,1
2020,35.8293,44.40277,1
2020,35.83148,38.54541,1
2020,35.8343,64.51596,1
2020,35.8356,66.3396,1
2020,35.83957,66.76227,1
2020,35.84007,65.23228,1
2020,35.84194,66.34139,1
2020,35.84734,66.72616,3
2020,35.85287,64.53764,1
2020,35.857,64.55034,2
2020,35.85784,43.5607,1
2020,35.85972,36.76833,1
2020,35.85993,65.45713,1
2020,35.8625,36.63361,1
2020,35.8625,66.33389,2
2020,35.86308,65.46828,1
2020,35.86429,43.1967,1
2020,35.86712,64.85166,1
2020,35.86749,43.31894,1
2020,35.86798,65.43612,1
2020,35.86851,36.80467,3
2020,35.8686,36.71922,2
2020,35.8754,68.7937,1
2020,35.88059,43.3888,1
2020,35.8899,64.65383,1
2020,35.89163,67.6209,1
2020,35.89459,69.70526,1
2020,35.89692,66.35143,1
2020,35.89764,64.78758,1
2020,35.89818,10.58025,1
2020,35.90183,64.76693,1
2020,35.90472,69.66479,1
2020,35.9081,67.28885,2
2020,35.90934,67.28624,1
2020,35.91489,68.54707,1
2020,35.91551,41.26035,1
2020,35.91823,68.53729,1
2020,35.92105,64.77454,5
2020,35.9288,36.63145,2
2020,35.93103,36.64178,1
2020,35.934,64.759,1
2020,35.94366,64.29974,1
2020,35.94634,40.02182,1
2020,35.947,64.33562,1
2020,35.94714,2.60243,1
2020,35.94755,68.71033,16
2020,35.94796,68.71364,1
2020,35.95278,39.00778,1
2020,35.95583,64.27833,2
2020,35.95814,66.36841,1
2020,35.95929,64.29615,1
2020,35.95941,38.99811,2
2020,35.96849,66.95745,1
2020,35.97227,68.14803,1
2020,35.97896,68.66908,1
2020,35.97898,68.66932,1
2020,35.979,68.66919,1
2020,35.98079,68.76343,1
2020,35.98912,68.682,1
2020,35.99009,36.67722,1
2020,35.99029,43.10944,1
2020,35.99088,69.01743,1
2020,35.99176,-86.77574,1
2020,35.99819,69.03111,1
2020,36.0007,69.02952,1
2020,36.0014,43.1902,2
2020,36.00639,43.2942,1
2020,36.01979,66.23006,1
2020,36.01985,67.19656,1
2020,36.02502,43.15999,2
2020,36.02548,68.675,1
2020,36.03498,45.33624,1
2020,36.03534,68.67492,1
2020,36.03608,68.58905,1
2020,36.03967,64.98777,1
2020,36.04,66.37139,1
2020,36.0408,69.0672,1
2020,36.04094,64.85472,3
2020,36.044,65.0051,1
2020,36.04476,64.98111,1
2020,36.04611,66.06472,1
2020,36.0464,2.4292,1
2020,36.04642,64.95774,1
2020,36.04855,69.02652,1
2020,36.05,68.56667,2
2020,36.05002,1.58376,1
2020,36.05024,64.98076,1
2020,36.05198,66.23879,1
2020,36.05416,64.85619,1
2020,36.05621,42.79633,1
2020,36.05711,67.42397,1
2020,36.05758,36.85328,1
2020,36.05861,64.96583,1
2020,36.05864,64.96595,1
2020,36.06,68.59,1
2020,36.06028,36.87211,1
2020,36.06044,67.45127,1
2020,36.06091,68.59381,10
2020,36.06093,68.58858,1
2020,36.06182,68.67087,2
2020,36.06438,44.60385,1
2020,36.06597,69.10353,1
2020,36.07588,68.58253,1
2020,36.07956,64.90596,1
2020,36.08563,66.5173,2
2020,36.08823,43.28583,1
2020,36.09222,68.52433,1
2020,36.09764,69.0179,1
2020,36.09951,66.208,1
2020,36.09977,66.30474,1
2020,36.10219,65.70716,1
2020,36.10426,40.66217,1
2020,36.11819,36.51618,1
2020,36.12003,66.05537,2
2020,36.13137,36.92306,1
2020,36.13658,65.71694,1
2020,36.13723,36.82717,1
2020,36.14972,65.70889,1
2020,36.15856,43.2551,1
2020,36.15917,36.39,1
2020,36.17147,-86.7843,1
2020,36.17527,37.49309,1
2020,36.17912,43.40001,1
2020,36.17917,68.73111,3
2020,36.18238,66.06869,1
2020,36.18798,69.33543,1
2020,36.18823,36.7251,1
2020,36.19007,43.99303,1
2020,36.1952,65.9528,1
2020,36.19807,68.76,1
2020,36.20172,37.14352,4
2020,36.20205,37.15219,1
2020,36.20968,65.91293,1
2020,36.21111,67.17361,1
2020,36.21515,42.83257,1
2020,36.21766,65.93304,7
2020,36.21919,65.37554,1
2020,36.22372,68.77832,2
2020,36.22624,37.46814,1
2020,36.22835,64.85865,1
2020,36.22946,69.57477,1
2020,36.2317,36.88338,1
2020,36.23335,-115.26541,1
2020,36.23759,69.15909,1
2020,36.23828,64.86445,9
2020,36.24084,69.1629,1
2020,36.24242,41.87337,1
2020,36.2472,64.8218,3
2020,36.25,64.83333,2
2020,36.25568,68.75425,1
2020,36.26693,68.01969,4
2020,36.26881,64.85092,1
2020,36.26977,37.55345,1
2020,36.27321,64.88001,1
2020,36.27668,43.00312,1
2020,36.27821,43.93564,1
2020,36.27981,41.72863,1
2020,36.28684,67.06435,1
2020,36.29389,66.90972,2
2020,36.30053,65.8669,1
2020,36.30059,65.86787,1
2020,36.30116,65.86777,1
2020,36.30249,65.95152,1
2020,36.30275,67.27795,1
2020,36.30612,66.8849,1
2020,36.30837,68.64424,1
2020,36.30947,68.65231,1
2020,36.31044,36.68916,2
2020,36.31045,68.83388,1
2020,36.3228,43.44731,1
2020,36.32667,68.62417,1
2020,36.32672,68.6379,1
2020,36.32948,68.609,1
2020,36.33245,68.76319,3
2020,36.33473,68.64937,1
2020,36.33631,69.11822,1
2020,36.3403,66.886,1
2020,36.34075,66.01206,1
2020,36.3486,69.27348,1
2020,36.34963,65.91546,1
2020,36.35415,43.14357,4
2020,36.35457,67.24971,1
2020,36.36266,37.01265,3
2020,36.36402,65.87042,2
2020,36.3662,37.51228,13
2020,36.36733,69.39006,1
2020,36.3693,67.2459,1
2020,36.3694,69.36268,1
2020,36.37015,66.89158,1
2020,36.37206,66.89637,1
2020,36.3755,41.1485,3
2020,36.37737,69.31286,1
2020,36.37738,41.13757,1
2020,36.37748,41.13353,1
2020,36.3882,68.53972,1
2020,36.39472,36.68889,1
2020,36.39688,69.35179,1
2020,36.39897,36.69033,1
2020,36.40185,36.34981,1
2020,36.40794,64.89336,1
2020,36.40983,37.40676,1
2020,36.41034,44.3872,1
2020,36.41254,64.89409,1
2020,36.41318,64.89722,1
2020,36.41456,64.8942,1
2020,36.42055,64.89389,2
2020,36.42065,69.35927,1
2020,36.42092,69.26959,1
2020,36.42259,69.73942,1
2020,36.42793,68.44052,1
2020,36.4325,64.92056,1
2020,36.43695,69.22246,1
2020,36.43712,69.22316,1
2020,36.444,65.05833,1
2020,36.44795,38.04933,1
2020,36.46018,67.58168,1
2020,36.46628,66.95649,1
2020,36.46972,69.96083,1
2020,36.47139,69.71444,1
2020,36.47462,70.78,1
2020,36.48009,68.84457,1
2020,36.48397,68.90216,2
2020,36.48606,68.9285,1
2020,36.49188,65.8003,1
2020,36.49815,36.80092,1
2020,36.49918,65.78476,1
2020,36.50359,40.74063,1
2020,36.505,44.80583,1
2020,36.50787,40.74627,1
2020,36.50862,66.93492,1
2020,36.51009,36.86788,1
2020,36.51092,68.90329,1
2020,36.51164,36.86736,21
2020,36.51236,66.62993,1
2020,36.51243,68.89969,1
2020,36.51584,66.62051,1
2020,36.51778,66.60083,1
2020,36.51902,68.89931,1
2020,36.51992,69.07721,1
2020,36.52111,66.94167,2
2020,36.52164,68.88492,1
2020,36.52236,66.62118,1
2020,36.52294,66.63136,1
2020,36.52632,68.89169,1
2020,36.52856,37.95409,1
2020,36.53011,68.8778,3
2020,36.53137,65.04182,1
2020,36.53423,42.75907,2
2020,36.53624,64.8941,1
2020,36.53689,66.66603,1
2020,36.53833,66.66092,1
2020,36.53872,68.88405,1
2020,36.5395,65.05754,1
2020,36.54333,38.98472,1
2020,36.54397,69.15822,1
2020,36.54944,71.34056,1
2020,36.5505,37.0165,1
2020,36.55476,68.89844,1
2020,36.57409,69.86337,1
2020,36.57618,69.76812,1
2020,36.57921,69.09662,1
2020,36.58497,69.00195,1
2020,36.58544,37.04692,1
2020,36.58567,37.04717,1
2020,36.5907,67.14404,1
2020,36.59111,65.74778,1
2020,36.59361,68.90278,1
2020,36.59523,69.10343,1
2020,36.59559,39.12835,3
2020,36.59583,39.12972,1
2020,36.59619,69.02504,1
2020,36.59651,39.13015,1
2020,36.59692,39.12875,1
2020,36.60086,40.07219,2
2020,36.60306,68.7097,1
2020,36.60311,69.10405,1
2020,36.60604,69.36391,1
2020,36.60814,69.11044,1
2020,36.60918,69.12037,1
2020,36.61093,67.0344,1
2020,36.61453,69.11497,1
2020,36.61532,69.11535,1
2020,36.62077,69.11218,1
2020,36.62356,37.07675,1
2020,36.63051,69.11765,2
2020,36.63737,67.0002,1
2020,36.63775,40.34866,1
2020,36.63851,40.34325,1
2020,36.64304,69.10867,1
2020,36.64639,68.55944,2
2020,36.64905,69.1035,1
2020,36.65135,69.0993,1
2020,36.65598,39.75863,2
2020,36.65685,68.654,1
2020,36.65727,40.37056,2
2020,36.65789,66.97807,1
2020,36.65909,69.05275,1
2020,36.65945,66.30598,1
2020,36.65971,70.94826,1
2020,36.6629,68.83575,1
2020,36.66529,68.8264,1
2020,36.66627,68.98683,3
2020,36.66806,66.75972,1
2020,36.66837,68.88261,2
2020,36.66858,69.00946,1
2020,36.66954,68.99554,1
2020,36.66963,68.9971,3
2020,36.67033,69.02691,1
2020,36.67218,69.05704,1
2020,36.67363,69.06214,1
2020,36.67467,65.7484,3
2020,36.67509,69.01607,1
2020,36.6766,69.07189,1
2020,36.67663,68.96438,1
2020,36.6772,67.01667,2
2020,36.67924,69.13796,1
2020,36.68145,69.1149,2
2020,36.6836,69.08724,1
2020,36.68527,40.21758,1
2020,36.6875,66.84333,1
2020,36.68772,66.84351,1
2020,36.69054,66.82255,1
2020,36.69111,66.82028,1
2020,36.69133,69.13698,1
2020,36.69393,67.0715,1
2020,36.69414,68.81503,3
2020,36.69439,71.14524,1
2020,36.69548,68.82854,1
2020,36.69589,69.11316,1
2020,36.69591,38.94673,4
2020,36.69674,68.85198,1
2020,36.69733,69.10718,1
2020,36.69958,69.04031,1
2020,36.69981,69.10765,1
2020,36.70252,69.13448,1
2020,36.70277,68.70308,2
2020,36.70347,69.00151,1
2020,36.70355,68.84708,1
2020,36.70428,68.9076,2
2020,36.70434,69.13428,1
2020,36.70462,69.00096,1
2020,36.70574,68.87697,40
2020,36.70605,70.84169,1
2020,36.70821,68.80042,2
2020,36.70993,67.1157,14
2020,36.71094,68.89817,1
2020,36.71399,66.33144,1
2020,36.71508,69.25095,1
2020,36.71715,69.69441,2
2020,36.71862,68.99421,1
2020,36.71962,68.99558,2
2020,36.7232,69.26784,1
2020,36.72642,69.51705,1
2020,36.72849,69.30436,1
2020,36.72859,68.86807,2
2020,36.72889,68.85694,1
2020,36.72997,66.84665,1
2020,36.73176,69.19317,1
2020,36.73177,69.19317,1
2020,36.73346,69.53776,7
2020,36.73388,69.53942,2
2020,36.73477,70.812,3
2020,36.73903,70.83278,1
2020,36.73931,66.81434,1
2020,36.73969,66.83509,1
2020,36.74058,66.99185,1
2020,36.74097,69.30939,2
2020,36.743,66.75198,1
2020,36.74674,36.21338,1
2020,36.74821,70.82661,1
2020,36.74885,66.84046,2
2020,36.75,68.75,1
2020,36.75436,66.89109,1
2020,36.75506,66.89754,3
2020,36.75537,66.94434,1
2020,36.75543,66.72379,1
2020,36.75608,66.89702,1
2020,36.75634,66.92632,1
2020,36.75694,71.18222,5
2020,36.75708,71.18236,4
2020,36.758,71.18063,2
2020,36.75895,64.85852,2
2020,36.76206,71.1862,1
2020,36.76217,66.5854,1
2020,36.76254,66.7004,1
2020,36.76327,69.3781,1
2020,36.76347,68.87523,1
2020,36.76476,70.86703,1
2020,36.76492,70.09986,1
2020,36.76978,66.69774,1
2020,36.77259,66.41223,1
2020,36.77294,68.87825,1
2020,36.77611,66.55583,1
2020,36.77628,66.55599,1
2020,36.77675,66.55594,1
2020,36.77903,69.94908,1
2020,36.78139,64.96806,1
2020,36.78986,68.85776,1
2020,36.79053,68.83053,1
2020,36.7908,68.82927,1
2020,36.79103,68.82938,1
2020,36.79306,64.96312,1
2020,36.79464,66.9047,1
2020,36.80184,69.44011,2
2020,36.80202,64.98025,1
2020,36.8025,66.89985,1
2020,36.8035,66.40904,1
2020,36.8035,66.86897,1
2020,36.80687,71.53659,1
2020,36.80702,71.53631,1
2020,36.80906,66.49633,1
2020,36.80935,66.8982,1
2020,36.81192,66.89262,1
2020,36.81375,66.89815,1
2020,36.81445,66.34146,2
2020,36.8148,69.42446,1
2020,36.81602,66.74479,1
2020,36.81636,66.89608,1
2020,36.81863,38.01113,3
2020,36.81952,40.02861,1
2020,36.82125,69.39807,1
2020,36.82213,66.46465,1
2020,36.82294,68.6811,1
2020,36.82507,40.04024,2
2020,36.8254,40.04153,1
2020,36.83012,65.02842,1
2020,36.83278,69.39528,1
2020,36.83288,69.39531,2
2020,36.83306,66.63944,1
2020,36.8348,66.89543,1
2020,36.83638,66.64492,1
2020,36.83813,68.81954,1
2020,36.84159,66.63649,1
2020,36.84639,67.21472,1
2020,36.84778,40.09,1
2020,36.84795,40.07062,10
2020,36.84895,65.08897,1
2020,36.85028,10.26938,1
2020,36.85216,70.85477,2
2020,36.85267,68.70594,2
2020,36.85514,65.0618,1
2020,36.8637,70.44324,1
2020,36.86484,66.19755,1
2020,36.86616,70.46543,1
2020,36.86675,70.83503,1
2020,36.87099,65.26385,1
2020,36.88167,66.85667,1
2020,36.8861,65.24775,2
2020,36.89092,67.18945,2
2020,36.89192,67.18266,1
2020,36.89743,66.97635,1
2020,36.89758,68.36213,1
2020,36.89778,66.21504,1
2020,36.89956,66.18637,1
2020,36.90145,66.18288,1
2020,36.90369,66.18341,1
2020,36.90389,66.20778,3
2020,36.90411,66.20804,1
2020,36.90531,66.20946,2
2020,36.90576,66.20944,1
2020,36.91688,65.07616,1
2020,36.923,67.08105,1
2020,36.92554,66.19884,1
2020,36.92611,69.56944,1
2020,36.93833,43.41167,2
2020,36.94028,70.72556,1
2020,36.94139,70.7275,1
2020,36.95195,66.7538,1
2020,36.95198,70.86944,1
2020,36.95334,66.25648,1
2020,36.955,65.12545,1
2020,36.96083,66.81278,1
2020,36.96238,69.15945,1
2020,36.9636,69.15729,1
2020,36.9637,66.72631,1
2020,36.96544,69.1589,1
2020,36.96604,69.15937,1
2020,36.96853,69.11803,1
2020,36.97141,41.76927,1
2020,36.97198,69.17909,1
2020,36.97525,65.22119,1
2020,36.97534,69.15876,1
2020,36.97789,69.17459,1
2020,36.97844,69.41116,2
2020,36.98341,70.86453,1
2020,36.9839,66.79629,2
2020,36.98418,66.79379,1
2020,36.98748,69.17385,1
2020,36.98907,66.82706,1
2020,36.98932,69.17635,1
2020,36.98956,69.60835,1
2020,36.98958,69.14104,1
2020,36.99577,68.84007,1
2020,36.99663,68.43482,1
2020,37.00052,70.45658,2
2020,37.00296,70.87204,1
2020,37.00388,70.87145,2
2020,37.00416,70.58123,1
2020,37.00646,70.86121,1
2020,37.00659,66.07152,1
2020,37.01158,70.89285,1
2020,37.01406,66.77234,2
2020,37.01805,69.39779,1
2020,37.01941,69.15868,1
2020,37.02408,69.11419,1
2020,37.02573,42.35462,1
2020,37.02596,65.97104,1
2020,37.02703,66.36101,1
2020,37.02902,70.9012,1
2020,37.03029,69.13074,1
2020,37.03114,66.74456,1
2020,37.03255,69.40363,1
2020,37.03651,69.08765,1
2020,37.03781,65.99878,1
2020,37.04162,43.59026,1
2020,37.04873,66.33975,1
2020,37.05039,66.33033,1
2020,37.05101,70.43592,1
2020,37.05194,66.32861,1
2020,37.05336,41.22734,4
2020,37.05528,65.9891,1
2020,37.0563,70.3963,1
2020,37.05683,66.80481,1
2020,37.06101,70.41979,1
2020,37.0635,70.42536,1
2020,37.06479,69.41941,1
2020,37.06623,69.42276,3
2020,37.06909,70.45807,1
2020,37.06936,66.79938,1
2020,37.0721,40.65245,1
2020,37.07242,44.32435,1
2020,37.07639,70.60056,1
2020,37.0782,-122.08813,1
2020,37.084,70.5434,1
2020,37.08622,43.51785,1
2020,37.09173,43.48769,1
2020,37.09331,69.31531,1
2020,37.10189,68.84408,3
2020,37.10242,40.93125,1
2020,37.10249,68.86254,1
2020,37.10426,71.16376,1
2020,37.10529,68.8483,2
2020,37.10623,41.96566,1
2020,37.10665,68.85505,1
2020,37.10783,70.56756,6
2020,37.10811,68.86418,1
2020,37.10833,68.85361,3
2020,37.10841,68.85371,3
2020,37.10916,69.14779,1
2020,37.10931,68.95524,1
2020,37.11017,68.84641,1
2020,37.11298,68.95063,1
2020,37.11403,68.8505,1
2020,37.12329,43.15221,1
2020,37.12442,68.98681,4
2020,37.12888,68.90705,1
2020,37.13115,69.45088,1
2020,37.13133,68.89096,1
2020,37.13198,70.89941,2
2020,37.13255,-121.64177,1
2020,37.13519,68.86011,1
2020,37.13649,69.11995,1
2020,37.13703,68.90556,2
2020,37.14036,43.85781,1
2020,37.14323,68.94909,1
2020,37.14444,69.39944,1
2020,37.1469,69.11135,1
2020,37.14753,68.90973,1
2020,37.15618,68.95663,3
2020,37.15784,68.88242,6
2020,37.1601,68.88357,1
2020,37.16107,68.86316,1
2020,37.16668,69.49998,1
2020,37.17172,68.98788,2
2020,37.17312,69.50744,1
2020,37.17384,69.50845,1
2020,37.17666,42.13559,1
2020,37.18013,68.95834,1
2020,37.18022,68.80192,2
2020,37.18293,68.9123,1
2020,37.18456,70.80493,1
2020,37.18474,68.91469,1
2020,37.19028,68.61111,2
2020,37.19508,24.47705,1
2020,37.19771,68.97571,1
2020,37.20138,69.5017,2
2020,37.2046,69.49946,1
2020,37.20951,69.50502,1
2020,37.21067,68.91916,2
2020,37.21498,67.41477,2
2020,37.2206,69.51196,1
2020,37.22151,68.81459,1
2020,37.22326,70.83299,1
2020,37.22822,67.04646,1
2020,37.23587,39.76238,1
2020,37.25203,66.37954,1
2020,37.29139,66.09417,2
2020,37.29371,43.67119,1
2020,37.29861,43.03278,1
2020,37.30255,70.35057,1
2020,37.30962,43.03514,1
2020,37.31072,70.36838,1
2020,37.31084,-89.55964,1
2020,37.3129,40.73395,1
2020,37.31361,65.72111,2
2020,37.32158,65.76095,1
2020,37.32583,70.38036,1
2020,37.32674,70.86128,1
2020,37.33025,69.71678,1
2020,37.34795,69.57657,1
2020,37.34823,66.96194,1
2020,37.35345,66.95387,1
2020,37.3616,69.48845,1
2020,37.36417,69.55889,3
2020,37.36426,69.55892,2
2020,37.37159,44.43882,1
2020,37.37235,66.95216,1
2020,37.38358,69.4377,1
2020,37.38434,42.34864,1
2020,37.38475,69.61969,1
2020,37.3934,66.04774,1
2020,37.39439,69.81805,1
2020,37.39742,69.8148,1
2020,37.4141,70.19321,1
2020,37.42117,70.65627,2
2020,37.44259,69.68045,1
2020,37.44351,69.68571,1
2020,37.4468,69.88573,1
2020,37.45,69.87972,2
2020,37.45004,69.8799,1
2020,37.45501,45.0,1
2020,37.4597,69.5017,1
2020,37.45997,69.52612,1
2020,37.46056,69.67,1
2020,37.46509,70.03307,1
2020,37.47377,69.52369,1
2020,37.53022,70.38745,1
2020,37.54627,44.25827,1
2020,37.59016,29.7426,1
2020,37.61328,-77.47675,1
2020,37.66056,70.67333,1
2020,37.66066,70.67334,1
2020,37.66079,70.67346,1
2020,37.75573,-122.44285,2
2020,37.76054,70.48588,1
2020,37.76333,42.78917,1
2020,37.7907,-122.21491,1
2020,37.85167,43.13306,1
2020,37.85634,27.88943,1
2020,37.87255,-122.27493,1
2020,37.92222,40.18438,1
2020,37.92624,70.67822,1
2020,37.93683,23.65492,1
2020,37.93697,23.65531,1
2020,37.94545,23.65049,1
2020,37.95692,23.85086,1
2020,37.99749,23.76273,32
2020,38.05644,23.59184,1
2020,38.08154,23.69781,1
2020,38.0913,71.22005,1
2020,38.12823,71.22495,1
2020,38.14564,71.22382,1
2020,38.19281,70.89484,1
2020,38.22366,70.90892,1
2020,38.22415,42.06191,1
2020,38.22503,-85.74152,1
2020,38.23884,21.7595,2
2020,38.3597,41.0182,1
2020,38.41335,70.81126,1
2020,38.53264,-121.45579,1
2020,38.5667,-121.46834,1
2020,38.58326,-93.69523,1
2020,38.63573,-90.24524,1
2020,38.65444,43.98861,1
2020,38.71249,-9.15398,1
2020,38.82728,-76.52037,1
2020,38.90993,-77.01473,2
2020,39.04926,-77.05727,1
2020,39.05971,-86.51078,1
2020,39.13458,26.50356,2
2020,39.15492,-76.608,1
2020,39.23652,-76.66588,1
2020,39.24125,9.18495,1
2020,39.26302,26.27844,1
2020,39.26451,26.27771,1
2020,39.26494,-114.87088,2
2020,39.36561,22.94402,1
2020,39.41755,44.37796,1
2020,39.4212,44.35938,1
2020,39.67758,-75.7573,2
2020,39.7413,-75.54192,1
2020,39.77713,-86.14582,1
2020,39.89241,-75.11554,1
2020,39.98087,-76.27052,1
2020,40.00932,-75.13337,1
2020,40.37669,-80.04991,1
2020,40.57854,22.9595,1
2020,40.62066,22.952,3
2020,40.69426,-73.93068,5
2020,40.79505,30.74471,1
2020,41.02322,14.39083,1
2020,41.11316,-114.95355,1
2020,41.31139,-72.92474,2
2020,41.73405,44.78382,1
2020,41.77354,12.23971,1
2020,41.77354,12.23972,1
2020,41.80944,19.63472,1
2020,41.89096,12.49007,3
2020,41.95982,12.80223,1
2020,42.04756,-72.57193,1
2020,42.06302,12.77077,1
2020,42.11551,-72.53952,3
2020,42.19476,-70.94728,1
2020,42.2936,12.22072,1
2020,42.31564,-71.09091,1
2020,42.33476,12.29493,1
2020,42.38467,-83.10525,1
2020,42.39765,12.859,1
2020,42.4737,-73.15618,1
2020,42.49344,-83.02703,2
2020,42.5304,72.22843,1
2020,42.6652,23.37405,1
2020,42.6721,9.43799,1
2020,42.72744,-87.81353,1
2020,42.87137,74.58347,1
2020,42.89131,20.86597,1
2020,42.89139,20.866,1
2020,43.06414,-87.96722,1
2020,43.08032,44.64005,1
2020,43.1046,20.80385,1
2020,43.22202,76.85125,2
2020,43.32023,45.65449,2
2020,43.61227,-83.84233,1
2020,43.70316,7.2658,1
2020,43.7252,-79.38703,3
2020,43.8122,-88.39144,1
2020,43.93112,42.52222,2
2020,43.94932,4.80553,1
2020,44.2779,-88.38909,1
2020,44.96351,-93.26783,1
2020,45.04525,5.04941,1
2020,45.06811,-93.3162,1
2020,45.11243,5.75475,1
2020,45.139,5.7934,1
2020,45.17295,5.67031,1
2020,45.35019,28.85019,1
2020,45.44447,-75.6918,1
2020,45.46898,-73.5953,1
2020,45.52861,9.27871,1
2020,45.53716,-122.65007,4
2020,45.53842,-73.7363,1
2020,45.54067,-73.57351,1
2020,45.56,-123.09,1
2020,45.5763,-73.81058,1
2020,45.6689,-73.87287,1
2020,45.73332,4.91193,1
2020,45.74627,4.8222,1
2020,45.75324,4.82927,1
2020,45.77536,-74.00495,1
2020,45.81639,15.97389,1
2020,45.86567,-74.0721,1
2020,45.8945,-74.1242,1
2020,46.00532,8.9502,1
2020,46.13888,-60.18278,1
2020,46.47526,30.73202,1
2020,46.48253,30.72331,1
2020,46.50881,6.49613,1
2020,46.52304,30.45045,1
2020,46.53331,39.04052,1
2020,46.63226,32.607,1
2020,47.06415,15.4336,1
2020,47.09336,37.55293,1
2020,47.14791,37.78446,1
2020,47.17559,-1.6173,1
2020,47.23783,6.02405,1
2020,47.26325,37.7801,1
2020,47.5324,-2.28357,1
2020,47.62152,-122.32408,4
2020,47.75636,-122.34252,1
2020,47.82374,35.16449,1
2020,48.00934,37.50915,2
2020,48.05058,11.59477,1
2020,48.06574,37.67422,1
2020,48.08053,1.35131,1
2020,48.10148,-119.77643,2
2020,48.16501,37.70412,1
2020,48.2012,11.61457,1
2020,48.20513,12.39599,1
2020,48.20861,12.40414,1
2020,48.21141,16.38004,2
2020,48.29186,25.93226,1
2020,48.32991,16.4525,1
2020,48.40578,38.02853,2
2020,48.46575,135.10452,1
2020,48.47441,37.7628,1
2020,48.69286,38.51464,1
2020,48.69286,38.51488,2
2020,48.72483,38.63238,1
2020,48.75123,38.79185,1
2020,48.77584,9.18293,1
2020,48.79249,2.35985,1
2020,48.81031,6.71757,1
2020,48.85664,2.34233,2
2020,48.92252,2.24675,1
2020,48.92958,2.04698,1
2020,48.94596,38.47924,1
2020,49.00252,38.37442,1
2020,49.01233,2.11845,1
2020,49.11911,6.17556,1
2020,49.14269,9.21088,1
2020,49.49437,0.10793,1
2020,49.59364,34.5343,1
2020,49.83972,24.0277,1
2020,49.88348,86.55134,1
2020,49.98367,35.94254,1
2020,49.99031,36.29002,1
2020,50.00667,36.23944,1
2020,50.13092,8.88589,1
2020,50.13176,8.88265,1
2020,50.13303,8.9133,1
2020,50.24539,28.63434,1
2020,50.32708,30.70671,1
2020,50.43916,30.51735,1
2020,50.44577,30.5121,1
2020,50.4549,30.44551,1
2020,50.51008,30.79766,1
2020,50.51367,30.50028,1
2020,50.58333,28.5,1
2020,50.6359,3.06981,1
2020,50.77361,6.22508,1
2020,50.83643,4.36742,2
2020,50.87937,26.43723,1
2020,51.05041,13.73726,1
2020,51.15692,71.46113,1
2020,51.17893,6.00702,1
2020,51.21741,5.41136,1
2020,51.25983,5.9893,1
2020,51.27043,0.52241,1
2020,51.277,0.52532,1
2020,51.34224,12.37477,1
2020,51.38294,6.03518,1
2020,51.41418,5.82106,1
2020,51.41796,5.37645,1
2020,51.41916,5.38101,1
2020,51.42925,4.30471,1
2020,51.45609,3.55174,1
2020,51.45699,-0.96728,1
2020,51.46763,5.53375,1
2020,51.49232,11.96654,1
2020,51.49855,-2.58654,1
2020,51.50438,-0.14004,5
2020,51.51772,7.08572,1
2020,51.51866,4.42005,1
2020,51.53314,14.66246,1
2020,51.57376,5.09828,1
2020,51.58511,4.54204,1
2020,51.58982,4.55035,1
2020,51.63324,4.53656,1
2020,51.64988,5.47398,1
2020,51.75925,19.45598,2
2020,51.82057,9.86831,1
2020,51.84022,4.31036,1
2020,51.88714,4.5639,1
2020,51.88748,5.194,1
2020,51.89654,-2.08149,1
2020,51.90239,-8.51094,1
2020,51.90876,-8.50094,1
2020,51.9124,4.44343,1
2020,51.91631,-8.43445,2
2020,51.94552,5.37574,1
2020,51.94552,5.37575,1
2020,51.95825,5.35684,1
2020,51.96423,4.49623,1
2020,52.03411,4.69308,1
2020,52.03888,4.24772,1
2020,52.05,29.23333,1
2020,52.07811,4.24331,1
2020,52.08856,4.31277,1
2020,52.2643,4.76111,1
2020,52.33149,5.21522,1
2020,52.33933,5.23183,1
2020,52.34816,5.26206,1
2020,52.38466,4.86618,1
2020,52.43578,-1.81676,1
2020,52.44596,-1.84032,1
2020,52.45395,-1.71866,1
2020,52.46421,-1.88498,1
2020,52.47691,-1.71868,1
2020,52.48097,-1.92079,1
2020,52.48216,4.65981,2
2020,52.49492,-1.91754,1
2020,52.50153,13.40185,14
2020,52.53614,-2.01071,1
2020,52.53616,-2.01071,2
2020,52.53924,5.69351,1
2020,52.55642,5.64261,1
2020,52.57521,0.08117,1
2020,52.59014,-1.97669,1
2020,52.64296,1.28686,1
2020,52.81332,-6.72583,1
2020,52.91268,8.81814,1
2020,52.93986,-1.46105,1
2020,53.1853,-6.80868,1
2020,53.2274,6.60942,1
2020,53.36167,-6.24548,2
2020,53.36457,-2.92563,1
2020,53.37577,-2.91537,1
2020,53.42228,-2.94758,1
2020,53.46892,-2.85024,1
2020,53.48435,-2.92857,1
2020,53.49503,-2.50738,1
2020,53.57287,9.9688,1
2020,53.68272,-1.73689,1
2020,53.76722,-1.77251,1
2020,53.76882,-1.72426,1
2020,53.77018,-1.72895,2
2020,53.77592,-1.75255,1
2020,53.78962,-2.24513,1
2020,53.79248,-1.72346,1
2020,53.80172,-1.74291,1
2020,54.08655,13.39234,1
2020,54.0985,28.3331,1
2020,54.307,-126.84357,1
2020,54.4455,-6.38366,1
2020,54.44697,-6.39292,1
2020,54.46337,-6.3286,4
2020,54.46578,-6.36088,1
2020,54.50853,-6.76313,1
2020,54.55058,-5.93128,1
2020,54.55269,-6.01631,2
2020,54.57672,-5.8769,1
2020,54.59117,-5.66623,1
2020,54.60848,-5.95583,10
2020,54.61887,-6.22784,1
2020,54.65027,-5.71323,1
2020,54.654,-5.92412,1
2020,54.68935,-6.01115,1
2020,54.71152,-6.21167,1
2020,54.7164,-6.2049,1
2020,54.72004,-5.8189,1
2020,54.73637,-5.8056,1
2020,54.73666,55.97383,1
2020,54.85106,-6.37184,1
2020,54.86509,-6.27247,4
2020,54.94719,-1.53476,1
2020,54.95737,-7.74676,1
2020,54.96031,-7.73891,1
2020,54.98897,-7.35126,1
2020,55.01156,-7.31204,6
2020,55.10871,-6.41928,1
2020,55.12305,-6.47633,1
2020,55.13258,-6.66461,1
2020,55.14229,-6.49363,1
2020,55.16444,61.43684,1
2020,55.85789,-4.15294,2
2020,55.88138,-4.23518,1
2020,56.1855,50.8944,1
2020,59.32878,14.52842,1
2020,59.80933,17.62844,1
2020,60.67488,17.14127,1
2020,61.77079,9.53589,1
2020,62.07563,9.12336,1
2020,63.6007,22.78813,1
2020,64.54831,40.5674,1
