year,lat,long,count
2006,-3.35613,29.35878,1
2006,-3.34202,29.48431,1
2006,-3.06844,29.46146,1
2006,-2.52878,140.71346,1
2006,-1.49,120.63333,1
2006,-1.39315,120.75475,2
2006,-1.28518,36.82111,1
2006,-1.18557,29.44695,2
2006,-0.89858,119.8506,1
2006,-0.42498,29.19178,1
2006,0.3792,41.13419,1
2006,1.11423,44.02871,1
2006,1.12931,-76.99062,1
2006,1.62111,-77.57472,1
2006,2.03955,-77.21702,1
2006,2.05982,45.32612,2
2006,2.3324,37.98238,1
2006,2.75674,-76.62993,1
2006,2.77772,-75.25743,1
2006,2.93835,-73.20833,1
2006,3.11564,43.64658,4
2006,3.42934,-76.51604,4
2006,3.5299,-76.29801,1
2006,3.86859,30.22242,1
2006,3.88182,-77.07042,2
2006,4.15127,-73.63872,1
2006,4.26889,-75.9361,1
2006,4.315,6.24167,1
2006,4.33512,5.98544,1
2006,4.33523,5.98551,1
2006,4.49639,-73.64111,1
2006,4.64988,7.9331,1
2006,4.66713,-74.10606,4
2006,4.67167,18.58214,1
2006,4.67451,-75.78425,1
2006,4.77528,7.00417,1
2006,4.78482,7.00545,2
2006,4.81555,7.04984,10
2006,4.85535,31.56778,2
2006,4.85808,6.92091,1
2006,4.86778,5.89871,3
2006,4.92116,6.27477,1
2006,5.01268,6.29736,1
2006,5.09639,8.11917,1
2006,5.25111,6.61278,1
2006,5.2528,-76.82596,1
2006,5.35194,-3.94167,1
2006,5.38056,95.95472,2
2006,5.44437,73.36571,1
2006,5.52867,5.75601,1
2006,5.53702,46.38905,1
2006,5.79036,-75.42833,1
2006,5.9137,120.9056,1
2006,5.92806,101.88389,1
2006,5.99304,101.96618,3
2006,6.01392,101.95023,1
2006,6.01512,101.95192,2
2006,6.0221,80.79977,1
2006,6.05046,121.01224,3
2006,6.05519,121.00132,3
2006,6.05709,101.69544,3
2006,6.07337,101.90058,1
2006,6.08822,121.10933,1
2006,6.16657,6.78371,1
2006,6.16671,101.91199,6
2006,6.16886,101.18113,1
2006,6.19009,101.79796,14
2006,6.20202,101.25238,23
2006,6.20202,101.28041,1
2006,6.21041,101.82076,11
2006,6.24203,-75.56477,2
2006,6.24279,101.29773,6
2006,6.24792,102.0033,3
2006,6.25415,101.7296,6
2006,6.26362,101.76947,1
2006,6.2675,-75.56861,1
2006,6.29495,-73.04042,2
2006,6.29639,101.72833,2
2006,6.30928,101.71788,1
2006,6.38189,101.50623,8
2006,6.38458,101.50208,1
2006,6.39063,101.22971,3
2006,6.39391,101.81316,1
2006,6.40306,101.70611,1
2006,6.41829,3.16565,1
2006,6.42546,101.82531,6
2006,6.42724,101.83365,1
2006,6.45,3.43333,1
2006,6.49182,101.3885,3
2006,6.51795,101.65346,2
2006,6.5411,101.28041,1
2006,6.5411,101.82076,1
2006,6.54114,101.2804,1
2006,6.54115,101.2804,6
2006,6.5425,101.28306,2
2006,6.5455,101.2799,7
2006,6.54896,101.63853,1
2006,6.57033,122.05425,1
2006,6.60612,101.28066,1
2006,6.62689,101.44527,1
2006,6.64478,100.40033,1
2006,6.64793,101.66698,1
2006,6.64914,101.23624,1
2006,6.6833,101.35,1
2006,6.68648,101.13909,2
2006,6.69734,125.08278,1
2006,6.7007,101.43392,23
2006,6.71568,79.93396,1
2006,6.71796,101.59303,4
2006,6.73277,-7.3496,1
2006,6.76026,101.29516,1
2006,6.7724,101.29206,3
2006,6.77277,101.29144,1
2006,6.80449,-76.24752,1
2006,6.81179,101.18439,3
2006,6.82181,-58.15922,2
2006,6.82806,101.3885,1
2006,6.83012,79.88008,1
2006,6.83128,124.87701,1
2006,6.84117,79.90248,1
2006,6.84473,100.66471,1
2006,6.86281,124.44365,2
2006,6.86639,101.36917,1
2006,6.86786,101.25207,3
2006,6.8694,101.25052,1
2006,6.86948,101.25048,5
2006,6.87527,81.83063,2
2006,6.8761,101.25905,2
2006,6.88999,100.52961,1
2006,6.89068,79.89719,1
2006,6.91218,79.88288,2
2006,6.92909,122.07885,1
2006,6.93589,80.19169,1
2006,6.94184,79.86169,11
2006,6.94742,-71.43545,1
2006,6.96244,125.08762,1
2006,6.97783,79.92715,1
2006,7.00251,79.90989,1
2006,7.01398,100.47124,1
2006,7.0209,125.09147,1
2006,7.02776,79.89828,1
2006,7.06005,-73.85312,1
2006,7.08582,-70.75779,3
2006,7.09931,81.85249,2
2006,7.11531,81.85249,2
2006,7.1756,100.61435,2
2006,7.19012,124.53659,1
2006,7.20959,124.24197,3
2006,7.21939,81.84976,1
2006,7.26111,124.52944,1
2006,7.29418,80.73807,1
2006,7.30176,81.67473,5
2006,7.44053,-77.11891,2
2006,7.48751,81.807,1
2006,7.49743,-5.09382,1
2006,7.52937,81.79461,1
2006,7.53,124.11,1
2006,7.5877,125.82268,1
2006,7.62306,5.38861,1
2006,7.68612,124.69219,1
2006,7.68901,81.72947,1
2006,7.69026,81.65638,1
2006,7.71667,81.70019,5
2006,7.73311,81.68882,16
2006,7.77541,81.60625,1
2006,7.78586,81.5898,1
2006,7.79083,81.5825,1
2006,7.79548,36.4774,1
2006,7.81213,81.5569,1
2006,7.82153,81.55011,1
2006,7.8252,123.43738,2
2006,7.86778,81.51027,2
2006,7.90233,81.27964,1
2006,7.92133,81.52467,3
2006,7.94628,-72.89881,1
2006,7.94644,81.24785,2
2006,8.03801,126.41436,1
2006,8.13691,81.43408,2
2006,8.16667,81.21667,1
2006,8.23342,-73.35331,1
2006,8.32497,81.30074,1
2006,8.34519,80.38813,1
2006,8.35126,81.00699,1
2006,8.36062,126.01643,1
2006,8.37081,81.31931,1
2006,8.38321,125.82012,1
2006,8.40458,81.31243,1
2006,8.41056,80.05111,1
2006,8.43557,-73.28742,1
2006,8.45791,81.2684,6
2006,8.50169,79.78064,1
2006,8.53839,80.49328,1
2006,8.57783,81.21872,25
2006,8.58944,80.835,1
2006,8.5922,81.1968,4
2006,8.64108,80.6696,2
2006,8.66344,80.39652,1
2006,8.66556,80.39139,1
2006,8.66917,80.32611,1
2006,8.67434,80.95597,1
2006,8.69273,81.18853,1
2006,8.72038,80.50749,1
2006,8.72125,80.36485,1
2006,8.73551,80.47993,3
2006,8.73816,80.47715,1
2006,8.75152,79.9505,1
2006,8.75453,80.50185,1
2006,8.75782,80.48791,16
2006,8.79232,80.46603,1
2006,8.81041,80.4615,1
2006,8.8245,81.0955,1
2006,8.82721,125.10059,1
2006,8.83427,80.05105,1
2006,8.86196,124.78942,1
2006,8.86656,80.5093,2
2006,8.8855,80.27673,1
2006,8.8941,79.93466,2
2006,8.97715,38.77323,9
2006,8.98012,79.91246,1
2006,8.98056,38.75779,1
2006,9.0003,124.88091,1
2006,9.05902,80.6593,1
2006,9.07873,80.614,1
2006,9.08616,79.81899,1
2006,9.26709,80.81425,2
2006,9.61989,79.96543,1
2006,9.65907,80.13169,2
2006,9.66123,80.02558,2
2006,9.6664,80.02048,20
2006,9.69636,80.18472,1
2006,9.69789,79.86048,1
2006,9.70219,-73.27915,1
2006,9.70266,79.9989,1
2006,9.70607,80.05958,2
2006,9.71542,80.05366,1
2006,9.71822,80.0185,1
2006,9.72654,79.992,1
2006,9.72972,80.02306,1
2006,9.73374,122.92804,2
2006,9.74612,80.03902,1
2006,9.74819,80.0197,1
2006,9.78333,80.03333,2
2006,9.79528,79.9892,1
2006,9.8,80.16667,1
2006,9.80427,80.1654,2
2006,9.81494,80.16608,1
2006,10.05447,8.79907,1
2006,10.25466,-74.91548,1
2006,10.33307,29.95023,1
2006,10.41868,31.18655,1
2006,10.63213,-74.92172,1
2006,10.79171,31.75861,1
2006,11.24204,-74.20538,1
2006,11.34734,22.64603,1
2006,11.60831,125.43394,1
2006,11.64886,24.90422,3
2006,11.64906,24.90405,1
2006,11.88234,124.04616,1
2006,11.97433,8.50026,1
2006,11.99404,25.63186,1
2006,12.06756,25.16742,1
2006,12.12669,15.0284,1
2006,12.18733,18.693,1
2006,12.21814,123.50951,1
2006,12.2261,21.41257,1
2006,12.33687,123.65998,1
2006,12.36763,123.62165,1
2006,12.40168,-16.19654,1
2006,12.54026,19.05972,1
2006,12.66047,21.89276,2
2006,12.67139,123.875,1
2006,12.70295,124.03412,1
2006,12.70302,124.03299,1
2006,13.16196,123.69396,1
2006,13.44089,22.44173,2
2006,13.6242,25.34498,1
2006,13.64321,102.48392,1
2006,13.65314,21.2001,1
2006,13.71613,22.46716,1
2006,13.7279,100.52412,1
2006,13.83311,20.83484,1
2006,13.8995,100.54264,1
2006,13.94199,121.16272,1
2006,14.20979,24.6574,2
2006,14.51352,22.08788,1
2006,14.54397,49.12458,1
2006,14.54943,121.03359,1
2006,14.55276,-91.30592,1
2006,14.59359,120.99429,1
2006,14.59935,120.98477,2
2006,14.59951,120.98422,1
2006,14.60272,120.39577,1
2006,14.62287,-90.52907,1
2006,14.67428,121.0575,1
2006,14.7,-91.86667,1
2006,14.71611,-89.3509,1
2006,14.7166,120.30157,1
2006,14.7195,46.86827,1
2006,15.06293,120.6576,1
2006,15.32544,44.2119,1
2006,15.70968,24.93379,1
2006,15.76539,24.90447,1
2006,16.13982,99.36731,1
2006,16.25777,97.7252,1
2006,16.35632,44.09194,1
2006,16.41717,120.59266,1
2006,16.48333,121.15,1
2006,16.69093,79.56794,1
2006,17.05435,-96.71295,1
2006,17.53672,-101.26687,1
2006,17.64739,120.70932,1
2006,17.88977,121.86932,1
2006,17.9809,81.4382,1
2006,18.06148,81.46514,1
2006,18.57778,-72.33194,1
2006,18.7554,81.02855,1
2006,18.84508,81.15925,1
2006,18.9,81.35,5
2006,18.94219,96.43799,1
2006,19.00479,81.09772,1
2006,19.00783,81.05793,1
2006,19.01061,81.44712,1
2006,19.07598,72.87766,2
2006,19.20368,81.93439,1
2006,19.37189,-99.08662,1
2006,19.75775,80.31336,1
2006,20.00863,80.68809,1
2006,20.55462,74.52599,1
2006,21.15896,-86.84594,1
2006,21.27866,81.86614,1
2006,21.54316,39.17491,1
2006,22.06054,85.23731,1
2006,22.06558,85.22748,1
2006,22.424,87.319,1
2006,22.57265,88.3639,1
2006,22.80878,89.24672,1
2006,22.84564,89.54033,2
2006,22.88742,84.13824,1
2006,22.91591,90.4154,1
2006,23.0225,72.57136,1
2006,23.04151,84.54449,1
2006,23.33208,86.36521,1
2006,23.54997,90.52522,1
2006,23.61018,85.27994,3
2006,23.63698,88.78029,1
2006,23.6693,86.15111,3
2006,23.78058,88.95336,1
2006,23.79128,90.4182,2
2006,23.84422,89.04941,1
2006,23.90593,89.05495,1
2006,23.94085,91.98815,1
2006,23.94972,92.08417,1
2006,23.96712,91.11196,1
2006,24.09286,90.41902,1
2006,24.45539,89.69995,7
2006,24.61534,88.97917,2
2006,24.64732,46.71458,1
2006,24.66372,93.90627,1
2006,24.70112,85.13242,1
2006,24.79572,84.99889,1
2006,24.79835,93.94043,3
2006,24.80433,88.93425,1
2006,24.88674,85.54253,1
2006,24.89112,67.14331,7
2006,25.04454,66.87467,4
2006,25.0908,85.31118,1
2006,25.1458,62.32656,2
2006,25.1818,93.11902,1
2006,25.31764,82.97391,1
2006,25.4358,81.84631,1
2006,25.63809,93.09571,1
2006,25.66628,66.69482,1
2006,25.85012,93.42948,1
2006,25.93223,49.66462,1
2006,25.99986,92.87021,1
2006,26.10924,93.03334,1
2006,26.14979,91.76393,8
2006,26.15323,91.84517,2
2006,26.1982,92.89114,7
2006,26.34637,92.68404,1
2006,26.40111,90.26651,1
2006,26.45341,87.27848,4
2006,26.46075,86.80695,2
2006,26.54019,86.59003,1
2006,26.58002,86.83321,1
2006,26.59137,88.58869,1
2006,26.61726,86.70139,3
2006,26.6271,87.18266,1
2006,26.63346,85.79995,1
2006,26.63982,87.89424,1
2006,26.64638,88.15597,1
2006,26.66986,87.61008,1
2006,26.67248,87.37611,1
2006,26.69943,92.49924,1
2006,26.71667,86.48333,1
2006,26.73267,85.92479,1
2006,26.78287,85.27759,2
2006,26.79586,86.29687,1
2006,26.83226,86.01356,1
2006,26.86491,89.38644,1
2006,26.86674,85.56659,1
2006,26.88414,92.11312,1
2006,26.88654,85.49565,1
2006,26.90032,87.47405,1
2006,26.96203,85.56121,1
2006,26.98046,94.62991,1
2006,26.98365,87.3186,1
2006,27.02771,95.03018,1
2006,27.04477,84.86737,1
2006,27.11702,85.7417,1
2006,27.13406,85.06502,1
2006,27.19889,60.68435,2
2006,27.24167,94.10558,2
2006,27.34255,66.36792,1
2006,27.35965,95.412,1
2006,27.38,67.9151,1
2006,27.4002,95.6166,1
2006,27.41649,85.03356,1
2006,27.48002,-99.51054,3
2006,27.48006,83.46569,1
2006,27.49193,95.34783,1
2006,27.49202,95.3465,2
2006,27.50849,95.17721,1
2006,27.56774,95.55724,1
2006,27.57129,85.69906,1
2006,27.63671,85.51675,1
2006,27.63754,94.88483,1
2006,27.65261,82.99411,1
2006,27.65419,82.99316,1
2006,27.66132,83.03775,1
2006,27.66897,85.31982,2
2006,27.6781,85.27709,1
2006,27.68677,85.20236,1
2006,27.7002,83.45013,1
2006,27.70875,85.3295,6
2006,27.72794,85.37958,1
2006,27.80992,66.62096,1
2006,27.81872,66.65966,1
2006,27.86679,83.55009,1
2006,27.90436,85.15312,3
2006,27.95403,84.13595,1
2006,27.97114,84.89848,1
2006,27.97402,84.26607,1
2006,27.98293,83.03614,1
2006,27.98874,82.30177,1
2006,27.99054,83.76762,1
2006,28.01968,83.80487,1
2006,28.05606,81.62801,5
2006,28.07705,84.08544,1
2006,28.1509,81.7651,1
2006,28.17652,68.04502,1
2006,28.2324,81.33322,1
2006,28.26327,84.01774,1
2006,28.26809,83.97238,3
2006,28.27655,84.3542,1
2006,28.28002,68.44041,1
2006,28.31216,65.66389,2
2006,28.34007,68.189,1
2006,28.45842,68.13322,2
2006,28.49073,65.09578,1
2006,28.50914,34.51363,1
2006,28.51813,81.11616,1
2006,28.54439,68.218,1
2006,28.5499,81.63992,1
2006,28.58584,77.15334,2
2006,28.63331,69.19037,5
2006,28.66007,82.24035,1
2006,28.70324,80.58562,1
2006,28.72806,80.91583,2
2006,28.80553,69.0373,1
2006,28.81849,66.20262,1
2006,28.83136,80.89865,1
2006,28.8493,66.6177,1
2006,28.90778,81.80583,1
2006,28.94617,63.1498,1
2006,28.95,69.4,1
2006,29.03386,69.13922,1
2006,29.03441,69.15866,11
2006,29.10636,67.68718,3
2006,29.14387,69.09978,3
2006,29.42285,67.60394,1
2006,29.48358,60.8627,1
2006,29.54828,67.87919,1
2006,29.55196,66.01933,1
2006,29.55231,66.02051,2
2006,29.56767,67.72842,1
2006,29.61045,66.92216,1
2006,29.67386,68.7155,5
2006,29.85512,67.44399,1
2006,29.85538,67.33993,5
2006,29.90189,67.13076,1
2006,29.99841,66.90197,1
2006,30.08463,31.33431,1
2006,30.1,67.93333,1
2006,30.15566,68.57595,1
2006,30.20082,66.99435,22
2006,30.27551,57.07933,1
2006,30.28061,62.0546,1
2006,30.346,48.28714,1
2006,30.43977,47.57492,1
2006,30.5,47.81667,1
2006,30.51005,47.7781,30
2006,30.5502,63.78606,1
2006,30.55306,70.47611,1
2006,30.62201,64.03114,1
2006,30.65958,73.10946,1
2006,30.66667,34.83333,3
2006,30.83007,66.58747,1
2006,30.92303,73.68165,1
2006,30.95391,47.51038,1
2006,30.95993,61.86895,1
2006,30.97418,66.43703,1
2006,30.99607,65.47574,1
2006,31.00274,66.40562,2
2006,31.01583,47.43056,1
2006,31.02615,62.45042,1
2006,31.04437,46.26145,1
2006,31.13251,64.2129,1
2006,31.19211,34.44947,4
2006,31.19806,29.91917,3
2006,31.24639,34.27611,2
2006,31.28551,48.64342,3
2006,31.29796,48.56809,1
2006,31.30021,45.27709,2
2006,31.34696,34.30143,2
2006,31.34802,34.49109,5
2006,31.35658,34.32656,1
2006,31.35702,34.32695,3
2006,31.36365,63.9586,4
2006,31.36365,63.95861,3
2006,31.3749,34.39802,1
2006,31.38932,64.31517,2
2006,31.39386,34.36027,1
2006,31.41739,34.35097,1
2006,31.44533,34.66842,1
2006,31.45008,34.39288,1
2006,31.47261,34.4977,1
2006,31.48405,34.53344,3
2006,31.48442,65.62645,1
2006,31.49971,65.00085,1
2006,31.50241,34.45974,16
2006,31.50547,74.34288,4
2006,31.50672,34.63279,1
2006,31.50866,65.43445,1
2006,31.5102,34.61757,2
2006,31.5282,34.59638,23
2006,31.54056,65.33361,1
2006,31.55004,65.45263,1
2006,31.55861,65.32917,1
2006,31.56049,34.56493,1
2006,31.58307,64.36918,1
2006,31.58323,65.81033,1
2006,31.5865,65.66031,1
2006,31.60063,64.36965,7
2006,31.60711,65.63467,1
2006,31.6119,65.6811,1
2006,31.61767,65.67594,11
2006,31.61931,65.05016,1
2006,31.62283,62.86937,1
2006,31.63108,65.74223,9
2006,31.63434,64.56098,1
2006,31.63435,34.55518,2
2006,31.64,64.24,2
2006,31.64028,65.3975,1
2006,31.67015,34.57515,14
2006,31.70503,65.68963,1
2006,31.71361,61.6225,1
2006,31.75029,67.31657,1
2006,31.78801,65.57078,2
2006,31.82587,64.57643,6
2006,31.83433,70.90905,3
2006,31.84822,47.1452,2
2006,31.8625,35.46188,1
2006,31.8882,47.18981,1
2006,31.90714,35.19822,1
2006,31.95,35.93333,1
2006,31.97264,67.37566,1
2006,31.98958,44.92378,2
2006,32.0006,44.33082,4
2006,32.03292,44.39965,3
2006,32.05044,65.25209,1
2006,32.06787,69.35177,1
2006,32.07333,64.83389,1
2006,32.07408,66.14153,2
2006,32.08297,34.81189,2
2006,32.08916,34.88382,1
2006,32.1002,66.90102,3
2006,32.11018,35.10599,1
2006,32.11982,35.2498,1
2006,32.15904,63.44201,1
2006,32.165,63.4253,2
2006,32.17337,66.52068,1
2006,32.18883,34.97176,1
2006,32.19188,67.18945,2
2006,32.19747,68.34734,1
2006,32.20944,70.38354,1
2006,32.21355,35.15738,1
2006,32.21418,70.38468,2
2006,32.22227,35.25351,2
2006,32.24174,62.94865,1
2006,32.2597,67.09412,1
2006,32.26454,68.52472,1
2006,32.27012,65.04968,3
2006,32.3061,69.57996,7
2006,32.30761,67.20901,1
2006,32.3232,64.81108,3
2006,32.33334,70.12828,1
2006,32.37001,62.12846,4
2006,32.3748,62.11572,1
2006,32.38204,48.40524,1
2006,32.4057,64.47038,1
2006,32.41356,66.35008,1
2006,32.44704,62.13991,1
2006,32.46062,35.30125,1
2006,32.46924,44.41664,8
2006,32.47556,69.63606,1
2006,32.48899,3.67876,1
2006,32.49609,35.49835,1
2006,32.50281,67.41545,1
2006,32.50368,67.47549,2
2006,32.50766,68.71496,1
2006,32.50972,68.85583,2
2006,32.5112,62.16344,2
2006,32.51577,69.28947,1
2006,32.51924,67.41648,1
2006,32.53329,45.82945,2
2006,32.60029,67.49532,1
2006,32.60308,64.89085,1
2006,32.60439,44.00714,8
2006,32.60988,35.2901,1
2006,32.62515,62.47977,1
2006,32.65576,44.55667,1
2006,32.6664,65.90363,4
2006,32.67785,61.98139,1
2006,32.68455,70.00986,1
2006,32.71578,69.28179,2
2006,32.71641,67.44445,1
2006,32.7266,74.85703,1
2006,32.74762,67.60778,1
2006,32.77734,44.28935,2
2006,32.79392,34.99062,2
2006,32.81614,67.763,2
2006,32.86151,69.12683,1
2006,32.86701,44.22046,1
2006,32.87408,70.02709,2
2006,32.87649,70.11484,1
2006,32.88345,35.30782,1
2006,32.88716,44.34164,5
2006,32.90109,69.7494,2
2006,32.90416,69.71313,1
2006,32.92522,75.13526,3
2006,32.92527,44.77096,2
2006,32.92668,69.92009,1
2006,32.92788,69.37862,2
2006,32.93095,35.08319,1
2006,32.94756,70.01267,1
2006,32.96539,68.55997,1
2006,32.97387,70.19841,1
2006,32.97543,70.27374,2
2006,32.98293,44.3616,2
2006,32.98735,70.60252,4
2006,32.99865,35.41619,1
2006,33.00422,35.09257,1
2006,33.00652,70.06825,4
2006,33.0148,35.2758,1
2006,33.04978,68.65515,2
2006,33.05799,44.35484,11
2006,33.0695,68.32694,1
2006,33.0695,70.04675,1
2006,33.07496,35.14669,1
2006,33.07611,65.08972,3
2006,33.07835,44.25472,2
2006,33.08601,35.11534,1
2006,33.09389,75.57611,1
2006,33.09934,35.31986,1
2006,33.10053,44.58449,6
2006,33.10063,35.32332,1
2006,33.10973,68.30266,1
2006,33.13396,70.03498,1
2006,33.14575,75.54805,5
2006,33.16356,43.86311,1
2006,33.17296,70.40183,1
2006,33.1782,68.75253,1
2006,33.18993,69.2591,1
2006,33.19367,68.102,1
2006,33.21665,4.82918,1
2006,33.22322,44.54076,1
2006,33.23583,69.92472,1
2006,33.24129,69.83013,1
2006,33.24272,75.23916,1
2006,33.25,67.58333,1
2006,33.26669,62.35652,1
2006,33.27167,69.77861,2
2006,33.28551,35.5001,1
2006,33.28734,44.31949,2
2006,33.3,44.4,3
2006,33.30357,44.37177,443
2006,33.31065,44.03821,1
2006,33.31417,69.90139,1
2006,33.31517,69.69891,1
2006,33.3186,44.514,1
2006,33.31957,68.4513,5
2006,33.33526,69.92847,4
2006,33.34006,69.92353,1
2006,33.34916,43.7842,14
2006,33.35054,69.86983,1
2006,33.35851,69.85974,4
2006,33.36375,6.86058,1
2006,33.36454,68.40421,1
2006,33.37576,44.70287,2
2006,33.3789,69.41287,1
2006,33.3936,44.50654,1
2006,33.4017,44.35766,1
2006,33.42095,43.29566,12
2006,33.44694,70.22833,1
2006,33.44984,70.06404,1
2006,33.45853,69.99509,1
2006,33.46167,70.21722,1
2006,33.48627,44.24409,1
2006,33.50996,70.12176,1
2006,33.51524,36.29208,1
2006,33.52889,71.05612,1
2006,33.53073,44.27429,2
2006,33.54262,68.41533,3
2006,33.54831,44.41573,1
2006,33.54882,68.41524,1
2006,33.55,68.41667,2
2006,33.56656,69.87835,2
2006,33.5675,64.42444,1
2006,33.57181,44.53607,3
2006,33.59863,69.229,5
2006,33.60043,35.39873,1
2006,33.60118,7.02876,1
2006,33.61796,44.57243,1
2006,33.6425,44.41912,1
2006,33.64542,75.01968,2
2006,33.69395,45.06742,2
2006,33.70514,69.39131,1
2006,33.70616,69.38314,1
2006,33.7062,69.38311,1
2006,33.70794,75.03549,1
2006,33.71699,44.67952,4
2006,33.73222,75.15791,1
2006,33.74324,44.62382,51
2006,33.74573,35.45832,1
2006,33.767,74.0924,2
2006,33.77194,44.62167,1
2006,33.77817,76.57617,4
2006,33.78425,44.50972,1
2006,33.83391,74.93111,1
2006,33.83563,44.24741,2
2006,33.84862,44.52212,7
2006,33.8648,42.53638,1
2006,33.87152,74.89955,1
2006,33.88852,35.50351,3
2006,33.8925,44.70972,1
2006,33.90858,71.07006,1
2006,33.9299,2.14372,1
2006,33.93101,75.11421,1
2006,33.95317,44.92191,9
2006,33.96356,71.51063,1
2006,34.006,71.53743,5
2006,34.01047,44.14824,6
2006,34.01608,75.31498,1
2006,34.02836,44.75482,1
2006,34.04217,74.78673,1
2006,34.05711,44.21829,1
2006,34.06085,74.42472,1
2006,34.08374,74.7899,32
2006,34.0928,74.58959,1
2006,34.09787,-118.40738,2
2006,34.11059,74.86826,1
2006,34.11968,68.58802,1
2006,34.12573,45.00334,1
2006,34.15684,3.49838,1
2006,34.15705,70.60799,1
2006,34.1617,74.8317,1
2006,34.18722,70.82306,1
2006,34.19979,70.16804,1
2006,34.20514,74.34949,1
2006,34.2056,74.35387,6
2006,34.20611,44.00667,2
2006,34.20842,43.89071,10
2006,34.22921,70.19321,3
2006,34.23996,44.51016,1
2006,34.26322,74.9048,1
2006,34.26739,47.11118,1
2006,34.27103,45.16357,1
2006,34.28889,74.46371,5
2006,34.34194,62.20306,1
2006,34.34672,62.19732,9
2006,34.34734,45.38327,1
2006,34.35135,68.23853,1
2006,34.36106,68.84069,1
2006,34.36889,69.21833,1
2006,34.4115,74.30229,1
2006,34.41712,70.44959,5
2006,34.41954,74.63827,1
2006,34.43259,41.22972,1
2006,34.45889,43.791,3
2006,34.51111,70.18722,1
2006,34.5169,69.14701,23
2006,34.53375,43.48374,2
2006,34.5935,-0.54656,1
2006,34.59987,3.19553,1
2006,34.62152,43.66838,9
2006,34.64917,0.01583,1
2006,34.66222,70.20139,1
2006,34.67487,70.21344,1
2006,34.73352,71.51966,3
2006,34.78337,70.10796,1
2006,34.78341,70.108,1
2006,34.78491,-0.57318,1
2006,34.79066,44.66215,2
2006,34.8027,-0.32792,1
2006,34.80799,71.34659,1
2006,34.83016,71.84278,1
2006,34.84657,71.09727,1
2006,34.84659,71.09732,2
2006,34.8569,71.42994,2
2006,34.87504,70.96927,1
2006,34.87566,71.15201,2
2006,34.88056,70.89611,2
2006,34.88135,44.62513,2
2006,34.91444,65.28833,1
2006,34.92485,43.49141,9
2006,34.94417,69.27333,1
2006,34.94944,6.00361,1
2006,34.97524,69.57328,1
2006,34.97583,4.1225,1
2006,35.0,69.23333,1
2006,35.00219,71.40619,1
2006,35.06487,43.55161,1
2006,35.08111,69.19417,1
2006,35.11806,71.22806,1
2006,35.13333,69.30139,1
2006,35.13917,6.30861,1
2006,35.16713,63.76954,1
2006,35.22119,71.04978,1
2006,35.25124,44.31808,1
2006,35.26427,68.62011,1
2006,35.30305,44.32993,1
2006,35.31495,44.51016,1
2006,35.32482,43.76681,1
2006,35.32612,43.78081,6
2006,35.45211,44.37546,51
2006,35.46979,44.39634,1
2006,35.49944,43.23489,1
2006,35.56943,42.72303,1
2006,35.6325,44.00389,1
2006,35.64035,63.30929,2
2006,35.69485,-0.63312,1
2006,35.8043,69.28775,1
2006,35.86634,7.88363,1
2006,35.87083,2.02889,1
2006,35.90491,-79.04691,1
2006,35.91671,52.92862,1
2006,35.92472,6.69528,1
2006,35.95,68.7,2
2006,35.98203,2.96171,1
2006,36.00383,1.62169,1
2006,36.11863,2.0106,1
2006,36.12744,1.8684,1
2006,36.21,1.67028,1
2006,36.26082,2.20962,1
2006,36.33564,4.26218,1
2006,36.35,2.26667,1
2006,36.35223,2.39087,1
2006,36.35415,43.14357,25
2006,36.37403,42.45144,1
2006,36.37489,3.902,1
2006,36.37682,42.44888,7
2006,36.40222,1.435,1
2006,36.43339,3.42722,1
2006,36.4873,2.84089,1
2006,36.4937,3.78479,1
2006,36.50083,3.77389,1
2006,36.501,3.77396,1
2006,36.52895,2.97581,1
2006,36.53254,3.68442,2
2006,36.53556,3.69083,1
2006,36.53558,3.83418,2
2006,36.54222,3.95306,1
2006,36.54305,3.66803,1
2006,36.55669,1.80137,1
2006,36.56222,3.59444,4
2006,36.56743,1.90493,1
2006,36.569,6.57819,1
2006,36.5696,5.98622,1
2006,36.57533,3.90849,2
2006,36.57608,3.41388,1
2006,36.60407,3.69902,1
2006,36.62148,4.08085,1
2006,36.62689,3.4795,1
2006,36.629,3.61292,1
2006,36.63333,3.7,2
2006,36.63507,3.59013,3
2006,36.63709,3.69474,4
2006,36.64111,3.88833,1
2006,36.66,2.92,1
2006,36.66801,3.40978,1
2006,36.67393,6.83876,1
2006,36.68333,4.66667,1
2006,36.68333,6.56667,2
2006,36.68348,4.85191,1
2006,36.68697,3.68629,1
2006,36.68744,43.34787,1
2006,36.70056,3.5525,1
2006,36.70387,3.41465,1
2006,36.70461,5.8946,1
2006,36.70578,68.87706,1
2006,36.7092,3.89534,1
2006,36.70993,67.1157,3
2006,36.71499,3.05002,1
2006,36.71617,3.15036,1
2006,36.71637,4.04983,1
2006,36.72139,3.40278,1
2006,36.72398,3.67085,1
2006,36.72442,3.61925,1
2006,36.7247,3.6153,1
2006,36.72778,3.55389,3
2006,36.72944,3.49869,2
2006,36.73333,3.96667,1
2006,36.73346,69.53776,1
2006,36.73446,68.86596,1
2006,36.73471,68.86882,1
2006,36.73914,3.90168,1
2006,36.74,3.34,1
2006,36.74239,3.72282,4
2006,36.74389,3.90028,1
2006,36.74389,6.40028,1
2006,36.74563,3.83024,1
2006,36.74871,3.19248,1
2006,36.75451,2.88999,1
2006,36.75506,66.89754,1
2006,36.75618,66.72422,1
2006,36.76029,3.4724,3
2006,36.76911,3.25898,2
2006,36.77379,3.37028,1
2006,36.78007,6.08929,1
2006,36.7805,68.86714,1
2006,36.78382,6.01736,1
2006,36.78917,3.67722,1
2006,36.79405,5.78422,1
2006,36.79637,4.5836,1
2006,36.79778,3.7175,2
2006,36.79886,3.7778,1
2006,36.8,4.26667,1
2006,36.80246,34.62976,2
2006,36.8035,3.56382,2
2006,36.80526,3.81321,1
2006,36.81224,6.23876,2
2006,36.81694,3.85722,1
2006,36.82411,6.50451,1
2006,36.82568,5.96277,1
2006,36.83193,6.27156,1
2006,36.83611,6.13778,1
2006,36.83861,3.73278,1
2006,36.85465,28.27181,1
2006,36.85501,28.27035,1
2006,36.85583,3.85667,2
2006,36.85946,6.1417,1
2006,36.86318,3.88035,1
2006,36.86471,4.05858,1
2006,36.87194,4.01373,1
2006,36.87831,4.00762,1
2006,36.8825,4.66194,3
2006,36.88679,30.70622,2
2006,36.89124,4.12322,3
2006,36.90131,3.80608,2
2006,36.90278,7.7552,1
2006,36.9065,7.19804,1
2006,36.91955,3.8914,1
2006,36.92214,6.3133,1
2006,36.92874,70.34325,1
2006,36.99154,35.33105,2
2006,37.06962,69.42095,1
2006,37.18177,68.9113,1
2006,37.52265,42.45264,1
2006,37.56654,126.97797,1
2006,37.57704,43.7361,1
2006,37.88462,40.59416,1
2006,37.88974,41.12924,1
2006,37.92222,40.18438,2
2006,37.99749,23.76273,21
2006,38.01657,43.05913,1
2006,38.37489,40.07539,1
2006,38.39565,27.13564,2
2006,38.48914,43.40889,1
2006,38.50414,43.37526,1
2006,38.67056,40.57028,1
2006,38.75038,40.55419,1
2006,38.88845,40.50114,1
2006,39.16536,39.38346,1
2006,39.39139,44.3875,1
2006,39.66653,43.28318,2
2006,39.77085,39.05009,2
2006,39.93077,32.76754,1
2006,40.18953,39.12732,1
2006,40.4656,-3.69626,1
2006,40.62066,22.952,2
2006,40.92734,72.98643,1
2006,40.98617,37.87972,1
2006,41.10618,28.68986,11
2006,41.5235,-90.57755,1
2006,41.59137,9.27831,1
2006,41.71681,8.91762,1
2006,41.7726,8.77176,2
2006,41.91889,8.73755,2
2006,41.93061,8.74291,3
2006,42.00027,21.43254,1
2006,42.00851,20.9743,2
2006,42.01685,9.40398,2
2006,42.04701,8.80764,1
2006,42.06658,8.7384,2
2006,42.11383,8.70155,2
2006,42.12124,8.75889,2
2006,42.19822,21.20476,1
2006,42.22416,43.9632,1
2006,42.33107,9.49036,1
2006,42.43527,9.47052,1
2006,42.46043,21.46932,1
2006,42.46751,9.47327,1
2006,42.6154,41.71987,1
2006,42.63024,47.05471,1
2006,42.65798,9.41422,1
2006,42.67242,21.16454,1
2006,42.69975,47.08494,1
2006,42.7,9.44732,5
2006,42.79877,47.10872,1
2006,42.80492,-1.68552,1
2006,42.81693,-2.81238,1
2006,42.84913,20.9909,1
2006,42.84964,-2.69236,3
2006,42.87002,74.58788,2
2006,42.88089,20.86721,1
2006,42.8851,-0.06253,1
2006,42.93286,46.25657,1
2006,42.94998,44.81624,1
2006,42.95598,-2.82035,1
2006,42.96272,46.05014,1
2006,42.96691,47.45764,1
2006,42.98542,47.45067,1
2006,43.0033,-2.61258,2
2006,43.00618,46.44212,2
2006,43.04746,44.66581,1
2006,43.06647,-2.48915,1
2006,43.10478,20.80404,1
2006,43.12425,46.15857,2
2006,43.13708,45.0893,1
2006,43.14119,46.08111,1
2006,43.14287,20.51713,1
2006,43.18134,44.99355,1
2006,43.19281,-3.19688,1
2006,43.2003,46.0924,4
2006,43.22408,-2.71894,1
2006,43.2267,44.77057,8
2006,43.22836,44.8335,2
2006,43.24718,-2.89014,1
2006,43.25843,-2.92182,2
2006,43.26598,-2.49719,1
2006,43.26652,-1.5039,1
2006,43.29162,-1.9779,1
2006,43.29648,5.36978,1
2006,43.29722,-2.99167,1
2006,43.29901,44.89887,1
2006,43.30707,-2.38508,1
2006,43.30911,40.25382,1
2006,43.31131,-1.9009,1
2006,43.32023,45.65449,4
2006,43.33656,45.17381,1
2006,43.35441,-2.84671,2
2006,43.35921,132.18271,1
2006,43.45045,44.90203,1
2006,43.47688,42.08718,1
2006,43.49295,-1.47484,3
2006,43.5098,46.3339,1
2006,43.52974,5.44743,1
2006,43.5391,-80.24762,2
2006,43.62945,46.20244,2
2006,43.91667,42.71667,1
2006,44.74511,17.14729,1
2006,44.80242,20.4656,1
2006,45.07273,7.67954,3
2006,45.43434,12.33879,1
2006,47.61079,-122.33131,1
2006,48.17399,-122.52821,1
2006,48.20817,16.37382,1
2006,48.7,44.51667,1
2006,48.85664,2.34233,1
2006,49.76045,45.0,1
2006,50.94066,6.95991,2
2006,51.31271,9.47975,1
2006,51.50439,-0.14004,3
2006,51.51359,7.4653,1
2006,52.0515,113.47119,1
2006,53.9,27.56667,1
2006,54.60771,-5.95621,1
2006,54.70672,-7.59287,1
2006,54.8306,-8.36923,1
2006,55.01156,-7.31204,1
2006,55.75138,37.57991,3
2006,56.0,93.0,1
2006,59.19595,17.62795,1
2006,59.85337,30.34843,4
2006,59.91387,10.75224,1
2006,61.25,73.41667,1
2006,64.55,40.53333,1
2007,-34.11532,18.86058,1
2007,-33.36624,-70.5053,8
2007,-25.7996,27.93499,1
2007,-19.04794,-65.25954,1
2007,-17.82517,31.03351,1
2007,-17.78322,-63.18204,1
2007,-16.5639,36.60939,1
2007,-16.50932,-68.10434,1
2007,-16.47753,-71.81971,1
2007,-15.4933,-70.13557,1
2007,-12.51825,29.29954,1
2007,-12.10401,-74.75253,1
2007,-11.96737,-76.97846,1
2007,-8.8575,126.36472,1
2007,-7.02587,107.5169,1
2007,-6.12715,143.42031,1
2007,-5.85087,13.46274,1
2007,-3.6679,29.33284,1
2007,-3.26278,29.90316,1
2007,-3.01166,28.29944,1
2007,-2.8889,29.12002,1
2007,-2.5123,28.84803,1
2007,-1.63396,29.08817,1
2007,-1.39315,120.75475,1
2007,-1.28518,36.82111,3
2007,-1.25568,28.74881,1
2007,-1.18557,29.44695,1
2007,-1.17592,36.75507,1
2007,-0.79177,29.04599,2
2007,-0.72454,37.1608,1
2007,-0.35785,42.54665,4
2007,-0.06499,29.51077,1
2007,0.49594,29.45961,1
2007,0.49765,-76.49768,1
2007,0.86989,-73.84191,1
2007,1.01689,35.00142,1
2007,1.0387,34.98015,1
2007,1.11974,34.95891,1
2007,1.19974,-75.66284,1
2007,1.33437,-74.84139,1
2007,1.68448,-75.28659,1
2007,1.78964,44.52998,1
2007,1.90967,-75.15906,1
2007,2.00048,-76.77854,1
2007,2.00681,45.277,2
2007,2.05982,45.32612,125
2007,2.07211,45.22142,1
2007,2.08399,45.39518,1
2007,2.14383,45.11806,1
2007,2.1929,45.11968,1
2007,2.29974,45.79856,1
2007,2.44186,-76.60617,1
2007,2.53593,-75.52767,1
2007,2.93835,-73.20833,1
2007,2.95485,-76.26825,1
2007,2.96679,32.08374,1
2007,3.11564,43.64658,3
2007,3.32222,-76.23472,1
2007,3.38158,45.59839,1
2007,3.42934,-76.51604,1
2007,3.46783,42.23102,1
2007,3.59052,-75.38291,1
2007,3.88182,-77.07042,4
2007,3.88611,45.56806,1
2007,3.93485,-74.60141,1
2007,3.93872,41.84471,1
2007,4.09252,-75.15454,1
2007,4.13496,32.29349,1
2007,4.17455,73.51002,1
2007,4.18009,42.05661,1
2007,4.30435,45.32392,1
2007,4.33519,5.98602,1
2007,4.41024,32.57404,2
2007,4.43405,7.17049,1
2007,4.43544,6.32127,1
2007,4.57306,6.74556,1
2007,4.57387,7.5789,1
2007,4.59345,7.96096,1
2007,4.61354,8.59408,1
2007,4.66713,-74.10606,2
2007,4.73538,45.2024,4
2007,4.74266,45.20383,1
2007,4.78342,6.31318,1
2007,4.78482,7.00545,1
2007,4.78718,7.12049,1
2007,4.81515,7.04984,1
2007,4.81555,7.04984,9
2007,4.825,5.96667,1
2007,4.8274,7.01594,2
2007,4.83716,7.07033,1
2007,4.85808,6.92091,5
2007,4.86778,5.89871,2
2007,4.8678,5.89871,3
2007,4.88111,6.85944,1
2007,4.92315,6.26093,1
2007,4.95,8.325,1
2007,5.15866,5.92234,1
2007,5.16667,6.2,1
2007,5.42658,7.20402,1
2007,5.48508,7.035,1
2007,5.52372,5.75317,1
2007,5.53246,5.89871,4
2007,5.61387,5.18708,1
2007,5.77306,101.0725,2
2007,5.92806,101.88389,2
2007,5.92955,101.83216,2
2007,5.99304,101.96618,1
2007,6.01392,101.95023,1
2007,6.0231,101.96387,10
2007,6.05046,121.01224,2
2007,6.05519,121.00132,3
2007,6.07241,121.78421,1
2007,6.09577,101.1574,1
2007,6.11622,125.1694,1
2007,6.13066,81.1262,1
2007,6.15458,101.89078,1
2007,6.16671,101.91199,6
2007,6.16886,101.18113,1
2007,6.17578,101.50208,2
2007,6.18983,80.09539,1
2007,6.19009,101.79796,36
2007,6.20202,101.25238,36
2007,6.21226,31.56078,1
2007,6.24279,101.29773,6
2007,6.2428,101.29773,2
2007,6.25415,101.7296,15
2007,6.25777,101.99632,1
2007,6.26757,101.26468,1
2007,6.27069,101.68975,1
2007,6.28115,101.73309,1
2007,6.28501,102.00184,1
2007,6.29639,101.72833,1
2007,6.30928,101.71788,1
2007,6.37389,124.74646,1
2007,6.38189,101.50623,6
2007,6.38458,101.50208,4
2007,6.38529,101.70114,1
2007,6.39063,101.22971,4
2007,6.39835,81.48177,1
2007,6.41871,121.97244,1
2007,6.42447,101.81506,1
2007,6.42546,101.82531,9
2007,6.42724,101.83365,1
2007,6.4439,3.47508,1
2007,6.46052,-71.72989,1
2007,6.47741,101.13529,5
2007,6.4784,101.4256,1
2007,6.48635,-75.39466,1
2007,6.48667,101.15041,1
2007,6.49182,101.3885,8
2007,6.49722,122.10514,1
2007,6.49766,124.84966,2
2007,6.50383,100.84515,1
2007,6.51795,101.65346,4
2007,6.5411,101.28041,3
2007,6.54114,101.2804,1
2007,6.54115,101.2804,11
2007,6.5455,101.2799,13
2007,6.60218,101.6044,1
2007,6.6115,79.96543,1
2007,6.62689,101.44527,1
2007,6.64371,-73.65362,1
2007,6.64478,100.40033,1
2007,6.64531,122.10184,1
2007,6.64793,101.66698,2
2007,6.68132,101.58734,1
2007,6.68648,101.13909,5
2007,6.68916,124.67572,1
2007,6.69734,125.08278,3
2007,6.7007,101.43392,21
2007,6.71687,101.41688,1
2007,6.71796,101.59303,11
2007,6.73564,101.05442,1
2007,6.7724,101.29206,3
2007,6.79088,125.20867,2
2007,6.80428,101.50208,1
2007,6.81179,101.18439,1
2007,6.81954,79.88008,1
2007,6.82806,101.3885,3
2007,6.83486,101.18141,1
2007,6.86281,124.44365,1
2007,6.86639,101.36917,1
2007,6.86786,101.25207,2
2007,6.86948,101.25048,9
2007,6.87466,79.86048,2
2007,6.8761,101.25905,2
2007,6.88999,100.52961,2
2007,6.89068,79.89719,2
2007,6.89593,4.89356,1
2007,6.92909,122.07885,2
2007,6.94184,79.86169,8
2007,6.94524,79.88148,1
2007,6.95862,100.53524,1
2007,7.01106,-75.69165,1
2007,7.01398,100.47124,8
2007,7.0209,125.09147,4
2007,7.03333,124.7,1
2007,7.05401,124.672,1
2007,7.07386,-75.14591,1
2007,7.08419,124.90005,1
2007,7.10688,124.82981,1
2007,7.11531,81.85249,1
2007,7.14408,80.0956,1
2007,7.16085,-5.23499,1
2007,7.19168,124.53348,1
2007,7.20959,124.24197,6
2007,7.29384,80.64067,1
2007,7.30176,81.67473,3
2007,7.3097,125.68427,1
2007,7.39639,3.91667,1
2007,7.41438,81.83063,1
2007,7.42427,80.61668,1
2007,7.44053,-77.11891,1
2007,7.47823,15.60219,1
2007,7.52799,81.3524,1
2007,7.52937,81.79461,1
2007,7.61227,81.70897,1
2007,7.64945,122.82706,1
2007,7.68901,81.72947,1
2007,7.70645,125.99144,1
2007,7.71667,81.70019,1
2007,7.72826,80.16738,1
2007,7.731,81.67473,1
2007,7.73311,81.68882,9
2007,7.75841,80.18751,1
2007,7.75933,80.57117,1
2007,7.76917,81.64306,1
2007,7.77541,81.60625,1
2007,7.78586,81.5898,1
2007,7.82153,81.55011,1
2007,7.91571,81.52129,2
2007,7.92133,81.52467,1
2007,7.92615,126.07778,1
2007,7.93952,81.00096,3
2007,7.9459,81.52227,1
2007,8.15455,125.1333,1
2007,8.21121,-73.23843,1
2007,8.21776,126.31487,1
2007,8.22347,43.56588,1
2007,8.22953,79.75961,1
2007,8.24261,47.22428,1
2007,8.34111,124.25917,1
2007,8.34519,80.38813,1
2007,8.35126,81.00699,1
2007,8.39131,80.44795,1
2007,8.49155,80.20103,1
2007,8.49662,4.54811,1
2007,8.52988,28.10021,1
2007,8.57451,-73.09339,1
2007,8.57783,81.21872,3
2007,8.59878,81.18715,1
2007,8.60292,81.00828,1
2007,8.63305,81.2174,1
2007,8.64108,80.6696,1
2007,8.6656,80.29624,3
2007,8.70062,80.39092,1
2007,8.72083,80.56417,1
2007,8.73816,80.47715,1
2007,8.73969,80.4841,1
2007,8.75782,80.48791,13
2007,8.77438,80.4834,1
2007,8.77639,80.45278,1
2007,8.7856,80.41596,2
2007,8.8341,80.76074,1
2007,8.86656,80.5093,1
2007,8.8855,80.27673,1
2007,8.96404,80.78794,3
2007,8.98012,79.91246,3
2007,9.02534,79.86723,1
2007,9.08616,79.81899,1
2007,9.35084,42.80163,1
2007,9.61977,80.26785,1
2007,9.66123,80.02558,2
2007,9.6664,80.02048,18
2007,9.67201,80.2809,1
2007,9.70056,80.30917,1
2007,9.72972,80.02306,1
2007,9.73721,118.7397,1
2007,9.74153,80.03393,1
2007,9.75,80.21667,1
2007,9.75395,79.96152,1
2007,9.78472,125.48969,1
2007,9.82486,80.23635,2
2007,9.93892,49.77768,1
2007,10.11764,-68.04775,1
2007,10.13326,27.56688,1
2007,10.3125,123.0252,1
2007,10.33821,123.9424,1
2007,10.35058,28.23646,1
2007,10.48283,-66.96213,1
2007,10.51744,122.80356,1
2007,10.69321,122.47428,1
2007,10.95004,39.5,1
2007,11.12712,78.65689,1
2007,11.2705,25.15148,1
2007,11.2748,49.17966,2
2007,11.28548,51.07731,1
2007,11.79557,41.01453,1
2007,11.8227,102.47819,1
2007,11.97433,8.50026,3
2007,12.05719,24.8787,1
2007,12.06732,124.5959,1
2007,12.12669,15.0284,1
2007,12.3,124.83333,1
2007,12.4833,123.7622,1
2007,12.51144,123.39765,1
2007,13.05702,5.24574,1
2007,13.08372,30.35021,1
2007,13.46444,22.1977,3
2007,13.51667,2.11667,1
2007,13.6242,25.34498,2
2007,13.65314,21.2001,1
2007,13.66306,123.31806,1
2007,13.7279,100.52412,3
2007,13.76082,121.22791,1
2007,13.79928,22.53332,1
2007,14.5064,22.04557,1
2007,14.54943,121.03359,1
2007,14.59605,120.97867,1
2007,14.59935,120.98477,1
2007,14.67428,121.0575,1
2007,14.91917,37.83556,1
2007,15.43404,45.48023,1
2007,15.44989,45.01869,1
2007,15.45639,45.32487,2
2007,15.50065,32.5599,1
2007,15.50075,32.56008,1
2007,15.5104,43.27163,1
2007,15.5936,32.55087,1
2007,15.59927,32.51303,1
2007,15.7662,24.90422,1
2007,15.76728,24.90228,2
2007,15.83273,-96.66704,1
2007,16.13138,43.94296,1
2007,16.38194,-1.26972,1
2007,16.44057,102.82926,1
2007,16.68778,98.50833,2
2007,16.83017,75.71003,1
2007,16.86344,-99.8816,1
2007,16.90136,-99.83459,1
2007,16.93119,43.78258,1
2007,16.97389,7.99083,2
2007,16.97414,7.98668,1
2007,16.97417,7.98654,2
2007,16.98333,122.01667,2
2007,17.1944,21.58586,1
2007,17.37681,78.48781,2
2007,17.39974,120.79987,1
2007,17.40648,78.51401,1
2007,17.615,120.75583,1
2007,18.02143,-76.79828,1
2007,18.52772,-72.33284,1
2007,18.74195,80.8791,1
2007,18.78775,98.99313,1
2007,18.9,81.35,2
2007,18.982,30.44908,1
2007,19.0625,8.42,1
2007,19.08611,80.71556,1
2007,19.10762,1.74838,1
2007,19.20368,81.93439,2
2007,19.24131,81.52673,1
2007,19.45,-72.68333,1
2007,19.93679,2.91667,2
2007,20.60891,-100.07826,1
2007,20.65035,85.59722,1
2007,21.24551,81.64175,1
2007,21.27866,81.86614,2
2007,21.45868,82.01558,1
2007,21.8211,92.4357,1
2007,21.8818,-102.29127,1
2007,22.01209,87.97368,1
2007,22.28161,88.36339,1
2007,22.30881,86.19933,1
2007,22.64198,90.19808,1
2007,22.9061,86.38683,1
2007,23.13194,-82.36417,1
2007,23.26681,84.9938,1
2007,23.33208,86.36521,1
2007,23.47458,89.1711,1
2007,23.61018,85.27994,2
2007,23.78333,85.95,1
2007,23.79128,90.4182,2
2007,23.80082,85.8238,1
2007,23.8052,88.67236,1
2007,24.25128,94.3013,3
2007,24.28906,9.46524,1
2007,24.31164,96.72614,1
2007,24.37103,88.62534,2
2007,24.4602,39.59903,1
2007,24.63036,93.75983,1
2007,24.66372,93.90627,1
2007,24.79545,84.99943,1
2007,24.79835,93.94043,4
2007,24.88504,67.26506,1
2007,24.89112,67.14331,7
2007,25.04438,88.75655,1
2007,25.04454,66.87467,6
2007,25.06859,84.01674,1
2007,25.0908,85.31118,2
2007,25.1826,86.13383,1
2007,25.25909,94.13033,1
2007,25.2919,60.643,1
2007,25.3059,93.12836,1
2007,25.31764,82.97391,1
2007,25.3658,92.99316,2
2007,25.37476,86.47352,1
2007,25.4337,92.95263,1
2007,25.51187,92.73828,1
2007,25.67321,-100.3092,2
2007,25.68414,-100.251,1
2007,25.69464,62.49275,1
2007,25.7791,93.33074,1
2007,25.96073,93.49747,1
2007,26.02122,93.78005,1
2007,26.11563,62.03764,1
2007,26.14979,91.76393,20
2007,26.18608,93.58127,1
2007,26.1982,92.89114,2
2007,26.20902,92.93844,1
2007,26.25218,91.52488,1
2007,26.25406,91.54592,1
2007,26.26335,91.69818,1
2007,26.27527,92.95338,1
2007,26.32204,94.51346,1
2007,26.3351,17.22833,1
2007,26.34424,91.19759,1
2007,26.34725,92.68385,1
2007,26.43736,91.62017,1
2007,26.4499,74.63992,1
2007,26.45341,87.27848,3
2007,26.45444,87.14278,1
2007,26.4698,87.15987,1
2007,26.47371,89.72508,1
2007,26.4798,90.55965,1
2007,26.48602,90.55524,1
2007,26.52014,93.96987,1
2007,26.53148,86.6781,1
2007,26.5403,86.74838,6
2007,26.56777,86.86134,1
2007,26.56994,86.67996,1
2007,26.57383,86.67708,1
2007,26.57548,93.89327,1
2007,26.58287,86.81684,1
2007,26.60988,86.48012,1
2007,26.61008,86.22973,1
2007,26.61726,86.70139,4
2007,26.62021,86.43011,1
2007,26.69769,92.26419,1
2007,26.71667,86.48333,6
2007,26.73267,85.92479,4
2007,26.74737,89.05157,1
2007,26.75018,85.8667,1
2007,26.75241,85.32654,1
2007,26.76056,83.37317,1
2007,26.77,82.15,1
2007,26.77817,86.36536,1
2007,26.78724,86.48882,1
2007,26.7957,86.2971,1
2007,26.79586,86.29687,3
2007,26.81332,85.48415,1
2007,26.82368,86.44401,1
2007,26.8326,86.34758,2
2007,26.83527,86.26981,1
2007,26.84669,80.94617,1
2007,26.88323,85.30022,1
2007,26.89978,85.88325,1
2007,26.91677,85.51667,1
2007,26.91749,85.4324,1
2007,26.92997,85.22,1
2007,26.93109,85.20418,1
2007,26.9347,68.45228,1
2007,26.95491,64.15672,1
2007,26.9659,94.64484,1
2007,26.97896,85.53064,1
2007,26.98023,94.63009,1
2007,26.99555,85.04673,1
2007,26.99997,85.46751,1
2007,27.02252,95.02085,1
2007,27.02736,84.84175,1
2007,27.02771,95.03018,1
2007,27.03233,85.00775,1
2007,27.04477,84.86737,3
2007,27.04869,85.31362,4
2007,27.05761,85.36142,1
2007,27.08993,84.80003,1
2007,27.09602,84.95181,1
2007,27.11701,85.74169,3
2007,27.13407,85.06502,1
2007,27.13411,85.06491,2
2007,27.1348,84.97038,1
2007,27.15361,-13.20333,1
2007,27.17359,84.85679,2
2007,27.24449,86.44038,1
2007,27.42888,83.7423,1
2007,27.4738,94.91218,1
2007,27.48002,-99.51054,1
2007,27.49193,95.34783,3
2007,27.49267,95.34669,1
2007,27.50849,95.17721,1
2007,27.51586,95.87797,1
2007,27.54204,85.33898,1
2007,27.55538,83.41568,1
2007,27.56294,82.87666,1
2007,27.56774,95.55724,2
2007,27.64582,83.01144,1
2007,27.67852,60.76711,1
2007,27.70875,85.3295,1
2007,27.71674,85.3259,1
2007,27.80992,66.62096,2
2007,27.93814,85.10211,1
2007,27.94735,-82.45875,1
2007,27.96,81.78,1
2007,27.99036,82.30177,1
2007,28.22107,61.21582,1
2007,28.2433,67.92793,1
2007,28.31401,62.78992,1
2007,28.43201,66.06762,1
2007,28.45842,68.13322,1
2007,28.49073,65.09578,1
2007,28.58584,77.15334,3
2007,28.68331,80.62235,1
2007,28.72806,80.91583,1
2007,28.82009,70.17876,1
2007,28.94913,58.88415,1
2007,29.03441,69.15866,8
2007,29.10743,81.22985,1
2007,29.2289,67.66657,1
2007,29.31411,76.97012,1
2007,29.48358,60.8627,2
2007,29.55455,34.94753,1
2007,29.90189,67.13076,1
2007,30.11667,47.71667,2
2007,30.19784,71.46763,1
2007,30.20082,66.99435,6
2007,30.28358,-97.69865,1
2007,30.29311,47.29239,1
2007,30.33845,68.57206,1
2007,30.38333,47.7,4
2007,30.38801,47.71313,1
2007,30.43701,63.33435,1
2007,30.45,47.98333,4
2007,30.51005,47.7781,29
2007,30.66667,34.83333,3
2007,30.80363,66.71175,1
2007,30.86904,66.14153,3
2007,30.88536,46.46797,1
2007,30.89802,75.86008,1
2007,30.92211,66.45153,1
2007,30.92303,73.68165,1
2007,30.95993,61.86895,1
2007,30.99607,65.47574,1
2007,31.00274,66.40562,2
2007,31.01583,47.43056,2
2007,31.04437,46.26145,1
2007,31.07496,62.57253,1
2007,31.1225,64.20472,1
2007,31.12583,64.18861,1
2007,31.12703,64.20585,1
2007,31.19211,34.44947,2
2007,31.23141,34.28024,1
2007,31.26008,34.32494,1
2007,31.27879,34.25644,3
2007,31.34696,34.30143,6
2007,31.34802,34.49109,1
2007,31.35658,34.32656,5
2007,31.36365,63.95861,4
2007,31.3749,34.39802,4
2007,31.38745,34.37673,1
2007,31.41667,34.33333,1
2007,31.42717,34.37698,1
2007,31.43869,62.58033,1
2007,31.45011,34.39288,1
2007,31.47261,34.4977,1
2007,31.50241,34.45974,45
2007,31.50547,74.34288,1
2007,31.50672,34.63279,1
2007,31.51396,64.92638,1
2007,31.52256,34.45359,1
2007,31.52516,45.20232,1
2007,31.5282,34.59638,23
2007,31.53619,34.53957,1
2007,31.53783,34.48953,1
2007,31.54056,65.33361,1
2007,31.55004,65.45263,3
2007,31.55243,34.57701,1
2007,31.55302,34.50635,3
2007,31.56049,34.56493,4
2007,31.60063,64.36965,6
2007,31.6119,65.6811,1
2007,31.61263,65.68155,3
2007,31.61767,65.67594,12
2007,31.62249,34.55356,1
2007,31.62283,62.86937,2
2007,31.63108,65.74223,10
2007,31.63782,64.2378,1
2007,31.64,64.24,2
2007,31.64028,65.3975,6
2007,31.65003,65.65002,1
2007,31.66932,34.5708,1
2007,31.67015,34.57515,1
2007,31.67022,34.5764,1
2007,31.6739,65.40391,1
2007,31.70434,35.19436,1
2007,31.70503,65.68963,1
2007,31.75029,67.31657,1
2007,31.77947,64.58896,1
2007,31.78484,35.22461,1
2007,31.80262,66.32472,2
2007,31.82587,64.57643,6
2007,31.83433,70.90905,7
2007,31.84822,47.1452,5
2007,31.90714,35.19822,3
2007,31.90861,67.64611,1
2007,31.98958,44.92378,6
2007,32.0006,44.33082,5
2007,32.0325,65.13583,1
2007,32.03292,44.39965,3
2007,32.03464,64.95902,1
2007,32.06259,45.24284,1
2007,32.07333,64.83389,4
2007,32.07408,66.14153,3
2007,32.08288,72.67145,2
2007,32.08297,34.81189,1
2007,32.09954,68.39021,1
2007,32.1002,66.90102,4
2007,32.10556,35.17464,1
2007,32.1093,68.38162,1
2007,32.13623,44.93235,1
2007,32.15649,74.18766,1
2007,32.165,63.4253,2
2007,32.17247,35.0975,1
2007,32.17337,66.52068,1
2007,32.18722,66.66222,1
2007,32.19188,67.18945,1
2007,32.19527,67.03878,1
2007,32.20944,70.38354,4
2007,32.21286,35.15742,1
2007,32.21418,70.38468,3
2007,32.22227,35.25351,9
2007,32.23083,62.92059,2
2007,32.23472,67.07948,1
2007,32.26454,68.52472,4
2007,32.26881,68.4963,1
2007,32.30502,69.88864,1
2007,32.3061,69.57996,3
2007,32.32932,69.8564,1
2007,32.33334,70.12828,1
2007,32.36552,44.65782,1
2007,32.37001,62.12846,2
2007,32.38681,69.68982,1
2007,32.41008,35.28015,1
2007,32.46062,35.30125,1
2007,32.46819,44.55019,7
2007,32.46924,44.41664,15
2007,32.47436,62.21778,1
2007,32.4784,35.25372,1
2007,32.49533,62.26266,2
2007,32.49538,62.26291,1
2007,32.50281,67.41545,3
2007,32.50368,67.47549,1
2007,32.50972,68.85583,1
2007,32.51247,44.65981,1
2007,32.53329,45.82945,8
2007,32.55976,41.91965,1
2007,32.58058,65.99306,1
2007,32.60439,44.00714,6
2007,32.61172,62.52033,1
2007,32.62374,65.45643,2
2007,32.62918,70.58256,1
2007,32.63088,66.76749,1
2007,32.65475,44.40899,4
2007,32.6664,65.90363,2
2007,32.67785,61.98139,1
2007,32.68471,68.2384,1
2007,32.68793,69.83299,1
2007,32.71578,69.28179,1
2007,32.77734,44.28935,1
2007,32.81614,67.763,1
2007,32.82305,70.78374,1
2007,32.86701,44.22046,1
2007,32.87408,70.02709,2
2007,32.87489,44.28102,1
2007,32.88018,44.38696,3
2007,32.88716,44.34164,26
2007,32.89944,70.05978,1
2007,32.9,62.76667,1
2007,32.90416,69.71313,1
2007,32.91071,45.06299,3
2007,32.91684,66.21844,1
2007,32.92154,65.5857,1
2007,32.92527,44.77096,2
2007,32.92668,69.92009,4
2007,32.92713,66.14153,2
2007,32.93332,68.64523,1
2007,32.93577,70.10512,1
2007,32.93653,68.6473,2
2007,32.93747,70.10465,1
2007,32.97543,70.27374,6
2007,32.98293,44.3616,2
2007,32.9833,67.9666,2
2007,32.98735,70.60252,12
2007,33.00652,70.06825,15
2007,33.0197,70.8956,1
2007,33.03602,40.28816,1
2007,33.04978,68.65515,1
2007,33.05799,44.35484,7
2007,33.07835,44.25472,1
2007,33.10053,44.58449,6
2007,33.10973,68.30266,2
2007,33.11178,68.04142,1
2007,33.11191,71.10319,2
2007,33.12333,67.97722,1
2007,33.16356,43.86311,3
2007,33.1782,68.75253,1
2007,33.19314,68.10185,2
2007,33.19367,68.102,1
2007,33.19392,44.40858,1
2007,33.22312,44.54078,2
2007,33.26615,35.21406,2
2007,33.26669,62.35652,5
2007,33.274,71.18079,2
2007,33.27842,43.94636,1
2007,33.27899,43.74488,1
2007,33.2795,69.59859,1
2007,33.29378,35.31457,1
2007,33.3,44.4,1
2007,33.30075,69.88411,2
2007,33.30357,44.37177,415
2007,33.30705,62.13642,1
2007,33.31065,44.03821,2
2007,33.31159,75.76622,1
2007,33.31485,68.41233,1
2007,33.31957,68.4513,1
2007,33.3279,35.61126,1
2007,33.33274,68.45507,1
2007,33.33385,69.93717,3
2007,33.33526,69.92847,11
2007,33.34916,43.7842,18
2007,33.35245,74.48187,1
2007,33.35851,69.85974,10
2007,33.36459,69.79364,1
2007,33.36621,69.9628,1
2007,33.37172,74.31531,1
2007,33.38243,43.58763,1
2007,33.38805,43.5317,1
2007,33.39781,43.70628,1
2007,33.42095,43.29566,21
2007,33.42361,69.37667,1
2007,33.43111,70.06694,1
2007,33.4319,43.31157,1
2007,33.43622,69.03175,1
2007,33.44688,65.38071,1
2007,33.44984,70.06404,1
2007,33.45853,69.99509,2
2007,33.45856,69.94663,1
2007,33.46518,68.69061,1
2007,33.46583,70.09111,1
2007,33.48076,69.69295,1
2007,33.48329,70.78166,1
2007,33.49515,71.67413,2
2007,33.49823,67.7616,3
2007,33.5,70.05,2
2007,33.50996,70.12176,1
2007,33.52072,44.02442,1
2007,33.52889,71.05612,3
2007,33.52997,67.21592,1
2007,33.53,69.04833,1
2007,33.53073,44.27429,1
2007,33.53333,-7.58333,1
2007,33.54262,68.41533,4
2007,33.54831,44.41573,1
2007,33.55,68.41667,2
2007,33.55043,35.37096,2
2007,33.56406,69.93121,1
2007,33.57181,44.53607,3
2007,33.58905,69.62944,1
2007,33.59,-7.61,4
2007,33.5906,71.44062,6
2007,33.59401,73.06908,6
2007,33.59863,69.229,2
2007,33.6339,42.83208,2
2007,33.6435,62.27064,1
2007,33.64542,75.01968,1
2007,33.65694,68.57444,1
2007,33.67164,73.05607,12
2007,33.68745,71.51604,2
2007,33.69256,69.37688,2
2007,33.69341,44.79608,2
2007,33.69395,45.06742,3
2007,33.69472,68.89278,1
2007,33.70394,70.32865,1
2007,33.71699,44.67952,3
2007,33.72129,74.83106,1
2007,33.72771,68.1778,1
2007,33.7371,44.4907,1
2007,33.74324,44.62382,42
2007,33.745,45.54562,3
2007,33.75,44.63333,2
2007,33.75839,44.39659,1
2007,33.76634,72.35734,1
2007,33.77186,68.3697,1
2007,33.77335,45.14945,11
2007,33.77817,76.57617,3
2007,33.78425,44.50972,4
2007,33.81006,35.59729,1
2007,33.82751,75.07207,1
2007,33.83897,35.55133,1
2007,33.84862,44.52212,15
2007,33.85104,44.51949,3
2007,33.85544,72.39467,2
2007,33.85918,69.94655,1
2007,33.86028,44.68556,3
2007,33.8648,42.53638,1
2007,33.87152,74.89955,2
2007,33.87738,35.53616,1
2007,33.88852,35.50351,6
2007,33.8925,44.70972,1
2007,33.895,-5.55472,1
2007,33.8973,48.7516,1
2007,33.898,70.10754,4
2007,33.91051,71.35912,1
2007,33.91523,71.45868,1
2007,33.91758,71.56203,1
2007,33.92117,75.0146,2
2007,33.92513,73.7865,1
2007,33.92659,44.77206,1
2007,33.92767,74.6883,1
2007,33.95317,44.92191,17
2007,33.97752,44.41346,1
2007,33.9877,35.63892,1
2007,33.99324,72.34807,1
2007,33.99459,44.35727,1
2007,34.006,71.53743,23
2007,34.00721,71.98308,3
2007,34.01047,44.14824,7
2007,34.01608,75.31498,1
2007,34.02119,68.99953,1
2007,34.03798,69.02103,2
2007,34.05711,44.21829,2
2007,34.06179,72.69456,1
2007,34.06355,71.98833,1
2007,34.08374,74.7899,7
2007,34.09787,-118.40738,2
2007,34.10751,64.30573,1
2007,34.11033,71.1638,2
2007,34.11059,74.86826,2
2007,34.12573,45.00334,1
2007,34.14579,71.73146,1
2007,34.14658,71.74354,2
2007,34.14739,45.12986,1
2007,34.16154,74.55309,2
2007,34.1617,74.8317,1
2007,34.17183,70.62168,1
2007,34.17687,61.70056,2
2007,34.18478,74.31329,1
2007,34.19964,72.05144,1
2007,34.20611,44.00667,1
2007,34.20842,43.89071,13
2007,34.22007,72.26841,1
2007,34.22921,70.19321,2
2007,34.24038,45.13695,1
2007,34.24638,68.2909,1
2007,34.2523,70.80242,1
2007,34.25827,75.41554,1
2007,34.26403,69.16109,1
2007,34.27103,45.16357,2
2007,34.28889,74.46371,1
2007,34.29798,74.6153,1
2007,34.30139,62.24639,1
2007,34.30316,75.29311,1
2007,34.315,74.34554,1
2007,34.32002,71.399,1
2007,34.32716,44.7266,2
2007,34.32898,70.40749,1
2007,34.34562,61.49345,2
2007,34.34672,62.19732,2
2007,34.34734,45.38327,1
2007,34.34889,63.17778,2
2007,34.35135,68.23853,1
2007,34.35639,68.73944,1
2007,34.35729,45.19814,1
2007,34.35907,71.34851,1
2007,34.36106,68.84069,1
2007,34.36889,69.21833,1
2007,34.36917,43.76417,1
2007,34.39518,62.37147,1
2007,34.39928,74.28127,1
2007,34.41712,70.44959,1
2007,34.41752,3.8312,1
2007,34.41954,74.63827,1
2007,34.43084,44.93409,1
2007,34.43809,35.83084,1
2007,34.45889,43.791,2
2007,34.46796,70.49149,1
2007,34.47413,68.63948,1
2007,34.47888,72.10961,1
2007,34.51333,35.95972,1
2007,34.5169,69.14701,28
2007,34.52618,74.25461,2
2007,34.53375,43.48374,5
2007,34.55535,69.20749,1
2007,34.56549,71.47743,2
2007,34.59114,68.95694,1
2007,34.61278,44.62056,1
2007,34.61611,71.97088,1
2007,34.62152,43.66838,12
2007,34.6475,70.90139,1
2007,34.66647,43.70044,1
2007,34.67487,70.21344,1
2007,34.67536,-0.62073,1
2007,34.68977,70.14558,2
2007,34.69944,70.23611,1
2007,34.70186,71.43604,1
2007,34.71,70.95778,1
2007,34.71585,70.76422,1
2007,34.72627,44.58491,1
2007,34.73352,71.51966,4
2007,34.75102,71.45968,1
2007,34.76723,72.37678,2
2007,34.77236,71.48577,1
2007,34.77448,72.36405,7
2007,34.77749,71.4322,1
2007,34.79066,44.66215,2
2007,34.79216,72.28428,4
2007,34.82215,72.34708,1
2007,34.83529,72.44189,1
2007,34.84128,72.41452,1
2007,34.84659,71.09732,3
2007,34.85581,70.10469,1
2007,34.85633,69.64912,1
2007,34.8569,71.42994,4
2007,34.86621,71.52638,1
2007,34.87593,72.65023,1
2007,34.88135,44.62513,8
2007,34.89,71.18,1
2007,34.90419,72.64314,1
2007,34.91585,71.19634,1
2007,34.91663,68.80241,1
2007,34.91716,70.9067,1
2007,34.92485,43.49141,14
2007,34.92969,72.41683,6
2007,34.93115,72.4167,1
2007,34.94124,72.46981,1
2007,34.94417,69.27333,1
2007,34.94667,68.8475,1
2007,34.94944,6.00361,1
2007,34.95262,72.33111,1
2007,34.96559,71.822,1
2007,34.96667,69.56667,1
2007,34.98894,70.91122,2
2007,35.01646,72.36181,1
2007,35.01775,72.04465,1
2007,35.02417,8.02472,1
2007,35.05,0.78333,1
2007,35.07941,72.42876,2
2007,35.11806,71.22806,1
2007,35.11834,69.23411,1
2007,35.11997,70.74142,1
2007,35.13585,44.08771,2
2007,35.16678,33.36763,1
2007,35.17986,72.37793,1
2007,35.18305,72.31796,1
2007,35.19896,43.79313,1
2007,35.20472,63.06186,1
2007,35.22537,71.52863,1
2007,35.25124,44.31808,1
2007,35.27208,43.91504,5
2007,35.29496,24.83134,1
2007,35.30305,44.32993,2
2007,35.31495,44.51016,1
2007,35.32502,70.90712,4
2007,35.32612,43.78081,14
2007,35.37563,5.90552,1
2007,35.37849,1.32569,1
2007,35.38006,43.87329,1
2007,35.40714,8.12086,1
2007,35.45211,44.37546,63
2007,35.46667,44.31667,4
2007,35.46979,44.39634,2
2007,35.47873,72.58867,1
2007,35.49944,43.23489,3
2007,35.55,6.16667,2
2007,35.58567,63.32809,2
2007,35.5938,63.33542,1
2007,35.66528,6.64806,1
2007,35.66938,44.08178,1
2007,35.76835,43.58897,1
2007,35.79813,43.29418,2
2007,35.8043,69.28775,2
2007,35.81556,43.44389,1
2007,36.05,69.08333,1
2007,36.06943,1.98965,1
2007,36.10814,66.28566,2
2007,36.17731,68.75214,1
2007,36.18325,41.5916,1
2007,36.19259,44.00462,1
2007,36.20226,2.08053,1
2007,36.20235,41.68717,1
2007,36.25341,44.89317,1
2007,36.28611,5.60722,1
2007,36.28762,4.12999,1
2007,36.31939,41.86147,1
2007,36.33564,4.26218,1
2007,36.3358,4.26204,2
2007,36.35,6.6,5
2007,36.35415,43.14357,73
2007,36.37682,42.44888,15
2007,36.37885,2.39721,1
2007,36.41034,44.3872,1
2007,36.42818,42.60218,1
2007,36.47454,66.95115,1
2007,36.501,3.77396,1
2007,36.51833,2.90528,1
2007,36.53558,3.83418,1
2007,36.53683,4.2151,1
2007,36.5534,3.10894,1
2007,36.56222,3.59444,5
2007,36.56444,3.15417,1
2007,36.56522,3.15393,1
2007,36.5686,2.09371,1
2007,36.5713,70.33607,1
2007,36.57533,3.90849,2
2007,36.60407,3.69902,1
2007,36.61208,3.98778,1
2007,36.63059,4.28949,1
2007,36.63709,3.69474,1
2007,36.63917,4.38389,1
2007,36.65156,3.32898,1
2007,36.65405,3.6791,3
2007,36.65519,6.08898,1
2007,36.66667,4.76667,1
2007,36.66774,3.59115,1
2007,36.67949,6.38752,1
2007,36.68389,3.36639,1
2007,36.6867,4.26617,2
2007,36.69127,3.58886,2
2007,36.6986,10.48866,1
2007,36.70578,68.87706,4
2007,36.70993,67.1157,1
2007,36.71637,4.04983,3
2007,36.71955,6.33551,1
2007,36.72115,3.58497,1
2007,36.72194,3.91306,1
2007,36.72317,3.91417,1
2007,36.72398,3.67085,2
2007,36.72442,3.61925,2
2007,36.72735,3.40995,1
2007,36.72778,3.55389,4
2007,36.72944,3.49869,3
2007,36.73333,3.96667,1
2007,36.73333,68.86667,1
2007,36.73346,69.53776,1
2007,36.73912,3.6192,1
2007,36.73914,3.90168,1
2007,36.742,3.72619,1
2007,36.74239,3.72282,2
2007,36.74775,3.77373,1
2007,36.74825,3.94886,1
2007,36.75,5.85,1
2007,36.75506,66.89754,1
2007,36.75618,66.72422,2
2007,36.75701,3.48287,1
2007,36.76029,3.4724,2
2007,36.76376,3.05541,6
2007,36.77054,3.51226,1
2007,36.77499,42.64594,1
2007,36.78917,3.67722,1
2007,36.79885,6.15721,1
2007,36.8035,3.56382,4
2007,36.80398,42.09394,2
2007,36.80526,3.81321,1
2007,36.81224,6.23876,1
2007,36.81694,3.85722,2
2007,36.82568,5.96277,1
2007,36.83763,6.64018,1
2007,36.84831,-75.97928,1
2007,36.85,6.05,1
2007,36.86318,3.88035,1
2007,36.86667,6.9,1
2007,36.87806,3.72306,1
2007,36.8825,4.66194,1
2007,36.89092,67.18945,1
2007,36.89124,4.12322,3
2007,36.90583,44.13861,1
2007,36.91955,3.8914,2
2007,36.93417,66.11389,1
2007,36.95141,65.12809,1
2007,36.97222,69.16306,1
2007,37.00138,6.55432,2
2007,37.00833,68.44472,1
2007,37.10783,70.56756,1
2007,37.25317,43.61223,1
2007,37.29899,43.67152,1
2007,37.30344,44.57696,1
2007,37.37738,44.08504,1
2007,37.78688,44.23076,1
2007,37.92222,40.18438,1
2007,37.99749,23.76273,8
2007,38.005,-121.80583,2
2007,38.02784,40.38515,1
2007,38.045,44.01694,1
2007,38.35318,38.32083,1
2007,38.38848,27.17293,1
2007,38.39565,27.13564,2
2007,38.50335,39.22002,1
2007,38.52945,41.14216,1
2007,38.55218,68.76744,1
2007,38.67364,40.80793,1
2007,38.7484,40.55393,1
2007,39.07564,40.76897,1
2007,39.08158,39.50184,1
2007,39.10671,39.54525,1
2007,39.22798,40.06952,1
2007,39.30993,40.34977,1
2007,39.47024,-0.3768,1
2007,39.49233,39.89745,1
2007,39.75897,-104.8763,3
2007,39.93077,32.76754,2
2007,40.17857,44.53576,1
2007,40.41724,49.90346,1
2007,40.62066,22.952,6
2007,40.69713,-73.93135,1
2007,40.76694,29.91694,1
2007,41.10618,28.68986,3
2007,41.29276,36.33121,1
2007,41.71681,8.91762,1
2007,41.93061,8.74291,6
2007,42.01119,21.31282,1
2007,42.26438,9.47367,1
2007,42.28172,-8.80383,1
2007,42.4392,19.266,1
2007,42.46578,-2.45,1
2007,42.46699,-2.56258,1
2007,42.63651,8.93705,1
2007,42.65166,21.15484,1
2007,42.67242,21.16454,1
2007,42.68698,46.87109,1
2007,42.69539,-1.67607,1
2007,42.69973,74.54633,1
2007,42.69975,47.08494,3
2007,42.7,9.44732,2
2007,42.79877,47.10872,1
2007,42.88089,20.86721,2
2007,42.91165,20.84039,1
2007,42.93286,46.25657,1
2007,42.95552,46.12477,1
2007,42.97795,45.908,1
2007,42.98542,47.45067,3
2007,42.99672,46.14697,1
2007,43.12425,46.15857,1
2007,43.14119,46.08111,1
2007,43.15,45.9,1
2007,43.16907,-2.63266,1
2007,43.2003,46.0924,1
2007,43.201,46.86386,1
2007,43.2205,-2.73324,1
2007,43.2267,44.77057,5
2007,43.23759,44.58964,1
2007,43.24855,46.59784,2
2007,43.2572,46.243,1
2007,43.25843,-2.92182,1
2007,43.26917,44.90861,1
2007,43.27772,44.39759,1
2007,43.27832,-2.1266,1
2007,43.29162,-1.9779,2
2007,43.29901,44.89887,3
2007,43.3,45.86667,1
2007,43.31306,45.16381,1
2007,43.31493,46.22838,2
2007,43.31567,-0.75641,1
2007,43.31667,45.06667,2
2007,43.32023,45.65449,5
2007,43.34417,46.6075,2
2007,43.34592,46.66224,2
2007,43.36175,45.411,1
2007,43.39003,46.61666,1
2007,43.42122,-1.60993,1
2007,43.63786,-1.42095,1
2007,43.81466,-1.37825,1
2007,43.85,18.38333,1
2007,44.77583,17.18556,1
2007,46.55621,6.5763,1
2007,47.36865,8.53918,1
2007,48.20817,16.37382,1
2007,48.70316,9.654,1
2007,48.85664,2.34233,1
2007,49.14269,9.21088,1
2007,49.83968,24.02972,1
2007,50.41243,4.44372,1
2007,51.08128,1.16961,1
2007,51.41048,-0.83386,1
2007,51.50439,-0.14004,6
2007,51.62149,-3.94367,1
2007,51.65234,-1.27038,1
2007,51.67084,-1.28794,1
2007,52.47612,-1.72906,1
2007,52.50153,13.40185,1
2007,53.36168,-6.24548,1
2007,53.43794,-2.90356,1
2007,54.07731,-6.60879,1
2007,54.18305,-6.34139,1
2007,54.46337,-6.3286,1
2007,54.50853,-6.76313,1
2007,54.60771,-5.95621,1
2007,54.71364,-5.80823,1
2007,54.78808,-7.47303,2
2007,54.98909,57.27339,1
2007,55.01156,-7.31204,1
2007,55.86324,-4.42785,1
2007,55.90239,-3.64177,1
2007,56.9462,24.10429,1
2007,58.51667,31.28333,1
2007,59.85337,30.34843,1
2007,60.40393,25.02645,1
2008,-41.28646,174.77624,4
2008,-33.46912,-70.642,1
2008,-33.36624,-70.5053,3
2008,-27.66174,151.89758,1
2008,-27.1138,31.19899,1
2008,-26.80636,31.93595,1
2008,-26.41352,31.77299,1
2008,-25.74774,27.5503,1
2008,-20.35076,31.35416,1
2008,-17.90273,31.23688,1
2008,-17.84873,31.05778,1
2008,-17.82517,31.03351,3
2008,-16.40744,-71.5368,1
2008,-8.55846,125.57815,1
2008,-6.81355,39.23942,1
2008,-6.20882,106.84605,1
2008,-5.24597,14.86159,1
2008,-3.5392,30.27579,1
2008,-3.42751,29.92425,1
2008,-3.41286,29.38585,1
2008,-3.37583,29.36411,2
2008,-3.34412,29.39224,1
2008,-3.19169,29.30589,1
2008,-2.53438,140.7093,1
2008,-1.94901,30.05785,1
2008,-1.6585,29.22046,1
2008,-1.65843,29.22046,1
2008,-1.39315,120.75475,4
2008,-1.28518,36.82111,2
2008,-1.18557,29.44695,2
2008,-1.15011,29.42664,1
2008,-1.02565,29.11248,1
2008,-0.79177,29.04599,2
2008,-0.53489,42.19661,1
2008,-0.35785,42.54665,7
2008,-0.06671,29.51205,1
2008,0.0537,40.30788,1
2008,0.07063,42.74972,1
2008,0.12459,117.48625,1
2008,0.1699,30.07808,1
2008,0.27028,-78.27667,1
2008,0.33765,36.4904,1
2008,0.34947,40.87599,1
2008,0.35085,32.58022,1
2008,0.3792,41.13419,1
2008,0.38163,29.76432,1
2008,0.42529,-76.90507,1
2008,0.47723,35.10476,1
2008,0.49765,-76.49768,2
2008,0.5,33.65,1
2008,0.51598,35.27999,1
2008,0.53636,-76.5875,1
2008,0.69905,-75.25521,1
2008,0.71376,30.61999,1
2008,0.78108,127.38132,3
2008,0.88457,-77.50339,1
2008,1.08919,-78.98996,1
2008,1.12216,42.65716,2
2008,1.21059,-77.99333,1
2008,1.33437,-74.84139,1
2008,1.33823,-77.59262,1
2008,1.36673,-78.23335,1
2008,1.57036,-75.32731,2
2008,1.61456,-75.6053,1
2008,1.71619,44.76886,5
2008,1.78512,36.78734,1
2008,1.80615,-76.97871,1
2008,1.80741,-78.76375,1
2008,1.80941,44.387,1
2008,1.85199,-76.04698,1
2008,2.00681,45.277,1
2008,2.04501,45.2699,1
2008,2.05201,45.27065,1
2008,2.05982,45.32612,60
2008,2.08333,45.16667,1
2008,2.08851,45.18365,1
2008,2.14825,-77.07959,1
2008,2.1929,45.11968,1
2008,2.19673,-75.62909,1
2008,2.24359,-77.01038,1
2008,2.29962,45.79947,1
2008,2.33128,-75.71605,1
2008,2.35913,45.38367,2
2008,2.40582,42.97707,3
2008,2.43126,-76.86477,1
2008,2.51379,-76.38945,1
2008,2.52417,-75.31615,1
2008,2.56426,-72.63798,1
2008,2.56855,-72.64184,1
2008,2.71581,44.51184,4
2008,2.76046,46.32108,1
2008,2.77636,42.8381,2
2008,2.77726,45.50064,2
2008,2.79817,44.07856,2
2008,2.80909,40.92744,1
2008,2.85,-76.31667,2
2008,2.85603,34.21708,1
2008,2.86876,43.0053,1
2008,2.93303,-75.28583,4
2008,2.95485,-76.26825,1
2008,2.96015,34.1379,1
2008,2.99864,-75.30562,4
2008,3.11564,43.64658,23
2008,3.19486,-75.64591,1
2008,3.42934,-76.51604,5
2008,3.4984,42.27312,1
2008,3.60711,28.56229,1
2008,3.7246,-75.4841,1
2008,3.73635,29.71365,1
2008,3.79416,-73.84073,1
2008,3.85325,45.56523,2
2008,3.86667,-74.41667,1
2008,3.88182,-77.07042,3
2008,3.89848,27.23993,1
2008,3.91272,-75.47591,1
2008,3.92686,41.87717,2
2008,4.05178,47.0462,1
2008,4.06052,-74.69232,1
2008,4.1206,43.89053,5
2008,4.13399,27.9082,1
2008,4.20579,34.35662,1
2008,4.21557,-73.81502,1
2008,4.34218,28.61765,1
2008,4.34366,6.64639,1
2008,4.37474,18.55129,1
2008,4.41897,29.86425,1
2008,4.4293,41.45387,1
2008,4.43405,7.17049,4
2008,4.43891,-75.23223,1
2008,4.44889,7.08389,1
2008,4.48613,-73.89512,1
2008,4.51139,7.54,2
2008,4.55614,5.91998,1
2008,4.56933,-74.95296,1
2008,4.57033,29.04968,1
2008,4.57387,7.5789,1
2008,4.57916,28.39879,1
2008,4.61133,101.11364,1
2008,4.61354,8.59408,1
2008,4.61441,31.26264,1
2008,4.64988,7.9331,1
2008,4.66713,-74.10606,26
2008,4.68333,6.68333,1
2008,4.71828,27.68302,4
2008,4.72382,7.15162,1
2008,4.73326,6.86662,1
2008,4.73538,45.2024,7
2008,4.73931,7.00071,1
2008,4.74,7.083,1
2008,4.74946,6.85389,1
2008,4.81555,7.04984,16
2008,4.81583,6.95667,1
2008,4.85808,6.92091,3
2008,4.86778,5.89871,1
2008,4.92315,6.26093,1
2008,4.99243,-76.01866,1
2008,5.0361,120.22696,1
2008,5.03802,7.91242,1
2008,5.04576,-75.5125,1
2008,5.11656,7.36709,1
2008,5.11907,6.90213,1
2008,5.20115,-75.868,1
2008,5.20207,96.70215,1
2008,5.21282,120.58862,1
2008,5.24889,6.65556,1
2008,5.26541,-76.55651,1
2008,5.29587,-75.88259,1
2008,5.30801,45.88036,3
2008,5.33342,46.69506,1
2008,5.35052,5.50659,2
2008,5.38222,5.83444,1
2008,5.4206,-75.70269,1
2008,5.48508,7.035,2
2008,5.52372,5.75317,1
2008,5.53246,5.89871,1
2008,5.53702,46.38905,3
2008,5.54147,95.34296,2
2008,5.61352,5.18692,2
2008,5.61387,5.18708,1
2008,5.69224,-76.65809,1
2008,5.85071,-76.02301,1
2008,5.86228,124.9906,2
2008,5.88222,5.27667,1
2008,5.9137,120.9056,2
2008,5.91739,120.99701,1
2008,5.92779,121.02841,1
2008,5.95323,101.69544,3
2008,5.96063,120.96154,1
2008,5.96147,120.98848,1
2008,5.97647,116.11578,1
2008,5.98945,124.62917,1
2008,5.99304,101.96618,4
2008,6.00283,-76.78047,1
2008,6.00639,124.73808,1
2008,6.01392,101.95023,1
2008,6.05046,121.01224,4
2008,6.05709,101.69544,1
2008,6.06669,121.10004,1
2008,6.10148,125.28975,3
2008,6.11622,125.1694,4
2008,6.1429,-75.18417,2
2008,6.16684,101.19005,1
2008,6.16886,101.18113,2
2008,6.17139,7.005,1
2008,6.19009,101.79796,18
2008,6.19778,6.72872,1
2008,6.19878,-75.09243,1
2008,6.20195,101.84191,1
2008,6.20202,101.25238,15
2008,6.21041,101.82076,4
2008,6.2198,125.06385,1
2008,6.24203,-75.56477,2
2008,6.2428,101.29773,5
2008,6.24792,102.0033,1
2008,6.25415,101.7296,4
2008,6.25889,102.055,4
2008,6.25902,5.00005,1
2008,6.26062,101.25368,1
2008,6.29074,-10.76052,1
2008,6.29535,-75.02828,2
2008,6.33276,8.09984,1
2008,6.35422,101.23454,1
2008,6.36969,4.78451,1
2008,6.38189,101.50623,1
2008,6.38458,101.50208,5
2008,6.38529,101.70114,1
2008,6.39146,101.5173,1
2008,6.39631,101.44527,1
2008,6.40428,-58.62594,1
2008,6.41422,81.33444,1
2008,6.42724,101.83365,2
2008,6.43477,81.13098,1
2008,6.45361,124.03977,3
2008,6.47741,101.13529,2
2008,6.48354,125.06666,2
2008,6.49182,101.3885,10
2008,6.5,7.51033,2
2008,6.50193,122.12376,1
2008,6.50194,122.12376,1
2008,6.50383,100.84515,2
2008,6.51778,101.62715,1
2008,6.51795,101.65346,1
2008,6.52438,3.37921,1
2008,6.53371,122.08398,1
2008,6.53715,101.69554,1
2008,6.53824,44.16148,1
2008,6.53927,124.05779,1
2008,6.5411,101.28041,2
2008,6.54381,5.89871,1
2008,6.5455,101.2799,18
2008,6.54731,-71.00223,2
2008,6.61417,125.23667,1
2008,6.619,122.25697,1
2008,6.62689,101.44527,3
2008,6.63167,124.59974,3
2008,6.64442,122.27313,1
2008,6.64531,122.10184,2
2008,6.66307,124.62674,1
2008,6.67154,101.33176,1
2008,6.68196,121.98548,1
2008,6.68648,101.13909,5
2008,6.69734,125.08278,4
2008,6.70002,124.73333,1
2008,6.7007,101.43392,17
2008,6.70422,121.97384,1
2008,6.71411,79.90563,1
2008,6.71687,101.41688,1
2008,6.71793,124.52731,1
2008,6.71796,101.59303,6
2008,6.73577,101.0542,1
2008,6.7398,44.27976,1
2008,6.75235,125.35138,1
2008,6.75892,81.24913,1
2008,6.77044,125.24341,1
2008,6.7724,101.29206,8
2008,6.7744,47.42903,5
2008,6.78807,79.89128,1
2008,6.79223,-71.77554,1
2008,6.79289,-58.04456,1
2008,6.8018,79.92268,1
2008,6.81179,101.18439,6
2008,6.8216,80.04753,1
2008,6.82181,-58.15922,1
2008,6.82882,124.89357,1
2008,6.83012,79.88008,2
2008,6.83299,124.45886,1
2008,6.83691,125.41335,1
2008,6.85595,79.86297,1
2008,6.85709,79.87378,1
2008,6.86281,124.44365,1
2008,6.86421,124.44431,1
2008,6.86786,101.25207,4
2008,6.8694,101.25052,2
2008,6.86948,101.25048,1
2008,6.87275,81.35066,1
2008,6.87466,79.86048,1
2008,6.87527,81.83063,1
2008,6.8761,101.25905,1
2008,6.8829,80.00039,1
2008,6.88484,79.85819,1
2008,6.90244,125.02815,1
2008,6.9243,124.51252,1
2008,6.92909,122.07885,13
2008,6.94184,79.86169,8
2008,6.94194,124.50361,1
2008,6.94997,-71.56666,1
2008,6.95001,124.88333,3
2008,6.95245,79.87798,1
2008,6.95276,124.44854,1
2008,6.95284,-71.87514,1
2008,6.96002,124.36139,1
2008,6.97814,79.88933,1
2008,6.98223,72.8964,1
2008,7.01398,100.47124,2
2008,7.0209,125.09147,1
2008,7.0297,124.50066,1
2008,7.03188,80.02834,1
2008,7.05028,124.63361,1
2008,7.05441,124.67592,1
2008,7.0548,124.67228,1
2008,7.05632,124.68081,1
2008,7.07534,124.5742,1
2008,7.079,124.88631,2
2008,7.07962,-70.75705,1
2008,7.07968,79.89098,2
2008,7.08083,124.56639,1
2008,7.08324,125.601,4
2008,7.08582,-70.75779,2
2008,7.08624,125.93272,1
2008,7.08795,124.65208,1
2008,7.0925,124.64028,1
2008,7.0926,125.58175,1
2008,7.0932,81.64702,1
2008,7.10443,125.12668,1
2008,7.10899,124.82681,3
2008,7.10909,125.48529,1
2008,7.10928,124.82525,1
2008,7.12133,124.59423,3
2008,7.12503,125.62595,2
2008,7.1295,124.56317,1
2008,7.13191,124.52608,1
2008,7.13333,124.81667,1
2008,7.15139,124.81583,1
2008,7.1514,124.81583,1
2008,7.15167,124.56833,3
2008,7.15909,124.57654,1
2008,7.17204,-75.76387,1
2008,7.1756,100.61432,4
2008,7.18854,124.53258,2
2008,7.18929,124.63155,1
2008,7.18977,100.59538,1
2008,7.19479,124.53475,1
2008,7.19951,124.79698,3
2008,7.20236,124.47488,1
2008,7.2088,79.83802,1
2008,7.20959,124.24197,5
2008,7.23118,124.48851,1
2008,7.2561,80.16928,1
2008,7.2823,124.46388,1
2008,7.28992,125.53253,1
2008,7.30176,81.67473,2
2008,7.30796,125.68345,1
2008,7.30986,-72.48288,1
2008,7.31642,80.65211,1
2008,7.32315,80.62484,1
2008,7.33185,124.56715,1
2008,7.35184,125.46724,1
2008,7.36618,125.8583,1
2008,7.37127,125.49612,1
2008,7.39639,3.91667,1
2008,7.44053,-77.11891,1
2008,7.46503,125.77962,1
2008,7.48858,80.36517,1
2008,7.49293,124.725,1
2008,7.50034,125.18792,1
2008,7.50965,126.10367,1
2008,7.52937,81.79461,1
2008,7.57418,126.55992,2
2008,7.5794,-75.4001,2
2008,7.5944,124.07471,1
2008,7.60119,125.96678,2
2008,7.60299,125.96642,1
2008,7.60862,125.66793,1
2008,7.6676,-76.6803,1
2008,7.66893,125.7132,1
2008,7.68901,81.72947,3
2008,7.69026,81.65638,1
2008,7.70412,125.98997,1
2008,7.72998,8.53628,2
2008,7.73311,81.68882,16
2008,7.80096,125.01721,1
2008,7.80121,122.7598,1
2008,7.82505,126.05176,1
2008,7.8252,123.43738,1
2008,7.84898,126.05139,1
2008,7.88232,-76.63063,1
2008,7.89014,-75.66967,1
2008,7.8942,-72.50388,1
2008,7.89901,123.771,1
2008,7.90069,80.6805,1
2008,7.97003,124.37443,1
2008,7.97164,122.39628,1
2008,7.99306,124.34417,1
2008,8.00258,124.29297,1
2008,8.02003,124.05659,1
2008,8.045,-75.33417,1
2008,8.09242,-76.72738,1
2008,8.112,123.92887,1
2008,8.11276,123.89548,1
2008,8.13329,123.9226,1
2008,8.15593,124.03391,1
2008,8.16977,124.15985,1
2008,8.17361,-76.05917,1
2008,8.17651,124.07578,1
2008,8.1826,124.11455,1
2008,8.18878,124.06941,1
2008,8.19205,124.085,3
2008,8.19331,124.04452,1
2008,8.22812,124.23875,3
2008,8.22833,124.23787,1
2008,8.23045,124.24514,2
2008,8.34519,80.38813,4
2008,8.40331,48.48801,2
2008,8.40887,-75.58191,1
2008,8.43557,-73.28742,1
2008,8.45917,-73.94093,1
2008,8.47798,125.74539,1
2008,8.56514,125.52239,1
2008,8.57783,81.21872,1
2008,8.63728,-72.73785,4
2008,8.63781,-72.73464,1
2008,8.64108,80.6696,1
2008,8.67556,80.70778,1
2008,8.72608,80.675,1
2008,8.73816,80.47715,1
2008,8.74139,80.38944,1
2008,8.75782,80.48791,8
2008,8.82721,125.10059,1
2008,8.8341,80.76074,1
2008,8.8855,80.27673,1
2008,8.96404,80.78794,1
2008,8.97252,125.35185,1
2008,8.97715,38.77323,3
2008,8.98012,79.91246,4
2008,8.98553,38.78645,1
2008,9.00889,80.06417,1
2008,9.16545,125.52267,2
2008,9.16667,123.05,1
2008,9.26001,29.8005,1
2008,9.26709,80.81425,2
2008,9.35548,42.80263,1
2008,9.38029,80.377,3
2008,9.41011,78.39631,1
2008,9.52358,-75.23069,1
2008,9.54969,31.65015,1
2008,9.55694,44.07414,4
2008,9.5725,125.73306,3
2008,9.6664,80.02048,5
2008,9.6864,123.0122,1
2008,9.70607,80.05958,1
2008,9.74153,80.03393,1
2008,9.75152,122.40148,1
2008,9.77026,122.46782,1
2008,9.80427,80.1654,2
2008,9.81517,80.03704,1
2008,9.83907,28.48644,1
2008,9.93892,49.77768,1
2008,9.94779,122.44968,1
2008,10.11554,123.26972,1
2008,10.13832,123.24702,1
2008,10.23964,123.26123,1
2008,10.24875,123.84208,1
2008,10.24972,13.02111,1
2008,10.38804,123.22066,1
2008,10.46265,23.28997,1
2008,10.48283,-66.96213,1
2008,10.59583,123.48317,1
2008,10.6163,47.36667,1
2008,10.64964,122.23352,1
2008,10.68659,122.51116,2
2008,10.71532,122.53298,1
2008,10.73921,123.44461,1
2008,10.75696,123.48208,1
2008,10.80193,123.48851,2
2008,10.82063,123.55707,1
2008,10.88942,123.41537,1
2008,10.93554,123.42197,1
2008,10.95667,-72.78887,1
2008,11.03333,-72.65,1
2008,11.16656,123.01708,1
2008,11.27225,-73.30985,1
2008,11.2748,49.17966,7
2008,11.34887,122.60967,1
2008,11.37612,122.54518,1
2008,11.37776,-72.23889,4
2008,11.3869,122.78094,1
2008,11.54409,-72.90688,1
2008,11.55883,104.91744,2
2008,11.5759,24.57834,1
2008,11.58341,122.75214,1
2008,11.77554,124.88573,1
2008,11.98084,124.82527,1
2008,12.03783,123.19366,1
2008,12.05538,24.9539,1
2008,12.05719,24.8787,2
2008,12.12669,15.0284,3
2008,12.13886,123.79094,1
2008,12.22423,21.41347,1
2008,12.22531,123.78322,2
2008,12.29095,123.70374,1
2008,12.36977,123.62685,1
2008,12.56415,-16.26398,1
2008,12.6378,123.68545,1
2008,12.63966,-8.00353,1
2008,12.67979,24.98364,1
2008,12.70338,124.045,1
2008,12.75497,19.4239,1
2008,12.76603,20.4661,1
2008,12.82565,44.84642,1
2008,12.82986,123.87664,1
2008,12.85611,124.14802,1
2008,12.90176,123.24524,2
2008,12.91419,77.61466,1
2008,12.91549,23.47828,3
2008,12.91837,123.65935,1
2008,12.92264,77.61744,1
2008,12.928,77.5038,1
2008,12.942,77.6083,2
2008,12.96157,77.60993,1
2008,12.96828,77.59495,1
2008,12.9716,77.59456,2
2008,12.98995,123.67335,1
2008,13.1447,123.74156,1
2008,13.22702,123.59606,1
2008,13.24087,123.53761,3
2008,13.4479,22.46491,1
2008,13.44891,22.46501,1
2008,13.44925,22.46496,1
2008,13.5116,2.12538,1
2008,13.51667,2.11667,1
2008,13.53253,44.84967,1
2008,13.57112,123.18677,1
2008,13.70266,44.73357,2
2008,13.7072,1.77831,1
2008,13.70806,100.58389,1
2008,13.7279,100.52412,3
2008,13.7279,101.17898,7
2008,13.78579,100.56085,4
2008,13.79195,121.0075,1
2008,13.88365,120.91618,1
2008,13.89596,120.92906,1
2008,13.8995,100.54264,1
2008,13.91361,100.58972,1
2008,13.92438,122.59621,1
2008,13.96492,121.52616,2
2008,14.00194,22.61676,1
2008,14.02934,124.14141,1
2008,14.07087,120.63332,1
2008,14.14785,121.59616,1
2008,14.20979,24.6574,1
2008,14.44291,120.99387,1
2008,14.48385,121.0145,1
2008,14.52554,20.92607,1
2008,14.52618,46.84493,1
2008,14.54454,121.36408,1
2008,14.59935,120.98477,1
2008,14.67428,121.0575,4
2008,14.68767,-6.01656,1
2008,14.70417,120.98238,1
2008,14.84504,121.96934,1
2008,14.91533,120.76587,1
2008,14.93334,121.81667,1
2008,14.97089,8.88786,2
2008,15.0408,2.705,1
2008,15.10742,8.54738,1
2008,15.24271,120.88827,1
2008,15.32544,44.2119,6
2008,15.36471,75.12395,1
2008,15.45639,45.32487,3
2008,15.46024,119.98972,1
2008,15.50075,32.56008,1
2008,15.55496,48.1728,1
2008,15.59498,119.95237,1
2008,15.61654,120.43591,1
2008,15.64829,32.48072,1
2008,15.70167,48.27374,1
2008,15.7662,24.90422,1
2008,15.87003,100.99254,1
2008,15.9642,48.78252,2
2008,16.01972,120.2308,1
2008,16.0503,120.5926,1
2008,16.11621,119.80004,1
2008,16.1231,120.4056,1
2008,16.25777,97.7252,1
2008,16.25797,97.71647,1
2008,16.30185,80.43659,1
2008,16.4037,120.59792,1
2008,16.4688,121.23677,1
2008,16.78417,121.535,2
2008,16.82099,79.9291,1
2008,16.88642,97.63288,3
2008,16.88778,96.14956,8
2008,16.90215,99.01289,1
2008,16.91749,43.76241,1
2008,16.93475,43.76484,2
2008,17.1667,43.2,1
2008,17.24705,80.14929,2
2008,17.37681,78.48781,1
2008,17.41174,121.43845,1
2008,17.49106,120.76159,1
2008,17.61497,121.40672,1
2008,17.65007,121.68908,1
2008,17.78694,96.67851,1
2008,17.83768,81.42903,1
2008,17.8789,81.39012,1
2008,17.91624,81.52124,1
2008,17.94206,82.38442,1
2008,18.07928,-15.96511,1
2008,18.10646,83.39569,1
2008,18.10871,82.10879,1
2008,18.27587,78.80939,1
2008,18.27824,74.31741,1
2008,18.28667,82.58681,1
2008,18.34037,81.18164,1
2008,18.34048,80.42994,1
2008,18.36419,81.89242,9
2008,18.44757,1.40887,1
2008,18.70164,81.24845,1
2008,18.7325,7.36806,1
2008,18.73694,7.38528,1
2008,18.7554,81.02855,1
2008,18.79167,80.81667,3
2008,18.79326,81.62415,1
2008,18.81524,82.7121,1
2008,18.89539,81.35144,2
2008,18.9,81.35,4
2008,18.9067,72.81471,1
2008,18.96679,80.3488,1
2008,19.07598,72.87766,6
2008,19.08071,82.0178,1
2008,19.08333,82.02306,1
2008,19.10762,1.74838,2
2008,19.13466,81.38943,1
2008,19.13728,81.55472,1
2008,19.17,83.42,1
2008,19.20348,81.93453,4
2008,19.21833,72.97809,1
2008,19.28391,83.35493,1
2008,19.37189,-99.08662,2
2008,19.41335,80.00591,1
2008,19.46485,0.85639,1
2008,19.70059,-101.18642,1
2008,19.72353,81.24241,3
2008,19.84109,75.88964,1
2008,19.93679,2.91667,1
2008,20.06138,84.23578,1
2008,20.09262,80.6743,1
2008,20.09848,81.15959,1
2008,20.12734,85.10506,1
2008,20.1342,84.01674,3
2008,20.14603,80.78457,1
2008,20.18184,80.00684,1
2008,20.19728,1.014,1
2008,20.19889,83.91354,1
2008,20.24076,80.59696,1
2008,20.24502,100.23758,1
2008,20.27194,81.49306,1
2008,20.4485,99.88419,1
2008,20.55462,74.52599,1
2008,20.71,81.55,1
2008,20.8279,97.08532,1
2008,20.8444,85.15108,1
2008,21.11022,84.72372,1
2008,21.19,81.28,1
2008,21.21104,72.85311,1
2008,21.2205,72.83106,27
2008,21.25138,81.62964,1
2008,21.31123,96.21453,1
2008,21.43335,97.9692,1
2008,21.46687,83.98117,1
2008,21.63869,85.60694,3
2008,22.07962,82.13914,1
2008,22.30971,73.20945,1
2008,22.32047,114.1719,1
2008,22.3419,91.81512,2
2008,22.34295,87.30456,1
2008,22.37294,90.33737,1
2008,22.39102,84.61224,1
2008,22.40419,87.37987,1
2008,22.42411,87.31899,1
2008,22.48668,86.49966,1
2008,22.5406,88.13646,1
2008,22.56204,87.15476,1
2008,22.71848,89.07048,1
2008,22.73415,-12.46754,1
2008,22.87512,86.50597,1
2008,22.93019,84.41989,1
2008,22.95592,86.05517,1
2008,22.98676,87.85498,1
2008,23.03,72.58,17
2008,23.04151,84.54449,2
2008,23.07528,85.27889,1
2008,23.08922,84.2288,1
2008,23.14816,84.3726,1
2008,23.16396,89.213,1
2008,23.17047,85.59114,2
2008,23.17471,86.27426,1
2008,23.23242,87.86148,1
2008,23.26412,85.64477,1
2008,23.33208,86.36521,2
2008,23.36997,85.32501,3
2008,23.37928,85.72692,1
2008,23.38207,22.31384,1
2008,23.43,84.68,1
2008,23.46287,73.29994,1
2008,23.4708,88.54663,1
2008,23.51944,85.21902,1
2008,23.58802,89.83558,1
2008,23.60127,89.83596,1
2008,23.60622,83.61775,1
2008,23.61018,85.27994,1
2008,23.62833,85.52111,1
2008,23.64075,88.8452,1
2008,23.65228,84.94135,1
2008,23.74419,84.50443,4
2008,23.78002,89.64739,1
2008,23.79128,90.4182,2
2008,23.83186,91.28713,5
2008,23.89968,91.40482,1
2008,23.90531,86.19333,2
2008,23.93199,83.49797,1
2008,23.96712,91.11196,1
2008,24.00245,86.28314,1
2008,24.00356,86.14719,1
2008,24.00658,89.24413,1
2008,24.04899,84.04053,1
2008,24.05714,88.5831,1
2008,24.07187,89.53089,1
2008,24.12861,84.18571,5
2008,24.1341,84.21339,1
2008,24.17979,86.30677,2
2008,24.18,88.27,2
2008,24.19688,91.83305,1
2008,24.20424,84.87094,3
2008,24.20738,84.64982,1
2008,24.2355,93.02539,1
2008,24.28181,93.6819,2
2008,24.31164,96.72614,1
2008,24.31833,84.30306,1
2008,24.33168,94.0007,2
2008,24.34327,84.86396,2
2008,24.34609,93.6999,2
2008,24.34885,94.05222,1
2008,24.36106,84.84246,1
2008,24.39835,93.7206,1
2008,24.40415,86.32627,1
2008,24.43182,93.80914,1
2008,24.44921,92.53573,1
2008,24.45539,89.69995,1
2008,24.46287,84.1778,1
2008,24.53104,93.94224,1
2008,24.55321,84.02864,1
2008,24.58017,93.97197,1
2008,24.58278,73.69813,1
2008,24.59935,94.03904,1
2008,24.60088,88.47823,1
2008,24.62872,93.76132,4
2008,24.63292,76.78833,1
2008,24.64492,93.99929,4
2008,24.66372,93.90627,1
2008,24.66737,94.03629,1
2008,24.67,94.07,1
2008,24.67517,93.90008,3
2008,24.68009,94.04845,2
2008,24.6988,93.86097,1
2008,24.73545,84.86213,1
2008,24.74407,86.45793,2
2008,24.7499,84.3709,4
2008,24.75697,93.85281,1
2008,24.77292,86.38614,1
2008,24.78147,84.98641,2
2008,24.78185,93.88636,1
2008,24.79545,84.99943,1
2008,24.79835,93.94043,44
2008,24.80175,92.94476,1
2008,24.80697,94.14498,1
2008,24.81701,93.93684,3
2008,24.81866,84.63756,1
2008,24.82133,93.85599,1
2008,24.82213,93.87421,1
2008,24.82552,87.21352,1
2008,24.8699,94.05081,1
2008,24.89112,67.14331,32
2008,24.89778,91.87139,1
2008,24.91529,87.01024,1
2008,24.92434,86.22056,1
2008,24.92439,86.22071,1
2008,24.95612,94.02421,1
2008,24.98452,93.50351,2
2008,25.01688,85.415,1
2008,25.01946,88.27744,1
2008,25.03,87.32,1
2008,25.03772,102.7222,1
2008,25.04454,66.87467,3
2008,25.04608,102.65356,1
2008,25.06912,84.01658,1
2008,25.0908,85.31118,1
2008,25.09108,121.55983,1
2008,25.09607,85.31312,1
2008,25.09966,94.36085,1
2008,25.10558,85.16312,1
2008,25.1181,92.85619,1
2008,25.12587,93.01834,1
2008,25.15179,84.98163,2
2008,25.16331,93.01282,1
2008,25.17088,93.06126,1
2008,25.19761,86.54027,1
2008,25.21054,87.16151,1
2008,25.26429,93.17821,1
2008,25.26786,63.46099,1
2008,25.2727,94.0265,2
2008,25.30978,85.10041,1
2008,25.32144,93.0285,1
2008,25.33615,93.00994,1
2008,25.33858,93.13267,1
2008,25.35507,85.9279,1
2008,25.36266,92.98411,1
2008,25.3811,86.46501,1
2008,25.38115,86.46516,1
2008,25.38929,68.35734,1
2008,25.42672,-100.99542,1
2008,25.47283,82.57053,1
2008,25.49217,93.00571,1
2008,25.51248,93.73907,1
2008,25.57948,92.21998,1
2008,25.60475,89.93508,1
2008,25.62636,88.63458,2
2008,25.65166,94.10308,1
2008,25.66115,94.09319,1
2008,25.6701,94.1077,4
2008,25.67321,-100.3092,1
2008,25.6985,85.1659,1
2008,25.78673,93.84805,1
2008,25.7931,-80.1349,1
2008,25.8255,92.89975,1
2008,25.84638,93.4306,3
2008,25.84691,93.42976,2
2008,25.85043,92.88347,1
2008,25.89471,93.71558,1
2008,25.9035,93.72531,1
2008,25.90627,93.72759,13
2008,25.9147,93.73217,1
2008,25.92144,93.71939,1
2008,25.96073,93.49747,1
2008,25.98364,90.78295,1
2008,25.989,94.7758,1
2008,26.02086,93.77817,1
2008,26.02092,89.97445,1
2008,26.06165,93.18676,1
2008,26.0738,93.29346,1
2008,26.08025,90.38912,1
2008,26.09018,89.96445,1
2008,26.10937,93.0332,1
2008,26.11389,50.48167,1
2008,26.14979,91.76393,5
2008,26.1503,91.73606,2
2008,26.17073,92.93235,2
2008,26.172,91.56692,1
2008,26.17212,68.83592,1
2008,26.20029,68.15092,1
2008,26.20929,93.05086,1
2008,26.24196,68.39929,1
2008,26.24582,127.7218,1
2008,26.28973,91.6946,1
2008,26.33311,90.50261,1
2008,26.34456,92.68145,1
2008,26.34891,92.68282,1
2008,26.37853,91.29567,1
2008,26.39802,90.26942,4
2008,26.41659,92.8447,1
2008,26.4249,90.97242,1
2008,26.42716,91.96418,1
2008,26.43083,85.14056,1
2008,26.43337,89.90254,1
2008,26.44576,90.2315,1
2008,26.45309,87.27079,1
2008,26.45341,87.27848,2
2008,26.45407,87.27951,1
2008,26.45439,87.28034,1
2008,26.46829,84.45252,1
2008,26.47007,87.23005,1
2008,26.47947,90.55687,6
2008,26.48388,90.16544,1
2008,26.49184,89.52686,1
2008,26.49985,90.96954,1
2008,26.49992,91.17915,1
2008,26.52447,91.35051,1
2008,26.5403,86.74838,3
2008,26.54056,86.74852,1
2008,26.54257,90.47485,2
2008,26.54999,86.81678,1
2008,26.57511,86.75432,1
2008,26.58214,86.46427,2
2008,26.59461,85.48371,1
2008,26.61726,86.70139,3
2008,26.63346,85.79995,1
2008,26.63496,85.0007,1
2008,26.63924,91.57421,1
2008,26.63975,87.14014,1
2008,26.63982,87.89424,1
2008,26.65125,90.63904,1
2008,26.66288,91.35472,2
2008,26.67398,91.42027,1
2008,26.67621,87.46425,2
2008,26.67878,92.85767,1
2008,26.70187,91.19668,1
2008,26.70838,88.42687,1
2008,26.73158,91.55747,1
2008,26.73267,85.92479,5
2008,26.74547,92.0957,2
2008,26.74602,92.09594,5
2008,26.75241,85.32654,1
2008,26.76645,85.30178,1
2008,26.76667,85.26672,2
2008,26.77979,85.80993,1
2008,26.78287,85.27759,2
2008,26.79258,92.29094,1
2008,26.7957,86.2971,1
2008,26.80676,93.37668,1
2008,26.82694,86.08278,3
2008,26.83226,86.01356,2
2008,26.8352,89.45323,1
2008,26.84598,87.46104,1
2008,26.84669,80.94617,1
2008,26.87056,90.4854,1
2008,26.87486,85.80624,1
2008,26.87662,85.8095,3
2008,26.89979,86.70139,1
2008,26.91774,85.30787,1
2008,26.94002,85.27007,1
2008,26.94846,94.53221,1
2008,26.98023,94.63009,1
2008,26.98365,87.3186,1
2008,26.99997,85.46751,1
2008,27.04477,84.86737,11
2008,27.04869,85.31362,2
2008,27.05317,84.77177,1
2008,27.06778,68.61417,1
2008,27.08327,84.46647,1
2008,27.08676,93.60872,1
2008,27.13406,85.06502,1
2008,27.1602,85.35004,2
2008,27.17359,84.85679,2
2008,27.18403,95.34685,1
2008,27.20627,94.15188,1
2008,27.2275,86.82203,1
2008,27.31385,95.04963,1
2008,27.32987,86.78964,1
2008,27.3707,62.3342,3
2008,27.37554,95.2769,1
2008,27.49193,95.34783,3
2008,27.52426,84.34697,1
2008,27.55877,85.70554,1
2008,27.61419,87.14229,1
2008,27.62015,84.36999,1
2008,27.62642,83.37894,1
2008,27.64315,83.89063,1
2008,27.64868,84.41722,1
2008,27.70875,85.3295,18
2008,27.7424,86.73033,1
2008,27.80992,66.62096,4
2008,27.82525,83.63484,1
2008,27.82931,95.2195,1
2008,27.82938,84.00343,1
2008,27.92241,85.25983,1
2008,27.92751,83.53388,1
2008,27.95488,68.63894,1
2008,28.00454,84.63058,1
2008,28.00634,110.18393,1
2008,28.01,81.71,1
2008,28.05606,81.62801,4
2008,28.09995,82.86599,1
2008,28.1509,81.7651,1
2008,28.22151,83.41484,1
2008,28.23219,81.33346,1
2008,28.26809,83.97238,2
2008,28.27655,84.3542,1
2008,28.28002,68.44041,1
2008,28.31216,65.66389,1
2008,28.34007,68.189,6
2008,28.34232,64.47813,1
2008,28.38066,68.34315,4
2008,28.38344,82.6483,1
2008,28.40238,69.93721,1
2008,28.45842,68.13322,8
2008,28.51626,81.77874,1
2008,28.54439,68.218,2
2008,28.5575,65.44417,1
2008,28.58584,77.15334,9
2008,28.63081,69.18626,3
2008,28.63331,69.19037,10
2008,28.67104,77.41533,1
2008,28.81849,66.20262,1
2008,28.83656,-105.91433,1
2008,28.8372,80.32131,1
2008,28.94724,61.58476,1
2008,28.94913,58.88415,1
2008,29.03441,69.15866,14
2008,29.04785,66.59332,3
2008,29.05878,76.0856,1
2008,29.14387,69.09978,5
2008,29.2241,67.66711,1
2008,29.30684,120.07506,1
2008,29.50674,82.08536,1
2008,29.53881,65.98859,1
2008,29.55231,66.02051,1
2008,29.59132,52.58361,1
2008,29.67386,68.7155,2
2008,29.68569,76.99048,1
2008,29.68887,72.99367,1
2008,29.71639,80.77028,1
2008,29.85538,67.33993,2
2008,29.89609,69.25024,1
2008,30.03432,70.63968,1
2008,30.0433,69.92381,1
2008,30.08452,66.98344,5
2008,30.20082,66.99435,30
2008,30.43977,47.57492,1
2008,30.45,47.98333,1
2008,30.51005,47.7781,32
2008,30.60847,33.61758,1
2008,30.66667,34.83333,6
2008,30.86904,66.14153,1
2008,30.88536,46.46797,1
2008,30.92211,66.45153,3
2008,30.95993,61.86895,5
2008,30.99607,65.47574,1
2008,31.00274,66.40562,8
2008,31.01948,34.59094,1
2008,31.02615,62.45042,2
2008,31.04437,46.26145,3
2008,31.0705,35.03053,1
2008,31.10423,46.36247,1
2008,31.13794,66.26137,1
2008,31.13936,65.76095,1
2008,31.19211,34.44947,6
2008,31.22038,121.48291,1
2008,31.22442,34.27041,1
2008,31.22491,34.27096,1
2008,31.23176,121.48444,1
2008,31.24848,34.78785,1
2008,31.26241,34.32124,2
2008,31.27879,34.25644,1
2008,31.31093,34.40206,3
2008,31.34696,34.30143,1
2008,31.34802,34.49109,15
2008,31.34924,34.36038,1
2008,31.35647,34.3272,1
2008,31.35654,34.32572,1
2008,31.36365,63.95856,1
2008,31.36365,63.95861,3
2008,31.3749,34.39802,5
2008,31.3756,121.2653,1
2008,31.41721,34.35089,1
2008,31.42194,34.38611,1
2008,31.42496,34.5938,2
2008,31.43827,34.40258,2
2008,31.45304,34.46551,2
2008,31.46746,64.09244,1
2008,31.47261,34.4977,3
2008,31.48128,34.48445,1
2008,31.48405,34.53344,3
2008,31.49971,65.00085,2
2008,31.50241,34.45974,20
2008,31.50547,74.34288,11
2008,31.50644,34.6217,1
2008,31.50672,34.63279,6
2008,31.5282,34.59638,44
2008,31.53024,35.09416,1
2008,31.53619,34.53957,1
2008,31.53783,34.48953,1
2008,31.54448,65.48457,1
2008,31.54611,65.85806,1
2008,31.55004,65.45263,2
2008,31.55527,65.06283,1
2008,31.58583,67.02819,1
2008,31.60063,64.36965,6
2008,31.6119,65.6811,1
2008,31.61767,65.67594,1
2008,31.61931,65.05016,2
2008,31.61972,65.89722,1
2008,31.62283,62.86937,4
2008,31.62304,65.05425,2
2008,31.63108,65.74223,23
2008,31.63782,64.2378,1
2008,31.64,64.24,2
2008,31.64028,65.3975,3
2008,31.6494,35.11554,1
2008,31.65003,65.65002,1
2008,31.65045,65.45831,1
2008,31.66267,63.01476,1
2008,31.66932,34.5708,3
2008,31.67015,34.57515,15
2008,31.70503,65.68963,1
2008,31.70843,35.13343,1
2008,31.71361,61.6225,1
2008,31.71397,34.64986,1
2008,31.71939,80.28759,2
2008,31.71999,72.97881,1
2008,31.73333,-106.48333,1
2008,31.7716,35.2034,2
2008,31.78484,35.22461,3
2008,31.79984,65.06227,1
2008,31.80262,66.32472,2
2008,31.82144,34.66517,1
2008,31.82587,64.57643,7
2008,31.83433,70.90905,12
2008,31.84822,47.1452,2
2008,31.8732,34.97841,1
2008,31.88462,44.48912,1
2008,31.90714,35.19822,3
2008,31.91477,63.11456,1
2008,31.91725,35.21859,1
2008,31.93246,35.04239,1
2008,31.95332,35.24987,1
2008,31.97344,35.14034,1
2008,31.97535,35.19621,1
2008,31.97584,67.37435,1
2008,31.98958,44.92378,1
2008,32.0,44.33,1
2008,32.00606,35.12593,1
2008,32.0325,65.13583,1
2008,32.03292,44.39965,1
2008,32.04994,67.64948,1
2008,32.05556,35.28953,1
2008,32.07223,35.06414,1
2008,32.07333,64.83389,4
2008,32.08514,35.18075,1
2008,32.1002,66.90102,4
2008,32.10769,66.95918,1
2008,32.10814,35.1142,1
2008,32.12894,35.04652,1
2008,32.1423,35.28639,1
2008,32.16186,35.13722,1
2008,32.165,63.4253,2
2008,32.17716,35.05588,4
2008,32.19188,67.18945,4
2008,32.19614,34.98152,1
2008,32.19619,34.98149,1
2008,32.19747,68.34734,1
2008,32.20944,70.38354,1
2008,32.22227,35.25351,6
2008,32.23083,62.92059,1
2008,32.24174,62.94865,2
2008,32.26454,68.52472,7
2008,32.26808,-107.75867,1
2008,32.28472,72.28145,1
2008,32.3061,69.57996,8
2008,32.32024,69.85974,8
2008,32.32265,65.1184,1
2008,32.3232,64.81108,3
2008,32.32932,69.8564,1
2008,32.33334,70.12828,2
2008,32.33681,45.56294,1
2008,32.34687,69.75725,1
2008,32.36552,44.65782,1
2008,32.37001,62.12846,3
2008,32.3717,75.52291,1
2008,32.46819,44.55019,1
2008,32.46924,44.41664,7
2008,32.47556,69.63606,1
2008,32.49368,-116.95295,1
2008,32.49533,62.26266,2
2008,32.50764,63.76954,1
2008,32.51577,69.28947,1
2008,32.53329,45.82945,8
2008,32.53972,44.41472,1
2008,32.55301,75.11075,2
2008,32.55976,41.91965,1
2008,32.60241,45.7521,1
2008,32.60439,44.00714,10
2008,32.62374,65.45643,1
2008,32.62515,62.47977,3
2008,32.6664,65.90363,6
2008,32.66748,69.85974,2
2008,32.67706,67.71391,2
2008,32.67785,61.98139,2
2008,32.71569,-117.16172,1
2008,32.71578,69.28179,1
2008,32.7266,74.85703,1
2008,32.77734,44.28935,7
2008,32.77789,61.65673,1
2008,32.78111,69.32917,1
2008,32.81614,67.763,1
2008,32.83278,67.29194,1
2008,32.83293,-117.27131,1
2008,32.85333,68.44972,2
2008,32.86701,44.22046,1
2008,32.87408,70.02709,1
2008,32.88018,44.38696,2
2008,32.88716,44.34164,5
2008,32.90109,69.7494,1
2008,32.91071,45.06299,1
2008,32.92668,69.92009,1
2008,32.93,66.68912,1
2008,32.93653,68.6473,1
2008,32.94302,69.17988,2
2008,32.94887,75.75532,1
2008,32.96847,68.80741,1
2008,32.97464,70.14558,1
2008,32.97543,70.27374,5
2008,32.98293,44.3616,1
2008,32.98302,75.71098,1
2008,32.9833,67.9666,1
2008,32.985,70.60694,1
2008,32.98735,70.60252,9
2008,33.00652,70.06825,9
2008,33.0154,70.74906,1
2008,33.03222,75.91003,1
2008,33.03235,66.00603,1
2008,33.05799,44.35484,1
2008,33.07835,44.25472,1
2008,33.08026,74.83662,2
2008,33.10053,44.58449,4
2008,33.11778,69.01556,2
2008,33.11829,35.13987,1
2008,33.13706,75.5153,1
2008,33.14575,75.54805,7
2008,33.16356,43.86311,4
2008,33.1782,68.75253,2
2008,33.19314,68.10185,2
2008,33.19367,68.102,6
2008,33.20194,69.515,2
2008,33.22312,44.54078,1
2008,33.22432,71.50418,1
2008,33.24154,69.82847,1
2008,33.24222,69.82806,1
2008,33.24718,44.02545,3
2008,33.2525,75.05778,1
2008,33.25944,70.20528,1
2008,33.26651,75.00489,1
2008,33.2795,69.59859,2
2008,33.28336,44.52046,1
2008,33.29867,44.4232,1
2008,33.30075,69.88411,4
2008,33.30357,44.37177,454
2008,33.30438,62.15419,1
2008,33.30958,74.85949,1
2008,33.31065,44.03821,5
2008,33.31329,75.76337,3
2008,33.31517,69.69891,1
2008,33.31667,69.82083,1
2008,33.31957,68.4513,6
2008,33.33188,69.17837,1
2008,33.33385,69.93717,2
2008,33.33451,75.71534,1
2008,33.33526,69.92847,11
2008,33.33611,69.98111,1
2008,33.3402,75.19831,1
2008,33.34916,43.7842,19
2008,33.34964,62.33372,1
2008,33.35851,69.85974,5
2008,33.36598,69.43823,3
2008,33.36806,70.01389,1
2008,33.36842,6.86752,1
2008,33.37172,74.31531,1
2008,33.38609,70.12921,1
2008,33.4017,44.35766,1
2008,33.40306,43.91186,4
2008,33.42,68.294,1
2008,33.42095,43.29566,6
2008,33.42303,70.73581,3
2008,33.43701,75.19394,1
2008,33.44384,70.90712,1
2008,33.44984,70.06404,5
2008,33.45853,69.99509,4
2008,33.46583,70.09111,1
2008,33.46667,68.48333,1
2008,33.47041,68.48457,1
2008,33.47358,68.65084,1
2008,33.47809,68.90647,1
2008,33.48667,60.8825,1
2008,33.49148,69.05105,1
2008,33.49278,70.44972,1
2008,33.49823,67.7616,5
2008,33.5,70.05,2
2008,33.5086,70.12376,1
2008,33.51524,36.29208,1
2008,33.52889,71.05612,14
2008,33.53073,44.27429,1
2008,33.53975,69.73107,1
2008,33.54134,69.92017,1
2008,33.542,35.38115,9
2008,33.54262,68.41533,5
2008,33.54298,68.41442,1
2008,33.54309,9.97003,1
2008,33.54577,69.55089,1
2008,33.55043,35.37096,2
2008,33.55111,75.51602,1
2008,33.56252,70.32691,1
2008,33.56538,71.48283,1
2008,33.56656,69.87835,1
2008,33.57174,44.53621,1
2008,33.57181,44.53607,4
2008,33.5906,71.44062,7
2008,33.59401,73.06908,3
2008,33.59863,69.229,2
2008,33.61556,44.33889,1
2008,33.61796,44.57243,1
2008,33.62389,70.30556,1
2008,33.63895,70.12176,1
2008,33.63957,68.76319,1
2008,33.66969,44.38132,3
2008,33.67164,73.05607,8
2008,33.67263,44.85395,1
2008,33.67444,68.91111,1
2008,33.68745,71.51604,8
2008,33.69341,44.79608,1
2008,33.69395,45.06742,14
2008,33.69472,68.89278,1
2008,33.69586,70.33607,1
2008,33.69597,70.33607,6
2008,33.69727,71.14485,9
2008,33.7,44.66667,1
2008,33.70394,70.32865,1
2008,33.7062,69.38311,2
2008,33.71699,44.67952,8
2008,33.717,74.83609,1
2008,33.72508,66.12634,1
2008,33.72771,68.1778,1
2008,33.73222,75.15791,2
2008,33.74324,44.62382,62
2008,33.745,45.54562,4
2008,33.74937,-116.96789,1
2008,33.75,44.63333,1
2008,33.75222,44.69896,2
2008,33.76634,72.35734,1
2008,33.77028,72.35471,1
2008,33.77335,45.14945,6
2008,33.77817,76.57617,1
2008,33.78903,35.48074,1
2008,33.7916,35.55725,1
2008,33.79472,35.62698,1
2008,33.79598,45.24738,3
2008,33.79694,68.93458,1
2008,33.80544,75.03392,1
2008,33.81006,35.59729,3
2008,33.81685,35.86424,2
2008,33.82118,35.88241,2
2008,33.83222,68.94681,1
2008,33.84862,44.52212,6
2008,33.85238,35.49485,1
2008,33.86374,67.75309,1
2008,33.88852,35.50351,13
2008,33.898,70.10754,2
2008,33.90858,71.07006,11
2008,33.91861,44.92111,1
2008,33.92659,44.77206,1
2008,33.92778,35.62083,1
2008,33.92917,68.65972,1
2008,33.93101,75.11421,1
2008,33.93407,75.26832,1
2008,33.95,44.98333,8
2008,33.95317,44.92191,8
2008,33.96917,68.94472,4
2008,33.97135,44.92668,1
2008,33.97631,71.43716,1
2008,33.97838,74.812,1
2008,33.99167,44.7775,1
2008,33.99459,44.35727,1
2008,34.00174,69.21024,1
2008,34.00258,71.38248,6
2008,34.006,71.53743,35
2008,34.00721,71.98308,1
2008,34.00843,68.71789,2
2008,34.01047,44.14824,9
2008,34.01455,69.19239,2
2008,34.0164,74.72187,1
2008,34.01645,64.52664,1
2008,34.02119,68.99953,5
2008,34.02357,44.03136,1
2008,34.02836,44.75482,1
2008,34.05711,44.21829,5
2008,34.06906,44.8618,1
2008,34.07027,134.55484,1
2008,34.07272,44.28772,4
2008,34.08277,68.7617,2
2008,34.08374,74.7899,3
2008,34.09787,-118.40738,1
2008,34.09958,64.90596,1
2008,34.10281,68.57692,1
2008,34.10478,70.53194,1
2008,34.11033,71.1638,4
2008,34.12022,71.10124,2
2008,34.1231,72.46902,1
2008,34.12573,45.00334,5
2008,34.14658,71.74354,2
2008,34.16139,72.22979,1
2008,34.17183,70.62168,1
2008,34.17687,61.70056,2
2008,34.18634,45.12606,1
2008,34.18635,45.12608,1
2008,34.20059,72.04844,5
2008,34.20842,43.89071,8
2008,34.20885,69.14341,1
2008,34.2147,69.09841,1
2008,34.21728,71.56104,2
2008,34.2218,36.37681,1
2008,34.22921,70.19321,1
2008,34.23995,44.51011,2
2008,34.23996,44.51016,1
2008,34.25,70.56667,1
2008,34.25528,70.86556,1
2008,34.26402,74.90106,1
2008,34.26499,108.94427,1
2008,34.27103,45.16357,11
2008,34.27609,70.36025,1
2008,34.27747,72.14613,1
2008,34.28535,71.93211,1
2008,34.28889,74.46371,5
2008,34.30094,74.46764,1
2008,34.32002,71.399,5
2008,34.32119,71.41011,1
2008,34.34194,62.20306,1
2008,34.34672,62.19732,6
2008,34.34734,45.38327,10
2008,34.34889,63.17778,2
2008,34.35321,44.68145,1
2008,34.35639,68.73944,1
2008,34.36106,68.84069,3
2008,34.36173,70.47034,1
2008,34.36889,69.21833,1
2008,34.37611,62.24306,1
2008,34.3965,72.61583,1
2008,34.39857,72.06038,1
2008,34.39928,74.28127,1
2008,34.40311,68.85717,1
2008,34.40429,72.55791,1
2008,34.41712,70.44959,2
2008,34.43004,74.64957,1
2008,34.43084,44.93409,2
2008,34.43809,35.83084,15
2008,34.45889,43.791,4
2008,34.47413,68.65255,1
2008,34.50047,72.52199,1
2008,34.5106,35.96949,1
2008,34.51089,72.48452,1
2008,34.5169,69.14701,20
2008,34.52132,65.24924,1
2008,34.52467,69.19239,1
2008,34.52618,74.25461,2
2008,34.52691,43.70855,3
2008,34.53203,36.05976,1
2008,34.53288,36.13281,1
2008,34.53333,69.16667,1
2008,34.53375,43.48374,2
2008,34.54777,71.46673,1
2008,34.55212,74.35088,1
2008,34.55389,70.24278,2
2008,34.56549,71.47743,15
2008,34.57486,71.27608,1
2008,34.58944,69.75999,1
2008,34.59114,68.95694,2
2008,34.6159,71.93862,3
2008,34.61611,71.97088,1
2008,34.62152,43.66838,14
2008,34.64337,71.026,1
2008,34.66771,72.34352,1
2008,34.675,4.08944,1
2008,34.67728,72.22209,2
2008,34.68611,70.91566,2
2008,34.70511,45.56496,1
2008,34.70514,70.15405,1
2008,34.72772,43.64969,1
2008,34.73308,71.49239,1
2008,34.73352,71.51966,5
2008,34.75944,69.47167,2
2008,34.76548,72.32809,2
2008,34.76723,72.37678,2
2008,34.77448,72.36405,18
2008,34.79066,44.66215,5
2008,34.79088,69.65926,1
2008,34.79216,72.28428,16
2008,34.79918,72.57221,1
2008,34.80083,72.29757,1
2008,34.8038,71.46816,1
2008,34.80902,72.43058,1
2008,34.80928,72.43073,1
2008,34.80996,72.35774,1
2008,34.82215,72.34708,1
2008,34.82408,70.36069,1
2008,34.83016,71.84278,2
2008,34.8351,72.4417,1
2008,34.83529,72.44189,7
2008,34.84128,72.41452,1
2008,34.84413,69.15508,1
2008,34.84659,71.09732,2
2008,34.85633,69.64912,2
2008,34.8569,71.42994,10
2008,34.86688,71.79282,1
2008,34.87566,71.15201,3
2008,34.88135,44.62513,13
2008,34.88894,71.17688,1
2008,34.89,71.18,1
2008,34.91583,69.62778,1
2008,34.92485,43.49141,6
2008,34.92792,72.41515,5
2008,34.92969,72.41683,9
2008,34.93019,72.41525,3
2008,34.93058,72.41689,1
2008,34.93858,72.42585,1
2008,34.94046,72.42783,2
2008,34.94124,72.46981,6
2008,34.94907,72.38348,1
2008,34.95262,72.33111,2
2008,34.96667,69.56667,1
2008,34.97647,72.29242,1
2008,34.97705,72.29393,1
2008,34.9814,72.36203,1
2008,34.98894,70.91122,1
2008,34.9925,71.41917,1
2008,34.99591,72.4562,1
2008,35.00064,7.30994,1
2008,35.01139,69.33167,1
2008,35.01646,72.36181,12
2008,35.01816,69.16899,3
2008,35.02569,72.33776,1
2008,35.0307,71.35214,1
2008,35.07534,72.85466,2
2008,35.07941,72.42876,16
2008,35.08816,63.09357,2
2008,35.11759,7.76733,1
2008,35.11821,7.76722,1
2008,35.11997,70.74142,1
2008,35.20229,71.87301,7
2008,35.21023,4.18837,1
2008,35.21389,70.37333,1
2008,35.21462,0.96719,1
2008,35.22112,72.44499,1
2008,35.24333,62.28389,1
2008,35.26318,44.18048,1
2008,35.26481,62.9995,1
2008,35.2677,7.75058,2
2008,35.27102,43.45808,2
2008,35.28134,139.6722,1
2008,35.30305,44.32993,3
2008,35.32612,43.78081,6
2008,35.40181,69.14471,1
2008,35.40709,43.89346,1
2008,35.41068,71.33816,1
2008,35.45211,44.37546,67
2008,35.46667,44.31667,1
2008,35.49203,72.52048,1
2008,35.49944,43.23489,1
2008,35.51624,24.01881,1
2008,35.55,6.16667,1
2008,35.56071,71.79727,1
2008,35.56701,45.38549,3
2008,35.56943,42.72303,1
2008,35.61572,-87.03545,1
2008,35.62392,45.94917,1
2008,35.63125,44.00856,1
2008,35.64035,63.30929,1
2008,35.67278,71.34333,1
2008,35.69206,64.29574,2
2008,35.70462,-0.65433,1
2008,35.72453,51.40519,1
2008,35.79813,43.29418,2
2008,35.87083,2.02889,1
2008,35.87097,43.29677,1
2008,35.90578,0.77439,1
2008,35.91809,74.2898,1
2008,35.95,68.7,1
2008,35.95176,-83.95234,1
2008,35.98962,2.14352,2
2008,35.99353,43.21973,1
2008,36.04506,41.71672,2
2008,36.06896,42.68928,1
2008,36.13834,43.00027,1
2008,36.15133,5.68723,1
2008,36.15818,43.25326,1
2008,36.17825,5.45812,1
2008,36.18439,45.13596,1
2008,36.18533,5.4475,1
2008,36.19259,44.00462,1
2008,36.20475,36.1656,1
2008,36.22856,45.11397,1
2008,36.2319,41.79791,1
2008,36.23828,64.86445,1
2008,36.26383,42.70767,1
2008,36.26667,2.75,2
2008,36.31555,67.96429,1
2008,36.31939,41.86147,7
2008,36.35,6.6,1
2008,36.35221,43.37969,1
2008,36.35415,43.14357,131
2008,36.37015,66.89158,2
2008,36.3707,2.4767,1
2008,36.37489,3.902,4
2008,36.37508,3.89205,1
2008,36.37682,42.44888,11
2008,36.45192,43.34196,1
2008,36.47278,64.9,1
2008,36.4758,2.5901,1
2008,36.48994,5.5393,1
2008,36.501,3.77396,3
2008,36.51389,4.78667,1
2008,36.52683,4.27745,1
2008,36.53558,3.83418,1
2008,36.54222,3.95306,1
2008,36.54821,3.6546,1
2008,36.55,3.95,1
2008,36.55508,3.63534,1
2008,36.56028,43.56528,1
2008,36.56222,3.59444,7
2008,36.59523,-4.57337,1
2008,36.62179,-4.50027,1
2008,36.63709,3.69474,1
2008,36.66774,3.59115,1
2008,36.66883,-4.46405,1
2008,36.68035,4.20819,1
2008,36.68453,118.47962,1
2008,36.69127,3.58886,1
2008,36.69451,68.80158,2
2008,36.70578,68.87706,1
2008,36.70993,67.1157,1
2008,36.71637,4.04983,3
2008,36.71667,5.55861,1
2008,36.71965,-4.42002,1
2008,36.72317,3.91417,1
2008,36.72398,3.67085,2
2008,36.72442,3.61925,3
2008,36.72778,3.55389,2
2008,36.72944,3.49869,1
2008,36.73333,68.86667,1
2008,36.73701,6.71627,1
2008,36.73914,3.90168,1
2008,36.74031,3.1746,2
2008,36.742,3.72619,1
2008,36.74402,4.01591,1
2008,36.74472,4.37222,1
2008,36.74563,3.83024,2
2008,36.75,5.85,1
2008,36.75618,66.72422,1
2008,36.75895,64.85852,1
2008,36.76029,3.4724,2
2008,36.7676,3.7029,3
2008,36.77266,5.95897,2
2008,36.77513,5.59993,1
2008,36.78333,6.93333,1
2008,36.79778,3.7175,1
2008,36.8,4.26667,3
2008,36.80061,3.8341,1
2008,36.80173,66.95115,1
2008,36.80225,3.56525,1
2008,36.80226,4.32244,1
2008,36.80246,34.62976,1
2008,36.8035,3.56382,2
2008,36.80398,42.09394,1
2008,36.81637,6.13282,1
2008,36.845,4.57389,2
2008,36.85993,68.7155,1
2008,36.86662,6.90039,1
2008,36.87806,3.72306,2
2008,36.89092,67.18945,2
2008,36.89124,4.12322,2
2008,36.89603,3.81888,1
2008,36.89697,65.66586,4
2008,36.91955,3.8914,2
2008,36.97222,69.16306,1
2008,36.97402,-122.03095,2
2008,36.99663,68.43482,1
2008,37.00254,70.90664,1
2008,37.07028,69.29833,1
2008,37.18177,68.9113,2
2008,37.30344,44.57696,5
2008,37.35401,40.80582,1
2008,37.41544,42.48419,1
2008,37.41567,41.3715,1
2008,37.44593,43.74498,1
2008,37.57358,44.28581,1
2008,37.57704,43.7361,2
2008,37.92222,40.18438,1
2008,37.94293,23.64684,3
2008,37.9509,23.6411,1
2008,37.99749,23.76273,41
2008,38.01167,23.85485,1
2008,38.19661,44.76666,1
2008,38.33368,41.41987,1
2008,38.35318,38.32083,1
2008,38.75038,40.55419,1
2008,38.83161,41.32215,1
2008,39.06266,40.78059,1
2008,39.0874,44.35453,1
2008,39.10671,39.54525,1
2008,39.17609,-94.57413,2
2008,39.43803,76.45004,1
2008,39.4704,75.98976,1
2008,39.56305,44.01115,1
2008,39.70255,75.18792,1
2008,39.88892,44.00129,1
2008,39.89952,38.7682,1
2008,39.90556,116.39583,2
2008,39.93538,119.60049,2
2008,40.41724,49.90346,2
2008,40.62066,22.952,6
2008,40.69713,-73.93135,1
2008,40.80207,-124.16367,2
2008,41.0328,21.34029,1
2008,41.10618,28.68986,8
2008,41.62182,8.97472,1
2008,41.70998,44.793,1
2008,41.71791,82.96202,1
2008,41.8096,8.92343,1
2008,41.82478,20.9611,1
2008,41.8572,20.88968,1
2008,41.89096,12.49007,1
2008,41.93061,8.74291,1
2008,41.98136,44.10954,1
2008,41.99304,21.43653,2
2008,42.00027,21.43254,1
2008,42.02639,21.56167,1
2008,42.05239,44.33028,1
2008,42.05917,20.65116,1
2008,42.07569,43.95405,1
2008,42.08699,44.09458,1
2008,42.10125,-72.58929,1
2008,42.16206,21.61688,1
2008,42.1653,43.77314,1
2008,42.16799,43.9573,1
2008,42.16972,44.11012,1
2008,42.17105,43.87607,1
2008,42.19543,43.9785,2
2008,42.20377,43.99051,3
2008,42.22416,43.9632,5
2008,42.23,44.00278,1
2008,42.2478,44.03744,1
2008,42.25,42.7,1
2008,42.27121,44.06688,1
2008,42.27302,44.03962,1
2008,42.30372,-1.96503,1
2008,42.32356,-122.87561,1
2008,42.33106,43.93424,1
2008,42.35863,20.82549,1
2008,42.37489,9.52996,1
2008,42.37991,47.66184,2
2008,42.46082,21.76445,1
2008,42.54234,41.85119,2
2008,42.5695,47.5688,1
2008,42.59988,-5.57175,1
2008,42.62223,20.57518,1
2008,42.62803,41.73566,2
2008,42.63024,47.05471,2
2008,42.67242,21.16454,2
2008,42.67639,9.43571,1
2008,42.69539,-1.67607,1
2008,42.81537,-1.65362,1
2008,42.83385,45.77246,1
2008,42.84964,-2.69236,2
2008,42.88089,20.86721,5
2008,42.9167,-2.49182,1
2008,42.9509,46.2793,2
2008,42.97782,-2.64272,1
2008,42.98542,47.45067,16
2008,43.00732,40.98915,3
2008,43.02278,45.89167,1
2008,43.02902,44.9936,1
2008,43.04746,44.66581,3
2008,43.06,45.6,2
2008,43.0628,45.65109,1
2008,43.06647,-2.48915,1
2008,43.06713,41.60961,1
2008,43.07563,-2.22367,1
2008,43.08333,45.45,1
2008,43.13025,18.50904,1
2008,43.16667,20.74278,1
2008,43.17002,-2.5752,1
2008,43.18333,44.9,1
2008,43.1839,-2.26547,2
2008,43.18492,44.7193,1
2008,43.2,44.81667,2
2008,43.20752,-2.88784,1
2008,43.2108,43.16908,1
2008,43.21471,47.16456,1
2008,43.21519,-2.4157,1
2008,43.21664,27.91181,1
2008,43.2205,-2.73324,1
2008,43.2267,44.77057,32
2008,43.22836,44.8335,1
2008,43.23117,44.64203,1
2008,43.24,45.0554,1
2008,43.2432,45.1807,1
2008,43.24855,46.59784,4
2008,43.2547,76.91262,1
2008,43.25843,-2.92182,4
2008,43.25904,44.83329,1
2008,43.2625,42.6476,2
2008,43.26755,-1.97581,1
2008,43.26917,44.90861,2
2008,43.27915,42.94951,1
2008,43.28333,-2.86667,1
2008,43.29162,-1.9779,1
2008,43.29901,44.89887,11
2008,43.30592,44.98738,2
2008,43.30746,-2.94642,1
2008,43.31667,45.06667,11
2008,43.32023,45.65449,8
2008,43.3207,-2.42048,3
2008,43.34417,-3.00639,1
2008,43.36175,45.411,1
2008,43.3699,44.73386,1
2008,43.39003,46.61666,2
2008,43.4,42.91667,3
2008,43.4049,44.7583,1
2008,43.41148,-3.41248,2
2008,43.4331,43.5789,2
2008,43.43638,-1.52134,2
2008,43.43958,39.92773,2
2008,43.44215,-3.45319,1
2008,43.45045,44.90203,1
2008,43.47996,-3.52139,2
2008,43.4814,-1.5147,1
2008,43.48412,43.62736,2
2008,43.51111,44.6,15
2008,43.54742,-1.47582,1
2008,43.60465,1.44421,1
2008,43.63786,-1.42095,1
2008,43.65912,43.69295,1
2008,43.6825,43.53389,1
2008,43.72701,45.71264,1
2008,43.77484,41.9084,1
2008,43.77851,23.72182,1
2008,43.85,46.71667,1
2008,44.14546,17.78983,2
2008,44.1626,45.9989,1
2008,44.21667,42.05,1
2008,44.43333,26.1,1
2008,44.80242,20.4656,3
2008,44.86972,13.8414,1
2008,45.02598,17.93041,1
2008,45.12791,15.63671,1
2008,45.5,41.23333,1
2008,45.74201,126.61833,1
2008,47.42409,19.02301,1
2008,47.49841,19.04076,1
2008,47.75426,-122.16346,1
2008,47.80949,13.05501,3
2008,48.13913,11.58019,1
2008,48.20817,16.37382,2
2008,48.35232,13.64625,1
2008,48.56697,13.43203,1
2008,48.85664,2.34233,2
2008,49.19098,16.61154,1
2008,50.07554,14.4378,1
2008,50.43075,30.5328,1
2008,50.7218,-3.53362,1
2008,51.03802,-114.06099,1
2008,51.3833,11.60097,1
2008,51.50439,-0.14004,3
2008,51.65,39.2,1
2008,52.14559,4.39705,1
2008,52.18725,0.97077,1
2008,52.27337,-3.00646,1
2008,52.4868,-1.97107,1
2008,53.20006,50.15,3
2008,53.27391,-7.49455,1
2008,53.2849,-6.36717,1
2008,53.36168,-6.24548,2
2008,53.41078,-2.97784,1
2008,53.52477,-7.33787,1
2008,53.54356,-113.49045,1
2008,53.9,27.56667,1
2008,54.18401,-7.36021,2
2008,54.23863,-7.17091,1
2008,54.25372,-7.44106,2
2008,54.32679,-2.74758,1
2008,54.35028,-6.65611,1
2008,54.37988,-7.31259,1
2008,54.44697,-6.39292,3
2008,54.60771,-5.95621,6
2008,54.64586,-6.74515,3
2008,54.65092,-6.74857,1
2008,54.67866,-6.00002,1
2008,54.711,-7.55041,1
2008,54.78333,32.05,1
2008,54.8727,-1.69624,1
2008,54.95382,-6.48,1
2008,55.01156,-7.31204,5
2008,55.1991,-6.65407,1
2008,55.40376,10.40237,1
2008,55.55545,-120.0762,3
2008,55.557,37.62147,1
2008,55.60333,13.0013,1
2008,55.75138,37.57991,9
2008,60.15872,24.95438,1
2009,-37.95697,-72.43139,1
2009,-34.61768,-58.44444,1
2009,-33.92283,151.0119,1
2009,-33.36624,-70.5053,7
2009,-29.31001,27.48008,1
2009,-18.92232,47.51724,1
2009,-17.78322,-63.18204,1
2009,-16.50932,-68.10434,2
2009,-13.16387,-74.22356,2
2009,-12.57906,-74.22893,1
2009,-9.29748,-75.99631,1
2009,-8.83884,13.23558,1
2009,-6.20882,106.84605,4
2009,-4.70174,27.10274,1
2009,-4.55013,136.8891,5
2009,-3.55,26.71667,1
2009,-3.01166,28.29944,2
2009,-2.60774,29.73619,1
2009,-2.53438,140.7093,1
2009,-2.52878,140.71346,2
2009,-2.5123,28.84803,1
2009,-2.30174,26.78353,2
2009,-2.17083,-79.92236,1
2009,-2.09687,28.90482,2
2009,-1.69401,28.47764,1
2009,-1.58176,28.4753,1
2009,-1.42701,28.0739,4
2009,-1.39843,28.81598,1
2009,-1.15011,29.42664,1
2009,-0.79177,29.04599,2
2009,-0.70212,29.17222,1
2009,-0.61455,29.11289,1
2009,-0.35785,42.54665,6
2009,-0.21119,-78.52263,1
2009,-0.18079,-78.46775,1
2009,-0.15171,29.24286,2
2009,-0.06327,42.11107,1
2009,0.35085,32.58022,2
2009,0.49765,-76.49768,1
2009,0.685,-76.60475,1
2009,0.71274,23.99796,1
2009,0.82376,-77.63491,1
2009,0.86989,-73.84191,1
2009,0.87344,-77.64042,1
2009,0.88457,-77.50339,2
2009,1.03033,-76.61475,1
2009,1.14649,-77.00337,1
2009,1.20779,-77.2772,1
2009,1.21059,-77.99333,1
2009,1.23333,-76.6,1
2009,1.33595,-71.9503,1
2009,1.33823,-77.59262,1
2009,1.4917,124.84284,1
2009,1.56653,30.24982,1
2009,1.59577,29.41793,4
2009,1.61565,-75.60332,1
2009,1.61729,-75.60293,1
2009,1.64063,26.41939,5
2009,1.67155,-78.14099,2
2009,1.68306,-77.07306,1
2009,1.71619,44.76886,3
2009,1.80741,-78.76375,3
2009,1.93177,-76.21502,1
2009,2.00996,45.27065,1
2009,2.05982,45.32612,53
2009,2.08399,45.39518,1
2009,2.14383,45.11806,2
2009,2.19673,-75.62909,1
2009,2.33056,-72.6278,1
2009,2.34931,42.28033,1
2009,2.35305,-72.83189,1
2009,2.44186,-76.60617,2
2009,2.52417,-75.31615,1
2009,2.58328,-75.44938,1
2009,2.60013,-75.93722,1
2009,2.61974,44.89368,1
2009,2.62277,-76.57053,1
2009,2.63874,-76.52915,1
2009,2.79134,-76.40357,1
2009,2.79817,44.07856,2
2009,2.81815,43.72379,3
2009,2.85,-76.31667,1
2009,2.92556,-75.29078,2
2009,2.93303,-75.28583,6
2009,2.93855,-73.20868,1
2009,2.95485,-76.26825,1
2009,2.95784,-76.26793,1
2009,2.99864,-75.30562,4
2009,3.01225,-76.48227,1
2009,3.01419,-76.48165,1
2009,3.11564,43.64658,7
2009,3.13333,-76.3925,1
2009,3.17958,-76.26076,1
2009,3.19486,-75.64591,1
2009,3.21814,-74.39148,1
2009,3.25079,-75.74975,1
2009,3.25292,-75.7512,1
2009,3.25724,30.17336,1
2009,3.29211,29.16814,1
2009,3.32728,42.21856,1
2009,3.37583,-74.80139,2
2009,3.40541,27.92197,1
2009,3.42934,-76.51604,4
2009,3.50128,-75.83326,2
2009,3.56383,-73.7953,1
2009,3.60711,28.56229,8
2009,3.66642,-74.74917,1
2009,3.69218,27.89522,1
2009,3.7246,-75.4841,1
2009,3.7553,-74.83194,1
2009,3.75843,8.78531,1
2009,3.80958,43.24628,1
2009,3.81095,43.24651,2
2009,3.85325,45.56523,1
2009,3.86675,-74.41684,1
2009,3.86859,30.22242,1
2009,3.89848,27.23993,1
2009,3.9173,-75.24985,1
2009,3.91769,-75.24962,1
2009,3.92686,41.87717,3
2009,3.93872,41.84471,1
2009,3.96125,30.51102,1
2009,3.98558,-74.4842,1
2009,4.01,-75.60381,1
2009,4.08581,-76.19719,2
2009,4.1206,43.89053,1
2009,4.13399,27.9082,1
2009,4.15,28.41667,1
2009,4.15127,-73.63872,1
2009,4.19695,28.03178,2
2009,4.27741,-74.7717,1
2009,4.34218,28.61765,1
2009,4.4056,28.20685,1
2009,4.43405,7.17049,3
2009,4.43891,-75.23223,2
2009,4.45522,28.46888,1
2009,4.51317,46.28365,1
2009,4.53152,6.40507,5
2009,4.53837,28.33404,1
2009,4.54984,43.03334,1
2009,4.55052,31.53514,1
2009,4.55614,5.91998,1
2009,4.57757,28.39878,4
2009,4.61354,8.59408,1
2009,4.62604,7.68269,1
2009,4.63858,28.25116,1
2009,4.63891,28.24783,1
2009,4.64988,7.9331,1
2009,4.66713,-74.10606,4
2009,4.70783,96.73279,1
2009,4.71854,-74.92843,1
2009,4.73538,45.2024,12
2009,4.79087,29.14018,1
2009,4.81428,-75.69456,1
2009,4.81555,7.04984,1
2009,4.82754,-76.84764,1
2009,4.85808,6.92091,3
2009,4.86667,19.38333,1
2009,4.87737,-74.46776,1
2009,4.92315,6.26093,1
2009,5.03802,7.91242,1
2009,5.0644,6.1253,1
2009,5.07314,27.46606,1
2009,5.2793,100.42477,1
2009,5.29307,-72.70293,1
2009,5.30801,45.88036,2
2009,5.36038,5.34658,1
2009,5.40428,28.39287,1
2009,5.44,5.41028,1
2009,5.44578,5.87861,1
2009,5.45414,5.8703,1
2009,5.45652,5.88136,1
2009,5.52372,5.75317,1
2009,5.52867,5.75601,1
2009,5.54147,95.34296,3
2009,5.54525,95.32401,2
2009,5.61352,5.18692,3
2009,5.69224,-76.65809,5
2009,5.77306,101.0725,1
2009,5.7925,-75.78492,1
2009,5.86205,124.99697,1
2009,5.91845,101.86636,1
2009,5.92779,121.02841,1
2009,5.92806,101.88389,2
2009,5.94283,120.9239,1
2009,5.94443,80.54994,1
2009,5.9509,43.56008,1
2009,5.95158,120.93965,1
2009,5.9684,121.3122,1
2009,5.9735,120.9698,2
2009,5.97748,121.11502,1
2009,5.99304,101.96618,2
2009,6.01512,101.95192,4
2009,6.03111,120.99194,1
2009,6.03332,120.9473,1
2009,6.04142,-72.63664,1
2009,6.05046,121.01224,4
2009,6.05709,101.69544,3
2009,6.06943,121.03235,1
2009,6.07457,121.13433,1
2009,6.07926,121.05726,1
2009,6.08822,121.10933,2
2009,6.09907,-72.24779,1
2009,6.1175,124.4624,1
2009,6.15174,125.2272,1
2009,6.16671,101.91199,1
2009,6.16886,101.18113,1
2009,6.17578,101.50208,1
2009,6.18751,-72.47258,1
2009,6.19009,101.79796,31
2009,6.20202,101.25238,16
2009,6.21041,101.82076,4
2009,6.24203,-75.56477,1
2009,6.24279,101.29773,2
2009,6.2428,101.29773,10
2009,6.24792,102.0033,1
2009,6.25415,101.7296,11
2009,6.25889,102.055,2
2009,6.33634,5.62175,1
2009,6.3485,101.7704,1
2009,6.35422,101.23454,2
2009,6.38189,101.50623,2
2009,6.38458,101.50208,2
2009,6.38529,101.70114,1
2009,6.39063,101.22971,4
2009,6.39631,101.44527,1
2009,6.42541,101.82533,1
2009,6.42615,101.28072,1
2009,6.42724,101.83365,2
2009,6.43747,101.00331,1
2009,6.44116,3.41798,1
2009,6.44544,124.92734,1
2009,6.44753,-75.95933,1
2009,6.45959,-71.73055,2
2009,6.47741,101.13529,1
2009,6.48299,124.04354,1
2009,6.48667,101.15041,2
2009,6.49182,101.3885,7
2009,6.49766,124.84966,2
2009,6.49893,101.53617,1
2009,6.5128,80.23492,1
2009,6.51778,101.62715,3
2009,6.51795,101.65346,5
2009,6.53083,122.13897,1
2009,6.5411,101.28041,6
2009,6.54115,101.2804,1
2009,6.5425,101.28306,1
2009,6.5454,121.87376,1
2009,6.5455,101.2799,20
2009,6.55354,124.05171,4
2009,6.5753,101.63284,1
2009,6.59302,101.54754,2
2009,6.61417,125.23667,1
2009,6.62689,101.44527,3
2009,6.63335,124.06667,3
2009,6.64531,122.10184,2
2009,6.6605,122.13899,1
2009,6.6667,101.3,1
2009,6.67363,101.24104,2
2009,6.6757,101.15041,1
2009,6.68196,121.98548,2
2009,6.68648,101.13909,7
2009,6.69309,101.30907,1
2009,6.69734,125.08278,2
2009,6.7007,101.43392,39
2009,6.7021,124.74154,2
2009,6.70318,101.43427,1
2009,6.71687,101.41688,1
2009,6.71796,101.59303,12
2009,6.71861,101.41,1
2009,6.72086,124.5218,1
2009,6.72839,81.3524,1
2009,6.75215,125.24337,1
2009,6.76026,101.29516,5
2009,6.76241,101.29307,1
2009,6.76541,101.58734,1
2009,6.7724,101.29206,3
2009,6.7744,47.42903,8
2009,6.78226,25.33716,1
2009,6.78656,81.27802,1
2009,6.80428,101.50208,6
2009,6.81179,101.18439,11
2009,6.8139,124.94725,1
2009,6.8256,101.26938,2
2009,6.82806,101.3885,3
2009,6.82849,-75.51276,1
2009,6.85487,124.1443,1
2009,6.86262,101.48503,3
2009,6.86589,101.34878,1
2009,6.86786,101.25207,10
2009,6.86798,124.47639,1
2009,6.86927,101.31758,1
2009,6.8694,101.25052,4
2009,6.8761,101.25905,2
2009,6.88999,100.52961,1
2009,6.89954,124.89623,1
2009,6.90001,124.51655,2
2009,6.90528,124.45222,1
2009,6.92909,122.07885,1
2009,6.94184,79.86169,6
2009,6.94834,124.44111,1
2009,6.9528,126.2211,3
2009,6.95284,-71.87514,1
2009,6.96326,126.01609,1
2009,6.97301,122.14654,1
2009,6.97393,45.3441,1
2009,6.97761,124.38537,1
2009,6.98368,124.35576,1
2009,7.00702,-73.9094,1
2009,7.01916,124.50064,1
2009,7.0209,125.09147,1
2009,7.02091,124.51239,1
2009,7.02734,-71.42856,1
2009,7.03122,124.16997,1
2009,7.03897,-76.96193,1
2009,7.05028,124.63361,1
2009,7.05632,124.68081,1
2009,7.06005,-73.85312,1
2009,7.07582,124.84957,1
2009,7.07817,125.95115,2
2009,7.07962,-70.75705,4
2009,7.08324,125.601,2
2009,7.10251,124.76504,1
2009,7.10716,-77.76295,1
2009,7.108,124.82476,1
2009,7.10928,124.82525,1
2009,7.11183,124.8246,1
2009,7.11333,124.80583,1
2009,7.11617,124.23465,1
2009,7.11751,126.17426,1
2009,7.12503,125.62595,1
2009,7.17967,124.79911,1
2009,7.18109,124.21273,1
2009,7.18166,124.2257,1
2009,7.18906,124.18498,1
2009,7.20959,124.24197,6
2009,7.23599,124.26452,1
2009,7.24236,124.51887,1
2009,7.24972,126.15732,1
2009,7.27726,124.42355,1
2009,7.29139,122.06463,1
2009,7.29422,125.3034,1
2009,7.30138,-72.49275,1
2009,7.33728,3.94959,1
2009,7.37127,125.49612,2
2009,7.37429,124.26662,1
2009,7.40823,126.13914,1
2009,7.46637,124.25882,1
2009,7.47156,124.56354,1
2009,7.50965,126.10367,1
2009,7.53223,123.3745,1
2009,7.53282,-71.99941,1
2009,7.53775,125.75561,1
2009,7.57649,-75.35033,2
2009,7.5794,-75.4001,2
2009,7.60119,125.96678,1
2009,7.60299,125.96642,1
2009,7.60351,125.1704,1
2009,7.65434,125.80249,1
2009,7.66147,-75.33029,1
2009,7.70012,28.0,1
2009,7.71954,126.05605,1
2009,7.73311,81.68882,3
2009,7.78531,122.59286,1
2009,7.79846,125.39514,1
2009,7.79865,122.13951,1
2009,7.82307,126.05537,2
2009,7.8252,123.43738,1
2009,7.86001,-76.59062,1
2009,7.87366,126.34249,1
2009,7.8942,-72.50388,1
2009,7.92003,-76.1567,1
2009,7.92995,126.07743,1
2009,7.94628,-72.89881,1
2009,7.9472,81.24784,1
2009,7.98421,122.40822,1
2009,8.00058,124.28695,1
2009,8.00281,-73.51174,1
2009,8.00329,124.29134,1
2009,8.00467,124.2913,3
2009,8.05,-77.58333,1
2009,8.0534,-73.08771,1
2009,8.08297,-72.79959,1
2009,8.08376,124.40032,1
2009,8.11276,123.89548,1
2009,8.12152,124.21705,1
2009,8.14437,124.12774,2
2009,8.15134,124.25962,1
2009,8.15728,124.15885,1
2009,8.1643,124.28234,1
2009,8.17252,124.20393,1
2009,8.19205,124.085,2
2009,8.2075,79.90361,1
2009,8.20968,124.23956,1
2009,8.22833,124.23787,1
2009,8.26823,124.25846,1
2009,8.30419,27.97767,1
2009,8.32497,81.30074,1
2009,8.37107,126.30948,1
2009,8.40331,48.48801,1
2009,8.41089,20.64928,1
2009,8.43616,-73.28611,1
2009,8.44759,124.64533,1
2009,8.45965,125.15976,1
2009,8.48333,123.8,1
2009,8.53528,126.12139,1
2009,8.57783,81.21872,1
2009,8.63728,-72.73785,3
2009,8.63781,-72.73464,1
2009,8.64218,-72.73482,1
2009,8.72125,80.36485,1
2009,8.82323,125.69421,1
2009,8.8855,80.27673,3
2009,8.9034,99.01289,1
2009,8.97252,125.35185,1
2009,9.00419,125.64703,2
2009,9.02111,126.23167,1
2009,9.07316,125.89024,1
2009,9.13827,99.32186,1
2009,9.15078,99.56008,1
2009,9.22855,126.0166,1
2009,9.23733,-75.7216,1
2009,9.26709,80.81425,4
2009,9.29463,123.27884,1
2009,9.29555,123.28149,1
2009,9.3027,80.78586,1
2009,9.3136,80.69623,2
2009,9.31993,80.69642,2
2009,9.34203,125.5159,1
2009,9.35813,80.72837,1
2009,9.38699,80.54843,1
2009,9.41667,80.66667,1
2009,9.47027,123.20493,1
2009,9.50506,49.08494,1
2009,9.51848,80.40606,1
2009,9.5725,125.73306,1
2009,9.6664,80.02048,1
2009,9.73333,80.16667,1
2009,9.77026,122.46782,1
2009,9.78472,125.48969,1
2009,10.01586,76.34187,1
2009,10.07273,122.8626,1
2009,10.24875,123.84208,1
2009,10.29475,22.78106,2
2009,10.36731,77.98029,1
2009,10.48283,-66.96213,2
2009,10.51667,7.43333,1
2009,10.63213,-74.92172,1
2009,10.69532,122.54438,1
2009,10.72218,122.2686,1
2009,10.72333,123.51063,1
2009,10.77259,-73.00454,1
2009,10.93554,123.42197,1
2009,11.04687,49.18931,1
2009,11.12712,78.65689,1
2009,11.2748,49.17966,4
2009,11.34104,77.71716,1
2009,11.37696,-72.23834,1
2009,11.44898,122.77756,1
2009,11.50135,123.02336,1
2009,11.70321,76.0834,1
2009,11.75636,79.76349,1
2009,11.77503,124.88342,1
2009,11.84093,13.14146,7
2009,11.85022,125.11531,1
2009,11.87112,-15.606,1
2009,11.87448,75.37037,3
2009,11.88234,124.04616,1
2009,12.21814,123.50951,1
2009,12.22423,21.41347,1
2009,12.27543,123.44762,1
2009,12.35947,14.21093,3
2009,12.36763,123.62165,1
2009,12.40888,125.05288,2
2009,12.80095,45.03352,1
2009,12.91549,23.47828,1
2009,12.91614,-16.43617,1
2009,12.92472,80.00806,1
2009,12.9821,124.1415,1
2009,12.99218,124.01127,1
2009,13.05851,124.01478,1
2009,13.09445,77.58601,1
2009,13.12973,45.38557,2
2009,13.17814,44.6324,1
2009,13.20547,123.58219,1
2009,13.2194,45.30784,1
2009,13.31871,123.73825,1
2009,13.3576,45.69648,1
2009,13.44926,22.46495,1
2009,13.46444,22.1977,1
2009,13.46732,23.29372,2
2009,13.49389,123.32512,1
2009,13.6242,25.34498,1
2009,13.68374,46.08175,1
2009,13.7279,100.52412,3
2009,13.7279,101.17898,3
2009,13.78335,124.39446,2
2009,13.78579,100.56085,1
2009,13.78654,121.0278,1
2009,13.92101,121.42306,1
2009,13.9235,122.59685,1
2009,13.92799,121.42468,1
2009,13.93281,120.93345,1
2009,13.93427,121.4269,1
2009,13.95963,26.0207,1
2009,14.00339,100.66471,1
2009,14.02985,-88.61585,1
2009,14.06428,121.3275,1
2009,14.07446,-87.19276,1
2009,14.0833,-87.2167,4
2009,14.098,77.28092,1
2009,14.09897,-87.1803,1
2009,14.20979,24.6574,2
2009,14.27802,120.86759,1
2009,14.27833,121.12474,1
2009,14.30115,121.11194,1
2009,14.34663,121.05041,1
2009,14.4769,120.59718,1
2009,14.53095,121.00426,1
2009,14.54943,121.03359,2
2009,14.58251,121.08424,2
2009,14.58423,121.03904,1
2009,14.58632,121.12857,1
2009,14.59935,120.98477,1
2009,14.64895,2.14502,1
2009,14.66639,-86.21861,1
2009,14.67428,121.0575,6
2009,14.68155,48.85129,1
2009,14.68265,1.9518,1
2009,14.70417,120.98238,1
2009,14.7195,46.86827,2
2009,14.74002,121.14972,1
2009,14.78129,42.97285,1
2009,14.79252,121.14847,1
2009,15.0408,2.705,1
2009,15.18567,37.08461,1
2009,15.22137,120.86045,1
2009,15.28322,73.98619,1
2009,15.32016,120.83574,1
2009,15.32544,44.2119,2
2009,15.33628,119.97256,1
2009,15.36179,44.19735,1
2009,15.39988,121.37912,1
2009,15.43669,121.04746,1
2009,15.55496,48.1728,1
2009,15.6207,4.7832,1
2009,15.7662,24.90422,1
2009,15.7937,44.31967,1
2009,15.86262,43.04261,1
2009,15.91443,2.39737,1
2009,15.91492,48.65074,1
2009,15.92001,120.4152,1
2009,16.10577,121.74651,1
2009,16.24999,45.4781,1
2009,16.26667,-0.05,1
2009,16.43182,45.60289,1
2009,16.48274,97.62219,3
2009,16.51216,121.74795,1
2009,16.53303,120.39804,1
2009,16.63566,82.09709,1
2009,16.68778,98.50833,1
2009,16.76659,-3.00256,1
2009,16.77532,-3.00826,2
2009,16.77976,121.69482,1
2009,16.88642,97.63288,1
2009,16.88778,96.14956,3
2009,16.89319,42.57526,2
2009,17.01516,43.68416,1
2009,17.0287,43.66897,1
2009,17.03665,74.60411,1
2009,17.04702,120.92771,1
2009,17.07306,43.80062,1
2009,17.24705,80.14929,1
2009,17.27491,121.80981,1
2009,17.34134,82.01716,1
2009,17.37681,78.48781,1
2009,17.56504,103.55526,1
2009,17.61138,121.72675,1
2009,17.62088,121.72615,1
2009,17.65007,121.68908,1
2009,17.75511,121.50211,1
2009,17.79154,121.47758,1
2009,17.90004,79.92889,1
2009,18.06463,97.44443,1
2009,18.07171,82.62814,1
2009,18.07928,-15.96511,2
2009,18.08563,82.15641,1
2009,18.1,-15.95,1
2009,18.10871,82.10879,5
2009,18.15031,82.69587,1
2009,18.18151,81.94803,1
2009,18.20025,82.03841,1
2009,18.25228,81.24481,1
2009,18.28784,121.83128,1
2009,18.34048,80.42994,1
2009,18.35667,82.305,1
2009,18.36419,81.89242,10
2009,18.44611,81.16667,1
2009,18.44942,1.40984,1
2009,18.48455,80.75256,1
2009,18.51133,81.8798,1
2009,18.55976,80.13142,1
2009,18.57876,82.28195,5
2009,18.60542,80.35698,1
2009,18.61035,81.96697,2
2009,18.67715,81.69663,1
2009,18.68762,80.93239,1
2009,18.70164,81.24845,1
2009,18.7511,82.4333,1
2009,18.76278,82.90389,1
2009,18.76801,82.23388,1
2009,18.79167,80.81667,7
2009,18.7983,81.03418,1
2009,18.81524,82.7121,3
2009,18.85708,83.313,1
2009,18.88997,83.29009,1
2009,18.89539,81.35144,3
2009,18.9,81.35,11
2009,18.92422,83.01062,1
2009,19.0076,81.08448,1
2009,19.01028,81.09598,1
2009,19.04911,80.80871,1
2009,19.15011,81.75819,1
2009,19.17,83.42,1
2009,19.18401,84.75171,1
2009,19.19122,84.18571,1
2009,19.20348,81.93453,4
2009,19.20368,81.93439,1
2009,19.39829,83.98269,1
2009,19.41335,80.00591,2
2009,19.44372,80.72891,1
2009,19.51267,80.33035,1
2009,19.60975,84.11712,1
2009,19.63954,79.47496,1
2009,19.72353,81.24241,1
2009,19.8013,85.69613,1
2009,19.86184,81.63891,1
2009,19.87616,75.34331,1
2009,19.95203,81.18702,1
2009,20.03999,80.62714,1
2009,20.05682,84.27792,1
2009,20.12898,82.09592,1
2009,20.1342,84.01674,3
2009,20.18184,80.00684,4
2009,20.21075,81.67473,1
2009,20.21793,80.94082,1
2009,20.24497,80.71114,1
2009,20.27194,81.49306,2
2009,20.30407,80.49383,1
2009,20.51485,80.90418,1
2009,20.71,81.55,2
2009,20.71109,80.47287,1
2009,20.95167,85.09852,3
2009,21.0971,81.03022,1
2009,21.09754,81.03778,2
2009,21.14471,81.32245,1
2009,21.33894,85.78866,1
2009,21.38345,84.26475,1
2009,21.43986,87.01494,1
2009,21.46687,83.98117,1
2009,21.54316,39.17491,1
2009,21.63869,85.60694,1
2009,21.71688,84.48485,1
2009,21.79208,88.3555,1
2009,21.92055,87.7505,1
2009,21.99023,88.21524,1
2009,22.0087,86.41873,4
2009,22.04625,84.92159,1
2009,22.06864,84.9128,2
2009,22.07188,85.26966,1
2009,22.124,84.04318,6
2009,22.15712,90.11534,1
2009,22.16034,88.37856,3
2009,22.20976,86.89435,1
2009,22.24895,87.2158,1
2009,22.26042,84.85358,3
2009,22.28237,86.94844,1
2009,22.32047,114.1719,2
2009,22.32676,86.99391,1
2009,22.32812,86.19806,1
2009,22.33401,86.54543,1
2009,22.36509,85.43756,3
2009,22.37294,90.33737,1
2009,22.37302,85.19718,1
2009,22.3845,86.59306,1
2009,22.40419,87.37987,8
2009,22.40804,87.38107,6
2009,22.40821,87.18567,1
2009,22.41294,87.18961,1
2009,22.41656,87.32711,1
2009,22.42387,87.3188,1
2009,22.42411,87.31899,2
2009,22.42734,87.3197,1
2009,22.42863,87.2124,1
2009,22.43906,85.72127,1
2009,22.45139,86.9922,1
2009,22.46231,87.14846,1
2009,22.46667,87.96667,1
2009,22.48668,86.49966,1
2009,22.48807,86.85343,1
2009,22.52267,86.8735,1
2009,22.53552,88.68079,1
2009,22.55177,87.16348,1
2009,22.556,72.951,1
2009,22.55962,87.86848,1
2009,22.56199,87.14527,1
2009,22.56204,87.15476,2
2009,22.56945,84.81016,1
2009,22.57719,87.00494,1
2009,22.58011,87.04996,1
2009,22.58092,87.0149,2
2009,22.58527,87.0497,15
2009,22.59574,88.26368,1
2009,22.60881,87.25404,1
2009,22.60974,87.25314,2
2009,22.61061,87.25428,3
2009,22.61097,84.50243,1
2009,22.62798,87.09614,1
2009,22.63215,86.76431,2
2009,22.64343,86.13702,1
2009,22.6485,87.16348,1
2009,22.6522,84.91161,1
2009,22.65735,92.17327,1
2009,22.66246,87.10986,1
2009,22.66252,87.10536,1
2009,22.69773,86.70013,1
2009,22.70846,87.17137,1
2009,22.70863,87.17119,1
2009,22.70968,87.17096,1
2009,22.71634,88.47797,1
2009,22.73301,87.51706,1
2009,22.7851,88.85421,1
2009,22.80457,86.20288,2
2009,22.85613,86.01216,1
2009,22.86461,92.36162,1
2009,22.86543,86.94281,1
2009,22.87002,86.47691,1
2009,22.91671,87.07035,1
2009,23.02156,89.40592,1
2009,23.0225,72.57136,1
2009,23.02803,86.36049,1
2009,23.04151,84.54449,1
2009,23.07528,85.27889,5
2009,23.08334,88.5167,1
2009,23.09434,89.1706,1
2009,23.09439,86.2203,2
2009,23.11736,86.36555,1
2009,23.12524,84.46944,2
2009,23.17471,86.27426,1
2009,23.23242,87.0786,2
2009,23.23242,87.86148,1
2009,23.2383,87.8654,1
2009,23.33208,86.36521,6
2009,23.35221,85.12748,1
2009,23.36997,85.32501,5
2009,23.3904,88.70247,1
2009,23.39047,88.70247,1
2009,23.42052,88.74814,1
2009,23.42053,88.7482,1
2009,23.43,84.68,1
2009,23.44434,87.26236,1
2009,23.51947,91.65421,1
2009,23.60127,90.41211,1
2009,23.60622,83.61775,2
2009,23.61605,88.8263,1
2009,23.63108,88.02958,1
2009,23.64075,88.8452,3
2009,23.6693,86.15111,2
2009,23.68711,86.97355,2
2009,23.69328,98.77232,1
2009,23.69416,98.76974,1
2009,23.71709,84.75702,1
2009,23.7208,89.15036,1
2009,23.74419,84.50443,13
2009,23.74831,86.70586,1
2009,23.7617,88.94367,1
2009,23.76226,86.00207,1
2009,23.76425,84.36595,1
2009,23.76448,89.64739,1
2009,23.79128,90.4182,3
2009,23.79565,86.43039,1
2009,23.80995,86.99124,1
2009,23.81404,86.4162,2
2009,23.82065,88.74218,1
2009,23.83146,91.28678,1
2009,23.83186,91.28713,1
2009,23.87013,90.27139,1
2009,23.87377,84.353,1
2009,23.89314,85.89467,1
2009,23.89968,91.40482,1
2009,23.89994,89.14031,1
2009,23.9002,89.13859,2
2009,23.94085,91.98815,1
2009,23.945,84.10921,1
2009,23.98277,86.03001,2
2009,23.99687,85.37176,1
2009,23.99757,85.35935,2
2009,23.9992,90.79132,1
2009,24.00658,89.24413,1
2009,24.03603,92.20154,1
2009,24.04573,86.61449,2
2009,24.08055,85.48654,3
2009,24.12861,84.18571,7
2009,24.13938,85.37046,1
2009,24.15263,84.85679,1
2009,24.15962,83.80381,5
2009,24.16663,84.13428,1
2009,24.17979,86.30677,6
2009,24.18389,86.48702,1
2009,24.18661,86.3062,1
2009,24.21649,87.59873,1
2009,24.23025,84.40588,1
2009,24.26351,83.92414,1
2009,24.28862,92.51452,1
2009,24.30278,85.00515,2
2009,24.31113,84.51566,1
2009,24.31774,84.09865,1
2009,24.33168,94.0007,1
2009,24.36667,88.6,1
2009,24.37994,91.41395,1
2009,24.39128,84.64388,1
2009,24.40194,83.05333,1
2009,24.41951,93.83245,1
2009,24.4345,84.49554,1
2009,24.47684,86.64725,1
2009,24.51519,84.80204,1
2009,24.57752,77.73185,1
2009,24.61753,93.88897,2
2009,24.62022,93.52031,1
2009,24.62872,93.76132,3
2009,24.63369,87.85006,1
2009,24.64492,93.99929,4
2009,24.65437,84.95063,1
2009,24.65714,84.43614,2
2009,24.65742,84.65065,1
2009,24.6637,85.01974,1
2009,24.66372,93.90627,1
2009,24.68238,93.96952,1
2009,24.70725,84.70286,1
2009,24.71058,88.94139,1
2009,24.71417,84.92757,3
2009,24.71493,84.94847,1
2009,24.7157,93.78542,1
2009,24.71634,93.83457,1
2009,24.73015,84.95373,1
2009,24.73918,84.79251,1
2009,24.7499,84.3709,11
2009,24.76521,86.33885,2
2009,24.77214,84.49756,1
2009,24.78147,84.98641,9
2009,24.79582,85.00252,2
2009,24.79835,93.94043,48
2009,24.80834,84.7917,1
2009,24.81702,84.84311,1
2009,24.82213,93.87421,1
2009,24.8448,93.83627,1
2009,24.86659,94.04975,1
2009,24.87781,86.92183,1
2009,24.89112,67.14331,14
2009,24.92439,86.22071,1
2009,25.03599,93.99932,1
2009,25.04454,66.87467,3
2009,25.04901,85.48997,1
2009,25.0514,84.9194,1
2009,25.06836,84.01384,2
2009,25.07828,87.93468,1
2009,25.0908,85.31118,1
2009,25.09539,94.36165,4
2009,25.09607,85.31312,1
2009,25.10583,94.36173,1
2009,25.11805,92.85628,1
2009,25.1181,92.85636,1
2009,25.12894,93.09772,1
2009,25.1458,62.32656,5
2009,25.15538,86.56919,1
2009,25.16331,93.01282,1
2009,25.16777,86.09442,1
2009,25.17181,86.10631,1
2009,25.17606,93.01411,1
2009,25.18189,93.11298,1
2009,25.182,93.11275,2
2009,25.19569,86.54102,2
2009,25.22686,92.86818,1
2009,25.22792,93.16266,1
2009,25.26285,93.30232,1
2009,25.26786,63.46099,1
2009,25.26911,93.16637,1
2009,25.27033,92.90645,2
2009,25.27531,93.13116,1
2009,25.3047,93.12666,1
2009,25.30508,93.12664,1
2009,25.31444,86.54219,1
2009,25.31935,93.01187,1
2009,25.33615,93.00994,1
2009,25.3478,93.01757,1
2009,25.35291,93.01789,4
2009,25.35467,68.28357,1
2009,25.38946,92.99685,1
2009,25.39113,93.1199,1
2009,25.42353,93.05175,1
2009,25.46882,84.51998,1
2009,25.48387,86.70144,1
2009,25.49668,93.11255,2
2009,25.49697,93.11071,1
2009,25.50213,92.34189,1
2009,25.52377,93.09672,3
2009,25.5353,89.86226,1
2009,25.5454,93.1032,1
2009,25.67143,93.57777,1
2009,25.69831,85.21482,1
2009,25.70226,94.46353,1
2009,25.70809,94.01157,1
2009,25.71477,92.82344,1
2009,25.80579,66.62312,1
2009,25.84638,93.4306,2
2009,25.84691,93.42976,1
2009,25.86291,85.7809,1
2009,25.90627,93.72759,2
2009,25.95331,90.61527,1
2009,25.96073,93.49747,6
2009,25.96824,93.43722,1
2009,25.99367,93.68135,1
2009,25.99941,63.04745,2
2009,26.03313,93.20583,1
2009,26.05151,91.86964,1
2009,26.07926,61.75375,1
2009,26.09104,94.25897,1
2009,26.09283,90.67269,1
2009,26.12109,85.3644,1
2009,26.13177,93.37201,1
2009,26.13902,93.08489,1
2009,26.14077,68.27228,1
2009,26.14979,91.76393,9
2009,26.1503,91.73606,1
2009,26.17212,68.83592,1
2009,26.21237,91.70757,1
2009,26.22972,90.23043,1
2009,26.24042,91.80978,1
2009,26.25078,90.33244,1
2009,26.25332,92.3424,1
2009,26.27527,92.95338,1
2009,26.27761,85.33755,1
2009,26.32973,90.86027,1
2009,26.33311,90.50261,1
2009,26.38088,90.09138,1
2009,26.39188,91.33605,1
2009,26.39802,90.26942,3
2009,26.4158,92.84368,1
2009,26.43743,89.97856,1
2009,26.44411,91.44136,4
2009,26.44475,65.23798,1
2009,26.45734,65.23111,1
2009,26.47947,90.55687,1
2009,26.4841,85.31332,2
2009,26.48672,89.95509,1
2009,26.49182,84.68448,1
2009,26.49482,89.39379,1
2009,26.51309,92.06044,1
2009,26.51447,85.29422,1
2009,26.5145,90.69311,1
2009,26.5217,90.18009,1
2009,26.52434,88.71971,1
2009,26.52457,91.3517,1
2009,26.54056,86.74852,3
2009,26.58055,92.99774,1
2009,26.58816,90.47279,1
2009,26.60068,90.99562,1
2009,26.60358,-109.17463,1
2009,26.63496,85.0007,1
2009,26.63755,90.64405,1
2009,26.63982,87.89424,1
2009,26.65019,84.91668,1
2009,26.65285,92.79252,2
2009,26.67621,87.46425,1
2009,26.67878,92.85767,2
2009,26.69642,88.60474,1
2009,26.70018,92.50017,1
2009,26.70078,92.50028,1
2009,26.73267,85.92479,1
2009,26.74602,92.09594,1
2009,26.74936,93.88039,1
2009,26.75345,92.90512,1
2009,26.79586,86.29687,2
2009,26.81468,92.59367,1
2009,26.82694,86.08278,1
2009,26.83226,86.01356,3
2009,26.9008,93.67627,1
2009,26.97214,64.11457,1
2009,26.97926,66.11913,1
2009,26.97969,85.23012,1
2009,26.98023,94.63009,1
2009,26.99066,95.48357,1
2009,27.04477,84.86737,4
2009,27.04869,85.31362,1
2009,27.05999,84.92004,1
2009,27.19889,60.68435,1
2009,27.20627,94.15188,1
2009,27.34255,66.36792,1
2009,27.3707,62.3342,1
2009,27.47523,94.55656,1
2009,27.49193,95.34783,1
2009,27.5289,68.75982,1
2009,27.63754,94.88483,1
2009,27.66897,85.31982,1
2009,27.70875,85.3295,4
2009,27.80992,66.62096,7
2009,27.82,85.46999,1
2009,27.86726,-0.28533,1
2009,28.05606,81.62801,2
2009,28.09995,82.86599,1
2009,28.1509,81.7651,1
2009,28.23378,81.3321,1
2009,28.26327,84.01774,1
2009,28.33898,83.14218,1
2009,28.38066,68.34315,2
2009,28.43207,69.58089,1
2009,28.45842,68.13322,1
2009,28.49073,65.09578,2
2009,28.49125,66.26347,2
2009,28.54439,68.218,5
2009,28.63081,69.18626,3
2009,28.63331,69.19037,14
2009,28.63499,66.35064,1
2009,28.82998,81.78005,1
2009,28.83136,80.89865,2
2009,28.8401,80.56031,1
2009,28.89374,64.40585,1
2009,28.95984,69.39012,5
2009,28.97,80.73,1
2009,28.98915,68.01142,1
2009,29.03441,69.15866,16
2009,29.04785,66.59332,3
2009,29.08386,68.86276,2
2009,29.0904,80.31996,1
2009,29.14387,69.09978,3
2009,29.39568,71.67692,1
2009,29.42285,67.60394,1
2009,29.48358,60.8627,6
2009,29.50674,82.08536,1
2009,29.54828,67.87919,3
2009,29.56301,106.55156,1
2009,29.63343,72.28909,1
2009,29.67386,68.7155,3
2009,29.69658,72.5537,1
2009,29.80396,66.85099,4
2009,29.85538,67.33993,3
2009,29.89758,69.52422,1
2009,30.03432,70.63968,2
2009,30.0433,69.92381,2
2009,30.06675,79.0193,1
2009,30.08452,66.98344,3
2009,30.08463,31.33431,2
2009,30.19784,71.46763,2
2009,30.20082,66.99435,63
2009,30.28061,62.0546,1
2009,30.38333,47.7,1
2009,30.51005,47.7781,7
2009,30.58333,66.99651,1
2009,30.80793,73.45047,1
2009,30.89724,69.8543,1
2009,30.89802,75.86008,1
2009,30.92211,66.45153,2
2009,30.95993,61.86895,3
2009,30.99607,65.47574,7
2009,31.00274,66.40562,4
2009,31.04437,46.26145,4
2009,31.05,46.26667,1
2009,31.11359,45.88369,1
2009,31.12703,64.20585,1
2009,31.13,-97.78,1
2009,31.14939,72.68407,1
2009,31.19211,34.44947,7
2009,31.19856,45.53924,1
2009,31.27685,72.32133,1
2009,31.28551,48.64342,1
2009,31.32056,65.96111,1
2009,31.34696,34.30143,1
2009,31.3567,64.27599,1
2009,31.36228,34.36245,1
2009,31.36365,63.95861,2
2009,31.3749,34.39802,1
2009,31.42496,34.5938,2
2009,31.47032,34.53545,1
2009,31.47261,34.4977,1
2009,31.49864,65.21499,1
2009,31.50241,34.45974,1
2009,31.50547,74.34288,12
2009,31.50672,34.63279,1
2009,31.5282,34.59638,3
2009,31.57734,-111.33145,1
2009,31.58509,65.82279,1
2009,31.58583,67.02819,2
2009,31.60063,64.36965,8
2009,31.6007,65.55184,3
2009,31.60711,65.63467,1
2009,31.61667,65.0,1
2009,31.61931,65.05016,2
2009,31.61972,65.89722,1
2009,31.62283,62.86937,3
2009,31.62284,99.99261,1
2009,31.6267,35.10497,1
2009,31.63108,65.74223,27
2009,31.63308,74.87829,2
2009,31.64028,65.3975,1
2009,31.65003,65.65002,5
2009,31.65775,35.10109,1
2009,31.67015,34.57515,5
2009,31.6802,64.31221,3
2009,31.71397,34.64986,3
2009,31.71799,61.62679,1
2009,31.76147,64.62143,2
2009,31.7716,35.2034,1
2009,31.78801,65.57078,3
2009,31.80262,66.32472,1
2009,31.81162,34.78194,1
2009,31.82144,34.66517,4
2009,31.82587,64.57643,5
2009,31.83433,70.90905,26
2009,31.84822,47.1452,4
2009,31.8734,47.13621,2
2009,31.90861,67.64611,1
2009,31.94163,35.2226,1
2009,31.95634,63.14468,1
2009,31.97264,67.37566,1
2009,31.97584,67.37435,1
2009,31.98958,44.92378,4
2009,32.03292,44.39965,1
2009,32.07333,64.83389,1
2009,32.09985,35.49443,1
2009,32.1002,66.90102,3
2009,32.1054,35.17555,1
2009,32.10722,62.95861,1
2009,32.13623,44.93235,1
2009,32.165,63.4253,1
2009,32.18222,70.92889,1
2009,32.19188,67.18945,8
2009,32.20944,70.38354,1
2009,32.22227,35.25351,1
2009,32.24174,62.94865,2
2009,32.26454,68.52472,3
2009,32.2837,35.12512,1
2009,32.3061,69.57996,8
2009,32.32024,69.85974,9
2009,32.3232,64.81108,2
2009,32.33334,70.12828,2
2009,32.37001,62.12846,5
2009,32.3748,62.11572,2
2009,32.40267,67.85698,1
2009,32.4057,64.47038,1
2009,32.46924,44.41664,19
2009,32.48092,62.02824,2
2009,32.49533,62.26266,2
2009,32.50556,45.82472,2
2009,32.50764,63.76954,1
2009,32.51924,67.41648,3
2009,32.52694,44.34389,1
2009,32.53329,45.82945,2
2009,32.54286,44.25146,1
2009,32.5487,45.41686,1
2009,32.5539,72.13199,1
2009,32.55976,41.91965,2
2009,32.58602,73.48908,1
2009,32.60241,45.7521,3
2009,32.60439,44.00714,17
2009,32.6048,70.91275,1
2009,32.62374,65.45643,1
2009,32.62515,62.47977,3
2009,32.65475,44.40899,5
2009,32.65496,51.66824,1
2009,32.6664,65.90363,3
2009,32.66748,69.85974,1
2009,32.67438,71.28125,1
2009,32.67785,61.98139,1
2009,32.68793,69.83299,1
2009,32.70659,67.19648,1
2009,32.71578,69.28179,1
2009,32.74556,68.90472,1
2009,32.74853,44.61156,1
2009,32.77734,44.28935,11
2009,32.79392,34.99062,1
2009,32.81614,67.763,3
2009,32.82305,70.78374,1
2009,32.84722,66.05,4
2009,32.85333,68.44972,2
2009,32.86701,44.22046,3
2009,32.88018,44.38696,3
2009,32.88716,44.34164,11
2009,32.9,35.33333,1
2009,32.90109,69.7494,2
2009,32.90382,70.53579,1
2009,32.92527,44.77096,1
2009,32.92713,66.14153,1
2009,32.92788,69.37862,1
2009,32.93036,72.85548,1
2009,32.93577,70.10512,2
2009,32.93653,68.6473,2
2009,32.94302,69.17988,2
2009,32.95091,68.63097,1
2009,32.95688,70.5025,1
2009,32.97464,70.14558,8
2009,32.97543,70.27374,3
2009,32.98302,75.71098,2
2009,32.98735,70.60252,10
2009,33.00422,35.09257,2
2009,33.00652,70.06825,12
2009,33.0148,35.2758,1
2009,33.02139,66.80472,1
2009,33.04978,68.65515,1
2009,33.05799,44.35484,10
2009,33.07835,44.25472,7
2009,33.10053,44.58449,2
2009,33.11191,71.10319,1
2009,33.11778,69.01556,1
2009,33.14575,75.54805,2
2009,33.15806,69.31278,1
2009,33.16356,43.86311,9
2009,33.1782,68.75253,5
2009,33.1853,44.26778,1
2009,33.19314,68.10185,6
2009,33.19367,68.102,1
2009,33.20906,35.51627,1
2009,33.22312,44.54078,1
2009,33.24154,69.82847,2
2009,33.27852,68.87168,2
2009,33.2795,69.59859,3
2009,33.29867,44.4232,1
2009,33.3,44.4,2
2009,33.30075,69.88411,2
2009,33.30357,44.37177,455
2009,33.30438,62.15419,2
2009,33.30704,69.87285,2
2009,33.30897,35.34788,1
2009,33.30958,74.85949,1
2009,33.31065,44.03821,15
2009,33.31517,69.69891,4
2009,33.31957,68.4513,1
2009,33.33385,69.93717,1
2009,33.33526,69.92847,27
2009,33.34916,43.7842,41
2009,33.35667,70.07833,1
2009,33.35851,69.85974,4
2009,33.35882,74.51908,1
2009,33.36459,69.79364,3
2009,33.36598,69.43823,3
2009,33.36697,68.41281,1
2009,33.37172,74.31531,1
2009,33.38805,43.5317,3
2009,33.39781,43.70628,3
2009,33.40306,43.91186,6
2009,33.42095,43.29566,13
2009,33.44984,70.06404,3
2009,33.45389,75.86667,1
2009,33.45853,69.99509,1
2009,33.47041,68.48457,1
2009,33.48076,69.69295,1
2009,33.49823,67.7616,2
2009,33.5009,44.21665,1
2009,33.51667,64.41667,3
2009,33.52889,71.05612,18
2009,33.53073,44.27429,3
2009,33.53975,69.73107,3
2009,33.542,35.38115,1
2009,33.54262,68.41533,6
2009,33.55043,35.37096,1
2009,33.56656,69.87835,9
2009,33.57181,44.53607,1
2009,33.58041,130.39636,1
2009,33.5906,71.44062,10
2009,33.59401,73.06908,8
2009,33.59863,69.229,3
2009,33.60349,35.94457,1
2009,33.64417,74.37417,1
2009,33.64528,44.64194,2
2009,33.64542,75.01968,1
2009,33.66019,-117.99922,1
2009,33.66628,69.78603,2
2009,33.66901,70.34478,1
2009,33.6695,66.04635,1
2009,33.66969,44.38132,1
2009,33.67164,73.05607,9
2009,33.68745,71.51604,10
2009,33.69256,69.37688,2
2009,33.69341,44.79608,1
2009,33.69395,45.06742,3
2009,33.69597,70.33607,4
2009,33.69727,71.14485,7
2009,33.7062,69.38311,3
2009,33.71699,44.67952,4
2009,33.72129,74.83106,1
2009,33.7371,44.4907,2
2009,33.74293,70.965,1
2009,33.74324,44.62382,40
2009,33.745,45.54562,5
2009,33.75839,44.39659,2
2009,33.77335,45.14945,3
2009,33.77444,44.58056,1
2009,33.78425,44.50972,1
2009,33.79646,71.55849,6
2009,33.79821,68.93483,1
2009,33.81693,69.94285,1
2009,33.82014,72.68893,1
2009,33.84862,44.52212,9
2009,33.85008,35.98769,1
2009,33.87403,74.9015,3
2009,33.87738,35.53616,1
2009,33.88852,35.50351,3
2009,33.898,70.10754,1
2009,33.90858,71.07006,8
2009,33.91523,71.45868,8
2009,33.92356,35.73806,1
2009,33.92917,68.65972,1
2009,33.95317,44.92191,5
2009,33.96542,69.80632,1
2009,33.9749,71.69326,1
2009,33.97631,71.43716,5
2009,33.97861,44.93694,1
2009,33.99908,72.93524,1
2009,34.00258,71.38248,4
2009,34.006,71.53743,62
2009,34.00721,71.98308,3
2009,34.01047,44.14824,2
2009,34.01455,69.19239,1
2009,34.02119,68.99953,5
2009,34.02357,44.03136,1
2009,34.02385,71.26664,1
2009,34.03098,35.69609,1
2009,34.03833,71.13976,1
2009,34.05711,44.21829,1
2009,34.08277,68.7617,3
2009,34.08374,74.7899,4
2009,34.09787,-118.40738,1
2009,34.09958,64.90596,2
2009,34.11033,71.1638,14
2009,34.11694,70.46111,3
2009,34.12022,71.10124,1
2009,34.1231,72.46902,1
2009,34.12573,45.00334,14
2009,34.13862,74.79953,1
2009,34.1404,74.82439,1
2009,34.14583,68.73333,1
2009,34.14658,71.74354,2
2009,34.14667,72.38631,1
2009,34.15259,77.57705,1
2009,34.16059,42.37254,2
2009,34.16322,70.04,2
2009,34.17183,70.62168,2
2009,34.17687,61.70056,3
2009,34.18634,45.12606,2
2009,34.1867,43.85446,1
2009,34.19056,71.76539,1
2009,34.19417,69.98,1
2009,34.2,70.28333,2
2009,34.20059,72.04844,4
2009,34.20842,43.89071,5
2009,34.2147,69.09841,2
2009,34.2165,74.77194,1
2009,34.21728,71.56104,4
2009,34.21754,71.56138,1
2009,34.22889,62.28056,1
2009,34.22921,70.19321,5
2009,34.24556,70.72722,1
2009,34.25528,70.86556,1
2009,34.27103,45.16357,11
2009,34.27609,70.36025,5
2009,34.27883,69.80425,1
2009,34.28535,71.93211,1
2009,34.295,68.87028,1
2009,34.30139,62.24639,2
2009,34.34316,61.49527,1
2009,34.34672,62.19732,11
2009,34.34734,45.38327,10
2009,34.34889,63.17778,8
2009,34.35135,68.23853,1
2009,34.35969,73.47105,1
2009,34.36106,68.84069,1
2009,34.36173,70.47034,1
2009,34.3635,41.116,1
2009,34.36715,68.76429,1
2009,34.36889,69.21833,1
2009,34.39097,71.89718,1
2009,34.3965,72.61583,8
2009,34.39803,72.47806,1
2009,34.41668,71.92459,1
2009,34.41712,70.44959,7
2009,34.43084,44.93409,1
2009,34.43259,41.22972,1
2009,34.43417,70.44778,1
2009,34.43809,35.83084,2
2009,34.45889,43.791,1
2009,34.46322,35.89991,1
2009,34.47413,68.65255,1
2009,34.48583,7.51802,1
2009,34.48593,7.51865,1
2009,34.5169,69.14701,23
2009,34.5225,65.25167,1
2009,34.52467,69.19239,1
2009,34.52618,74.25461,2
2009,34.53375,43.48374,2
2009,34.54884,73.35012,1
2009,34.55389,70.24278,1
2009,34.56549,71.47743,21
2009,34.57279,72.43746,1
2009,34.57486,71.27608,4
2009,34.5832,69.74322,3
2009,34.58944,69.75999,1
2009,34.59114,68.95694,1
2009,34.59151,71.43386,1
2009,34.59534,72.45241,1
2009,34.62152,43.66838,19
2009,34.62361,70.60333,2
2009,34.64032,72.0749,3
2009,34.64337,71.026,1
2009,34.67487,70.21344,4
2009,34.68336,44.96664,1
2009,34.68611,70.91566,1
2009,34.69823,72.65922,1
2009,34.70514,70.15405,2
2009,34.71414,46.65232,1
2009,34.73352,71.51966,7
2009,34.73825,44.43911,1
2009,34.75218,8.05886,1
2009,34.7524,72.29871,1
2009,34.75712,-92.38074,1
2009,34.76548,72.32809,1
2009,34.77448,72.36405,16
2009,34.78167,62.12278,2
2009,34.79216,72.28428,3
2009,34.79396,72.77581,3
2009,34.79639,71.47267,1
2009,34.80273,-0.3283,1
2009,34.83016,71.84278,1
2009,34.83261,71.82718,1
2009,34.83529,72.44189,5
2009,34.84659,71.09732,2
2009,34.84825,7.86655,1
2009,34.85633,69.64912,2
2009,34.8569,71.42994,27
2009,34.86621,71.52638,2
2009,34.87851,63.34024,2
2009,34.88135,44.62513,2
2009,34.88576,44.63942,1
2009,34.88894,71.17688,2
2009,34.90543,71.82321,1
2009,34.91093,71.1274,1
2009,34.91444,65.28833,1
2009,34.92485,43.49141,4
2009,34.92676,71.75875,1
2009,34.92848,72.50168,1
2009,34.92881,43.48983,1
2009,34.92969,72.41683,7
2009,34.94046,72.42783,1
2009,34.94124,72.46981,2
2009,34.94926,70.07315,1
2009,34.95079,71.7872,1
2009,34.95744,70.75374,1
2009,34.96122,69.62214,1
2009,34.96559,71.822,1
2009,34.96667,69.56667,2
2009,34.96725,7.90766,2
2009,34.96755,68.18163,1
2009,34.98106,69.62146,1
2009,34.98894,70.91122,4
2009,35.0,69.23333,1
2009,35.00064,7.30994,1
2009,35.01243,71.79012,2
2009,35.01511,69.34876,1
2009,35.01646,72.36181,3
2009,35.01816,69.16899,3
2009,35.0307,71.35214,1
2009,35.03684,7.02199,1
2009,35.03832,7.00803,1
2009,35.07941,72.42876,12
2009,35.11667,69.3,1
2009,35.13585,44.08771,1
2009,35.14053,72.53709,2
2009,35.1575,8.19556,1
2009,35.16713,63.76954,1
2009,35.1887,-0.63076,1
2009,35.20229,71.87301,5
2009,35.20472,63.06186,1
2009,35.20837,72.54852,1
2009,35.27208,43.91504,2
2009,35.2765,72.00282,1
2009,35.30305,44.32993,2
2009,35.31957,46.97547,1
2009,35.32502,70.90712,1
2009,35.32612,43.78081,2
2009,35.3292,25.13867,4
2009,35.35763,0.67115,1
2009,35.40017,0.13993,1
2009,35.40161,8.12599,1
2009,35.40714,8.12086,1
2009,35.45211,44.37546,75
2009,35.46667,44.31667,1
2009,35.47847,72.58863,1
2009,35.51624,24.01881,7
2009,35.58434,5.86082,1
2009,35.58567,63.32809,1
2009,35.64035,63.30929,1
2009,35.65307,65.37004,1
2009,35.67278,71.34333,2
2009,35.69946,8.04677,1
2009,35.72287,67.81476,1
2009,35.72453,51.40519,1
2009,35.74227,0.55946,1
2009,35.76144,66.78034,1
2009,35.76835,43.58897,3
2009,35.79813,43.29418,4
2009,35.8043,69.28775,5
2009,35.83923,71.78011,1
2009,35.88791,3.77351,1
2009,35.90058,68.48322,2
2009,35.91809,74.2898,2
2009,35.95663,64.2952,1
2009,35.97535,65.37804,1
2009,35.98968,65.36687,1
2009,35.99353,43.21973,1
2009,36.023,4.1024,1
2009,36.02373,1.27459,1
2009,36.06632,65.37588,1
2009,36.07775,4.46289,1
2009,36.07956,64.90596,3
2009,36.10147,65.40784,1
2009,36.13357,-86.83692,1
2009,36.15446,43.35922,1
2009,36.15668,43.35951,1
2009,36.17731,68.75214,3
2009,36.17901,65.46413,1
2009,36.18898,5.41442,1
2009,36.20475,36.1656,1
2009,36.21766,65.93304,1
2009,36.26667,2.21667,1
2009,36.26675,2.75047,1
2009,36.31555,67.96429,1
2009,36.31939,41.86147,5
2009,36.35221,43.37969,1
2009,36.35415,43.14357,176
2009,36.35954,43.33653,1
2009,36.37015,66.89158,1
2009,36.37198,3.8974,1
2009,36.37682,42.44888,10
2009,36.38056,6.4749,1
2009,36.38206,68.72463,1
2009,36.3822,1.2528,1
2009,36.43148,5.16226,1
2009,36.4818,5.7112,1
2009,36.49056,43.12144,1
2009,36.49442,3.77368,1
2009,36.51944,4.14674,1
2009,36.52222,4.20306,1
2009,36.52671,2.34449,1
2009,36.53254,3.68442,1
2009,36.53315,4.18691,1
2009,36.53643,3.4212,1
2009,36.54828,3.89416,1
2009,36.55,3.95,1
2009,36.55611,4.08972,1
2009,36.56222,3.59444,3
2009,36.58184,4.30283,1
2009,36.5926,4.4877,1
2009,36.60935,4.78035,1
2009,36.61208,3.98778,1
2009,36.63268,43.25651,1
2009,36.63332,68.54999,1
2009,36.63333,3.68333,1
2009,36.63388,4.03413,1
2009,36.63471,3.59042,1
2009,36.65363,3.64458,1
2009,36.65689,66.79401,1
2009,36.66087,4.15215,1
2009,36.66232,4.07989,2
2009,36.6661,3.58886,1
2009,36.6698,69.47845,2
2009,36.6727,3.80953,1
2009,36.67356,5.48171,1
2009,36.68145,69.1149,2
2009,36.69451,68.80158,3
2009,36.70385,4.03836,1
2009,36.70578,68.87706,8
2009,36.72051,3.82988,2
2009,36.72398,3.67085,1
2009,36.72442,3.61925,1
2009,36.72544,3.55665,1
2009,36.73159,3.67843,1
2009,36.73346,69.53776,3
2009,36.73417,3.96222,1
2009,36.73476,4.43865,1
2009,36.73914,3.90168,3
2009,36.74167,3.72306,1
2009,36.742,3.72619,1
2009,36.74274,3.90186,2
2009,36.74472,4.37222,1
2009,36.74563,3.83024,1
2009,36.74704,4.37006,1
2009,36.74861,3.68361,2
2009,36.75333,3.04374,1
2009,36.75618,66.72422,1
2009,36.75926,66.8985,1
2009,36.76907,3.02968,1
2009,36.76972,68.78,2
2009,36.77176,5.60696,1
2009,36.77499,42.64594,1
2009,36.775,5.59972,1
2009,36.78667,3.60327,1
2009,36.79885,6.15721,1
2009,36.79917,4.42056,1
2009,36.80166,6.15869,1
2009,36.80278,4.74667,1
2009,36.80398,42.09394,1
2009,36.81508,69.42384,1
2009,36.81606,65.62636,1
2009,36.81667,3.85,1
2009,36.81966,4.42885,1
2009,36.83861,3.73278,1
2009,36.84469,4.09894,1
2009,36.84669,4.29593,2
2009,36.85993,68.7155,2
2009,36.86306,3.88028,1
2009,36.86662,4.2496,1
2009,36.89092,67.18945,1
2009,36.89124,4.12322,1
2009,36.89379,4.42065,1
2009,36.89527,3.78796,1
2009,36.89603,3.81888,1
2009,36.89697,65.66586,2
2009,36.89956,66.18636,1
2009,36.91139,66.18583,2
2009,36.91955,3.8914,1
2009,36.95038,6.40117,1
2009,36.992,66.10609,1
2009,36.99663,68.43482,1
2009,37.07236,69.30033,1
2009,37.13557,69.04381,1
2009,37.18177,68.9113,3
2009,37.24894,42.47065,1
2009,37.25317,43.61223,1
2009,37.54703,-122.31483,1
2009,37.68698,-97.33558,1
2009,37.92497,40.21098,1
2009,37.95014,23.62406,1
2009,37.9509,23.6411,1
2009,37.95263,23.65704,1
2009,37.98438,23.64946,2
2009,37.99749,23.76273,78
2009,38.24654,21.73476,1
2009,38.42662,40.67019,1
2009,38.90864,-77.01538,1
2009,39.05346,39.42252,1
2009,39.11037,48.32325,1
2009,39.56524,2.50422,1
2009,39.5695,2.64996,4
2009,39.93077,32.76754,2
2009,40.11667,70.63333,1
2009,40.17857,44.53576,1
2009,40.41724,49.90346,1
2009,40.43834,-79.99746,1
2009,40.4656,-3.69626,2
2009,40.59986,22.9859,1
2009,40.62066,22.952,16
2009,40.66622,22.9376,1
2009,40.78333,72.33333,1
2009,40.8,73.0,1
2009,40.9365,24.40948,1
2009,41.05181,39.23157,1
2009,41.10618,28.68986,4
2009,41.12162,20.81944,1
2009,41.13592,24.884,1
2009,41.3275,19.81889,1
2009,41.38717,9.15927,1
2009,41.55924,9.3218,1
2009,41.6237,48.3581,1
2009,41.70998,44.793,5
2009,41.98136,44.10954,1
2009,42.01685,9.40398,1
2009,42.08699,44.09458,1
2009,42.10042,47.90588,1
2009,42.11667,48.18333,2
2009,42.11829,43.69948,1
2009,42.1295,48.0633,2
2009,42.15745,43.87569,1
2009,42.19545,-8.65439,1
2009,42.20198,48.04867,1
2009,42.21246,44.43614,1
2009,42.22416,43.9632,1
2009,42.26877,42.0618,1
2009,42.33168,-83.04792,1
2009,42.34089,-3.69976,1
2009,42.34252,22.38695,1
2009,42.36346,47.89108,4
2009,42.45083,41.78832,1
2009,42.45094,47.28955,1
2009,42.4542,47.6672,1
2009,42.49258,9.43918,1
2009,42.49758,41.81105,1
2009,42.50207,41.86101,2
2009,42.50766,44.07615,1
2009,42.5695,47.5688,1
2009,42.62803,41.73566,2
2009,42.68391,41.63732,1
2009,42.69233,47.5334,4
2009,42.6979,47.246,1
2009,42.7,9.44732,1
2009,42.7086,47.5605,1
2009,42.7159,41.98786,2
2009,42.79877,47.10872,1
2009,42.84964,-2.69236,1
2009,42.8514,44.05681,1
2009,42.91836,20.69576,1
2009,42.93286,46.25657,1
2009,42.96241,45.24766,1
2009,42.96691,47.45764,2
2009,42.9699,45.0296,1
2009,42.98542,47.45067,14
2009,43.00732,40.98915,2
2009,43.03432,-2.18738,1
2009,43.04746,44.66581,1
2009,43.07563,-2.22367,1
2009,43.07909,45.04657,1
2009,43.0827,46.8289,1
2009,43.12754,45.53997,1
2009,43.13345,46.42271,1
2009,43.14779,44.71528,1
2009,43.15256,-3.02862,1
2009,43.16907,-2.63266,2
2009,43.17056,46.83716,1
2009,43.18333,44.9,3
2009,43.2,44.81667,2
2009,43.201,46.86386,1
2009,43.20752,-2.88784,1
2009,43.2108,43.16908,1
2009,43.2205,-2.73324,1
2009,43.2267,44.77057,37
2009,43.22836,44.8335,2
2009,43.24855,46.59784,7
2009,43.25843,-2.92182,2
2009,43.25904,44.83329,1
2009,43.27915,42.94951,1
2009,43.28408,44.83511,1
2009,43.29162,-1.9779,1
2009,43.29901,44.89887,3
2009,43.30592,44.98738,1
2009,43.3091,46.8648,1
2009,43.30911,40.25382,1
2009,43.31667,45.06667,11
2009,43.32023,45.65449,9
2009,43.34417,-3.00639,1
2009,43.34592,46.66224,1
2009,43.39003,46.61666,1
2009,43.4,42.91667,2
2009,43.4049,44.7583,1
2009,43.45045,44.90203,1
2009,43.48412,43.62736,1
2009,43.51111,44.6,2
2009,43.60465,1.44421,1
2009,43.73399,15.89507,1
2009,43.76873,11.2569,1
2009,43.77484,41.9084,1
2009,43.82564,87.61682,3
2009,43.85,18.38333,1
2009,43.91667,42.71667,1
2009,44.21667,42.05,1
2009,44.80242,20.4656,1
2009,45.46921,9.17451,2
2009,45.56667,19.65,1
2009,45.76404,4.83566,1
2009,45.9413,13.62155,1
2009,46.48458,30.7326,1
2009,47.02686,28.84155,1
2009,47.08154,19.36968,1
2009,47.44663,13.96084,1
2009,47.97658,-122.20642,1
2009,48.15522,11.506,1
2009,48.20817,16.37382,2
2009,48.85154,2.47591,1
2009,48.92956,2.35924,1
2009,50.07554,14.4378,1
2009,50.42227,30.45779,1
2009,50.82662,9.01789,1
2009,50.83643,4.36742,1
2009,51.50439,-0.14004,1
2009,51.65,39.2,1
2009,51.87965,-0.41756,1
2009,52.21116,5.96992,1
2009,52.82583,91.37028,1
2009,53.54356,-113.49045,1
2009,53.55381,9.99159,1
2009,54.08229,-6.44916,1
2009,54.17938,-6.40056,1
2009,54.2557,-5.9488,1
2009,54.34754,-6.65611,1
2009,54.41888,-8.08805,1
2009,54.44697,-6.39292,1
2009,54.46337,-6.3286,1
2009,54.50853,-6.76313,1
2009,54.60771,-5.95621,9
2009,54.71338,-6.21676,1
2009,54.81916,-7.46791,1
2009,55.01156,-7.31204,2
2009,55.55545,-120.0762,1
2009,55.71591,-120.13395,1
2009,55.75138,37.57991,6
2009,55.75421,-120.2341,1
2009,55.89,37.44,1
2009,56.13333,40.41667,1
2009,57.97948,34.363,1
2009,59.19595,17.62795,1
2010,-38.95187,-68.05908,1
2010,-34.61768,-58.44444,4
2010,-33.36624,-70.5053,4
2010,-33.01069,-71.52779,1
2010,-31.95285,115.85734,1
2010,-24.47244,-55.69677,1
2010,-23.4,-57.43,1
2010,-22.80031,-56.31678,1
2010,-17.82517,31.03351,1
2010,-6.81355,39.23942,1
2010,-5.56032,12.1904,1
2010,-5.55806,12.19144,1
2010,-4.32571,29.69627,1
2010,-4.30068,28.94413,1
2010,-3.50508,29.34358,1
2010,-3.42751,29.92425,2
2010,-3.37583,29.36411,11
2010,-3.3692,29.35843,1
2010,-3.34412,29.39224,1
2010,-3.21886,30.54583,1
2010,-3.21374,29.47024,1
2010,-2.91525,29.62306,7
2010,-2.89884,29.83204,1
2010,-2.83962,30.33815,1
2010,-2.69427,27.34402,1
2010,-2.60774,29.73619,1
2010,-2.58514,30.09136,1
2010,-2.53438,140.7093,1
2010,-1.94901,30.05785,7
2010,-1.76053,28.57957,1
2010,-1.6585,29.22046,1
2010,-1.42701,28.0739,2
2010,-1.28518,36.82111,4
2010,-1.18557,29.44695,2
2010,-1.01255,29.35698,1
2010,-0.78625,29.28804,1
2010,-0.42536,36.00232,1
2010,-0.35785,42.54665,2
2010,0.05512,18.26113,1
2010,0.3377,29.7484,1
2010,0.34287,-76.90966,1
2010,0.3476,32.58252,1
2010,0.34947,40.87599,3
2010,0.35085,32.58022,2
2010,0.42686,-76.90343,1
2010,0.85491,-77.51844,2
2010,0.88457,-77.50339,1
2010,0.90541,-77.6297,1
2010,0.9623,-77.73246,1
2010,1.05389,99.73028,3
2010,1.14813,-76.64629,1
2010,1.21123,-77.27639,1
2010,1.21294,-77.27471,1
2010,1.33437,-74.84139,1
2010,1.3385,-71.95025,1
2010,1.56932,-75.32588,1
2010,1.62948,-75.59924,1
2010,1.67304,-78.13738,1
2010,1.68522,-75.28758,1
2010,1.71619,44.76886,2
2010,1.74683,40.05345,2
2010,1.80741,-78.76375,2
2010,1.90131,-76.28312,1
2010,1.90924,-75.15648,1
2010,1.92937,-76.21709,1
2010,1.93114,-76.21466,1
2010,1.93136,-76.21464,1
2010,2.04693,45.31816,1
2010,2.05201,45.27065,4
2010,2.05982,45.32612,54
2010,2.06865,44.55857,1
2010,2.08206,45.20749,2
2010,2.08333,45.16667,2
2010,2.09968,45.15723,1
2010,2.14383,45.11806,7
2010,2.25605,-77.24899,1
2010,2.29493,45.39783,1
2010,2.29962,45.79947,1
2010,2.34931,42.28033,1
2010,2.40582,42.97707,1
2010,2.44326,-76.60838,1
2010,2.44885,-76.60548,1
2010,2.52379,-75.31487,1
2010,2.56426,-72.63798,1
2010,2.57302,-77.88496,1
2010,2.60835,-76.34374,1
2010,2.61974,44.89368,1
2010,2.63319,-76.63348,1
2010,2.63352,-76.63223,1
2010,2.6349,-76.63135,1
2010,2.77198,-77.66432,1
2010,2.77726,45.50064,1
2010,2.79134,-76.40357,1
2010,2.79446,-76.39998,1
2010,2.79535,-76.40133,1
2010,2.79817,44.07856,4
2010,2.8538,-76.31361,1
2010,2.89242,-76.55316,1
2010,2.9292,-75.27557,1
2010,2.93303,-75.28583,5
2010,2.95724,-76.26863,1
2010,2.99298,-76.68707,1
2010,2.99864,-75.30562,3
2010,3.00968,-76.48396,1
2010,3.01014,-76.48233,1
2010,3.01062,-76.48435,1
2010,3.01094,-76.48103,1
2010,3.01488,-76.48397,1
2010,3.03441,-76.40832,1
2010,3.03751,-76.40653,1
2010,3.05066,-76.41663,1
2010,3.11564,43.64658,3
2010,3.15348,-75.05266,1
2010,3.17433,-76.25994,1
2010,3.22154,-75.23727,2
2010,3.25058,-76.22764,2
2010,3.32324,-76.23462,2
2010,3.32655,-76.23226,1
2010,3.38044,45.6002,1
2010,3.42934,-76.51604,4
2010,3.65274,31.7281,2
2010,3.69218,27.89522,2
2010,3.81095,43.24651,1
2010,3.82848,43.24805,1
2010,3.85325,45.56523,1
2010,3.88675,-77.0692,2
2010,3.91537,-75.48043,1
2010,3.92686,41.87717,3
2010,4.01569,-75.60396,1
2010,4.05178,47.0462,1
2010,4.08655,-76.19963,1
2010,4.2524,-75.33211,1
2010,4.315,6.24167,1
2010,4.43383,-75.2128,1
2010,4.4422,-75.20279,1
2010,4.44538,-75.23297,1
2010,4.4556,35.92969,1
2010,4.57757,28.39878,1
2010,4.57822,28.3988,3
2010,4.61354,8.59408,3
2010,4.64988,7.9331,1
2010,4.65604,47.85524,3
2010,4.66713,-74.10606,3
2010,4.68489,46.62281,1
2010,4.72309,6.77894,3
2010,4.73326,6.86662,1
2010,4.73538,45.2024,4
2010,4.81454,-75.69131,1
2010,4.81555,7.04984,1
2010,4.82417,7.0425,1
2010,4.82645,23.06593,1
2010,4.82773,43.66067,1
2010,4.85236,28.99231,1
2010,4.85535,31.56778,1
2010,4.86676,-75.62068,1
2010,4.86778,5.89871,1
2010,4.92282,-75.06282,1
2010,4.92315,6.26093,5
2010,4.92999,7.87216,2
2010,4.94658,7.08481,1
2010,4.96921,7.01893,1
2010,4.97167,23.93232,1
2010,5.02929,25.13286,1
2010,5.04942,-75.49931,1
2010,5.07311,27.46605,1
2010,5.07611,6.26389,1
2010,5.11298,24.46352,1
2010,5.11326,24.46248,2
2010,5.11656,7.36709,1
2010,5.30801,45.88036,2
2010,5.31667,-4.03333,1
2010,5.33306,-4.06956,2
2010,5.34718,28.29944,1
2010,5.4193,-4.02156,1
2010,5.43089,7.52472,2
2010,5.52372,5.75317,3
2010,5.53246,5.89871,3
2010,5.55684,23.76328,1
2010,5.5993,46.41343,1
2010,5.63049,6.03354,1
2010,5.69726,125.28941,1
2010,5.73258,-75.1423,1
2010,5.93372,120.99904,1
2010,5.9735,120.9698,1
2010,5.97748,121.11502,1
2010,6.01512,101.95192,1
2010,6.05046,121.01224,2
2010,6.05709,101.69544,3
2010,6.1175,124.4624,3
2010,6.12535,125.07131,1
2010,6.13413,46.6317,2
2010,6.14004,101.3399,1
2010,6.16671,101.91199,1
2010,6.16684,101.19005,1
2010,6.16886,101.18113,2
2010,6.17578,101.50208,1
2010,6.17667,6.62833,1
2010,6.19009,101.79796,9
2010,6.1909,-74.99104,2
2010,6.20202,101.25238,4
2010,6.21537,102.0604,1
2010,6.2428,101.29773,2
2010,6.24792,102.0033,1
2010,6.25415,101.7296,6
2010,6.29059,120.5657,1
2010,6.33634,5.62175,3
2010,6.35312,101.49839,1
2010,6.35422,101.23454,1
2010,6.38189,101.50623,5
2010,6.38458,101.50208,2
2010,6.38529,101.70114,4
2010,6.39063,101.22971,1
2010,6.41095,101.27349,1
2010,6.41871,121.97244,2
2010,6.42724,101.83365,4
2010,6.43747,101.00331,1
2010,6.44953,3.36678,1
2010,6.4539,121.94812,1
2010,6.45929,-71.73628,1
2010,6.46215,-71.73328,1
2010,6.47741,101.13529,2
2010,6.4782,125.10688,1
2010,6.48667,101.15041,1
2010,6.48762,101.13021,2
2010,6.49182,101.3885,13
2010,6.51726,101.65217,6
2010,6.51778,101.62715,3
2010,6.51795,101.65346,1
2010,6.52438,3.37921,1
2010,6.5411,101.28041,3
2010,6.54115,101.2804,1
2010,6.5455,101.2799,7
2010,6.54904,101.64303,1
2010,6.55683,121.88345,2
2010,6.58906,101.26372,1
2010,6.59302,101.54754,2
2010,6.5994,121.90406,1
2010,6.6066,122.21463,1
2010,6.61813,122.24958,1
2010,6.61989,122.18636,1
2010,6.62335,122.25035,2
2010,6.6253,101.51344,1
2010,6.62689,101.44527,2
2010,6.64442,122.27313,2
2010,6.64531,122.10184,3
2010,6.64728,122.20513,1
2010,6.65866,122.19137,1
2010,6.66108,101.09947,1
2010,6.6667,101.3,3
2010,6.66761,-71.20901,1
2010,6.67363,101.24104,2
2010,6.67488,3.19805,1
2010,6.68196,121.98548,3
2010,6.68648,101.13909,7
2010,6.6904,122.13652,1
2010,6.69734,125.08278,1
2010,6.70041,121.97256,1
2010,6.7007,101.43392,19
2010,6.71687,101.41688,2
2010,6.71796,101.59303,7
2010,6.72479,124.72315,1
2010,6.75235,125.35138,1
2010,6.76026,101.29516,4
2010,6.7716,125.35576,1
2010,6.7724,101.29206,3
2010,6.7744,47.42903,4
2010,6.77467,-74.79971,1
2010,6.78221,124.93151,1
2010,6.80428,101.50208,2
2010,6.80559,124.46669,1
2010,6.81179,101.18439,1
2010,6.8139,124.94725,1
2010,6.82443,-71.22728,1
2010,6.8256,101.26938,1
2010,6.82806,101.3885,6
2010,6.83299,124.45886,4
2010,6.84473,100.66471,1
2010,6.84529,101.17898,1
2010,6.86281,124.44365,1
2010,6.86786,101.25207,6
2010,6.86798,124.47639,1
2010,6.8694,101.25052,1
2010,6.86948,101.25048,2
2010,6.8761,101.25905,1
2010,6.88284,-6.4496,3
2010,6.89333,124.68333,2
2010,6.91218,-75.67536,1
2010,6.91524,-75.67618,1
2010,6.92438,124.46608,1
2010,6.92909,122.07885,6
2010,6.93146,124.45566,1
2010,6.94184,79.86169,1
2010,6.9528,126.2211,2
2010,6.95281,-71.87717,1
2010,6.95372,-71.8753,1
2010,6.95393,-71.87457,1
2010,6.95894,-71.87265,1
2010,6.96093,-75.41486,1
2010,6.96212,125.47549,1
2010,6.96284,-75.41636,1
2010,6.96394,-75.41636,1
2010,6.96456,-75.41769,1
2010,7.00128,-76.266,1
2010,7.00389,-76.26438,1
2010,7.01461,125.99082,1
2010,7.0195,124.47372,1
2010,7.02494,124.49844,1
2010,7.02591,-71.42828,1
2010,7.02664,-71.42558,1
2010,7.02734,-71.42856,2
2010,7.02922,-71.42733,1
2010,7.04509,-75.17886,1
2010,7.0548,124.67228,1
2010,7.05632,124.68081,1
2010,7.07272,124.67013,1
2010,7.07342,124.60672,1
2010,7.08243,125.6244,1
2010,7.08324,125.601,4
2010,7.08419,124.90005,1
2010,7.10484,124.73005,1
2010,7.11115,-75.55184,1
2010,7.11183,124.8246,2
2010,7.1347,80.5619,1
2010,7.13862,-72.6645,1
2010,7.17337,-75.76083,1
2010,7.1756,100.61435,1
2010,7.18015,32.35503,1
2010,7.18166,124.2257,1
2010,7.19951,124.79698,3
2010,7.20959,124.24197,9
2010,7.21387,125.11725,1
2010,7.21611,124.24814,1
2010,7.22164,126.16184,1
2010,7.22959,124.2549,1
2010,7.30141,122.25809,1
2010,7.3117,-72.48212,1
2010,7.33501,126.09614,1
2010,7.36496,125.8534,1
2010,7.37127,125.49612,1
2010,7.37339,124.9519,1
2010,7.37429,124.26662,1
2010,7.41696,125.86018,1
2010,7.42784,122.80969,1
2010,7.46834,124.25913,1
2010,7.55377,45.28962,1
2010,7.68685,124.73257,1
2010,7.71444,126.10662,1
2010,7.75081,124.74949,1
2010,7.78531,122.59286,1
2010,7.79747,126.16535,1
2010,7.80121,122.7598,1
2010,7.81211,122.53356,1
2010,7.82307,126.05537,1
2010,7.86983,122.55858,1
2010,7.88232,-76.63063,1
2010,7.88665,122.56526,1
2010,7.88814,124.17339,1
2010,7.90454,123.84223,1
2010,7.976,23.63293,1
2010,7.99882,124.25861,1
2010,8.00467,124.2913,1
2010,8.09998,126.36664,1
2010,8.11276,123.89548,1
2010,8.18727,125.85282,1
2010,8.23381,-73.34969,2
2010,8.28049,126.2552,1
2010,8.40331,48.48801,1
2010,8.43768,-73.28595,1
2010,8.46993,25.6799,1
2010,8.47546,47.35955,1
2010,8.4865,126.04721,1
2010,8.48991,40.34071,1
2010,8.49614,76.94372,1
2010,8.49662,4.54811,1
2010,8.50461,125.74087,1
2010,8.61511,123.7167,1
2010,8.63679,-72.73457,1
2010,8.63728,-72.73785,2
2010,8.63741,-72.73402,8
2010,8.63934,-72.73434,1
2010,8.67694,125.64694,1
2010,8.71589,125.75104,1
2010,8.88405,126.00104,1
2010,8.89053,125.5412,1
2010,8.9034,99.01289,1
2010,8.98083,7.56298,1
2010,9.02025,126.23322,1
2010,9.05194,7.53,1
2010,9.05906,22.42781,2
2010,9.06667,7.48333,2
2010,9.14683,126.17351,1
2010,9.38345,76.57406,1
2010,9.55938,22.13594,1
2010,9.61837,125.40158,1
2010,9.7758,8.58695,1
2010,9.81494,80.16608,1
2010,9.93333,8.88333,6
2010,9.98466,76.58343,1
2010,10.02976,123.23242,1
2010,10.11963,122.98044,1
2010,10.32313,124.0349,1
2010,10.64824,-61.19844,1
2010,10.64998,122.2333,1
2010,10.69532,122.54438,1
2010,10.71492,122.5657,2
2010,10.81528,78.69639,1
2010,10.84309,123.49967,1
2010,10.88229,123.06507,1
2010,11.16166,48.19704,2
2010,11.18414,29.39522,1
2010,11.24828,124.99458,1
2010,11.2748,49.17966,10
2010,11.35549,-72.5214,1
2010,11.3761,-72.23833,1
2010,11.50975,12.97891,1
2010,11.52685,13.69271,1
2010,11.53014,24.33531,1
2010,11.56116,124.3944,1
2010,11.6274,9.95941,1
2010,11.65032,122.29994,1
2010,11.66633,122.33332,1
2010,11.66841,75.55875,1
2010,11.74544,124.03813,1
2010,11.84093,13.14146,12
2010,12.03563,123.24635,1
2010,12.05719,24.8787,8
2010,12.0741,123.9706,1
2010,12.15489,124.88667,1
2010,12.17902,123.87484,1
2010,12.23686,124.37529,2
2010,12.39612,123.58864,1
2010,12.48164,123.48786,1
2010,12.50561,24.28891,1
2010,12.51144,123.39765,1
2010,12.53978,123.66537,1
2010,12.58333,-16.26667,1
2010,12.6376,121.44086,1
2010,12.80095,45.03352,2
2010,12.82565,44.84642,3
2010,12.83867,44.86888,1
2010,12.86737,124.14345,1
2010,12.91521,123.6299,1
2010,12.97874,77.59964,1
2010,13.03322,123.64273,1
2010,13.0634,44.88088,5
2010,13.06667,24.53333,1
2010,13.07737,44.90977,1
2010,13.12526,122.98452,1
2010,13.12973,45.38557,11
2010,13.17333,121.27709,1
2010,13.17814,44.6324,4
2010,13.2194,45.30784,3
2010,13.37371,123.24069,1
2010,13.40949,121.17603,1
2010,13.416,120.4623,1
2010,13.46874,123.27712,1
2010,13.50175,24.89997,1
2010,13.50964,123.0437,1
2010,13.53253,44.84967,3
2010,13.61494,100.60087,1
2010,13.6242,25.34498,2
2010,13.68374,46.08175,7
2010,13.70083,44.73157,2
2010,13.70266,44.73357,11
2010,13.70806,100.58389,1
2010,13.71457,100.53242,1
2010,13.72118,46.75932,1
2010,13.72342,101.65822,15
2010,13.7279,100.52412,21
2010,13.7279,101.17898,7
2010,13.73667,100.52333,1
2010,13.74201,122.49176,1
2010,13.74756,122.45619,1
2010,13.76972,100.55278,1
2010,13.78579,100.56085,7
2010,13.80972,100.53772,1
2010,13.82861,100.55972,2
2010,13.83311,20.83484,1
2010,13.84194,121.165,1
2010,13.8874,45.86365,6
2010,13.89175,44.77655,1
2010,13.93204,46.08325,2
2010,13.93547,100.38348,1
2010,13.96455,100.76616,1
2010,13.97044,120.79536,1
2010,13.99726,124.18204,1
2010,14.03384,124.15169,1
2010,14.09465,121.0364,1
2010,14.11969,122.62572,1
2010,14.14657,24.53317,1
2010,14.20858,45.81691,1
2010,14.27977,47.57534,1
2010,14.30982,46.9379,1
2010,14.31319,122.49136,1
2010,14.31479,2.08858,1
2010,14.31631,121.08352,1
2010,14.33007,121.07678,1
2010,14.35324,100.56897,1
2010,14.35452,47.07578,1
2010,14.38252,47.39954,2
2010,14.49833,121.28708,1
2010,14.52618,46.84493,3
2010,14.54397,49.12458,2
2010,14.58251,121.08424,2
2010,14.59935,120.98477,1
2010,14.67204,120.95773,1
2010,14.69121,46.93379,2
2010,14.7195,46.86827,5
2010,14.78129,42.97285,1
2010,14.90268,49.99587,1
2010,15.06349,120.72575,1
2010,15.06452,43.71908,1
2010,15.12677,120.65812,1
2010,15.29689,38.91983,1
2010,15.32544,44.2119,7
2010,15.35045,120.97672,1
2010,15.40347,120.60084,1
2010,15.45639,45.32487,6
2010,15.54818,120.76487,1
2010,15.55496,48.1728,1
2010,16.22783,122.06429,1
2010,16.24999,45.4781,3
2010,16.35632,44.09194,3
2010,16.44057,102.82926,1
2010,16.49026,104.56553,1
2010,16.55604,98.23888,3
2010,16.61587,-7.25422,1
2010,16.6475,-92.54547,1
2010,16.69093,79.56794,1
2010,16.7555,102.83998,1
2010,16.82147,120.40586,1
2010,16.83017,75.71003,1
2010,16.88778,96.14956,1
2010,16.91749,43.76241,4
2010,16.93475,43.76484,2
2010,17.01667,95.98333,1
2010,17.03518,121.71857,1
2010,17.06014,43.59937,1
2010,17.0629,43.59783,1
2010,17.24705,80.14929,1
2010,17.24868,80.14738,2
2010,17.34123,96.48968,1
2010,17.3647,102.81589,1
2010,17.37681,78.48781,1
2010,17.41384,102.78723,1
2010,17.59965,120.61691,3
2010,17.61701,121.72516,1
2010,17.65514,82.2184,1
2010,17.66636,82.22292,1
2010,17.68425,120.4256,1
2010,17.68629,83.21895,2
2010,17.68659,83.21824,3
2010,17.74969,121.47842,1
2010,17.75336,81.37412,1
2010,17.81208,81.38304,1
2010,17.83768,81.42903,1
2010,17.8584,81.43452,1
2010,17.86293,82.19787,1
2010,17.86444,81.40841,4
2010,17.8679,82.35258,2
2010,17.8789,81.39012,1
2010,17.90542,6.04542,1
2010,17.92714,120.47602,1
2010,17.94526,81.35943,1
2010,17.9809,81.4382,1
2010,17.99661,120.50192,1
2010,18.05591,81.46514,1
2010,18.07295,80.8256,1
2010,18.08625,82.87667,1
2010,18.10871,82.10879,1
2010,18.16034,81.93439,1
2010,18.20857,82.10335,1
2010,18.21624,120.60587,1
2010,18.22153,81.35548,1
2010,18.26202,79.68649,2
2010,18.26617,121.85163,1
2010,18.26704,121.99931,1
2010,18.28667,82.58681,1
2010,18.29527,81.92347,1
2010,18.30243,80.552,1
2010,18.33631,81.47665,2
2010,18.34037,81.18164,1
2010,18.36419,81.89242,13
2010,18.37889,82.18028,1
2010,18.39101,81.65693,1
2010,18.43546,79.12966,2
2010,18.4427,1.41133,1
2010,18.45767,79.94149,1
2010,18.46107,82.15504,1
2010,18.48455,80.75256,3
2010,18.48659,82.23796,1
2010,18.51155,120.64409,1
2010,18.52043,73.85674,1
2010,18.53574,82.03799,1
2010,18.54586,82.8829,1
2010,18.55527,81.53757,1
2010,18.57876,82.28195,1
2010,18.58375,80.76966,1
2010,18.66722,81.67199,1
2010,18.70164,81.24845,1
2010,18.70397,82.21894,1
2010,18.7083,80.9955,3
2010,18.72753,81.44163,2
2010,18.73694,7.38528,1
2010,18.7511,82.4333,1
2010,18.76801,82.23388,2
2010,18.77518,80.5367,1
2010,18.78375,98.97108,1
2010,18.78774,98.99311,2
2010,18.79098,98.79098,2
2010,18.79098,98.96078,8
2010,18.79167,80.81667,14
2010,18.79646,98.66006,1
2010,18.81524,82.7121,14
2010,18.82032,80.3589,1
2010,18.84772,79.96124,1
2010,18.86442,84.06004,1
2010,18.89539,81.35144,2
2010,18.9,81.35,13
2010,18.90429,81.34682,1
2010,18.90511,78.80833,1
2010,18.92422,83.01062,1
2010,18.93613,83.25191,1
2010,18.95129,79.80513,1
2010,18.99315,83.1153,1
2010,19.00783,81.05793,1
2010,19.08464,80.1596,1
2010,19.13783,79.92208,1
2010,19.14856,99.96327,1
2010,19.16645,99.90199,1
2010,19.17,83.42,1
2010,19.20001,80.33802,1
2010,19.20348,81.93453,3
2010,19.26636,84.03525,1
2010,19.31533,75.8592,1
2010,19.37189,-99.08662,1
2010,19.39838,84.27265,2
2010,19.40235,83.29527,1
2010,19.41481,80.58967,1
2010,19.47712,84.09652,1
2010,19.59268,83.87116,1
2010,19.59862,80.22658,1
2010,19.61963,84.64712,1
2010,19.63954,79.47496,1
2010,19.67417,97.20917,1
2010,19.72353,81.24241,4
2010,19.75775,80.31336,1
2010,19.85943,84.41464,1
2010,19.99564,80.44113,1
2010,20.02439,80.33802,2
2010,20.15004,80.21261,1
2010,20.15395,82.5862,1
2010,20.18184,80.00684,4
2010,20.18659,80.67865,1
2010,20.19951,85.95958,1
2010,20.20805,80.87772,1
2010,20.22971,78.94509,1
2010,20.24497,80.71114,1
2010,20.25623,80.78527,1
2010,20.27194,81.49306,1
2010,20.30407,80.49383,1
2010,20.35309,80.60336,1
2010,20.67334,-103.34418,2
2010,20.80602,82.53614,1
2010,20.81708,82.53362,1
2010,20.84833,86.33722,1
2010,21.1111,85.82558,1
2010,21.12362,-101.6805,1
2010,21.21718,85.7846,1
2010,21.32354,80.13601,1
2010,21.39083,85.37304,1
2010,21.39666,80.66056,1
2010,21.63869,85.60694,2
2010,21.66944,100.01639,1
2010,21.81288,80.18383,1
2010,21.81495,84.95978,1
2010,21.84461,85.38208,1
2010,21.87168,82.4509,1
2010,21.97424,84.98435,1
2010,22.0087,86.41873,1
2010,22.03234,87.1747,5
2010,22.04519,85.16363,1
2010,22.06054,85.23731,1
2010,22.07617,85.02814,2
2010,22.124,84.04318,7
2010,22.1389,87.38288,2
2010,22.16402,87.00344,1
2010,22.20976,86.89435,3
2010,22.23802,86.80163,1
2010,22.24073,86.9236,1
2010,22.26042,84.85358,1
2010,22.26486,85.05971,1
2010,22.29144,86.92861,1
2010,22.33082,87.12857,1
2010,22.33304,87.08615,1
2010,22.33648,86.94864,1
2010,22.33759,87.04931,1
2010,22.35435,86.90661,2
2010,22.36509,85.43756,3
2010,22.37066,86.50218,1
2010,22.37095,87.12483,2
2010,22.39433,87.09988,1
2010,22.40419,87.37987,21
2010,22.40626,86.49713,1
2010,22.42411,87.31899,4
2010,22.45018,86.89979,1
2010,22.45109,86.99529,1
2010,22.45139,86.9922,10
2010,22.45431,87.04119,1
2010,22.46002,87.05115,3
2010,22.47578,87.31682,1
2010,22.47915,86.93612,1
2010,22.48668,86.49966,4
2010,22.48807,86.85343,1
2010,22.48881,87.09676,1
2010,22.50724,86.55648,3
2010,22.52181,86.98868,1
2010,22.52578,87.06094,1
2010,22.55482,87.04306,2
2010,22.56204,87.15476,2
2010,22.56646,87.17918,1
2010,22.56916,86.97367,1
2010,22.57613,87.08491,1
2010,22.57719,87.00494,1
2010,22.58527,87.0497,7
2010,22.58602,87.05111,1
2010,22.58731,86.47438,2
2010,22.59834,86.86469,1
2010,22.61097,84.50243,6
2010,22.61206,86.65859,1
2010,22.61548,87.08591,1
2010,22.61678,86.81827,2
2010,22.62327,88.49487,1
2010,22.63207,86.76426,4
2010,22.63603,88.27404,1
2010,22.63687,86.67656,1
2010,22.65379,86.55516,1
2010,22.65735,92.17327,1
2010,22.68337,87.99594,1
2010,22.69773,86.70013,1
2010,22.70968,87.17096,1
2010,22.70998,86.86594,1
2010,22.72637,87.86602,2
2010,22.7319,88.00634,1
2010,22.73287,87.51692,1
2010,22.73625,84.35026,1
2010,22.76301,85.068,1
2010,22.785,5.52278,1
2010,22.78648,87.05493,1
2010,22.80457,86.20288,1
2010,22.81944,87.23446,3
2010,22.84564,89.54033,1
2010,22.8667,86.7833,1
2010,22.86775,86.94488,1
2010,22.87002,86.47691,1
2010,22.87512,86.50597,3
2010,22.87687,88.38462,2
2010,22.9061,86.38683,1
2010,22.91034,86.76552,1
2010,22.91671,87.07035,1
2010,22.93738,86.96678,1
2010,22.95917,85.96527,3
2010,22.97566,86.62537,1
2010,22.97632,88.78143,1
2010,23.02663,86.36429,1
2010,23.04151,84.54449,4
2010,23.04209,88.89523,1
2010,23.05759,88.09924,1
2010,23.065,86.26944,2
2010,23.06635,87.4034,1
2010,23.0704,85.42395,1
2010,23.07528,85.27889,2
2010,23.09439,86.2203,1
2010,23.11092,91.98242,1
2010,23.13799,86.29329,1
2010,23.16,85.58694,1
2010,23.20021,86.9048,1
2010,23.23242,87.0786,4
2010,23.28862,85.40918,1
2010,23.32339,86.16882,1
2010,23.33208,86.36521,7
2010,23.3416,85.30653,1
2010,23.3459,85.33688,1
2010,23.3466,86.00961,1
2010,23.35145,85.377,1
2010,23.36997,85.32501,1
2010,23.40046,85.35551,1
2010,23.40309,86.06953,1
2010,23.40684,87.92509,1
2010,23.40753,89.01196,1
2010,23.40984,86.57982,1
2010,23.41785,85.21142,1
2010,23.42996,88.63143,1
2010,23.43,84.68,1
2010,23.43293,86.51481,1
2010,23.57947,85.95286,1
2010,23.61035,83.81017,1
2010,23.64075,88.8452,1
2010,23.6693,86.15111,4
2010,23.69563,91.91281,1
2010,23.7014,86.58666,1
2010,23.74138,98.58013,2
2010,23.74419,84.50443,6
2010,23.78827,87.26556,1
2010,23.79128,90.4182,4
2010,23.79565,86.43039,1
2010,23.83381,84.78253,1
2010,23.86796,84.10921,1
2010,23.88756,84.79971,1
2010,23.89268,89.11199,1
2010,23.9002,89.13859,1
2010,23.91991,91.8503,1
2010,23.93898,84.42514,1
2010,23.94727,90.41448,1
2010,23.96148,87.22949,1
2010,23.9625,86.13278,1
2010,23.9992,90.79132,1
2010,24.00658,89.24413,3
2010,24.00995,85.50715,1
2010,24.01133,89.25622,1
2010,24.02591,84.05639,1
2010,24.03114,89.40789,2
2010,24.07589,89.61461,1
2010,24.10846,83.67739,1
2010,24.12157,86.36049,1
2010,24.12861,84.18571,4
2010,24.12932,86.31232,1
2010,24.15962,83.80381,2
2010,24.16662,84.01939,1
2010,24.16887,84.03921,1
2010,24.17979,86.30677,3
2010,24.18,88.27,1
2010,24.20424,84.87094,2
2010,24.23688,84.07488,1
2010,24.26264,89.86918,1
2010,24.30278,85.00515,1
2010,24.30403,84.20416,1
2010,24.31613,87.26126,1
2010,24.33168,94.0007,3
2010,24.39043,84.45665,1
2010,24.40194,83.05333,1
2010,24.41487,84.43629,1
2010,24.41596,84.37089,1
2010,24.42099,83.6508,1
2010,24.42884,84.026,1
2010,24.43666,93.8579,1
2010,24.44022,84.46095,1
2010,24.45375,84.58434,1
2010,24.45624,88.06381,1
2010,24.46029,84.99829,1
2010,24.55934,93.81465,1
2010,24.55938,84.79952,1
2010,24.5594,84.79954,1
2010,24.57431,83.64005,4
2010,24.58543,92.58913,2
2010,24.6051,84.67153,1
2010,24.62632,84.6561,1
2010,24.62872,93.76132,3
2010,24.64492,93.99929,3
2010,24.66372,93.90627,2
2010,24.68797,86.25364,1
2010,24.71318,84.8378,1
2010,24.72842,93.89672,1
2010,24.7499,84.3709,12
2010,24.75379,84.96973,1
2010,24.75582,86.42273,1
2010,24.76284,86.33885,1
2010,24.76435,86.33694,1
2010,24.78147,84.98641,3
2010,24.79573,84.99972,3
2010,24.79835,93.94043,32
2010,24.81113,84.79163,1
2010,24.81701,93.93684,1
2010,24.82213,93.87421,1
2010,24.82552,87.21352,1
2010,24.856,93.86171,1
2010,24.86985,92.35001,1
2010,24.87781,86.92183,3
2010,24.8891,84.86002,1
2010,24.89112,67.14331,72
2010,24.92543,86.22095,1
2010,24.94242,93.84136,1
2010,24.98452,93.50351,1
2010,25.01725,85.41645,1
2010,25.04454,66.87467,5
2010,25.04796,85.13616,1
2010,25.05355,83.67984,1
2010,25.05554,83.68872,1
2010,25.06836,84.01384,3
2010,25.06902,84.01834,1
2010,25.0908,85.31118,1
2010,25.09539,94.36165,1
2010,25.09959,93.94576,1
2010,25.1458,62.32656,2
2010,25.16188,93.00067,1
2010,25.16338,93.01259,2
2010,25.16777,86.09442,1
2010,25.18074,93.00643,1
2010,25.18557,55.30336,1
2010,25.19569,86.54102,1
2010,25.22418,64.62711,1
2010,25.26786,63.46099,1
2010,25.2727,94.0265,2
2010,25.28859,86.57289,1
2010,25.2921,79.87242,1
2010,25.29663,85.01738,1
2010,25.31764,82.97391,1
2010,25.32082,85.12561,1
2010,25.36745,87.00218,1
2010,25.37915,97.38807,1
2010,25.38063,86.46538,2
2010,25.38817,63.10907,2
2010,25.38929,68.35734,2
2010,25.41217,56.25297,1
2010,25.41919,86.13145,1
2010,25.4236,94.10661,1
2010,25.4511,87.25021,1
2010,25.45687,90.7034,2
2010,25.46703,91.36622,1
2010,25.50025,90.60502,1
2010,25.52303,69.01259,1
2010,25.56145,94.14498,1
2010,25.5648,83.979,1
2010,25.57046,90.21838,1
2010,25.57877,91.89325,1
2010,25.66628,66.69482,1
2010,25.68382,85.35496,1
2010,25.85609,84.85686,1
2010,25.86973,85.79095,1
2010,25.90072,84.95562,1
2010,25.96073,93.49747,1
2010,25.99941,63.04745,9
2010,26.02086,93.77817,1
2010,26.02092,89.97445,1
2010,26.07746,84.35537,1
2010,26.08158,84.32985,1
2010,26.10288,62.36895,1
2010,26.1189,50.50221,1
2010,26.12289,85.36836,3
2010,26.12634,90.6167,1
2010,26.14979,91.76393,1
2010,26.16039,85.90017,1
2010,26.217,50.58741,1
2010,26.24196,68.39929,1
2010,26.28,93.88458,1
2010,26.39802,90.26942,1
2010,26.45021,85.39996,1
2010,26.45734,65.23111,3
2010,26.47007,87.23005,1
2010,26.4841,85.31332,1
2010,26.48517,85.31546,1
2010,26.48543,65.44848,1
2010,26.49583,89.88194,1
2010,26.51589,85.29404,1
2010,26.51703,85.09996,1
2010,26.51988,93.97004,1
2010,26.52575,84.91023,1
2010,26.55381,90.34292,1
2010,26.56044,85.06053,1
2010,26.57967,86.84994,1
2010,26.58345,84.27916,2
2010,26.61726,86.70139,2
2010,26.6271,87.18266,1
2010,26.62906,85.32662,1
2010,26.63199,86.4449,1
2010,26.63755,90.64405,2
2010,26.65088,67.50323,1
2010,26.66288,91.35472,1
2010,26.67878,92.85767,2
2010,26.74547,92.0957,1
2010,26.79585,92.28714,1
2010,26.80153,84.50297,1
2010,26.80218,85.54704,2
2010,26.80486,92.35786,1
2010,26.80735,92.54644,1
2010,26.82159,92.681,1
2010,26.82686,67.95411,1
2010,26.82694,86.08278,2
2010,26.82852,84.56003,1
2010,26.83226,86.01356,1
2010,26.84011,86.2199,1
2010,26.84945,87.24971,1
2010,26.87662,85.8095,2
2010,26.89435,86.62416,1
2010,26.89979,86.70139,1
2010,26.92239,85.58694,1
2010,26.96951,88.04981,1
2010,26.97214,64.11457,4
2010,26.99997,84.86681,1
2010,27.03233,85.00775,1
2010,27.03339,85.00002,1
2010,27.04477,84.86737,3
2010,27.05764,95.26327,1
2010,27.13406,85.06502,1
2010,27.31385,95.04963,1
2010,27.3414,92.3039,1
2010,27.47768,94.91072,1
2010,27.50413,83.37764,1
2010,27.5289,68.75982,3
2010,27.54015,95.72224,1
2010,27.5504,83.05002,2
2010,27.58,81.6,1
2010,27.58,83.65,1
2010,27.58906,68.00286,1
2010,27.62642,83.37894,1
2010,27.63754,94.88483,1
2010,27.66043,83.48036,1
2010,27.68662,66.19702,1
2010,27.70875,85.3295,3
2010,27.76677,85.70052,1
2010,27.80992,66.62096,16
2010,27.81872,66.65966,6
2010,27.84536,67.90623,1
2010,27.85979,69.53534,1
2010,27.93875,68.6599,1
2010,27.95488,68.63894,1
2010,27.95944,84.8959,1
2010,27.9656,-82.79976,1
2010,28.05606,81.62801,3
2010,28.34007,68.189,2
2010,28.38066,68.34315,1
2010,28.45842,68.13322,3
2010,28.49125,66.26347,3
2010,28.54439,68.218,1
2010,28.58584,77.15334,1
2010,28.63331,69.19037,1
2010,28.89374,64.40585,1
2010,29.03441,69.15866,4
2010,29.03768,66.5815,5
2010,29.04785,66.59332,1
2010,29.10636,67.68718,2
2010,29.39568,71.67692,2
2010,29.48358,60.8627,2
2010,29.53197,35.00706,1
2010,29.54828,67.87919,1
2010,29.55196,66.01933,1
2010,29.61045,66.92216,3
2010,29.67386,68.7155,1
2010,29.80396,66.85099,5
2010,29.85538,67.33993,2
2010,30.08452,66.98344,2
2010,30.08463,31.33431,1
2010,30.20082,66.99435,50
2010,30.28358,-97.69865,1
2010,30.33138,-81.6558,1
2010,30.37097,68.59932,1
2010,30.37367,76.14519,1
2010,30.51005,47.7781,14
2010,30.5502,63.78606,1
2010,30.56881,63.70768,1
2010,30.57417,63.61086,1
2010,30.66667,34.83333,1
2010,30.7425,68.39528,1
2010,30.74861,75.62972,1
2010,30.95993,61.86895,3
2010,30.99607,65.47574,3
2010,31.00274,66.40562,2
2010,31.02615,62.45042,1
2010,31.04437,46.26145,3
2010,31.12665,33.80086,1
2010,31.12703,64.20585,2
2010,31.19211,34.44947,4
2010,31.29986,34.6227,1
2010,31.34696,34.30143,1
2010,31.34802,34.49109,3
2010,31.35,69.45,1
2010,31.38932,64.31517,1
2010,31.39708,34.55523,1
2010,31.41727,34.35097,1
2010,31.46746,64.09244,6
2010,31.50547,74.34288,29
2010,31.5282,34.59638,1
2010,31.53024,35.09416,1
2010,31.53619,34.53957,1
2010,31.55004,65.45263,4
2010,31.57158,66.51529,1
2010,31.58242,65.05057,1
2010,31.58509,65.82279,1
2010,31.58778,65.69028,1
2010,31.60063,64.36965,12
2010,31.60711,65.63467,3
2010,31.61931,65.05016,1
2010,31.61972,65.89722,2
2010,31.62159,35.15504,1
2010,31.62283,62.86937,1
2010,31.62304,65.05425,1
2010,31.63108,65.74223,33
2010,31.63782,64.2378,2
2010,31.64,64.24,1
2010,31.64028,65.3975,3
2010,31.64278,64.23972,1
2010,31.65003,65.65002,6
2010,31.66932,34.5708,1
2010,31.67015,34.57515,1
2010,31.76147,64.62143,3
2010,31.80262,66.32472,1
2010,31.82587,64.57643,7
2010,31.83433,70.90905,2
2010,31.84822,47.1452,1
2010,31.90714,35.19822,3
2010,31.95,35.93333,1
2010,31.98958,44.92378,2
2010,32.03292,44.39965,7
2010,32.07333,64.83389,3
2010,32.08288,72.67145,1
2010,32.1002,66.90102,2
2010,32.165,63.4253,5
2010,32.17337,66.52068,1
2010,32.19188,67.18945,3
2010,32.19747,68.34734,1
2010,32.20944,70.38354,2
2010,32.21418,70.38468,2
2010,32.22227,35.25351,2
2010,32.24174,62.94865,1
2010,32.26454,68.52472,1
2010,32.28056,44.66444,1
2010,32.3061,69.57996,1
2010,32.32024,69.85974,7
2010,32.3232,64.81108,2
2010,32.37001,62.12846,2
2010,32.37508,62.11576,1
2010,32.4057,64.47038,3
2010,32.40966,35.2801,1
2010,32.4194,65.3319,1
2010,32.43124,70.96588,1
2010,32.46667,46.13333,1
2010,32.46924,44.41664,7
2010,32.48092,62.02824,2
2010,32.49533,62.26266,3
2010,32.50764,63.76954,2
2010,32.51924,67.41648,4
2010,32.53329,45.82945,8
2010,32.55665,75.11627,1
2010,32.55976,41.91965,1
2010,32.60439,44.00714,7
2010,32.60621,70.90862,2
2010,32.62374,65.45643,2
2010,32.62515,62.47977,4
2010,32.6664,65.90363,6
2010,32.67706,67.71391,1
2010,32.67785,61.98139,2
2010,32.69039,69.83359,1
2010,32.705,-97.12278,1
2010,32.70758,69.33187,1
2010,32.71578,69.28179,2
2010,32.77131,69.07318,2
2010,32.77734,44.28935,6
2010,32.77789,61.65673,1
2010,32.79392,34.99062,1
2010,32.81614,67.763,1
2010,32.84722,66.05,2
2010,32.85177,68.45499,1
2010,32.85333,68.44972,1
2010,32.86701,44.22046,5
2010,32.88018,44.38696,1
2010,32.88716,44.34164,6
2010,32.90109,69.7494,2
2010,32.90487,70.72863,1
2010,32.92527,44.77096,2
2010,32.92536,70.58838,1
2010,32.92713,66.14153,2
2010,32.93,66.68912,1
2010,32.93036,72.85548,1
2010,32.93653,68.6473,1
2010,32.94302,69.17988,1
2010,32.97464,70.14558,6
2010,32.97543,70.27374,3
2010,32.98293,44.3616,2
2010,32.9833,67.9666,1
2010,32.98735,70.60252,9
2010,33.00652,70.06825,5
2010,33.05799,44.35484,2
2010,33.06667,69.06667,1
2010,33.07835,44.25472,4
2010,33.10053,44.58449,3
2010,33.11778,69.01556,2
2010,33.14575,75.54805,1
2010,33.16356,43.86311,3
2010,33.1782,68.75253,3
2010,33.19314,68.10185,1
2010,33.19367,68.102,6
2010,33.23867,35.21526,1
2010,33.24154,69.82847,1
2010,33.24718,44.02545,1
2010,33.27167,69.77861,1
2010,33.27852,68.87168,2
2010,33.2795,69.59859,2
2010,33.28944,73.3595,1
2010,33.30357,44.37177,586
2010,33.30438,62.15419,7
2010,33.31065,44.03821,20
2010,33.31329,75.76337,2
2010,33.31957,68.4513,7
2010,33.33526,69.92847,15
2010,33.33673,69.92383,1
2010,33.34916,43.7842,33
2010,33.35667,70.07833,1
2010,33.35851,69.85974,3
2010,33.36326,70.54785,1
2010,33.36598,69.43823,1
2010,33.37172,74.31531,1
2010,33.38805,43.5317,4
2010,33.39781,43.70628,3
2010,33.40306,43.91186,17
2010,33.42,68.294,2
2010,33.42095,43.29566,32
2010,33.42361,69.37667,1
2010,33.42977,66.21314,2
2010,33.43234,72.01747,1
2010,33.43622,69.03175,2
2010,33.44984,70.06404,3
2010,33.46944,69.62028,1
2010,33.47051,44.39349,1
2010,33.47358,68.65084,4
2010,33.47809,68.90647,1
2010,33.49031,72.12092,1
2010,33.5,70.05,2
2010,33.51667,64.41667,1
2010,33.52889,71.05612,23
2010,33.53073,44.27429,3
2010,33.53424,65.00085,1
2010,33.53975,69.73107,2
2010,33.542,35.38115,1
2010,33.54262,68.41533,17
2010,33.54994,68.41623,1
2010,33.55043,35.37096,2
2010,33.56656,69.87835,2
2010,33.56666,72.64282,1
2010,33.56708,72.64241,1
2010,33.5906,71.44062,17
2010,33.59206,42.61896,4
2010,33.59401,73.06908,4
2010,33.59863,69.229,4
2010,33.6339,42.83208,6
2010,33.63952,42.83802,1
2010,33.63957,68.76319,1
2010,33.6435,62.27064,2
2010,33.66528,68.34056,1
2010,33.66628,69.78603,1
2010,33.66854,39.9679,2
2010,33.66969,44.38132,4
2010,33.67164,73.05607,6
2010,33.68745,71.51604,6
2010,33.69167,68.4025,1
2010,33.69256,69.37688,1
2010,33.69341,44.79608,1
2010,33.69395,45.06742,5
2010,33.69597,70.33607,12
2010,33.69727,71.14485,32
2010,33.71699,44.67952,2
2010,33.72401,75.01785,1
2010,33.73222,75.15791,1
2010,33.74324,44.62382,47
2010,33.745,45.54562,2
2010,33.75099,74.85144,1
2010,33.77186,68.3697,2
2010,33.77335,45.14945,1
2010,33.79821,68.93483,2
2010,33.80217,69.83311,1
2010,33.81693,69.94285,1
2010,33.83563,44.24741,11
2010,33.84862,44.52212,5
2010,33.85367,73.75073,1
2010,33.858,70.55218,1
2010,33.87403,74.9015,1
2010,33.90493,68.67248,1
2010,33.90858,71.07006,13
2010,33.91523,71.45868,24
2010,33.91622,69.91992,1
2010,33.92117,75.0146,1
2010,33.9252,71.4574,3
2010,33.92659,44.77206,2
2010,33.93076,71.44216,1
2010,33.95317,44.92191,7
2010,33.96813,71.18842,1
2010,33.96917,68.94472,4
2010,33.99459,44.35727,3
2010,33.99908,72.93524,1
2010,34.00028,68.71333,2
2010,34.00258,71.38248,2
2010,34.006,71.53743,57
2010,34.00721,71.98308,4
2010,34.00843,68.71789,1
2010,34.01047,44.14824,4
2010,34.02119,68.99953,7
2010,34.03944,70.93,1
2010,34.07395,63.67506,1
2010,34.08039,71.22437,3
2010,34.09787,-118.40738,1
2010,34.11033,71.1638,13
2010,34.12573,45.00334,6
2010,34.14658,71.74354,1
2010,34.15117,68.7834,1
2010,34.15962,72.23252,1
2010,34.16839,71.84196,2
2010,34.17183,70.62168,1
2010,34.17333,69.64556,1
2010,34.17687,61.70056,2
2010,34.20109,74.34911,1
2010,34.20842,43.89071,9
2010,34.2147,69.09841,1
2010,34.21728,71.56104,1
2010,34.21754,71.56138,1
2010,34.22736,71.02873,1
2010,34.22921,70.19321,1
2010,34.2347,71.72803,1
2010,34.23917,71.04528,1
2010,34.23996,44.51016,2
2010,34.25528,70.86556,1
2010,34.26739,7.72495,1
2010,34.27103,45.16357,5
2010,34.27609,70.36025,1
2010,34.28889,74.46371,1
2010,34.30068,71.65125,1
2010,34.30139,62.24639,1
2010,34.32002,71.399,1
2010,34.34316,61.49527,1
2010,34.34672,62.19732,8
2010,34.34734,45.38327,1
2010,34.34889,63.17778,1
2010,34.35135,68.23853,1
2010,34.35583,69.555,1
2010,34.36106,68.84069,5
2010,34.3635,41.116,10
2010,34.36889,69.21833,1
2010,34.37499,41.05476,1
2010,34.3965,72.61583,2
2010,34.41668,71.92459,5
2010,34.41712,70.44959,18
2010,34.41754,70.32394,4
2010,34.43084,44.93409,1
2010,34.43799,73.21744,1
2010,34.43809,35.83084,1
2010,34.46796,70.49149,2
2010,34.47762,41.92077,2
2010,34.49112,62.6031,1
2010,34.4992,73.01754,2
2010,34.51107,73.01441,2
2010,34.5169,69.14701,25
2010,34.52132,65.24924,1
2010,34.53375,43.48374,1
2010,34.55488,71.47693,1
2010,34.56549,71.47743,43
2010,34.57486,71.27608,25
2010,34.59151,71.43386,1
2010,34.6159,71.93862,1
2010,34.62152,43.66838,12
2010,34.63265,-0.20508,1
2010,34.67802,72.74582,1
2010,34.68611,70.91566,2
2010,34.70514,70.15405,2
2010,34.71519,71.4789,1
2010,34.72627,44.58491,1
2010,34.72833,71.01722,2
2010,34.73352,71.51966,4
2010,34.745,71.60667,1
2010,34.75102,71.45968,1
2010,34.75218,8.05886,1
2010,34.77448,72.36405,4
2010,34.78025,8.15151,1
2010,34.78167,62.12278,1
2010,34.7879,71.10733,1
2010,34.78972,7.81694,1
2010,34.79216,72.28428,1
2010,34.81117,72.75225,1
2010,34.82408,70.36069,2
2010,34.83016,71.84278,3
2010,34.85633,69.64912,1
2010,34.8569,71.42994,35
2010,34.86621,71.52638,1
2010,34.87138,62.54837,3
2010,34.87566,71.15201,3
2010,34.87851,63.34024,3
2010,34.88135,44.62513,9
2010,34.88692,6.54622,1
2010,34.88915,6.17682,1
2010,34.89657,69.72013,1
2010,34.92444,68.6475,1
2010,34.92485,43.49141,4
2010,34.92792,72.41515,1
2010,34.94417,69.27333,1
2010,34.95162,70.76136,1
2010,34.95262,72.33111,1
2010,34.96285,70.92383,1
2010,34.96559,71.822,2
2010,34.96667,69.56667,1
2010,34.98106,69.62146,1
2010,34.98861,68.86457,1
2010,34.98894,70.91122,1
2010,35.00219,71.40619,1
2010,35.0148,68.92681,1
2010,35.0307,71.35214,2
2010,35.03924,69.00633,2
2010,35.07791,62.87352,1
2010,35.07941,72.42876,2
2010,35.08816,63.09357,1
2010,35.08831,71.36685,1
2010,35.10528,61.68722,1
2010,35.10778,7.41306,1
2010,35.11806,7.76722,1
2010,35.11806,71.22806,2
2010,35.12889,7.95914,1
2010,35.13451,7.95525,1
2010,35.13563,7.96188,1
2010,35.13585,44.08771,1
2010,35.14789,25.26444,1
2010,35.16277,6.24229,1
2010,35.16713,63.76954,1
2010,35.19939,-0.63286,2
2010,35.20229,71.87301,4
2010,35.27102,43.45808,2
2010,35.27208,43.91504,1
2010,35.30305,44.32993,2
2010,35.31495,46.99883,1
2010,35.32502,70.90712,1
2010,35.32612,43.78081,2
2010,35.3292,25.13867,1
2010,35.40181,69.14471,1
2010,35.40714,8.12086,2
2010,35.43028,72.60333,1
2010,35.45211,44.37546,61
2010,35.49944,43.23489,6
2010,35.51624,24.01881,2
2010,35.5218,46.18359,1
2010,35.56701,45.38549,1
2010,35.56943,42.72303,1
2010,35.58567,63.32809,1
2010,35.60861,68.68583,1
2010,35.67278,71.34333,2
2010,35.69206,64.29574,4
2010,35.70384,4.57228,2
2010,35.72453,51.40519,4
2010,35.76144,66.78034,1
2010,35.8043,69.28775,5
2010,35.83853,71.78105,1
2010,35.83923,71.78011,1
2010,35.84,65.23083,2
2010,35.84611,-86.39194,1
2010,35.86244,64.55413,2
2010,35.8837,65.91917,1
2010,35.90058,68.48322,2
2010,35.90512,64.81801,1
2010,35.90917,67.28722,1
2010,35.91809,74.2898,2
2010,35.98073,67.57085,1
2010,36.05565,64.94647,1
2010,36.06048,69.10242,3
2010,36.07956,64.90596,2
2010,36.08018,4.80904,1
2010,36.08623,67.13695,1
2010,36.11418,2.30438,1
2010,36.11875,68.95396,1
2010,36.12141,2.20541,1
2010,36.13333,65.83333,1
2010,36.15278,5.69,1
2010,36.15446,43.35922,1
2010,36.15818,43.25326,3
2010,36.16538,66.09094,1
2010,36.17731,68.75214,1
2010,36.18798,69.33543,5
2010,36.18889,42.8025,1
2010,36.21766,65.93304,1
2010,36.21769,65.93051,1
2010,36.22811,4.33458,1
2010,36.23828,64.86445,1
2010,36.2868,4.13316,1
2010,36.2878,2.06582,1
2010,36.31939,41.86147,1
2010,36.32174,41.86588,1
2010,36.35415,43.14357,127
2010,36.37015,66.89158,3
2010,36.37682,42.44888,9
2010,36.38206,68.72463,1
2010,36.42055,64.89389,7
2010,36.47454,66.95115,2
2010,36.47639,3.75861,2
2010,36.51217,68.90134,3
2010,36.51965,42.08607,1
2010,36.55,3.95,3
2010,36.55869,65.81041,1
2010,36.56222,3.59444,3
2010,36.56316,3.59978,1
2010,36.56472,5.30583,1
2010,36.58143,5.88495,1
2010,36.58882,3.47374,1
2010,36.5941,4.00855,1
2010,36.60407,3.69902,1
2010,36.62056,4.08154,1
2010,36.62178,4.98647,1
2010,36.62517,5.29824,2
2010,36.63694,3.69472,1
2010,36.64111,3.88833,1
2010,36.64196,69.08955,1
2010,36.64691,4.04331,1
2010,36.66232,4.07989,1
2010,36.66264,5.78905,1
2010,36.66463,67.00506,2
2010,36.665,65.752,1
2010,36.6698,69.47845,1
2010,36.67356,5.48171,1
2010,36.67685,4.08247,1
2010,36.67723,6.83132,1
2010,36.68145,69.1149,2
2010,36.68333,4.54472,1
2010,36.68458,4.66569,1
2010,36.68488,4.65746,1
2010,36.69451,68.80158,1
2010,36.69784,45.14247,2
2010,36.7,67.11667,1
2010,36.70271,67.70795,1
2010,36.70578,68.87706,8
2010,36.70993,67.1157,1
2010,36.72017,5.98595,1
2010,36.72051,3.82988,1
2010,36.72442,3.61925,2
2010,36.72564,69.20139,1
2010,36.72678,4.4796,1
2010,36.72778,3.55389,2
2010,36.73346,69.53776,4
2010,36.73476,4.43865,3
2010,36.73477,70.812,1
2010,36.73576,4.43777,3
2010,36.73914,3.90168,1
2010,36.74167,3.72306,1
2010,36.742,3.72619,1
2010,36.74906,4.88964,1
2010,36.75618,66.72422,3
2010,36.75783,4.3165,1
2010,36.75926,66.8985,2
2010,36.76276,4.58453,3
2010,36.7652,45.72242,1
2010,36.76785,3.60474,1
2010,36.77176,5.60696,2
2010,36.77216,4.43622,1
2010,36.7742,4.32134,1
2010,36.8046,4.32214,1
2010,36.8058,3.81338,1
2010,36.81667,3.85,1
2010,36.81694,3.85722,2
2010,36.81811,70.0977,1
2010,36.83333,4.0,1
2010,36.85993,68.7155,2
2010,36.86471,4.05858,1
2010,36.86662,4.2496,1
2010,36.86667,70.83444,1
2010,36.87556,3.71694,1
2010,36.88962,4.12819,1
2010,36.89697,65.66586,1
2010,36.90639,7.19778,1
2010,36.91501,65.0785,1
2010,36.9626,68.57758,1
2010,36.96824,68.56884,1
2010,36.97222,69.16306,2
2010,36.98424,67.04646,1
2010,36.99142,35.33083,1
2010,36.99663,68.43482,1
2010,37.00083,65.22389,1
2010,37.00108,6.55471,1
2010,37.03967,45.09822,1
2010,37.07056,71.14391,1
2010,37.08111,69.17278,1
2010,37.10783,70.56756,1
2010,37.12286,69.15812,2
2010,37.18177,68.9113,1
2010,37.18491,67.71992,1
2010,37.29153,36.4819,1
2010,37.41567,41.3715,1
2010,37.42205,42.49168,1
2010,37.44593,43.74498,1
2010,37.47225,69.6234,1
2010,37.54659,41.7207,1
2010,37.57704,43.7361,4
2010,37.58944,43.56583,1
2010,37.93565,23.94842,1
2010,37.98438,23.64946,1
2010,37.99749,23.76273,30
2010,38.11463,15.65023,1
2010,38.5503,44.9521,2
2010,38.87874,-77.10001,2
2010,38.89428,-77.4311,1
2010,38.99551,-77.02808,1
2010,39.14547,43.91353,1
2010,39.56305,44.01115,1
2010,39.73214,43.0971,1
2010,39.74492,39.74492,1
2010,39.75897,-104.8763,1
2010,40.28333,69.63333,1
2010,40.56494,-111.83905,1
2010,40.5827,22.95303,1
2010,40.62066,22.952,11
2010,40.69713,-73.93135,2
2010,40.7595,-111.88823,1
2010,41.10618,28.68986,5
2010,41.16878,80.2606,1
2010,41.70998,44.793,2
2010,41.89096,12.49007,6
2010,42.05348,48.29893,1
2010,42.11535,44.24208,1
2010,42.12124,8.75889,2
2010,42.20198,48.04867,2
2010,42.36346,47.89108,1
2010,42.37991,47.66184,1
2010,42.3871,47.9845,1
2010,42.42684,41.62898,1
2010,42.43362,-8.64805,1
2010,42.4364,47.3307,1
2010,42.4542,47.6672,2
2010,42.46082,21.76445,1
2010,42.54026,46.12241,1
2010,42.56333,47.86361,2
2010,42.5695,47.5688,1
2010,42.58139,41.80693,1
2010,42.63024,47.05471,3
2010,42.68698,46.87109,1
2010,42.69233,47.5334,2
2010,42.7086,47.5605,1
2010,42.7152,46.7844,2
2010,42.82383,75.29249,1
2010,42.84964,-2.69236,1
2010,42.85244,-2.38946,1
2010,42.88089,20.86721,1
2010,42.88333,47.63333,7
2010,42.90092,47.55765,1
2010,42.9133,44.46693,1
2010,42.9664,47.3568,1
2010,42.98542,47.45067,40
2010,43.0024,46.68412,1
2010,43.03389,47.31053,1
2010,43.04746,44.66581,1
2010,43.08333,45.45,1
2010,43.10022,40.63256,2
2010,43.17122,46.86367,1
2010,43.17314,44.81287,1
2010,43.18704,46.97134,1
2010,43.2,44.81667,1
2010,43.201,46.86386,2
2010,43.2087,46.8227,1
2010,43.2267,44.77057,21
2010,43.22836,44.8335,1
2010,43.2432,45.1807,1
2010,43.24855,46.59784,7
2010,43.2543,42.6168,1
2010,43.25717,42.5144,1
2010,43.2625,42.6476,4
2010,43.27915,42.94951,1
2010,43.28408,44.83511,2
2010,43.28725,46.65952,1
2010,43.2989,46.726,2
2010,43.29901,44.89887,3
2010,43.30592,44.98738,1
2010,43.31667,45.06667,12
2010,43.32023,45.65449,5
2010,43.33656,45.17381,1
2010,43.34592,46.66224,1
2010,43.39003,46.61666,1
2010,43.4,42.91667,10
2010,43.43958,39.92773,2
2010,43.45045,44.90203,1
2010,43.48412,43.62736,23
2010,43.51111,44.6,4
2010,43.52816,43.56967,2
2010,43.5575,43.85083,2
2010,43.5658,43.58326,4
2010,43.5992,46.7765,1
2010,43.65912,43.69295,3
2010,43.67472,43.45333,1
2010,43.6825,43.53389,9
2010,43.71806,43.3007,1
2010,43.7256,39.86959,1
2010,43.74254,43.00813,1
2010,43.74556,43.20028,1
2010,43.77484,41.9084,2
2010,43.85,46.71667,5
2010,43.85212,46.40915,1
2010,43.92938,46.78123,1
2010,43.9406,47.0321,1
2010,43.9836,47.03499,3
2010,44.05015,43.05102,2
2010,44.05722,17.45083,1
2010,44.21667,43.13333,1
2010,44.36371,44.74742,1
2010,44.4077,46.61114,1
2010,44.49419,11.34652,1
2010,45.05,41.98333,2
2010,45.42153,-75.69719,1
2010,45.46921,9.17451,1
2010,45.57804,4.81265,1
2010,45.8176,8.82638,1
2010,46.18788,-123.83125,1
2010,46.35,48.05,1
2010,47.21667,39.7,1
2010,47.8388,35.13957,1
2010,48.50793,32.26232,3
2010,51.50439,-0.14004,1
2010,51.77667,19.45472,1
2010,52.21909,-6.38716,1
2010,52.35576,6.66306,1
2010,52.50153,13.40185,1
2010,52.8294,-1.33205,1
2010,52.96667,36.06667,2
2010,53.20006,50.15,1
2010,53.36168,-6.24548,2
2010,53.54356,-113.49045,1
2010,53.9,27.56667,2
2010,53.95237,-6.53901,1
2010,54.07741,-6.60876,1
2010,54.18006,-6.33393,1
2010,54.18305,-6.34139,2
2010,54.19293,-6.57605,1
2010,54.19497,-6.39784,1
2010,54.29492,-6.68213,1
2010,54.2955,-7.46358,1
2010,54.34754,-6.65611,1
2010,54.35334,-6.4126,1
2010,54.41442,-6.97664,1
2010,54.44697,-6.39292,2
2010,54.46337,-6.3286,4
2010,54.53671,-6.70361,1
2010,54.54144,-6.69987,1
2010,54.55342,-6.00331,1
2010,54.55354,-6.04773,1
2010,54.60771,-5.95621,11
2010,54.64034,-5.64053,1
2010,54.64244,-5.83,2
2010,54.66239,-6.21773,1
2010,54.68481,-5.96584,1
2010,54.71338,-6.21676,4
2010,54.71364,-5.80823,1
2010,54.74893,-6.3156,1
2010,54.80821,-6.51897,1
2010,54.81916,-7.46791,2
2010,54.96157,-6.5248,1
2010,55.01156,-7.31204,7
2010,55.05085,-6.95054,1
2010,55.63333,37.85,1
2010,55.67608,12.56832,1
2010,55.75138,37.57991,5
2010,56.2424,12.53828,1
2010,59.2566,31.31249,1
2010,59.33279,18.06449,1
2010,59.33523,18.06006,1
2010,59.85337,30.34843,3
2010,59.91387,10.75224,1
2011,-38.94892,-72.33111,1
2011,-34.61768,-58.44444,1
2011,-33.58333,-70.7,1
2011,-33.36624,-70.5053,4
2011,-26.11667,-55.93,1
2011,-25.28982,-57.66091,2
2011,-23.34428,-57.04349,1
2011,-18.92232,47.51724,1
2011,-17.82517,31.03351,1
2011,-11.6876,27.50262,3
2011,-7.79722,110.3688,1
2011,-7.55617,110.82306,1
2011,-6.71507,108.56375,1
2011,-6.59879,106.79976,1
2011,-6.20882,106.84605,6
2011,-4.70749,21.04932,1
2011,-4.38917,15.33762,2
2011,-4.26697,137.0472,1
2011,-4.09386,29.08267,2
2011,-3.96706,29.43617,1
2011,-3.46083,30.485,1
2011,-3.37583,29.36411,2
2011,-3.34412,29.39224,1
2011,-3.33112,29.25056,1
2011,-3.29667,102.86167,1
2011,-3.19351,29.30769,1
2011,-2.88861,29.12,1
2011,-2.66254,140.69979,2
2011,-2.53438,140.7093,4
2011,-2.533,140.717,1
2011,-2.52878,140.71346,1
2011,-2.46048,28.91312,1
2011,-2.26963,40.90041,2
2011,-2.17083,-79.92236,1
2011,-1.94901,30.05785,1
2011,-1.39843,28.81598,1
2011,-1.28518,36.82111,2
2011,-1.18557,29.44695,1
2011,-1.15077,41.052,1
2011,-1.09815,29.28583,1
2011,-0.45612,39.64612,10
2011,-0.35785,42.54665,4
2011,-0.24926,42.60133,1
2011,-0.06499,29.51077,1
2011,0.00013,40.36925,1
2011,0.0537,40.30788,5
2011,0.11425,40.31364,1
2011,0.30366,41.44076,1
2011,0.34287,-76.90966,1
2011,0.34947,40.87599,4
2011,0.42529,-76.9052,1
2011,0.42767,-76.90729,1
2011,0.50728,-76.49764,1
2011,0.51486,42.07571,1
2011,0.51556,42.07333,2
2011,0.55796,41.94807,1
2011,0.66704,-76.87322,1
2011,0.6671,-76.87135,1
2011,0.685,-76.60444,1
2011,0.70117,-75.25007,1
2011,0.88457,-77.50339,1
2011,0.9623,-77.73246,1
2011,1.11423,44.02871,1
2011,1.22211,-77.67723,1
2011,1.33823,-77.59262,1
2011,1.63013,42.40311,1
2011,1.71619,44.76886,1
2011,1.73341,-76.56434,1
2011,1.74683,40.05345,3
2011,1.75185,-75.58409,1
2011,1.7522,-75.58217,1
2011,1.80741,-78.76375,1
2011,1.8528,-76.04801,1
2011,1.97894,44.83206,2
2011,2.03967,-76.92452,1
2011,2.05191,128.29452,1
2011,2.05201,45.27065,6
2011,2.05982,45.32612,63
2011,2.08206,45.20749,1
2011,2.08333,45.16667,1
2011,2.08399,45.39518,1
2011,2.08422,45.39739,1
2011,2.11667,-76.98333,1
2011,2.14383,45.11806,5
2011,2.14927,-77.08145,1
2011,2.19818,-75.97827,1
2011,2.24306,-77.27861,1
2011,2.34931,42.28033,2
2011,2.3583,-75.68792,1
2011,2.35913,45.38367,1
2011,2.40582,42.97707,2
2011,2.4522,-76.80704,1
2011,2.48156,43.32408,2
2011,2.48642,45.67466,1
2011,2.53333,-75.31667,1
2011,2.5507,-76.06385,1
2011,2.61794,44.89276,1
2011,2.61974,44.89368,2
2011,2.64307,-76.98918,1
2011,2.65003,-75.64958,1
2011,2.77726,45.50064,2
2011,2.79817,44.07856,1
2011,2.80909,40.92744,3
2011,2.85,-76.31667,1
2011,2.95601,-76.26905,1
2011,2.95622,-76.2684,1
2011,2.95679,-76.26864,1
2011,2.95742,-76.26717,1
2011,2.99864,-75.30562,7
2011,3.01878,-76.64393,1
2011,3.05,-76.41667,3
2011,3.11564,43.64658,7
2011,3.17453,-76.25961,1
2011,3.17615,-76.26056,1
2011,3.25042,-76.22935,1
2011,3.25058,-75.75026,1
2011,3.25375,-75.75018,1
2011,3.32728,42.21856,2
2011,3.60711,28.56229,1
2011,3.70338,47.01585,1
2011,3.80828,42.54729,1
2011,3.81095,43.24651,2
2011,3.88726,-77.06734,1
2011,3.92686,41.87717,2
2011,3.93872,41.84471,8
2011,4.08333,-76.2,1
2011,4.09384,45.5096,1
2011,4.1206,43.89053,1
2011,4.16672,29.50003,1
2011,4.39339,46.08817,1
2011,4.4183,44.8717,1
2011,4.44106,-75.24223,1
2011,4.44329,-69.79342,1
2011,4.45556,-76.38948,1
2011,4.487,-73.8932,1
2011,4.57822,28.3988,1
2011,4.59345,7.96096,1
2011,4.61354,8.59408,1
2011,4.65604,47.85524,1
2011,4.6679,22.74948,1
2011,4.68489,46.62281,5
2011,4.72375,44.7035,1
2011,4.73538,45.2024,3
2011,4.74234,7.04291,1
2011,4.74254,8.4058,1
2011,4.77942,8.67934,1
2011,4.85535,31.56778,1
2011,4.92315,6.26093,3
2011,4.95,6.33333,1
2011,4.99632,45.39466,1
2011,5.07611,6.26389,1
2011,5.13528,-5.02389,1
2011,5.1894,23.28578,1
2011,5.30801,45.88036,1
2011,5.34718,28.29944,1
2011,5.36833,46.19111,1
2011,5.4193,-4.02156,1
2011,5.5,5.98333,1
2011,5.60651,27.47339,1
2011,5.62658,-72.42351,1
2011,5.77306,101.0725,1
2011,5.82847,101.20705,1
2011,5.87129,-7.45402,1
2011,5.9,5.66652,2
2011,5.98159,-76.36021,1
2011,6.00189,-76.78174,2
2011,6.01392,101.95023,5
2011,6.02183,121.16568,1
2011,6.03695,121.03782,1
2011,6.05046,121.01224,3
2011,6.05872,101.69126,2
2011,6.05889,101.69002,1
2011,6.06669,121.10004,1
2011,6.07344,101.29784,1
2011,6.07457,121.13433,1
2011,6.07599,101.29773,1
2011,6.11468,101.2111,1
2011,6.15354,101.91304,4
2011,6.16327,101.90867,1
2011,6.17384,101.51614,1
2011,6.19778,6.72872,1
2011,6.21041,101.82076,1
2011,6.21193,101.8247,3
2011,6.21256,31.56102,1
2011,6.21872,124.82323,1
2011,6.22533,101.81459,1
2011,6.2428,101.29773,2
2011,6.24281,101.29795,5
2011,6.24792,102.0033,3
2011,6.25415,101.7296,9
2011,6.25911,101.8927,1
2011,6.2782,101.78919,1
2011,6.28716,125.50434,1
2011,6.32061,7.47184,1
2011,6.35312,101.49839,6
2011,6.37872,125.57304,1
2011,6.41871,121.97244,1
2011,6.42546,101.82531,4
2011,6.42724,101.83365,6
2011,6.4574,7.49551,1
2011,6.47313,125.00746,1
2011,6.47833,122.06819,1
2011,6.48667,101.15041,1
2011,6.4912,-74.40251,1
2011,6.49182,101.3885,9
2011,6.5409,101.28087,1
2011,6.54115,101.2804,5
2011,6.54239,101.28486,1
2011,6.5455,101.2799,31
2011,6.54904,101.64303,5
2011,6.55683,121.88345,1
2011,6.6246,101.44065,1
2011,6.62689,101.44527,1
2011,6.6378,124.59914,1
2011,6.64531,122.10184,1
2011,6.6605,122.13899,2
2011,6.68024,125.25757,1
2011,6.68196,121.98548,8
2011,6.68529,101.1424,3
2011,6.68754,124.825,1
2011,6.69012,124.67858,1
2011,6.69309,101.30907,2
2011,6.69734,125.08278,1
2011,6.71687,101.41688,1
2011,6.71712,101.41765,1
2011,6.71796,101.59303,5
2011,6.72162,124.79411,1
2011,6.73395,124.83434,1
2011,6.73433,101.11721,1
2011,6.74442,124.86738,1
2011,6.76273,101.29205,5
2011,6.7744,47.42903,24
2011,6.78801,-71.02596,1
2011,6.79035,125.20508,1
2011,6.81179,101.18439,4
2011,6.81389,-75.2403,1
2011,6.81699,-75.244,1
2011,6.82086,-71.3244,1
2011,6.82941,101.5169,2
2011,6.83128,124.87701,1
2011,6.83691,125.41335,1
2011,6.8418,101.48503,2
2011,6.85481,101.37148,1
2011,6.86145,101.25874,1
2011,6.86281,124.44365,2
2011,6.86378,124.49276,1
2011,6.86692,101.48983,5
2011,6.867,124.46439,1
2011,6.86786,101.25207,22
2011,6.86948,101.25048,3
2011,6.88045,101.25669,1
2011,6.88775,122.15459,1
2011,6.92083,124.45333,1
2011,6.92909,122.07885,5
2011,6.94973,-75.11953,1
2011,6.95695,-71.87454,1
2011,6.96212,125.47549,1
2011,6.96326,126.01609,1
2011,6.96584,125.0841,1
2011,6.9711,-71.07195,1
2011,6.97887,-75.29639,1
2011,6.98246,-75.29694,1
2011,7.00574,100.47364,1
2011,7.01249,125.09105,1
2011,7.02734,-71.42856,1
2011,7.05632,124.68081,1
2011,7.05833,-75.76198,1
2011,7.06,124.98,2
2011,7.07316,-73.85102,1
2011,7.07386,-75.14591,1
2011,7.07394,-75.14885,1
2011,7.08324,125.601,2
2011,7.10847,124.82646,1
2011,7.11183,124.8246,1
2011,7.11414,124.23388,1
2011,7.13407,125.89422,1
2011,7.15254,125.05702,1
2011,7.17942,124.21937,1
2011,7.18109,124.21273,1
2011,7.18196,32.3561,3
2011,7.18854,124.53258,1
2011,7.18977,100.59538,2
2011,7.19861,-75.34122,2
2011,7.20959,124.24197,9
2011,7.28058,28.67995,1
2011,7.2921,125.85747,1
2011,7.3536,125.12485,1
2011,7.36194,125.85528,1
2011,7.40071,125.5713,1
2011,7.42182,-76.53871,2
2011,7.44932,125.80537,1
2011,7.47433,125.84253,1
2011,7.48669,4.54748,1
2011,7.50992,125.92149,1
2011,7.74709,31.39402,1
2011,7.78531,122.59286,1
2011,7.81734,125.79759,1
2011,7.83518,124.8277,1
2011,7.84143,122.846,1
2011,7.86983,122.55858,1
2011,7.92304,123.77194,1
2011,7.9248,123.7715,1
2011,7.92767,126.07509,1
2011,8.0449,126.06147,1
2011,8.04928,-73.08554,1
2011,8.04928,-73.0855,2
2011,8.21485,123.54276,1
2011,8.31001,125.99974,2
2011,8.40331,48.48801,3
2011,8.43623,-73.28666,1
2011,8.4383,-73.28587,2
2011,8.49662,4.54811,1
2011,8.53607,28.85996,1
2011,8.57853,125.8987,2
2011,8.58366,123.34118,1
2011,8.63919,-72.73369,1
2011,8.6461,-72.73339,1
2011,8.74504,124.77682,1
2011,8.83431,-73.19774,1
2011,8.85116,-76.42546,1
2011,8.86582,125.55835,1
2011,8.89462,124.82661,1
2011,8.91916,126.30124,1
2011,8.92627,29.7841,3
2011,8.94602,125.5404,1
2011,8.9499,125.53334,1
2011,8.97715,38.77323,1
2011,9.06667,7.48333,2
2011,9.07948,126.1987,1
2011,9.09639,7.21278,1
2011,9.10184,7.21675,2
2011,9.13388,99.3267,1
2011,9.18531,7.17877,4
2011,9.22998,29.16999,1
2011,9.26059,29.79998,1
2011,9.35548,42.80263,1
2011,9.53722,8.8925,1
2011,9.53987,125.81285,1
2011,9.55694,44.07414,1
2011,9.5725,125.73306,1
2011,9.6616,122.4577,1
2011,9.68364,76.33654,1
2011,9.70281,-73.27778,1
2011,9.73812,21.38418,1
2011,9.75223,28.41034,1
2011,9.7531,28.41039,2
2011,9.76318,125.48842,1
2011,9.78472,125.48969,1
2011,9.80237,77.95894,1
2011,9.82441,12.62507,2
2011,9.82459,122.90824,1
2011,9.87306,8.99361,1
2011,9.9024,122.5918,1
2011,9.9252,78.11978,1
2011,9.93333,8.88333,19
2011,9.97723,122.55514,1
2011,10.0964,122.946,1
2011,10.1848,8.90108,1
2011,10.22263,12.05169,1
2011,10.26667,13.26667,1
2011,10.28665,11.16386,1
2011,10.31583,9.84417,4
2011,10.4165,8.68138,2
2011,10.42861,12.22167,1
2011,10.51555,7.43431,2
2011,10.6111,12.195,2
2011,10.63711,10.08073,1
2011,10.65289,-72.924,1
2011,10.72553,122.55248,1
2011,10.89522,123.01863,1
2011,10.98998,49.05688,1
2011,10.99642,10.40865,2
2011,11.08192,7.71596,1
2011,11.12583,7.84694,1
2011,11.12712,78.65689,1
2011,11.1519,12.7587,4
2011,11.18414,29.39522,1
2011,11.24513,125.00028,1
2011,11.2748,49.17966,10
2011,11.28472,11.22389,1
2011,11.35477,-72.52048,1
2011,11.37651,-72.23871,1
2011,11.63561,124.36814,1
2011,11.64886,24.90422,1
2011,11.7044,11.08854,1
2011,11.74464,11.97026,13
2011,11.77802,124.88222,1
2011,11.82998,12.63018,2
2011,11.84093,13.14146,78
2011,12.05719,24.8787,4
2011,12.17902,123.87484,1
2011,12.22823,-71.99287,1
2011,12.23091,-71.98807,1
2011,12.2682,125.36949,1
2011,12.33843,121.11864,1
2011,12.34626,14.18469,1
2011,12.35878,122.6857,1
2011,12.36917,121.0827,1
2011,12.39612,123.58864,1
2011,12.43135,4.19586,1
2011,12.56415,-16.26398,1
2011,12.58814,-15.95093,1
2011,12.64848,-7.99414,1
2011,12.82565,44.84642,21
2011,12.83867,44.86888,1
2011,12.85269,44.89484,1
2011,12.86737,124.14345,1
2011,12.8708,45.0465,2
2011,12.88369,-15.59434,1
2011,12.89347,11.92905,3
2011,12.91549,23.47828,1
2011,12.92287,13.56388,1
2011,12.98333,7.6,1
2011,13.05702,5.24574,1
2011,13.0634,44.88088,4
2011,13.07737,44.90977,1
2011,13.12973,45.38557,25
2011,13.16196,123.69396,2
2011,13.17814,44.6324,2
2011,13.18365,22.69221,1
2011,13.2194,45.30784,4
2011,13.3576,45.69648,2
2011,13.48626,22.46518,4
2011,13.5116,2.12538,1
2011,13.51508,123.04915,1
2011,13.53253,44.84967,3
2011,13.56449,44.03069,1
2011,13.68374,46.08175,5
2011,13.69338,123.05913,1
2011,13.72892,100.5531,1
2011,13.8874,45.86365,4
2011,13.88908,45.87095,1
2011,13.89399,120.90727,1
2011,13.93204,46.08325,2
2011,13.94894,121.13446,2
2011,13.95694,121.57083,1
2011,13.99023,48.18108,1
2011,13.99202,24.65176,1
2011,14.03522,121.32544,1
2011,14.05937,46.91337,1
2011,14.0833,-87.2167,1
2011,14.14657,24.53317,1
2011,14.20979,24.6574,3
2011,14.26514,121.44547,1
2011,14.27977,47.57534,1
2011,14.32666,47.44722,2
2011,14.41399,44.83742,1
2011,14.52618,46.84493,1
2011,14.54397,49.12458,5
2011,14.54943,121.03359,3
2011,14.58423,121.03904,1
2011,14.59935,120.98477,1
2011,14.62441,121.1166,1
2011,14.67428,121.0575,2
2011,14.7195,46.86827,2
2011,14.76273,49.60573,1
2011,14.76976,49.37427,1
2011,14.78129,42.97285,1
2011,14.88339,33.33298,1
2011,15.28618,-1.70215,1
2011,15.32544,44.2119,6
2011,15.41396,45.95049,1
2011,15.44911,120.7175,1
2011,15.45639,45.32487,2
2011,15.5024,45.44985,6
2011,15.55496,48.1728,1
2011,15.9642,48.78252,1
2011,16.03096,48.99639,1
2011,16.04414,120.33903,1
2011,16.19987,44.409,1
2011,16.24999,45.4781,2
2011,16.56506,98.22302,1
2011,16.57253,120.42071,1
2011,16.75366,121.03983,1
2011,16.7555,102.83998,1
2011,16.77532,-3.00826,1
2011,17.03665,74.60411,1
2011,17.07487,120.45685,1
2011,17.35987,81.18398,1
2011,17.37681,78.48781,1
2011,17.55337,80.61653,1
2011,17.5808,81.11505,1
2011,17.6943,83.22741,2
2011,17.72726,81.18916,1
2011,17.73045,81.10263,1
2011,17.75336,81.37412,1
2011,17.81208,81.38304,2
2011,17.8182,82.49241,1
2011,17.83768,81.42903,1
2011,17.84225,121.39013,1
2011,17.85066,80.88591,1
2011,17.86318,82.19552,1
2011,17.86444,81.40841,1
2011,17.8665,-14.65878,1
2011,17.92258,82.23713,1
2011,17.95861,81.68568,1
2011,18.0068,79.84828,1
2011,18.02486,83.15716,1
2011,18.02538,81.59803,1
2011,18.02789,82.33696,1
2011,18.05996,81.7869,1
2011,18.07928,-15.96511,1
2011,18.10217,81.95075,1
2011,18.17315,80.24905,1
2011,18.19595,120.59274,1
2011,18.20527,80.67084,1
2011,18.26208,81.63091,1
2011,18.28333,95.31667,1
2011,18.33404,81.12643,1
2011,18.34037,81.18164,1
2011,18.35064,45.60216,1
2011,18.35187,81.6026,1
2011,18.36419,81.89242,8
2011,18.39101,81.65693,1
2011,18.43678,79.12982,1
2011,18.47517,82.42745,1
2011,18.51405,81.09874,1
2011,18.52248,81.75529,1
2011,18.52981,80.39801,1
2011,18.66722,81.67199,1
2011,18.6737,-7.09288,1
2011,18.69661,81.35601,1
2011,18.7017,82.22267,1
2011,18.7083,80.9955,4
2011,18.72275,82.20942,1
2011,18.739,7.38948,1
2011,18.74195,80.8791,1
2011,18.7554,81.02855,1
2011,18.77518,80.5367,1
2011,18.79167,80.81667,6
2011,18.7926,80.81356,1
2011,18.81323,81.5794,1
2011,18.81524,82.7121,9
2011,18.8751,81.15034,1
2011,18.87965,83.16914,1
2011,18.88152,81.37503,1
2011,18.9,81.35,11
2011,18.92473,73.48063,1
2011,18.93613,83.25191,1
2011,18.94951,72.8305,1
2011,18.9739,81.3991,1
2011,19.01892,72.84045,1
2011,19.07598,72.87766,1
2011,19.13051,81.30143,1
2011,19.14538,84.65249,3
2011,19.17,83.42,3
2011,19.20348,81.93453,4
2011,19.367,80.43543,1
2011,19.41335,80.00591,1
2011,19.48776,80.70562,1
2011,19.48863,84.17927,1
2011,19.50013,82.30177,1
2011,19.51267,80.33035,2
2011,19.51905,80.11634,1
2011,19.58597,84.68975,1
2011,19.59585,81.66378,1
2011,19.59862,80.22658,1
2011,19.63954,79.47496,2
2011,19.64557,-99.16893,1
2011,19.72353,81.24241,4
2011,19.74121,83.88176,1
2011,19.77541,80.35154,1
2011,19.79697,84.36589,1
2011,19.91374,83.1649,1
2011,19.96671,75.02022,1
2011,19.9751,84.50911,1
2011,20.1153,-98.74589,1
2011,20.1342,84.01674,3
2011,20.18184,80.00684,9
2011,20.18487,79.9948,1
2011,20.18491,85.62153,1
2011,20.21544,80.14425,1
2011,20.24497,80.71114,1
2011,20.24669,80.69457,1
2011,20.27194,81.49306,2
2011,20.27764,85.79485,1
2011,20.32778,80.47083,2
2011,20.34416,80.36915,1
2011,20.40267,80.6535,1
2011,20.62599,80.50217,1
2011,20.63386,82.05978,2
2011,20.71109,80.47287,1
2011,20.72302,84.69236,1
2011,20.77386,82.40755,1
2011,20.80602,82.53614,1
2011,20.8216,82.82906,1
2011,20.84833,86.33722,1
2011,21.0971,81.03022,2
2011,21.11015,78.75364,1
2011,21.11306,82.99585,1
2011,21.1458,79.08816,1
2011,21.15764,81.71989,1
2011,21.24141,81.63433,1
2011,21.25138,81.62964,2
2011,21.27866,81.86614,1
2011,21.35462,83.39763,1
2011,21.36478,84.09006,1
2011,21.4598,80.195,2
2011,21.63869,85.60694,1
2011,21.71,83.87667,1
2011,22.03234,87.1747,3
2011,22.07188,85.26966,1
2011,22.08667,81.65528,1
2011,22.124,84.04318,5
2011,22.20976,86.89435,1
2011,22.22526,87.05368,1
2011,22.23581,84.92535,1
2011,22.26943,87.28683,1
2011,22.30532,84.60212,1
2011,22.30982,86.95615,1
2011,22.36509,85.43756,4
2011,22.40419,87.37987,2
2011,22.42411,87.31899,3
2011,22.45109,86.99529,1
2011,22.45139,86.9922,5
2011,22.45502,86.99748,1
2011,22.48668,86.49966,1
2011,22.52181,86.98868,1
2011,22.54453,88.22177,1
2011,22.55173,88.35234,1
2011,22.57719,87.00494,1
2011,22.60348,85.15053,1
2011,22.61097,84.50243,1
2011,22.61972,88.28747,1
2011,22.62122,86.89353,3
2011,22.63215,86.76431,1
2011,22.63596,88.2741,1
2011,22.63987,85.56185,1
2011,22.65735,92.17327,1
2011,22.66279,88.27653,1
2011,22.67244,85.0727,1
2011,22.80457,86.20288,1
2011,22.85613,86.01216,2
2011,22.86775,86.94488,2
2011,22.86799,86.13192,1
2011,22.87512,86.50597,1
2011,22.9382,84.52112,1
2011,22.98676,87.85498,1
2011,23.0002,84.64268,1
2011,23.00148,84.58674,1
2011,23.02611,84.79682,1
2011,23.02682,88.19003,1
2011,23.04151,84.54449,6
2011,23.04582,84.97054,1
2011,23.065,86.26944,1
2011,23.07528,85.27889,12
2011,23.0812,85.40464,1
2011,23.16454,92.93757,1
2011,23.23175,91.55961,1
2011,23.27885,85.58694,1
2011,23.28903,85.22307,2
2011,23.33208,86.36521,3
2011,23.36997,85.32501,1
2011,23.43,84.68,2
2011,23.47097,88.55653,1
2011,23.60622,83.61775,1
2011,23.61018,85.27994,1
2011,23.62833,85.52111,1
2011,23.6693,86.15111,10
2011,23.67719,84.73939,1
2011,23.68408,89.24197,1
2011,23.68711,86.97355,1
2011,23.7438,84.50434,1
2011,23.74419,84.50443,9
2011,23.75057,84.46189,1
2011,23.76448,89.64739,1
2011,23.7741,84.45665,1
2011,23.78002,89.41273,1
2011,23.79128,90.4182,1
2011,23.80682,84.29634,1
2011,23.83381,84.78253,1
2011,23.84435,91.28636,1
2011,23.8516,91.99305,1
2011,23.85627,85.03062,1
2011,23.91991,91.8503,3
2011,23.92337,85.38853,1
2011,23.93026,84.76811,1
2011,23.93152,84.38312,1
2011,23.94085,91.98815,1
2011,23.96792,86.0587,1
2011,23.98006,84.496,2
2011,23.99687,85.37176,1
2011,23.99757,85.35935,1
2011,23.99775,83.43768,1
2011,23.9992,90.79132,1
2011,24.00356,86.14719,1
2011,24.00658,89.24413,2
2011,24.0313,89.40681,1
2011,24.07589,89.61461,1
2011,24.12861,84.18571,9
2011,24.1296,84.18561,1
2011,24.15962,83.80381,2
2011,24.17603,85.0226,1
2011,24.18384,88.19498,1
2011,24.20424,84.87094,7
2011,24.24631,84.56677,1
2011,24.25128,94.3013,1
2011,24.26351,83.92414,1
2011,24.27891,84.0141,1
2011,24.31113,84.51566,1
2011,24.31613,87.26126,1
2011,24.33168,94.0007,1
2011,24.34609,93.6999,1
2011,24.37448,84.18835,1
2011,24.38806,85.25305,1
2011,24.40194,83.05333,1
2011,24.43939,84.63072,1
2011,24.44824,84.58422,1
2011,24.45375,84.58434,1
2011,24.45788,87.51362,1
2011,24.46287,84.1778,1
2011,24.47171,83.55632,1
2011,24.49215,84.98475,1
2011,24.4922,84.98468,2
2011,24.49324,84.98566,1
2011,24.4965,86.73284,2
2011,24.51967,87.57172,1
2011,24.5221,83.72263,1
2011,24.53003,84.90991,1
2011,24.53896,84.67285,1
2011,24.5422,84.27923,1
2011,24.5513,84.14094,1
2011,24.55399,9.48423,1
2011,24.58462,84.303,1
2011,24.58543,92.58913,2
2011,24.59739,93.77526,1
2011,24.60159,84.86885,1
2011,24.61758,93.88898,1
2011,24.6201,94.01528,1
2011,24.62872,93.76132,3
2011,24.63975,86.50598,3
2011,24.64492,93.99929,5
2011,24.66372,93.90627,3
2011,24.68818,93.93622,3
2011,24.69635,93.93366,1
2011,24.74717,86.72071,1
2011,24.7499,84.3709,3
2011,24.76469,86.33768,1
2011,24.76472,86.33731,1
2011,24.77711,84.31081,1
2011,24.78147,84.98641,5
2011,24.78758,86.0828,3
2011,24.79545,84.99943,2
2011,24.79566,84.99941,1
2011,24.79573,84.99972,4
2011,24.79835,93.94043,37
2011,24.80796,93.11147,1
2011,24.82213,93.87421,1
2011,24.856,93.86171,1
2011,24.85776,91.86659,1
2011,24.86659,94.04975,1
2011,24.87199,94.06891,1
2011,24.87271,94.01464,1
2011,24.87781,86.92183,1
2011,24.88,85.52997,1
2011,24.89045,84.99544,1
2011,24.89112,67.14331,197
2011,24.91201,85.01544,1
2011,24.92122,91.83307,1
2011,24.92439,86.22071,2
2011,24.92551,86.22076,2
2011,24.94385,94.1698,1
2011,24.96937,84.97398,1
2011,24.98452,93.50351,3
2011,25.04245,88.13875,1
2011,25.04454,66.87467,5
2011,25.06902,84.01834,1
2011,25.0692,84.01735,2
2011,25.06931,84.01647,2
2011,25.09539,94.36165,4
2011,25.1458,62.32656,1
2011,25.15192,93.96996,1
2011,25.17611,89.02889,1
2011,25.19167,93.02154,1
2011,25.19349,90.63463,1
2011,25.26611,85.08016,1
2011,25.26786,63.46099,1
2011,25.2727,94.0265,1
2011,25.28858,86.57286,2
2011,25.29663,85.01738,1
2011,25.32253,90.42098,1
2011,25.3301,90.56361,1
2011,25.35291,93.01789,2
2011,25.35467,68.28357,1
2011,25.37274,90.03709,1
2011,25.38063,86.46538,1
2011,25.38582,94.1885,1
2011,25.38929,68.35734,6
2011,25.44614,93.0137,3
2011,25.46505,85.76198,1
2011,25.46672,84.41664,1
2011,25.46703,91.36622,1
2011,25.49544,90.61679,1
2011,25.5,90.33333,1
2011,25.51187,92.73828,1
2011,25.55203,87.57182,1
2011,25.55207,87.57194,1
2011,25.56136,84.3095,1
2011,25.57046,90.21838,3
2011,25.57877,91.89325,2
2011,25.62131,90.78371,1
2011,25.66628,66.69482,2
2011,25.69464,62.49275,1
2011,25.72245,90.19092,1
2011,25.7508,93.17423,1
2011,25.75192,93.17341,1
2011,25.75595,90.6773,4
2011,25.81876,94.85206,1
2011,25.85609,84.85686,2
2011,25.8562,84.85725,1
2011,25.86646,90.6387,1
2011,25.90627,93.72759,1
2011,25.90705,90.77289,1
2011,25.908,69.40506,1
2011,25.9094,86.05837,1
2011,25.9168,84.74995,1
2011,25.91727,90.64766,1
2011,25.92001,93.72983,1
2011,25.96073,93.49747,4
2011,25.98556,85.04239,2
2011,25.99367,93.68135,1
2011,25.99941,63.04745,9
2011,26.07251,90.58868,1
2011,26.09104,94.25897,1
2011,26.09283,90.67269,1
2011,26.10572,89.83104,1
2011,26.11207,85.37306,1
2011,26.11786,85.96338,1
2011,26.12289,85.36836,3
2011,26.1292,90.02584,1
2011,26.14979,91.76393,2
2011,26.1503,91.73606,1
2011,26.15844,94.56244,1
2011,26.15891,90.55594,1
2011,26.17293,90.04562,1
2011,26.20168,84.7185,1
2011,26.217,50.58741,1
2011,26.24196,68.39929,3
2011,26.30564,90.45786,1
2011,26.30987,90.28346,1
2011,26.31546,84.45665,1
2011,26.35027,90.16417,1
2011,26.35109,89.89004,1
2011,26.39802,90.26942,5
2011,26.42494,90.32099,1
2011,26.44411,91.44136,2
2011,26.4499,74.63992,1
2011,26.45734,65.23111,1
2011,26.48201,86.58304,1
2011,26.48543,65.44848,1
2011,26.51703,85.09996,1
2011,26.51988,93.97004,1
2011,26.52575,84.91023,1
2011,26.54056,86.74852,1
2011,26.55081,90.3357,1
2011,26.55396,88.19162,1
2011,26.58735,49.98415,1
2011,26.58795,93.17032,1
2011,26.59018,85.49427,1
2011,26.6271,87.18266,1
2011,26.63855,85.07075,2
2011,26.63982,87.89424,1
2011,26.65234,85.2723,1
2011,26.66464,87.27178,1
2011,26.66662,87.28324,1
2011,26.67621,87.46425,4
2011,26.72962,64.14781,1
2011,26.7421,85.50844,1
2011,26.74547,92.0957,1
2011,26.74602,92.09594,2
2011,26.76667,85.26672,1
2011,26.79586,86.29687,1
2011,26.83226,86.01356,2
2011,26.85757,85.29161,1
2011,26.86491,89.38644,1
2011,26.87662,85.8095,3
2011,26.95006,85.0599,1
2011,26.97214,64.11457,3
2011,26.98261,94.64245,1
2011,26.99308,84.86258,1
2011,26.99997,84.86681,1
2011,27.03339,85.00002,1
2011,27.04477,84.86737,3
2011,27.04869,85.31362,1
2011,27.1099,85.04012,1
2011,27.13406,85.06502,2
2011,27.15431,84.3542,1
2011,27.16502,84.32381,1
2011,27.16718,85.33635,1
2011,27.17667,78.00807,1
2011,27.1837,94.91224,1
2011,27.19388,95.47206,1
2011,27.38266,95.90004,1
2011,27.4832,95.17345,1
2011,27.49193,95.34783,2
2011,27.5289,68.75982,1
2011,27.52999,60.58207,1
2011,27.53262,85.56402,1
2011,27.62642,83.37894,2
2011,27.66985,-8.14518,1
2011,27.68662,66.19702,1
2011,27.70875,85.3295,2
2011,27.80992,66.62096,8
2011,27.81872,66.65966,2
2011,27.85979,69.53534,1
2011,27.93875,68.6599,1
2011,27.95488,68.63894,1
2011,28.00246,65.28842,1
2011,28.05606,81.62801,1
2011,28.10765,68.02539,1
2011,28.1509,81.7651,2
2011,28.23219,81.33346,1
2011,28.2324,81.33322,1
2011,28.27275,82.77004,1
2011,28.28002,68.44041,4
2011,28.34007,68.189,14
2011,28.38066,68.34315,2
2011,28.43207,69.58089,3
2011,28.45842,68.13322,14
2011,28.49125,66.26347,2
2011,28.5225,69.22809,1
2011,28.54439,68.218,7
2011,28.58584,77.15334,2
2011,28.5876,68.04775,1
2011,28.62916,68.61638,1
2011,28.63331,69.19037,15
2011,28.63614,69.18643,1
2011,28.83136,80.89865,1
2011,28.89374,64.40585,1
2011,28.95984,69.39012,7
2011,28.99543,69.01813,1
2011,29.03441,69.15866,22
2011,29.03768,66.5815,1
2011,29.04111,48.1375,1
2011,29.04785,66.59332,1
2011,29.05385,83.07909,1
2011,29.09803,70.30872,1
2011,29.10636,67.68718,4
2011,29.14387,69.09978,9
2011,29.36256,67.82044,1
2011,29.42285,67.60394,1
2011,29.54828,67.87919,2
2011,29.55196,66.01933,1
2011,29.55455,34.94753,5
2011,29.61045,66.92216,4
2011,29.64412,67.81666,4
2011,29.67386,68.7155,3
2011,29.71639,80.77028,3
2011,29.80396,66.85099,5
2011,29.85538,67.33993,3
2011,29.9255,69.57957,1
2011,30.00897,81.95285,1
2011,30.03432,70.63968,1
2011,30.07012,71.18874,1
2011,30.08463,31.33431,2
2011,30.09436,65.28571,1
2011,30.10054,67.93596,2
2011,30.19784,71.46763,1
2011,30.20082,66.99435,55
2011,30.2596,71.76011,1
2011,30.2715,68.32032,1
2011,30.29311,47.29239,1
2011,30.35494,66.94431,1
2011,30.38333,47.7,2
2011,30.44512,69.09418,1
2011,30.51005,47.7781,9
2011,30.60847,33.61758,5
2011,30.66667,34.83333,3
2011,30.7034,67.09294,1
2011,30.7623,29.69627,1
2011,30.80549,66.71291,1
2011,30.89724,69.8543,1
2011,30.92211,66.45153,2
2011,30.95993,61.86895,1
2011,30.99607,65.47574,6
2011,31.00274,66.40562,2
2011,31.02615,62.45042,2
2011,31.04437,46.26145,3
2011,31.12665,33.80086,8
2011,31.14097,97.17202,1
2011,31.24848,34.78785,5
2011,31.2502,34.24128,2
2011,31.25297,34.79146,1
2011,31.27879,34.25644,2
2011,31.28551,48.64342,1
2011,31.31207,34.62179,1
2011,31.34802,34.49109,1
2011,31.35659,34.32734,2
2011,31.36365,63.95861,13
2011,31.38932,64.31517,3
2011,31.39367,34.58023,1
2011,31.39708,34.55523,2
2011,31.40882,73.08302,1
2011,31.41316,34.64174,1
2011,31.41763,34.35086,1
2011,31.41871,73.07911,1
2011,31.47032,34.53545,1
2011,31.48623,64.32139,1
2011,31.4946,65.3128,1
2011,31.49806,65.42556,1
2011,31.50241,34.45974,3
2011,31.50547,74.34288,7
2011,31.50672,34.63279,4
2011,31.52176,34.60611,1
2011,31.5282,34.59638,2
2011,31.53783,34.48953,1
2011,31.54459,34.84259,1
2011,31.60063,64.36965,8
2011,31.61097,65.68522,1
2011,31.61931,65.05016,1
2011,31.62283,62.86937,2
2011,31.63108,65.74223,21
2011,31.63333,-8.0,1
2011,31.63782,64.2378,1
2011,31.64028,65.3975,3
2011,31.64167,64.22,1
2011,31.64223,65.66896,1
2011,31.65003,65.65002,3
2011,31.66389,64.35333,1
2011,31.67015,34.57515,7
2011,31.71397,34.64986,4
2011,31.76147,64.62143,1
2011,31.76287,64.68409,1
2011,31.7716,35.2034,1
2011,31.78484,35.22461,1
2011,31.82144,34.66517,7
2011,31.82587,64.57643,4
2011,31.83433,70.90905,2
2011,31.84822,47.1452,2
2011,31.86667,64.73333,1
2011,31.88031,63.08826,1
2011,31.90714,35.19822,2
2011,31.90861,67.64611,1
2011,31.92914,70.45884,1
2011,31.97054,34.79172,1
2011,31.98958,44.92378,6
2011,32.04298,42.25426,1
2011,32.05222,67.555,1
2011,32.07333,64.83389,6
2011,32.08252,35.33199,1
2011,32.08288,72.67145,1
2011,32.1002,66.90102,2
2011,32.10666,63.86406,1
2011,32.14603,35.24288,1
2011,32.15451,35.25855,1
2011,32.15649,74.18766,6
2011,32.165,63.4253,1
2011,32.19188,67.18945,2
2011,32.19747,68.34734,1
2011,32.20944,70.38354,2
2011,32.21418,70.38468,2
2011,32.22227,35.25351,2
2011,32.24174,62.94865,1
2011,32.26454,68.52472,4
2011,32.31402,70.73396,2
2011,32.31863,10.3956,1
2011,32.32024,69.85974,13
2011,32.3232,64.81108,1
2011,32.37001,62.12846,1
2011,32.39785,70.77665,1
2011,32.41304,70.46611,2
2011,32.43862,74.11699,1
2011,32.45614,35.26171,1
2011,32.46062,35.30125,1
2011,32.46819,44.55019,5
2011,32.4686,63.18878,1
2011,32.46924,44.41664,15
2011,32.48092,62.02824,3
2011,32.49533,62.26266,1
2011,32.50281,67.41545,1
2011,32.53329,45.82945,6
2011,32.57232,74.07662,2
2011,32.60439,44.00714,15
2011,32.61378,69.50833,1
2011,32.62233,36.10376,4
2011,32.62374,65.45643,2
2011,32.62515,62.47977,5
2011,32.65475,44.40899,2
2011,32.6664,65.90363,5
2011,32.67785,61.98139,1
2011,32.68471,68.2384,1
2011,32.68736,70.5075,1
2011,32.68793,69.83299,1
2011,32.71578,69.28179,3
2011,32.7266,74.85703,1
2011,32.77734,44.28935,10
2011,32.80528,44.23667,1
2011,32.81614,67.763,1
2011,32.84722,66.05,1
2011,32.86701,44.22046,5
2011,32.86787,13.18907,1
2011,32.88018,44.38696,1
2011,32.88716,44.34164,10
2011,32.90109,69.7494,1
2011,32.90487,70.72863,1
2011,32.92205,65.62305,1
2011,32.92527,44.77096,1
2011,32.92713,66.14153,3
2011,32.93,66.68912,1
2011,32.94302,69.17988,1
2011,32.94531,69.89705,1
2011,32.96601,35.59206,1
2011,32.97388,70.19869,1
2011,32.97464,70.14558,2
2011,32.97543,70.27374,2
2011,32.98293,44.3616,1
2011,32.9833,67.9666,2
2011,32.98735,70.60252,5
2011,32.988,70.60937,1
2011,32.98889,70.02194,1
2011,33.00652,70.06825,11
2011,33.02689,70.62135,1
2011,33.03602,40.28816,3
2011,33.05799,44.35484,3
2011,33.07611,65.08972,1
2011,33.07835,44.25472,3
2011,33.08506,68.4651,1
2011,33.09972,68.28806,1
2011,33.11191,71.10319,2
2011,33.11778,69.01556,1
2011,33.14348,63.86163,2
2011,33.15135,70.29559,1
2011,33.15205,63.9554,1
2011,33.16356,43.86311,2
2011,33.17296,70.40183,1
2011,33.19314,68.10185,2
2011,33.19367,68.102,1
2011,33.20194,69.515,1
2011,33.20906,35.51627,1
2011,33.26362,72.46293,1
2011,33.26615,35.21406,3
2011,33.30075,69.88411,1
2011,33.30357,44.37177,496
2011,33.30438,62.15419,4
2011,33.31065,44.03821,32
2011,33.31159,75.76622,1
2011,33.31329,75.76337,1
2011,33.31517,69.69891,1
2011,33.33188,69.17837,1
2011,33.3322,71.0314,1
2011,33.33526,69.92847,6
2011,33.34916,43.7842,32
2011,33.35495,70.76131,1
2011,33.35667,70.07833,1
2011,33.35851,69.85974,3
2011,33.36598,69.43823,1
2011,33.36806,70.01389,1
2011,33.38273,74.63419,1
2011,33.38278,70.07139,1
2011,33.38805,43.5317,3
2011,33.39781,43.70628,1
2011,33.40306,43.91186,10
2011,33.42,68.294,1
2011,33.42095,43.29566,31
2011,33.42977,66.21314,1
2011,33.44366,44.30479,1
2011,33.44384,70.90712,2
2011,33.47062,69.1202,1
2011,33.47167,68.44608,1
2011,33.47358,68.65084,1
2011,33.49823,67.7616,1
2011,33.5,70.05,1
2011,33.5097,72.28179,1
2011,33.51204,36.37204,1
2011,33.51524,36.29208,4
2011,33.52889,71.05612,16
2011,33.53073,44.27429,21
2011,33.53395,71.43162,1
2011,33.53424,65.00085,1
2011,33.53975,69.73107,1
2011,33.542,35.38115,1
2011,33.54262,68.41533,5
2011,33.55043,35.37096,3
2011,33.56656,69.87835,1
2011,33.56689,35.71926,1
2011,33.57181,44.53607,4
2011,33.57934,68.45913,1
2011,33.5906,71.44062,25
2011,33.59401,73.06908,3
2011,33.59863,69.229,4
2011,33.61611,70.76472,1
2011,33.6339,42.83208,3
2011,33.63477,44.23524,1
2011,33.64065,70.77575,1
2011,33.6435,62.27064,1
2011,33.64528,44.64194,2
2011,33.64957,71.52822,1
2011,33.66969,44.38132,11
2011,33.67164,73.05607,7
2011,33.68345,70.66685,1
2011,33.68745,71.51604,12
2011,33.69167,68.4025,1
2011,33.69336,44.43588,1
2011,33.69341,44.79608,2
2011,33.69395,45.06742,4
2011,33.69597,70.33607,19
2011,33.69645,68.14658,1
2011,33.69727,71.14485,11
2011,33.70194,70.55472,1
2011,33.70394,70.32865,1
2011,33.70613,70.32864,2
2011,33.7062,69.38311,2
2011,33.71699,44.67952,5
2011,33.72363,71.04571,1
2011,33.732,70.35153,1
2011,33.73241,71.50664,1
2011,33.74293,70.965,1
2011,33.74324,44.62382,72
2011,33.75844,71.05238,1
2011,33.76477,72.35515,1
2011,33.77226,73.89524,1
2011,33.77335,45.14945,7
2011,33.77444,44.58056,2
2011,33.77631,44.55567,3
2011,33.77665,71.07849,1
2011,33.77806,44.65583,1
2011,33.78425,44.50972,1
2011,33.7895,75.10339,1
2011,33.79646,71.55849,2
2011,33.81296,70.67333,1
2011,33.81379,44.65724,3
2011,33.82121,70.66381,2
2011,33.83391,74.93111,1
2011,33.83563,44.24741,8
2011,33.84376,71.52679,2
2011,33.84477,35.90287,1
2011,33.84833,70.54835,1
2011,33.84862,44.52212,3
2011,33.85544,72.39467,1
2011,33.85873,71.50675,1
2011,33.8648,42.53638,1
2011,33.87498,70.93829,1
2011,33.87962,74.94857,1
2011,33.88435,71.3845,5
2011,33.89496,42.63744,1
2011,33.89718,70.82089,1
2011,33.89927,71.45701,5
2011,33.90159,71.43581,1
2011,33.90317,71.38403,2
2011,33.90429,71.399,2
2011,33.90667,44.72444,1
2011,33.91523,71.45868,36
2011,33.91622,69.91992,1
2011,33.91751,71.0386,1
2011,33.92033,71.46272,1
2011,33.92205,71.46259,1
2011,33.93076,71.44216,2
2011,33.93101,75.11421,2
2011,33.95,44.98333,1
2011,33.95171,71.59284,1
2011,33.95317,44.92191,12
2011,33.96917,68.94472,1
2011,33.97176,74.87849,1
2011,33.975,72.18231,2
2011,33.98859,71.1359,2
2011,33.99459,44.35727,2
2011,34.00174,69.21024,1
2011,34.00258,71.38248,12
2011,34.006,71.53743,61
2011,34.00721,71.98308,13
2011,34.01017,71.72502,1
2011,34.01047,44.14824,11
2011,34.01455,69.19239,2
2011,34.02119,68.99953,3
2011,34.02357,44.03136,1
2011,34.02385,71.26664,3
2011,34.03341,71.05238,1
2011,34.03944,70.93,2
2011,34.05021,72.41763,1
2011,34.05549,74.51483,1
2011,34.05711,44.21829,1
2011,34.05917,44.21588,1
2011,34.06745,71.25035,1
2011,34.06827,72.53184,1
2011,34.07074,72.45045,1
2011,34.08039,71.22437,7
2011,34.08056,68.51917,1
2011,34.08374,74.7899,6
2011,34.09266,42.38547,1
2011,34.09958,64.90596,3
2011,34.11033,71.1638,27
2011,34.11678,71.16652,1
2011,34.12022,71.10124,3
2011,34.1231,72.46902,6
2011,34.12573,45.00334,9
2011,34.1323,72.44971,1
2011,34.14658,71.74354,14
2011,34.14667,72.38631,2
2011,34.14818,71.73003,1
2011,34.16059,42.37254,4
2011,34.17007,74.47161,2
2011,34.17183,70.62168,6
2011,34.17194,72.2746,2
2011,34.17333,69.64556,1
2011,34.17687,61.70056,2
2011,34.18634,45.12606,1
2011,34.19108,72.2285,1
2011,34.19417,69.98,1
2011,34.2,70.28333,2
2011,34.2056,74.35387,1
2011,34.20842,43.89071,11
2011,34.20964,74.76516,1
2011,34.2147,69.09841,2
2011,34.21728,68.29886,1
2011,34.21728,71.56104,9
2011,34.21817,71.62626,1
2011,34.22198,72.34782,1
2011,34.22921,70.19321,5
2011,34.23995,44.51011,2
2011,34.24501,74.47655,1
2011,34.24556,70.72722,1
2011,34.24601,74.56694,1
2011,34.25684,38.31729,3
2011,34.26686,72.02557,1
2011,34.27103,45.16357,4
2011,34.27609,70.36025,3
2011,34.27782,62.61423,1
2011,34.2878,72.00548,1
2011,34.28889,74.46371,7
2011,34.29583,70.08167,1
2011,34.2976,70.10072,1
2011,34.30139,62.24639,1
2011,34.30895,72.10215,1
2011,34.31409,72.06584,1
2011,34.32002,71.399,3
2011,34.34012,63.75287,1
2011,34.34354,74.40042,1
2011,34.34473,71.78749,1
2011,34.34562,61.49345,1
2011,34.34672,62.19732,8
2011,34.34734,45.38327,2
2011,34.34889,63.17778,1
2011,34.35126,72.4225,1
2011,34.35135,68.23853,4
2011,34.35639,68.73944,1
2011,34.35666,72.07552,1
2011,34.35946,73.46888,1
2011,34.36106,68.84069,2
2011,34.3635,41.116,3
2011,34.36889,69.21833,1
2011,34.36972,63.17639,2
2011,34.3721,74.17244,1
2011,34.38371,72.33119,1
2011,34.38726,72.07167,1
2011,34.39097,71.89718,1
2011,34.39237,69.21029,1
2011,34.39568,74.25388,2
2011,34.3965,72.61583,2
2011,34.39928,74.28127,1
2011,34.40429,72.55791,1
2011,34.41668,71.92459,7
2011,34.41712,70.44959,13
2011,34.41954,74.63827,2
2011,34.43084,44.93409,1
2011,34.45681,71.90638,1
2011,34.45889,43.791,5
2011,34.46796,70.49149,1
2011,34.47762,41.92077,1
2011,34.5082,36.58179,1
2011,34.5169,69.14701,29
2011,34.52132,65.24924,1
2011,34.52467,69.19239,1
2011,34.52618,74.25461,1
2011,34.53375,43.48374,2
2011,34.56549,71.47743,22
2011,34.57486,71.27608,4
2011,34.58944,69.75999,1
2011,34.59151,71.43386,1
2011,34.60445,43.68579,1
2011,34.62152,43.66838,21
2011,34.66599,36.83735,1
2011,34.66667,3.25,1
2011,34.67487,70.21344,2
2011,34.68977,70.14558,4
2011,34.69995,70.74993,1
2011,34.70514,70.15405,1
2011,34.71585,70.76422,2
2011,34.7177,36.72282,11
2011,34.74389,71.15444,1
2011,34.745,71.60667,6
2011,34.75944,69.47167,1
2011,34.77236,71.48577,1
2011,34.78337,70.10796,1
2011,34.79396,72.77581,2
2011,34.82215,72.34708,1
2011,34.82408,70.36069,1
2011,34.83442,43.51513,1
2011,34.84413,69.15508,1
2011,34.84659,71.09732,2
2011,34.85633,69.64912,1
2011,34.8569,71.42994,10
2011,34.85876,71.67178,1
2011,34.86621,71.52638,3
2011,34.86688,71.79282,1
2011,34.87566,71.15201,2
2011,34.88135,44.62513,14
2011,34.88576,44.63942,2
2011,34.88768,71.66341,2
2011,34.88894,71.17688,1
2011,34.89436,36.4937,1
2011,34.91093,71.1274,2
2011,34.92485,43.49141,5
2011,34.92662,36.73252,2
2011,34.92792,72.41515,1
2011,34.94417,69.27333,1
2011,34.95262,72.33111,1
2011,34.95744,70.75374,2
2011,34.96033,71.81549,1
2011,34.9631,68.81088,1
2011,34.97972,70.91167,1
2011,34.98207,40.53936,1
2011,34.98861,68.86457,1
2011,34.99005,63.13254,1
2011,35.01816,69.16899,6
2011,35.0307,71.35214,2
2011,35.03924,69.00633,1
2011,35.07941,72.42876,2
2011,35.08816,63.09357,2
2011,35.0901,71.76297,2
2011,35.12918,36.76074,3
2011,35.13585,44.08771,1
2011,35.15574,40.42632,1
2011,35.16216,36.73121,1
2011,35.16713,63.76954,2
2011,35.20229,71.87301,7
2011,35.2634,40.28768,1
2011,35.27102,43.45808,6
2011,35.27208,43.91504,4
2011,35.30305,44.32993,4
2011,35.31495,46.99883,4
2011,35.32299,36.4879,1
2011,35.32502,70.90712,1
2011,35.32612,43.78081,6
2011,35.33306,40.13874,1
2011,35.44318,36.65006,1
2011,35.45211,44.37546,105
2011,35.46667,44.31667,2
2011,35.49011,71.72427,1
2011,35.49485,43.09716,2
2011,35.49944,43.23489,7
2011,35.5218,46.18359,2
2011,35.5284,35.79232,1
2011,35.56701,45.38549,3
2011,35.60556,63.3253,1
2011,35.64035,63.30929,1
2011,35.6478,36.67526,2
2011,35.65173,9.05587,1
2011,35.66938,44.08178,4
2011,35.7064,36.80157,1
2011,35.72453,51.40519,3
2011,35.72556,63.78944,1
2011,35.79508,63.71903,1
2011,35.79813,43.29418,4
2011,35.8043,69.28775,1
2011,35.8115,36.19891,1
2011,35.8141,36.32051,1
2011,35.86244,64.55413,2
2011,35.88333,69.11667,1
2011,35.90512,64.81801,2
2011,35.91809,74.2898,2
2011,35.92105,64.77454,2
2011,35.9288,36.63145,1
2011,35.95,68.7,2
2011,35.97535,65.37804,1
2011,35.99353,43.21973,3
2011,35.99493,36.78123,1
2011,36.03019,72.00794,1
2011,36.04506,41.71672,3
2011,36.05,69.08333,1
2011,36.06048,69.10242,1
2011,36.06632,65.37588,1
2011,36.07956,64.90596,1
2011,36.11875,68.95396,1
2011,36.15499,72.10732,1
2011,36.15818,43.25326,2
2011,36.19259,44.00462,2
2011,36.21769,65.93051,2
2011,36.22957,42.23624,1
2011,36.23828,64.86445,1
2011,36.2775,4.03502,1
2011,36.31939,41.86147,1
2011,36.35415,43.14357,146
2011,36.37682,42.44888,6
2011,36.37702,3.89574,1
2011,36.4002,10.14398,1
2011,36.40981,65.81875,1
2011,36.46666,34.15883,1
2011,36.47454,66.95115,4
2011,36.495,42.93861,1
2011,36.50035,3.77306,1
2011,36.53956,3.95681,1
2011,36.58011,69.84978,1
2011,36.6026,30.56101,1
2011,36.6698,69.47845,1
2011,36.68145,69.1149,2
2011,36.69451,68.80158,3
2011,36.70578,68.87706,9
2011,36.70993,67.1157,2
2011,36.71416,4.05011,3
2011,36.73346,69.53776,2
2011,36.73477,70.812,1
2011,36.74167,3.72306,1
2011,36.74704,4.37006,1
2011,36.76376,3.05541,2
2011,36.77903,69.94908,1
2011,36.80246,34.62976,2
2011,36.8145,3.86196,1
2011,36.82014,68.68209,1
2011,36.99205,35.34651,1
2011,37.00441,66.16306,1
2011,37.05336,41.22734,1
2011,37.06962,69.42095,1
2011,37.07056,71.14391,1
2011,37.08018,41.2202,1
2011,37.10389,35.52194,1
2011,37.1545,41.33991,1
2011,37.17704,38.79415,1
2011,37.18177,68.9113,2
2011,37.33083,42.1846,1
2011,37.3327,42.10485,1
2011,37.38451,69.45406,1
2011,37.47225,69.6234,1
2011,37.52265,42.45264,2
2011,37.56251,44.29368,1
2011,37.62332,41.38952,1
2011,37.66183,43.10692,1
2011,37.88579,41.13012,1
2011,37.92222,40.18438,4
2011,37.9577,-121.29078,1
2011,37.98438,23.64946,1
2011,37.99749,23.76273,6
2011,38.05943,41.97693,1
2011,38.1415,41.01149,1
2011,38.18585,42.52742,1
2011,38.19376,41.48886,1
2011,38.31046,40.71603,1
2011,38.31882,40.68046,1
2011,38.32559,40.66512,1
2011,38.33424,27.2912,1
2011,38.4004,42.1092,1
2011,38.45754,40.64707,1
2011,38.51477,40.48248,1
2011,38.55011,40.09704,1
2011,38.7253,-9.15004,2
2011,38.75038,40.55419,1
2011,38.86201,40.59102,1
2011,38.88845,40.50114,1
2011,38.90864,-77.01538,2
2011,38.9767,-76.48993,1
2011,39.0286,43.35858,1
2011,39.10671,39.54525,2
2011,39.19298,-76.7238,1
2011,39.24513,40.57165,1
2011,39.29028,41.00583,1
2011,39.30376,39.41242,1
2011,39.38967,44.38995,1
2011,39.4704,75.98976,3
2011,39.62498,19.92235,1
2011,39.83978,33.50888,1
2011,39.84956,-75.35575,1
2011,39.93077,32.76754,1
2011,40.62066,22.952,2
2011,40.76694,29.91694,1
2011,40.89831,29.36036,1
2011,41.10618,28.68986,5
2011,41.55682,8.91664,1
2011,41.70998,44.793,1
2011,41.733,48.3242,1
2011,41.8081,47.8992,1
2011,41.89096,12.49007,1
2011,41.93061,8.74291,1
2011,41.9903,47.9032,1
2011,42.13206,47.83532,1
2011,42.14319,47.09498,2
2011,42.1628,47.1181,1
2011,42.20794,45.87426,1
2011,42.22416,43.9632,1
2011,42.34625,47.63073,1
2011,42.36861,47.24417,1
2011,42.36999,9.50118,1
2011,42.40686,47.17165,1
2011,42.4223,47.1889,1
2011,42.4542,47.6672,1
2011,42.56667,47.86667,1
2011,42.5695,47.5688,1
2011,42.6134,47.2631,1
2011,42.6298,47.30963,1
2011,42.65556,47.56107,1
2011,42.67386,46.85546,2
2011,42.68185,9.3037,1
2011,42.69649,23.32601,2
2011,42.71139,47.63824,1
2011,42.72466,47.68098,1
2011,42.75741,47.03827,1
2011,42.77037,46.73,1
2011,42.79877,47.10872,3
2011,42.81667,47.11667,1
2011,42.87002,74.58788,1
2011,42.88333,47.63333,2
2011,42.9,71.36667,1
2011,42.9133,44.46693,1
2011,42.96125,-85.65572,1
2011,42.973,46.882,1
2011,42.98542,47.45067,28
2011,43.00732,40.98915,1
2011,43.04746,44.66581,1
2011,43.0589,47.3358,3
2011,43.13708,45.0893,1
2011,43.16045,45.46866,1
2011,43.201,46.86386,2
2011,43.20642,44.80548,2
2011,43.21113,43.38994,2
2011,43.21667,46.86667,1
2011,43.2267,44.77057,7
2011,43.24,45.0554,2
2011,43.24855,46.59784,11
2011,43.2547,76.91262,1
2011,43.2625,42.6476,1
2011,43.26574,42.4787,1
2011,43.26626,42.47948,1
2011,43.29901,44.89887,1
2011,43.3,45.86667,2
2011,43.31667,45.06667,5
2011,43.32023,45.65449,2
2011,43.33333,44.2,1
2011,43.39003,46.61666,1
2011,43.39325,43.56285,2
2011,43.4,42.91667,4
2011,43.40517,44.8203,1
2011,43.42295,42.84292,2
2011,43.4331,43.5789,1
2011,43.43488,43.38168,4
2011,43.48412,43.62736,15
2011,43.49189,43.76777,1
2011,43.51111,44.6,2
2011,43.54442,43.50596,1
2011,43.54847,10.31057,1
2011,43.55197,43.20846,1
2011,43.5575,43.85083,1
2011,43.5658,43.58326,3
2011,43.659,46.7455,1
2011,43.65912,43.69295,2
2011,43.66294,-116.68736,1
2011,43.67472,43.45333,1
2011,43.6825,43.53389,4
2011,43.75,44.03333,1
2011,43.77656,11.25331,1
2011,43.79646,11.2404,1
2011,43.8473,46.7624,1
2011,43.85,18.38333,1
2011,43.85,46.71667,5
2011,43.92377,47.00016,4
2011,44.0214,46.812,1
2011,44.1,43.1,1
2011,44.10992,46.92269,1
2011,44.21667,42.05,1
2011,45.46921,9.17451,1
2011,46.03776,2.06278,1
2011,46.80012,9.83089,1
2011,47.10163,51.9133,2
2011,47.34979,7.91981,1
2011,47.4241,9.37088,1
2011,47.65878,-117.42605,1
2011,48.04668,37.94215,2
2011,48.20817,16.37382,1
2011,48.7,44.51667,2
2011,48.85664,2.34233,2
2011,49.00363,2.51698,1
2011,50.05975,14.29466,1
2011,50.11797,8.64419,2
2011,50.29196,57.21057,1
2011,50.4501,30.5234,1
2011,50.56667,137.0,1
2011,52.06986,4.29111,1
2011,52.22917,5.1669,1
2011,52.50153,13.40185,5
2011,52.58872,12.99337,1
2011,53.20006,50.15,1
2011,53.2009,-6.11107,1
2011,53.32174,-6.39522,1
2011,53.36168,-6.24548,1
2011,53.38129,-6.59185,1
2011,53.38776,-0.33328,1
2011,53.9,27.56667,1
2011,54.18006,-6.33393,1
2011,54.18305,-6.34139,2
2011,54.37983,-6.31224,1
2011,54.44697,-6.39292,4
2011,54.46027,-6.94369,1
2011,54.51569,-6.05572,1
2011,54.6003,-7.2984,1
2011,54.60771,-5.95621,13
2011,54.64586,-6.74515,1
2011,54.6718,-5.95718,1
2011,54.71338,-6.21676,3
2011,54.7554,-6.60603,1
2011,54.78772,-6.49231,1
2011,54.81916,-7.46791,1
2011,54.98108,-6.68238,2
2011,54.99211,-5.99031,1
2011,55.01156,-7.31204,10
2011,55.01667,82.93333,1
2011,55.43333,37.75,1
2011,55.75138,37.57991,10
2011,56.3,38.13333,1
2011,57.61667,39.88333,1
2011,57.70887,11.97456,1
2011,59.44269,24.7532,1
2011,59.91387,10.75224,1
2011,60.02327,10.24768,1
2011,60.13491,11.16379,1
2012,-34.61768,-58.44444,2
2012,-33.36624,-70.5053,2
2012,-30.72153,30.4636,1
2012,-29.91,30.885,1
2012,-29.74006,30.98176,1
2012,-28.7477,30.44253,1
2012,-23.5658,-56.55028,1
2012,-23.34309,-57.04945,1
2012,-22.81193,-57.10132,2
2012,-22.01541,-63.67825,1
2012,-18.91487,47.53161,1
2012,-15.1167,39.26665,1
2012,-12.6474,-73.04864,1
2012,-12.63639,-73.20405,1
2012,-12.63622,-73.20268,1
2012,-12.62292,-73.08775,1
2012,-12.08299,-72.92067,1
2012,-11.71722,-72.94528,1
2012,-11.66472,27.47955,1
2012,-11.42548,-74.49163,1
2012,-11.25402,-74.63738,1
2012,-7.56697,110.81811,2
2012,-7.56667,110.81667,1
2012,-6.96667,110.41667,1
2012,-5.38023,-78.6986,1
2012,-5.13333,119.41667,1
2012,-4.55195,136.88501,2
2012,-4.54856,136.89076,1
2012,-4.33007,136.91186,2
2012,-4.17461,39.45205,1
2012,-4.09638,138.9514,2
2012,-4.05512,137.10081,1
2012,-4.04118,39.67761,4
2012,-4.02729,138.80653,1
2012,-3.94979,39.74451,2
2012,-3.81801,39.6276,1
2012,-3.70935,137.97501,1
2012,-3.70743,128.16996,1
2012,-3.435,29.955,1
2012,-3.3925,29.94944,1
2012,-3.34111,128.92353,3
2012,-3.19354,29.30616,1
2012,-3.01166,28.29944,1
2012,-2.93186,29.42408,1
2012,-2.69469,27.34154,3
2012,-2.54165,140.70608,1
2012,-2.53243,140.71654,1
2012,-2.53073,-44.30683,1
2012,-2.51536,28.84508,1
2012,-2.07609,29.7575,1
2012,-1.95011,30.05877,3
2012,-1.89329,120.8258,1
2012,-1.69865,29.37149,1
2012,-1.65855,29.22046,1
2012,-1.6585,29.22046,4
2012,-1.65711,29.22326,2
2012,-1.50012,29.63346,1
2012,-1.47909,121.45485,1
2012,-1.42701,28.0739,1
2012,-1.40232,120.75823,9
2012,-1.40223,120.75832,2
2012,-1.3938,36.74655,1
2012,-1.28518,36.82111,12
2012,-1.27088,36.84907,2
2012,-1.26398,36.84778,1
2012,-1.1718,41.30772,2
2012,-1.13118,29.25488,1
2012,-1.01378,36.90569,1
2012,-1.00194,41.66139,1
2012,-0.92886,119.87114,1
2012,-0.84417,29.59861,2
2012,-0.79177,29.04599,1
2012,-0.45612,39.64612,17
2012,-0.45314,39.64546,2
2012,-0.35785,42.54665,19
2012,-0.2004,-75.77143,1
2012,-0.0999,34.77688,1
2012,-0.06507,29.51886,1
2012,0.05015,42.43012,1
2012,0.05066,29.6876,4
2012,0.0537,40.30788,3
2012,0.11425,40.31364,7
2012,0.19128,40.28466,2
2012,0.21606,40.64104,1
2012,0.22402,41.60118,3
2012,0.30366,41.44077,1
2012,0.31546,32.5751,1
2012,0.32008,41.74821,4
2012,0.32022,41.74832,1
2012,0.34947,40.87599,2
2012,0.3927,32.5883,1
2012,0.41212,41.00811,1
2012,0.43595,-75.52767,2
2012,0.49594,29.45961,1
2012,0.51512,42.07264,1
2012,0.51667,-76.5,1
2012,0.56941,33.74846,1
2012,0.56944,33.74882,1
2012,0.86989,-73.84191,2
2012,0.88219,-77.5062,1
2012,1.01853,35.00193,1
2012,1.04563,104.03045,1
2012,1.08722,-77.62245,1
2012,1.10091,-75.40091,1
2012,1.20211,-76.91698,1
2012,1.21193,-77.98247,1
2012,1.246,-78.11531,1
2012,1.28333,-77.46667,1
2012,1.33798,-77.59122,1
2012,1.35,-77.6,1
2012,1.35996,29.05746,1
2012,1.4064,-75.4539,1
2012,1.4346,-78.44854,1
2012,1.51365,-78.67788,1
2012,1.65583,-78.1653,1
2012,1.7046,44.69271,2
2012,1.71634,44.76869,5
2012,1.74683,40.05345,4
2012,1.75,44.58333,1
2012,1.75039,44.74571,1
2012,1.78964,44.52998,1
2012,1.80657,-78.76485,1
2012,1.80984,-78.76476,2
2012,1.87665,44.2479,1
2012,1.91417,-75.145,1
2012,2.02126,45.29469,1
2012,2.0277,45.27593,1
2012,2.04139,45.04139,1
2012,2.05467,-77.23399,1
2012,2.05982,45.32611,132
2012,2.08206,45.20749,2
2012,2.08551,45.40275,1
2012,2.11293,-74.76919,1
2012,2.11667,-74.76667,2
2012,2.14383,45.11806,6
2012,2.24306,-77.27861,2
2012,2.25494,45.4023,1
2012,2.32996,42.28728,2
2012,2.35913,45.38367,4
2012,2.44993,-76.80785,1
2012,2.44993,-76.61667,1
2012,2.45,-76.61667,1
2012,2.46077,-76.64488,1
2012,2.48252,43.48374,1
2012,2.5664,-75.92495,1
2012,2.56672,-77.88334,1
2012,2.63874,-76.52915,1
2012,2.67229,43.59474,1
2012,2.76028,-76.6339,2
2012,2.76516,-77.23571,2
2012,2.79283,41.01436,2
2012,2.80909,40.92744,1
2012,2.86876,43.0053,2
2012,2.91856,101.66545,1
2012,2.92502,45.90397,1
2012,2.95333,43.47472,1
2012,2.95409,-76.69285,1
2012,2.95598,-76.26933,1
2012,3.02426,42.01024,1
2012,3.04991,-76.41654,1
2012,3.06678,-76.34992,1
2012,3.11564,43.64658,22
2012,3.11667,43.65,1
2012,3.17815,-76.46727,1
2012,3.1955,-76.32892,1
2012,3.22425,-76.31368,1
2012,3.24895,-76.22925,1
2012,3.26174,-76.54084,1
2012,3.32728,42.21856,2
2012,3.3275,-76.23861,1
2012,3.33041,42.21898,1
2012,3.41666,-76.16662,1
2012,3.48333,42.18333,2
2012,3.50392,42.23624,6
2012,3.51724,42.76814,3
2012,3.64411,-73.88645,1
2012,3.68099,-73.62599,1
2012,3.80828,42.54729,4
2012,3.88661,-77.07023,2
2012,3.88718,-77.0661,1
2012,3.92686,41.87717,2
2012,3.93441,41.85894,1
2012,3.93872,41.84471,9
2012,4.08333,-76.2,1
2012,4.1206,43.89053,4
2012,4.14374,96.12802,1
2012,4.17401,73.51049,1
2012,4.17432,73.50942,1
2012,4.315,6.24166,1
2012,4.315,6.24167,1
2012,4.32102,45.29939,2
2012,4.32245,5.98272,1
2012,4.3617,18.55598,1
2012,4.38963,46.0872,1
2012,4.4167,-75.50004,1
2012,4.4406,-75.24414,2
2012,4.44066,-75.24414,2
2012,4.45658,35.93068,1
2012,4.53152,6.40507,1
2012,4.65,5.98333,1
2012,4.65,7.93333,1
2012,4.66713,-74.10605,4
2012,4.68489,46.6228,5
2012,4.72707,7.15208,1
2012,4.73333,7.31667,3
2012,4.73538,45.2024,29
2012,4.78482,7.00545,4
2012,4.81473,5.60892,1
2012,4.8678,5.89871,1
2012,4.92315,6.26093,2
2012,4.92598,6.25933,1
2012,5.04886,118.35937,1
2012,5.05556,5.78,1
2012,5.17085,-72.55112,1
2012,5.18483,120.01396,1
2012,5.18501,46.82528,3
2012,5.2528,-76.82596,1
2012,5.27139,-3.59444,1
2012,5.32575,-4.77042,1
2012,5.33319,95.92767,1
2012,5.3466,-4.01184,7
2012,5.5,5.98333,1
2012,5.52372,5.75317,2
2012,5.53246,5.89871,1
2012,5.53702,46.38905,3
2012,5.5593,95.32682,1
2012,5.57657,5.825,1
2012,5.64774,7.20512,1
2012,5.69729,22.78257,1
2012,5.77361,101.06056,1
2012,5.81332,31.68468,1
2012,5.87129,-7.45402,1
2012,5.88678,19.37832,1
2012,5.91249,120.90638,1
2012,5.92806,101.88389,1
2012,5.93333,-4.21667,1
2012,5.93889,101.77056,1
2012,5.96918,121.12521,1
2012,5.98333,101.16667,2
2012,5.98639,6.98007,1
2012,6.00444,121.38861,1
2012,6.01392,101.95024,1
2012,6.02825,101.89498,1
2012,6.05046,121.01224,3
2012,6.06667,121.1,2
2012,6.08522,101.87916,6
2012,6.08528,101.88028,2
2012,6.09833,101.69333,4
2012,6.11622,125.16939,2
2012,6.11756,101.85907,2
2012,6.11761,101.85821,1
2012,6.12072,101.19022,1
2012,6.12583,101.73917,1
2012,6.16667,6.78333,1
2012,6.16722,101.18,2
2012,6.17394,101.72017,1
2012,6.17549,7.01221,1
2012,6.18859,102.05664,1
2012,6.19009,101.79796,4
2012,6.20167,101.84167,6
2012,6.20202,101.25238,3
2012,6.21755,33.43835,1
2012,6.22278,6.93667,1
2012,6.22322,-3.90627,1
2012,6.22625,101.65049,1
2012,6.22854,101.4992,4
2012,6.22859,125.0652,1
2012,6.23098,101.50294,1
2012,6.23139,101.5,1
2012,6.24192,101.80936,1
2012,6.2519,102.05837,2
2012,6.25668,101.8781,2
2012,6.25889,102.055,6
2012,6.26062,101.25368,12
2012,6.26556,101.26306,1
2012,6.28671,101.6958,1
2012,6.2935,101.71665,1
2012,6.29612,101.72813,10
2012,6.29639,101.72833,10
2012,6.2964,101.72833,1
2012,6.29882,101.9568,1
2012,6.30077,-10.79716,1
2012,6.30363,101.81333,1
2012,6.32537,101.80936,1
2012,6.33634,5.62175,3
2012,6.38293,101.80366,1
2012,6.38422,101.5012,1
2012,6.39146,101.5173,18
2012,6.39472,101.51833,2
2012,6.39722,101.3723,1
2012,6.40306,101.70611,1
2012,6.41109,101.27332,1
2012,6.41111,101.27333,4
2012,6.42447,101.81506,1
2012,6.42601,101.82306,2
2012,6.42729,101.01925,1
2012,6.4388,101.24113,1
2012,6.45267,7.51033,1
2012,6.45826,101.56684,1
2012,6.45929,-71.73628,1
2012,6.47825,101.135,1
2012,6.4783,101.13489,3
2012,6.47833,101.135,1
2012,6.47833,101.42417,4
2012,6.47841,101.4256,6
2012,6.47867,101.13494,1
2012,6.48333,125.06667,1
2012,6.48569,7.48683,1
2012,6.48722,121.97833,3
2012,6.49173,101.38786,1
2012,6.51694,101.65167,7
2012,6.51698,101.6525,3
2012,6.51699,101.6518,1
2012,6.52013,101.17504,1
2012,6.52015,101.17505,1
2012,6.52053,101.74438,1
2012,6.52455,122.01176,1
2012,6.5278,101.68866,2
2012,6.53356,122.08375,1
2012,6.53531,-70.91318,1
2012,6.537,124.562,1
2012,6.53716,122.16325,1
2012,6.54014,122.19189,1
2012,6.54238,101.28316,2
2012,6.5425,101.28306,2
2012,6.54381,5.89871,1
2012,6.54731,-71.00223,3
2012,6.54778,101.64091,1
2012,6.54812,101.30571,3
2012,6.55009,122.10647,1
2012,6.55044,122.10647,1
2012,6.55411,125.47272,1
2012,6.55639,122.18639,1
2012,6.55898,101.53312,2
2012,6.55917,101.53417,4
2012,6.56667,101.55323,1
2012,6.57098,124.76107,1
2012,6.5712,124.76089,1
2012,6.57723,-8.41844,2
2012,6.58149,101.19817,1
2012,6.59157,3.29106,1
2012,6.59605,101.52976,1
2012,6.60913,101.30838,1
2012,6.60988,101.66721,1
2012,6.61667,125.21667,1
2012,6.6175,101.42583,3
2012,6.63226,124.59781,1
2012,6.6343,124.60236,1
2012,6.64556,122.10194,1
2012,6.65028,101.59624,1
2012,6.65794,101.23862,1
2012,6.6605,122.13899,1
2012,6.66084,101.23972,1
2012,6.66123,43.79084,1
2012,6.68659,-71.34278,1
2012,6.68762,101.56527,1
2012,6.68932,124.67411,6
2012,6.69074,101.63284,1
2012,6.69767,101.54104,1
2012,6.6979,101.54038,1
2012,6.70041,121.97256,2
2012,6.70058,101.60369,1
2012,6.7007,101.43392,4
2012,6.70117,101.60393,1
2012,6.70129,101.6175,1
2012,6.70138,101.6175,1
2012,6.70139,101.6175,10
2012,6.7021,124.74154,1
2012,6.70664,121.97367,1
2012,6.71828,101.4101,1
2012,6.71861,101.41,3
2012,6.72091,101.26168,1
2012,6.72322,124.5197,1
2012,6.72904,101.62033,2
2012,6.72944,101.09611,6
2012,6.72949,101.09611,1
2012,6.72954,-3.4873,1
2012,6.72956,101.09623,2
2012,6.74808,101.37857,1
2012,6.75055,101.29475,1
2012,6.75584,125.35168,1
2012,6.75684,3.89297,1
2012,6.75824,101.29451,7
2012,6.76026,101.29516,1
2012,6.76028,101.29333,3
2012,6.76038,101.29363,1
2012,6.764,124.37544,2
2012,6.76434,101.43474,1
2012,6.767,125.183,1
2012,6.76715,125.18324,1
2012,6.7744,47.42903,17
2012,6.78308,101.54136,1
2012,6.78641,101.14827,1
2012,6.78765,101.09785,1
2012,6.79204,101.28978,1
2012,6.79993,-76.8,1
2012,6.80092,101.15144,1
2012,6.80904,125.19256,1
2012,6.81338,124.4135,1
2012,6.82172,101.27339,1
2012,6.82758,101.23552,1
2012,6.8277,101.17885,3
2012,6.83333,124.88333,1
2012,6.83972,79.87583,1
2012,6.84443,101.17864,1
2012,6.84444,101.17861,2
2012,6.8488,101.1588,2
2012,6.86,101.49139,2
2012,6.86281,124.44365,5
2012,6.86528,101.48834,1
2012,6.86533,101.48831,4
2012,6.8663,101.3691,2
2012,6.86786,101.25207,2
2012,6.86798,124.47639,1
2012,6.86849,101.24938,1
2012,6.86861,101.25,1
2012,6.86862,101.25008,1
2012,6.87395,101.23471,3
2012,6.90333,-75.6825,1
2012,6.92083,124.45333,1
2012,6.92909,122.07885,3
2012,6.93999,125.13348,1
2012,6.94151,124.41743,2
2012,6.94376,126.24675,1
2012,6.94595,124.87907,1
2012,6.94652,125.10881,1
2012,6.95,125.05,1
2012,6.95722,124.44444,2
2012,6.9589,-71.88176,1
2012,6.95945,-71.88172,1
2012,6.95952,-71.88179,2
2012,6.96583,124.34806,1
2012,6.98333,-5.75,1
2012,6.98381,124.3841,1
2012,6.99132,125.18838,1
2012,7.00194,100.45722,1
2012,7.01306,-75.6953,1
2012,7.018,124.5001,2
2012,7.0209,125.09147,4
2012,7.02427,122.1889,1
2012,7.02449,122.1893,2
2012,7.02702,-71.42853,1
2012,7.02734,-71.42849,1
2012,7.0333,-74.53333,1
2012,7.03333,-72.06667,1
2012,7.04487,125.50293,1
2012,7.04678,124.63498,1
2012,7.05189,124.72413,1
2012,7.05385,124.67202,2
2012,7.054,124.672,2
2012,7.05647,124.70086,2
2012,7.06667,-73.85,1
2012,7.07202,-75.35473,1
2012,7.07722,47.47417,1
2012,7.0786,-70.75864,1
2012,7.07937,-70.75898,1
2012,7.09539,125.63853,1
2012,7.1,124.76667,1
2012,7.10834,125.03882,1
2012,7.11649,124.81666,2
2012,7.16694,124.36833,2
2012,7.18832,124.63041,1
2012,7.18889,124.18393,1
2012,7.19095,125.46158,7
2012,7.19283,47.5283,1
2012,7.19951,124.79698,2
2012,7.20959,124.24197,10
2012,7.21916,125.4649,2
2012,7.23333,124.25,1
2012,7.23497,125.45628,1
2012,7.25,-74.75,1
2012,7.26901,125.19716,1
2012,7.27333,28.68389,1
2012,7.28333,124.43333,1
2012,7.28847,124.26994,1
2012,7.28997,-75.39269,1
2012,7.35083,8.83628,1
2012,7.35219,126.15454,2
2012,7.36496,125.8534,1
2012,7.37459,-72.6464,1
2012,7.40944,79.83222,1
2012,7.41635,126.00097,1
2012,7.41681,125.4426,1
2012,7.50845,125.92165,1
2012,7.54327,6.19248,1
2012,7.54759,126.13801,1
2012,7.55,6.23333,2
2012,7.55606,6.655,2
2012,7.6,125.96667,1
2012,7.61942,125.62788,1
2012,7.63895,126.15374,1
2012,7.64854,125.61727,1
2012,7.65253,122.94789,2
2012,7.6576,123.186,1
2012,7.72983,125.09899,2
2012,7.73,125.099,1
2012,7.73041,125.10134,1
2012,7.73311,81.68882,1
2012,7.73496,123.34212,1
2012,7.79021,122.78332,1
2012,7.81121,122.53232,1
2012,7.8175,123.28361,1
2012,7.83333,125.81667,1
2012,7.83679,6.07002,1
2012,7.8397,123.43434,1
2012,7.86611,123.03444,1
2012,7.87147,80.01099,1
2012,7.87996,9.77713,1
2012,7.90845,98.3892,1
2012,7.94628,-72.89881,3
2012,7.98728,10.9807,1
2012,8.0023,124.2919,3
2012,8.03508,125.84981,1
2012,8.04928,-73.08554,1
2012,8.05,124.98333,1
2012,8.05981,122.50678,2
2012,8.06667,123.75,1
2012,8.11073,122.7883,1
2012,8.1306,125.12765,1
2012,8.22802,124.24524,1
2012,8.24589,34.59197,1
2012,8.25832,123.60576,1
2012,8.28333,-76.38333,1
2012,8.31262,126.00362,1
2012,8.39217,98.45184,1
2012,8.3991,47.9379,1
2012,8.43977,125.75259,1
2012,8.45424,124.6319,1
2012,8.45424,124.63196,1
2012,8.4664,125.13788,1
2012,8.47778,47.39389,1
2012,8.478,125.744,1
2012,8.49135,4.54463,1
2012,8.50554,125.74069,1
2012,8.57889,125.89751,1
2012,8.63781,-72.73464,1
2012,8.64243,-72.7367,1
2012,8.64989,-72.73328,1
2012,8.65,-72.73333,2
2012,8.66934,-73.04053,1
2012,8.67359,-73.04041,1
2012,8.71589,125.75104,1
2012,8.73281,77.70002,1
2012,8.8028,124.79743,1
2012,8.81667,125.7,1
2012,8.82265,-73.14993,1
2012,8.85181,7.88342,1
2012,8.88327,126.00016,1
2012,8.88332,-64.25002,1
2012,8.88333,126.0,1
2012,8.9,11.36667,4
2012,8.90629,8.40849,1
2012,8.94763,125.54053,1
2012,8.98103,49.69114,1
2012,9.02762,7.49495,1
2012,9.04517,6.57033,1
2012,9.05361,125.58667,1
2012,9.06667,7.48333,1
2012,9.06692,7.48317,2
2012,9.07746,7.4733,1
2012,9.08362,125.6063,1
2012,9.09878,125.69866,1
2012,9.18052,7.17933,1
2012,9.18531,7.17877,1
2012,9.2035,12.49539,6
2012,9.32505,12.43806,3
2012,9.4371,8.75607,1
2012,9.45555,12.15255,1
2012,9.51528,125.63662,1
2012,9.52999,31.65548,1
2012,9.53448,8.89887,10
2012,9.53452,8.89898,1
2012,9.55694,44.07414,1
2012,9.58348,8.7152,2
2012,9.59512,125.45635,1
2012,9.60296,6.55824,1
2012,9.60776,6.55339,2
2012,9.60791,6.5533,1
2012,9.63657,8.76112,1
2012,9.71667,8.85,1
2012,9.73276,8.79701,1
2012,9.74997,9.5518,2
2012,9.75192,122.49034,1
2012,9.75721,125.51384,1
2012,9.76526,8.85971,1
2012,9.78697,78.90831,1
2012,9.87679,78.06953,1
2012,9.8771,78.11368,1
2012,9.8802,9.6785,3
2012,9.9252,78.11978,3
2012,9.93333,8.88333,12
2012,9.93353,8.88344,1
2012,9.96722,118.78551,1
2012,9.98813,13.21649,5
2012,10.00469,122.77714,1
2012,10.01037,77.47681,1
2012,10.15896,8.13386,1
2012,10.24641,11.16174,1
2012,10.26622,7.11304,1
2012,10.26667,13.26667,10
2012,10.26676,13.28457,1
2012,10.27377,29.98461,1
2012,10.2824,11.17479,1
2012,10.28333,9.78333,2
2012,10.28665,11.16386,11
2012,10.30642,119.25584,1
2012,10.30896,9.84491,1
2012,10.30926,9.84502,1
2012,10.30982,9.84517,7
2012,10.31424,9.84321,1
2012,10.38332,77.98885,1
2012,10.38531,8.57347,1
2012,10.38734,-75.51966,1
2012,10.39382,47.76376,1
2012,10.43931,9.8228,1
2012,10.46483,23.29465,1
2012,10.47834,23.30733,1
2012,10.51164,7.42597,1
2012,10.5166,7.43333,1
2012,10.51667,7.43333,10
2012,10.51684,7.4333,8
2012,10.52686,7.46459,1
2012,10.52972,7.37917,1
2012,10.6111,12.195,5
2012,10.63711,10.08073,6
2012,10.64998,122.2333,1
2012,10.6548,12.907,1
2012,10.65738,12.90614,1
2012,10.72747,122.55752,1
2012,10.73291,122.53176,1
2012,10.74644,13.41508,1
2012,10.78333,122.3,1
2012,10.80632,13.45809,1
2012,10.81664,7.56666,2
2012,10.84888,11.43225,3
2012,10.85444,11.43194,1
2012,10.86794,12.84833,5
2012,10.86966,12.84861,1
2012,10.88562,11.51486,5
2012,10.886,13.63031,1
2012,10.91662,124.69999,1
2012,10.95739,76.97151,1
2012,10.9833,49.1667,2
2012,11.01667,29.71667,10
2012,11.03526,76.99503,1
2012,11.03537,-72.66169,1
2012,11.05083,7.71105,1
2012,11.08192,7.71596,6
2012,11.08972,13.68838,1
2012,11.1597,-72.5856,1
2012,11.18728,124.78221,1
2012,11.19833,29.41775,1
2012,11.19902,29.41793,1
2012,11.20971,119.46225,1
2012,11.24603,75.95365,1
2012,11.24707,12.01246,5
2012,11.25,8.4,3
2012,11.25875,75.78041,1
2012,11.2748,49.17966,3
2012,11.27552,14.14407,6
2012,11.28333,7.8,1
2012,11.28548,51.07731,1
2012,11.28764,11.3078,4
2012,11.35296,14.21509,1
2012,11.35477,-72.52048,2
2012,11.37829,-72.23817,1
2012,11.38919,10.38902,1
2012,11.42169,122.66719,1
2012,11.43327,122.5977,1
2012,11.45252,26.12959,1
2012,11.50106,11.93338,1
2012,11.52685,13.69271,2
2012,11.57,29.86,1
2012,11.62572,13.02633,1
2012,11.64886,24.90422,3
2012,11.65541,13.41293,6
2012,11.66749,9.92971,1
2012,11.67417,10.19111,2
2012,11.67591,12.11569,4
2012,11.67722,11.33444,3
2012,11.6775,11.33444,1
2012,11.68646,75.65281,1
2012,11.7044,11.08854,44
2012,11.70896,11.06997,3
2012,11.71212,122.37462,1
2012,11.72661,75.63754,3
2012,11.74464,11.97026,27
2012,11.74886,11.96603,1
2012,11.79746,12.49333,1
2012,11.80015,9.37161,1
2012,11.83333,13.15,2
2012,11.83337,13.1499,4
2012,11.84079,13.14139,134
2012,11.85313,9.97121,1
2012,11.86498,11.07057,1
2012,11.86667,-15.6,1
2012,11.8878,8.50195,2
2012,11.90685,8.42173,1
2012,11.91667,-72.0,1
2012,11.92466,13.60131,2
2012,11.93587,123.7722,1
2012,11.97433,8.50026,78
2012,11.9916,8.5776,1
2012,11.99528,125.44722,1
2012,12.0,8.51667,1
2012,12.02953,124.81242,1
2012,12.03012,8.54395,3
2012,12.0356,8.48013,1
2012,12.03658,13.91724,3
2012,12.038,125.481,1
2012,12.03892,123.19401,1
2012,12.05,125.067,1
2012,12.05719,24.8787,1
2012,12.08841,8.4025,1
2012,12.11317,12.82704,1
2012,12.11667,123.88333,1
2012,12.12052,13.17404,1
2012,12.13472,75.29758,1
2012,12.17224,75.19465,1
2012,12.18442,6.2376,1
2012,12.26734,8.89975,1
2012,12.2829,14.47227,5
2012,12.33383,121.34998,1
2012,12.34,125.032,1
2012,12.34626,14.18469,2
2012,12.35947,14.21093,8
2012,12.36627,13.82887,3
2012,12.38535,23.13885,1
2012,12.40745,-16.51997,1
2012,12.422,123.78,1
2012,12.43492,25.58106,1
2012,12.44552,-16.56488,1
2012,12.492,12.78155,1
2012,12.5078,-16.08008,1
2012,12.51083,123.3975,1
2012,12.56286,124.9336,1
2012,12.59709,-16.2478,1
2012,12.64036,44.11878,1
2012,12.65,-8.0,1
2012,12.65005,-7.99996,1
2012,12.65446,-16.36277,1
2012,12.69874,-14.94259,1
2012,12.71472,44.20778,1
2012,12.77549,-15.68734,1
2012,12.78345,45.0334,1
2012,12.78446,6.7842,1
2012,12.78679,10.23771,1
2012,12.8,45.03333,2
2012,12.80336,-16.23425,1
2012,12.80509,-16.23456,1
2012,12.82575,44.79438,2
2012,12.84465,7.70936,1
2012,12.84636,23.0012,1
2012,12.84906,44.97202,1
2012,12.84908,45.03728,48
2012,12.86714,44.98396,5
2012,12.87324,11.04634,1
2012,12.88584,11.93004,2
2012,12.89013,44.98532,1
2012,12.8908,44.98821,2
2012,12.89731,-16.34879,1
2012,12.91182,123.6027,1
2012,12.95213,22.871,1
2012,12.99302,7.60616,1
2012,12.99753,44.97408,1
2012,13.01667,25.25,1
2012,13.02452,77.64073,2
2012,13.05223,25.52748,1
2012,13.05702,5.24574,1
2012,13.0634,44.88088,7
2012,13.0754,44.90471,1
2012,13.10846,123.56635,1
2012,13.11667,11.73333,3
2012,13.11772,5.39396,4
2012,13.12973,45.38557,21
2012,13.13201,123.89089,1
2012,13.14255,79.90905,1
2012,13.14896,44.85055,7
2012,13.14953,123.7126,1
2012,13.17824,44.76678,1
2012,13.189,123.599,1
2012,13.207,44.7583,1
2012,13.21738,123.51655,1
2012,13.2194,45.30784,6
2012,13.29306,45.295,1
2012,13.34072,45.29711,1
2012,13.3576,45.69648,6
2012,13.37426,44.75475,1
2012,13.41315,43.6376,1
2012,13.42054,123.41805,1
2012,13.44089,22.44173,1
2012,13.56966,44.01463,1
2012,13.58648,44.0241,3
2012,13.6,40.66667,1
2012,13.62935,124.30155,1
2012,13.63434,46.05632,1
2012,13.6391,123.28055,1
2012,13.64767,24.09633,1
2012,13.65114,24.09042,1
2012,13.65784,45.8434,2
2012,13.69287,44.7313,1
2012,13.70266,44.73357,7
2012,13.78367,22.78333,1
2012,13.79828,44.75284,2
2012,13.80396,44.77724,1
2012,13.80498,44.77564,5
2012,13.88333,45.86667,2
2012,13.8874,45.86365,8
2012,13.92413,44.14592,1
2012,13.92891,46.07933,2
2012,13.92892,46.0794,4
2012,13.9324,100.74942,1
2012,13.93585,121.95165,1
2012,13.94389,45.67361,1
2012,13.96542,44.16371,1
2012,13.98002,48.18915,1
2012,13.98501,45.55848,6
2012,13.98945,32.30463,1
2012,13.99023,48.18108,1
2012,13.99134,22.70407,1
2012,14.03139,122.11309,1
2012,14.06421,121.32334,1
2012,14.06612,122.96389,1
2012,14.16014,122.8299,2
2012,14.20979,24.6574,3
2012,14.27977,47.57534,2
2012,14.28856,46.85658,1
2012,14.32666,47.44721,1
2012,14.35677,75.29402,1
2012,14.37828,24.90422,1
2012,14.41399,44.83742,6
2012,14.4563,-4.91942,1
2012,14.46184,47.27886,1
2012,14.47475,49.03429,1
2012,14.48444,45.92972,1
2012,14.51056,6.765,1
2012,14.53639,46.83306,2
2012,14.53826,-9.19072,1
2012,14.54397,49.12458,18
2012,14.54943,121.03359,1
2012,14.55046,44.39771,1
2012,14.58251,121.08424,2
2012,14.59935,120.98477,4
2012,14.62287,-90.52907,1
2012,14.67428,121.0575,1
2012,14.68825,49.39595,1
2012,14.71953,44.2479,2
2012,14.75461,46.51627,1
2012,14.75463,46.51626,6
2012,14.76976,49.37427,1
2012,14.78129,42.97285,2
2012,14.80661,43.01949,1
2012,14.93103,45.50365,1
2012,15.00835,23.69761,1
2012,15.16506,120.78037,1
2012,15.19,46.73361,1
2012,15.19,46.7338,1
2012,15.21968,48.98332,1
2012,15.32544,44.2119,48
2012,15.36672,43.83331,1
2012,15.41105,48.06079,1
2012,15.42134,3.02122,1
2012,15.44989,45.01869,1
2012,15.45033,45.01982,2
2012,15.45639,45.32487,2
2012,15.47003,45.32286,1
2012,15.47618,120.96068,1
2012,15.47994,44.22068,1
2012,15.51589,45.44981,4
2012,15.51612,45.45981,5
2012,15.5501,32.53224,1
2012,15.61667,45.3,1
2012,15.65575,120.77103,1
2012,15.68119,120.98896,1
2012,15.69068,120.98763,1
2012,15.71704,-4.90009,1
2012,15.7662,24.90422,3
2012,15.80153,121.45962,1
2012,15.8402,48.45438,2
2012,15.91443,2.39737,1
2012,15.91492,48.65074,2
2012,15.94001,48.78975,1
2012,15.94104,48.78009,1
2012,16.0,48.5,2
2012,16.03333,44.76667,1
2012,16.04081,48.34275,1
2012,16.0681,44.797,1
2012,16.16541,44.7769,1
2012,16.27329,-0.05069,3
2012,16.325,120.36861,2
2012,16.35,120.41667,1
2012,16.35866,43.93031,1
2012,16.41667,-3.66667,1
2012,16.67004,121.71723,1
2012,16.70162,120.97466,1
2012,16.71498,121.55372,1
2012,16.75775,-2.99936,4
2012,16.85488,74.56357,1
2012,16.91749,43.76241,1
2012,16.93041,49.36532,4
2012,16.93135,49.36532,3
2012,16.94322,43.76532,1
2012,16.98333,122.01667,1
2012,17.08623,120.97418,1
2012,17.24705,80.14929,1
2012,17.40528,75.13672,2
2012,17.46645,78.28458,2
2012,17.46667,73.61667,1
2012,17.4721,78.3444,1
2012,17.48923,47.10444,1
2012,17.83801,81.42858,3
2012,17.86444,81.40841,2
2012,17.89984,79.42548,1
2012,18.09242,120.77062,1
2012,18.14394,80.88675,1
2012,18.15345,81.50895,1
2012,18.18454,81.41142,1
2012,18.19595,120.59274,1
2012,18.22523,82.06208,2
2012,18.25726,81.299,1
2012,18.33892,81.94216,1
2012,18.35249,81.95348,1
2012,18.36353,81.89525,11
2012,18.36419,81.89242,2
2012,18.39084,81.66232,1
2012,18.39096,81.66232,1
2012,18.39101,81.65693,3
2012,18.39113,81.65927,1
2012,18.48659,82.23796,2
2012,18.49625,81.29455,1
2012,18.52043,73.85674,7
2012,18.52248,81.75529,1
2012,18.52851,80.88596,1
2012,18.5435,82.22279,1
2012,18.55314,82.4889,1
2012,18.56111,80.9204,1
2012,18.58375,80.76966,1
2012,18.63876,81.44465,1
2012,18.67121,81.19628,1
2012,18.70164,81.24845,1
2012,18.705,82.39753,1
2012,18.70818,82.99166,1
2012,18.70831,80.9955,2
2012,18.72482,81.40769,1
2012,18.75287,82.43153,1
2012,18.76278,82.90389,1
2012,18.7683,82.90394,1
2012,18.77518,80.5367,1
2012,18.8,80.8167,4
2012,18.80041,80.81539,1
2012,18.81349,82.71233,2
2012,18.8556,82.73617,1
2012,18.85606,82.73471,1
2012,18.87965,83.16914,1
2012,18.89817,81.34888,2
2012,18.9,81.35,1
2012,18.93334,83.25729,4
2012,18.93402,-99.23148,1
2012,18.93929,81.2678,1
2012,18.96149,82.27448,1
2012,19.02872,82.69424,1
2012,19.04477,82.91977,1
2012,19.17749,84.46058,1
2012,19.19048,-96.15239,1
2012,19.35791,83.50702,3
2012,19.4145,80.59042,1
2012,19.41467,80.5899,1
2012,19.41481,80.58967,1
2012,19.42341,81.53254,1
2012,19.43261,-99.13321,1
2012,19.46485,0.85639,2
2012,19.50896,83.3081,1
2012,19.52338,84.88545,1
2012,19.53048,-96.90913,1
2012,19.56652,-101.70683,1
2012,19.5775,81.34637,1
2012,19.59862,80.22658,2
2012,19.6,81.6667,1
2012,19.60767,84.6587,1
2012,19.62801,81.81928,1
2012,19.66235,80.23469,1
2012,19.68929,82.30177,1
2012,19.71495,81.24559,3
2012,19.7152,80.58874,1
2012,19.76493,83.88202,1
2012,19.76828,83.64912,1
2012,19.83975,83.72547,1
2012,19.87616,75.34331,1
2012,19.90767,84.12182,1
2012,19.92227,80.54322,1
2012,19.9333,84.5833,1
2012,19.96331,80.99404,1
2012,20.03599,80.6201,1
2012,20.09422,82.65448,1
2012,20.1118,85.83529,1
2012,20.1342,84.01674,1
2012,20.13817,93.09082,1
2012,20.18184,80.00684,5
2012,20.1824,80.00318,1
2012,20.23756,84.27002,13
2012,20.25207,0.98153,1
2012,20.27164,80.30948,1
2012,20.27194,81.49306,2
2012,20.30286,81.34524,1
2012,20.31607,86.61362,1
2012,20.32977,80.47767,1
2012,20.45,99.88333,3
2012,20.46268,85.88325,2
2012,20.49295,80.54081,1
2012,20.49855,82.81019,1
2012,20.51554,84.11827,1
2012,20.54912,79.45634,1
2012,20.63308,82.06231,1
2012,20.7167,83.4833,2
2012,20.73044,82.41807,1
2012,20.75041,82.86272,3
2012,20.8167,82.5333,1
2012,20.81708,82.53362,1
2012,20.82374,92.37079,1
2012,20.9733,86.49618,1
2012,21.09109,80.93124,1
2012,21.17729,83.56706,1
2012,21.27866,81.86614,1
2012,21.3333,83.6167,1
2012,21.4114,83.48858,1
2012,21.4588,80.19742,1
2012,21.49498,86.94266,1
2012,21.63722,84.04445,1
2012,21.81252,80.18383,1
2012,21.99432,78.11083,1
2012,22.0362,98.13386,1
2012,22.1167,84.0333,1
2012,22.21008,85.24701,1
2012,22.2398,85.305,1
2012,22.35611,81.54083,1
2012,22.37955,85.39837,1
2012,22.40804,87.38107,1
2012,22.44703,85.25482,1
2012,22.46254,85.52002,1
2012,22.48044,86.51467,1
2012,22.50757,85.37692,1
2012,22.5269,79.83808,1
2012,22.52822,91.92368,1
2012,22.54453,88.22177,1
2012,22.57136,86.48868,1
2012,22.57617,86.642,1
2012,22.59574,88.26368,2
2012,22.65735,92.17327,1
2012,22.70968,87.17096,1
2012,22.70982,85.53805,1
2012,22.78465,5.52271,1
2012,22.79605,91.91222,1
2012,22.79939,86.24887,1
2012,22.84564,89.54033,1
2012,22.85613,86.01216,2
2012,22.90268,88.41689,1
2012,22.92129,89.1182,1
2012,22.95288,86.05953,1
2012,22.96908,85.28935,1
2012,23.01643,85.56645,1
2012,23.02364,85.1894,1
2012,23.0408,91.8733,1
2012,23.07,85.28,1
2012,23.0769,85.28058,1
2012,23.07973,87.32854,1
2012,23.21416,92.37519,1
2012,23.3,97.96667,1
2012,23.39977,91.75255,1
2012,23.4167,88.3667,1
2012,23.4333,84.6833,1
2012,23.52304,80.82307,1
2012,23.54054,74.44225,1
2012,23.54531,89.17228,1
2012,23.60481,88.77696,1
2012,23.60688,91.81964,1
2012,23.67455,86.19925,1
2012,23.67719,84.73939,1
2012,23.68711,86.97355,1
2012,23.69346,92.4054,1
2012,23.73692,-99.14112,1
2012,23.73716,-99.14399,1
2012,23.7438,84.50434,3
2012,23.74419,84.50443,1
2012,23.74555,86.12258,1
2012,23.74736,84.42864,1
2012,23.75558,84.3542,1
2012,23.79128,90.4182,9
2012,23.80132,85.83826,2
2012,23.80886,89.20868,1
2012,23.81707,84.49812,1
2012,23.82551,68.77572,1
2012,23.83486,83.97279,1
2012,23.83596,97.68165,1
2012,23.8422,92.02977,1
2012,23.84612,84.81683,1
2012,23.8492,88.5324,1
2012,23.90531,86.19333,2
2012,23.91925,84.29108,1
2012,23.97917,97.90472,1
2012,23.9804,97.90433,1
2012,24.00793,86.14929,1
2012,24.03612,84.4778,1
2012,24.10846,83.67739,1
2012,24.16547,86.22314,1
2012,24.17315,83.80866,2
2012,24.17786,86.30667,1
2012,24.19557,86.30149,1
2012,24.19688,91.83305,1
2012,24.20424,84.87094,2
2012,24.26694,-98.83628,1
2012,24.28415,86.09373,1
2012,24.29379,93.87761,1
2012,24.30375,94.25449,1
2012,24.30532,94.26137,1
2012,24.32899,93.98677,2
2012,24.35,93.7,2
2012,24.35337,93.69936,1
2012,24.40529,87.30161,1
2012,24.43068,93.8062,1
2012,24.43246,93.80419,1
2012,24.43484,94.20707,1
2012,24.43667,84.81361,1
2012,24.44297,84.3942,1
2012,24.44298,84.3942,1
2012,24.48932,86.69868,1
2012,24.52835,84.59058,1
2012,24.55668,94.03125,1
2012,24.56239,85.29682,1
2012,24.58465,94.07746,1
2012,24.58543,92.58913,1
2012,24.58991,94.00826,3
2012,24.6,94.0333,2
2012,24.61394,94.01262,1
2012,24.61418,94.02823,1
2012,24.6162,94.0077,1
2012,24.62886,93.76129,2
2012,24.65232,93.99082,1
2012,24.65233,93.99083,6
2012,24.65922,68.83982,1
2012,24.66355,93.90627,2
2012,24.66372,93.90627,3
2012,24.66383,93.9005,1
2012,24.66646,94.02363,1
2012,24.6667,94.0667,1
2012,24.68226,94.04612,1
2012,24.707,93.93026,1
2012,24.72438,84.85954,1
2012,24.73202,94.07867,1
2012,24.74356,93.41964,1
2012,24.751,67.92586,1
2012,24.76176,93.82867,1
2012,24.76528,93.84912,1
2012,24.7678,96.36872,2
2012,24.77149,93.8162,1
2012,24.77282,93.82813,1
2012,24.77421,93.90571,1
2012,24.78065,93.96744,11
2012,24.79792,93.94052,47
2012,24.80995,94.52936,1
2012,24.81754,93.91646,11
2012,24.82213,93.87422,1
2012,24.8491,92.4835,1
2012,24.85394,94.07913,2
2012,24.85513,93.61766,1
2012,24.86697,94.07548,2
2012,24.8699,94.05081,1
2012,24.87049,94.01357,1
2012,24.87154,86.20711,1
2012,24.89112,67.14331,182
2012,24.8919,67.03875,1
2012,24.89338,67.42306,3
2012,24.92326,86.22024,3
2012,24.92748,86.33009,1
2012,24.95,94.0333,1
2012,24.95111,94.19806,1
2012,24.99285,93.99692,1
2012,25.03983,66.89164,3
2012,25.03987,66.89158,3
2012,25.03998,84.98239,1
2012,25.04454,66.87468,1
2012,25.05416,67.02196,12
2012,25.06829,94.02853,1
2012,25.1458,62.32656,2
2012,25.15558,69.11143,1
2012,25.15657,84.42141,1
2012,25.16354,93.01364,5
2012,25.16928,93.21363,1
2012,25.19472,90.345,1
2012,25.19761,86.54027,2
2012,25.19865,90.55463,1
2012,25.24003,86.98451,1
2012,25.27391,94.02076,1
2012,25.29194,60.64306,1
2012,25.29645,93.04116,1
2012,25.30025,87.10152,1
2012,25.31185,94.49674,1
2012,25.31866,90.4408,3
2012,25.32656,90.56399,1
2012,25.3301,90.56361,1
2012,25.33993,62.98302,1
2012,25.35467,68.28357,1
2012,25.37531,97.88639,1
2012,25.37689,89.86996,1
2012,25.37915,97.38807,2
2012,25.37954,97.38815,1
2012,25.38642,68.42858,1
2012,25.38929,68.35734,8
2012,25.4163,68.28672,6
2012,25.4274,81.81834,1
2012,25.4358,81.84631,1
2012,25.44506,91.92792,1
2012,25.44614,93.0137,1
2012,25.45687,90.7034,1
2012,25.49544,90.61679,1
2012,25.49546,90.61682,3
2012,25.49701,90.08691,1
2012,25.5,90.33333,1
2012,25.50038,87.36802,1
2012,25.50179,91.78492,1
2012,25.50855,90.61911,2
2012,25.51187,92.73828,1
2012,25.51526,62.00298,1
2012,25.5418,90.57899,1
2012,25.55803,84.66748,1
2012,25.56493,90.22527,1
2012,25.56717,90.52578,1
2012,25.56794,90.22447,2
2012,25.57112,90.22296,1
2012,25.57872,91.8932,1
2012,25.57877,91.89325,1
2012,25.58083,91.87361,1
2012,25.59123,85.14016,1
2012,25.59352,-99.99018,1
2012,25.59578,68.44358,1
2012,25.61684,90.5312,1
2012,25.63556,85.04083,1
2012,25.67035,94.10952,1
2012,25.67382,62.26999,3
2012,25.72245,90.19092,1
2012,25.75595,90.6773,6
2012,25.81539,90.78932,1
2012,25.83655,86.39785,1
2012,25.84818,90.4067,1
2012,25.8509,97.43814,1
2012,25.85326,90.6451,1
2012,25.85389,90.94542,1
2012,25.85513,93.62515,1
2012,25.86903,-97.50274,2
2012,25.9027,85.50596,1
2012,25.90398,90.64411,1
2012,25.93969,90.77084,1
2012,25.96682,93.43867,1
2012,25.99821,91.80111,1
2012,25.99941,63.04745,4
2012,26.01778,63.11028,1
2012,26.04418,68.9369,3
2012,26.06805,62.71475,1
2012,26.07251,90.58868,4
2012,26.07348,62.72052,1
2012,26.09018,89.96445,1
2012,26.10984,65.19296,1
2012,26.11563,62.03764,5
2012,26.1189,50.50221,1
2012,26.13385,87.46206,1
2012,26.13556,50.60017,1
2012,26.14376,50.60405,2
2012,26.14979,91.76393,3
2012,26.15606,63.01476,1
2012,26.16908,50.61428,6
2012,26.16946,90.61958,1
2012,26.2006,92.93757,1
2012,26.21038,50.46233,2
2012,26.21449,50.58475,1
2012,26.217,50.58742,9
2012,26.21912,50.46448,1
2012,26.24068,85.21765,1
2012,26.24196,68.39929,7
2012,26.26586,88.08463,1
2012,26.28323,50.6315,2
2012,26.30731,68.09845,1
2012,26.30732,68.09843,1
2012,26.30944,63.15914,1
2012,26.35357,83.5527,1
2012,26.36781,62.72062,1
2012,26.37425,65.61299,1
2012,26.39404,85.91771,1
2012,26.39802,90.26942,2
2012,26.4286,50.06652,1
2012,26.43736,91.62017,1
2012,26.43916,89.97828,1
2012,26.44005,89.96977,1
2012,26.45734,65.23111,1
2012,26.46248,90.42193,1
2012,26.46499,90.29974,1
2012,26.47947,90.55687,1
2012,26.49184,89.52686,1
2012,26.49985,90.96954,1
2012,26.50134,77.99338,1
2012,26.50781,93.97365,1
2012,26.53751,91.73191,1
2012,26.54257,90.47485,1
2012,26.55478,50.00452,2
2012,26.57548,93.89327,1
2012,26.58514,49.97643,1
2012,26.58735,49.98415,1
2012,26.58835,93.74859,1
2012,26.62755,87.18217,2
2012,26.63348,61.25718,1
2012,26.63924,91.57421,1
2012,26.64858,85.79547,1
2012,26.65411,86.2087,1
2012,26.65953,91.35742,1
2012,26.6605,67.99161,1
2012,26.71667,86.48333,2
2012,26.72441,67.76955,1
2012,26.73267,85.92479,4
2012,26.73603,67.79197,2
2012,26.74602,92.09594,2
2012,26.75042,94.21636,1
2012,26.76507,85.26683,1
2012,26.76667,85.26667,1
2012,26.841,68.11928,1
2012,26.95429,94.56637,1
2012,26.97214,64.11457,10
2012,26.98023,94.63009,1
2012,26.98048,94.63137,1
2012,26.98049,66.12071,1
2012,26.98113,84.85307,1
2012,26.99992,85.46668,1
2012,27.0,84.86667,2
2012,27.02771,95.03018,3
2012,27.0302,85.00802,1
2012,27.06695,95.03646,1
2012,27.08676,93.60872,1
2012,27.12688,94.74004,1
2012,27.13411,85.06491,1
2012,27.28889,68.50444,1
2012,27.33826,103.71746,1
2012,27.37472,68.09722,1
2012,27.37972,67.91496,1
2012,27.38061,95.17183,1
2012,27.4002,95.6166,1
2012,27.40763,65.13876,2
2012,27.48002,-99.51054,3
2012,27.49193,95.34783,1
2012,27.4922,-109.94071,1
2012,27.50822,66.42715,1
2012,27.51586,95.87797,1
2012,27.52731,68.74356,3
2012,27.52913,84.3542,1
2012,27.53333,83.66667,1
2012,27.55666,95.69298,2
2012,27.56008,68.21572,5
2012,27.56564,78.65831,1
2012,27.5667,80.6833,1
2012,27.56774,95.55724,2
2012,27.63456,85.52336,1
2012,27.64949,84.31591,1
2012,27.66897,85.31982,1
2012,27.6908,68.84859,2
2012,27.70875,85.3295,7
2012,27.73607,85.36013,1
2012,27.73861,85.39361,1
2012,27.74153,85.32848,1
2012,27.80992,66.62095,11
2012,27.8197,85.78204,1
2012,27.85,67.9,1
2012,27.86571,83.54751,1
2012,27.90554,69.19074,1
2012,27.96175,68.64234,2
2012,27.97114,84.89848,2
2012,28.01417,67.83111,1
2012,28.01667,69.31667,1
2012,28.01957,69.55201,1
2012,28.02084,69.55294,1
2012,28.03556,66.35111,1
2012,28.05606,81.62802,1
2012,28.12779,82.29501,2
2012,28.13192,81.93166,1
2012,28.14606,81.7787,1
2012,28.21312,67.9695,1
2012,28.27655,84.3542,1
2012,28.28254,68.58548,1
2012,28.38066,68.34314,1
2012,28.3898,68.19084,1
2012,28.42861,68.47333,1
2012,28.4611,70.2139,1
2012,28.46667,67.28333,1
2012,28.46681,68.27408,1
2012,28.49073,65.09578,6
2012,28.49125,66.26348,1
2012,28.51866,68.54268,6
2012,28.54351,76.71456,1
2012,28.54374,68.21844,8
2012,28.55,68.21667,1
2012,28.55556,33.97611,1
2012,28.55755,33.97567,2
2012,28.55939,68.22645,1
2012,28.58584,77.15334,2
2012,28.58736,65.42061,3
2012,28.59889,68.29722,1
2012,28.60695,76.99049,1
2012,28.62916,68.61638,2
2012,28.63331,69.19037,13
2012,28.66511,67.75085,1
2012,28.67231,33.25267,1
2012,28.7224,68.41127,1
2012,28.78181,77.50029,1
2012,28.82585,62.75006,1
2012,28.91853,66.42715,3
2012,28.92345,69.00165,1
2012,28.95984,69.39012,2
2012,28.97072,77.70364,1
2012,28.97833,67.44389,1
2012,29.01649,82.38858,1
2012,29.02583,66.59,1
2012,29.03333,69.15,1
2012,29.03345,69.15009,1
2012,29.03441,69.15866,17
2012,29.04785,66.59332,5
2012,29.08919,-110.96133,1
2012,29.14387,69.09979,12
2012,29.14659,69.08404,1
2012,29.16925,67.83468,1
2012,29.21546,67.92444,1
2012,29.21882,80.49939,1
2012,29.2293,67.66622,3
2012,29.25249,68.89649,1
2012,29.29699,68.90507,1
2012,29.29767,64.70673,2
2012,29.31018,34.15319,1
2012,29.34774,66.64077,1
2012,29.39092,65.93577,2
2012,29.40874,67.18945,2
2012,29.43774,67.169,1
2012,29.48119,67.64383,1
2012,29.50369,67.56568,1
2012,29.50916,80.86545,1
2012,29.52824,68.1342,1
2012,29.54828,67.87919,5
2012,29.55231,66.02051,3
2012,29.55455,34.94753,2
2012,29.65079,68.70794,1
2012,29.70004,67.37588,1
2012,29.735,69.63472,1
2012,29.80396,66.85099,6
2012,29.85538,67.33993,6
2012,29.89609,69.25024,8
2012,29.89724,69.52761,4
2012,29.9,69.25,1
2012,29.90189,67.13076,4
2012,29.90265,66.75311,1
2012,29.9646,66.74492,1
2012,30.0,70.0,1
2012,30.03626,66.98485,1
2012,30.04361,69.92377,3
2012,30.04442,31.23571,1
2012,30.04611,33.2286,1
2012,30.05295,70.63694,1
2012,30.0582,67.42562,4
2012,30.08452,66.98344,13
2012,30.08463,31.33431,2
2012,30.09826,66.94448,4
2012,30.1042,66.51556,3
2012,30.11765,67.28395,1
2012,30.12028,65.18083,1
2012,30.13452,62.26266,1
2012,30.16322,67.21594,1
2012,30.16667,69.45,1
2012,30.17162,69.44724,4
2012,30.18376,71.39393,1
2012,30.19019,71.45802,5
2012,30.19886,66.05579,1
2012,30.20082,66.99435,103
2012,30.20908,67.01839,1
2012,30.2093,67.01814,4
2012,30.2823,47.36075,1
2012,30.33049,66.90326,1
2012,30.35493,66.94431,4
2012,30.35833,34.65139,1
2012,30.3679,63.97014,1
2012,30.37992,67.72618,1
2012,30.49513,34.55964,1
2012,30.51005,47.77809,3
2012,30.52272,-87.2073,1
2012,30.58333,66.99651,1
2012,30.59399,65.46842,1
2012,30.60847,33.61758,6
2012,30.60943,66.57541,1
2012,30.68417,66.72778,1
2012,30.75713,20.23754,1
2012,30.815,67.29028,1
2012,30.82956,35.03882,5
2012,30.83302,35.04227,3
2012,30.86256,67.17157,1
2012,30.86904,66.14153,2
2012,30.92211,66.45153,4
2012,30.95993,61.86895,7
2012,30.96,61.86,1
2012,30.96071,70.94188,1
2012,30.96084,70.94244,1
2012,30.97315,72.47437,1
2012,30.99604,65.47602,1
2012,30.99607,65.47574,7
2012,30.99908,65.43496,3
2012,31.00274,66.40561,9
2012,31.00586,65.46112,1
2012,31.00806,66.39806,1
2012,31.01595,65.19629,1
2012,31.02431,65.19073,2
2012,31.02615,62.45042,1
2012,31.04437,46.26145,4
2012,31.04605,34.85161,1
2012,31.0728,33.8354,1
2012,31.08287,34.14627,1
2012,31.08333,67.10556,1
2012,31.12665,33.80086,22
2012,31.12703,64.20585,4
2012,31.1279,34.16184,2
2012,31.13209,33.80328,1
2012,31.13251,64.2129,1
2012,31.13554,45.86121,1
2012,31.17307,34.21994,1
2012,31.18779,62.08975,1
2012,31.20156,64.03579,1
2012,31.20306,66.28056,1
2012,31.20681,34.46418,2
2012,31.20811,34.46463,1
2012,31.22508,34.27123,1
2012,31.24848,34.78786,2
2012,31.2502,34.24128,6
2012,31.25054,34.79603,9
2012,31.25054,34.79604,3
2012,31.27879,34.25644,1
2012,31.28106,34.44932,1
2012,31.30312,34.4315,1
2012,31.30315,34.43154,1
2012,31.31189,65.96205,1
2012,31.31207,34.62179,1
2012,31.34312,69.45286,1
2012,31.34696,34.30143,3
2012,31.36365,63.95861,13
2012,31.36382,63.95861,1
2012,31.36444,66.48444,3
2012,31.3749,34.39802,2
2012,31.37988,64.29944,1
2012,31.38728,64.30697,5
2012,31.39181,64.31902,1
2012,31.41786,73.12021,1
2012,31.42563,34.57906,2
2012,31.42756,74.17392,1
2012,31.45,65.35,1
2012,31.45024,65.34936,2
2012,31.46122,66.52239,4
2012,31.46746,64.09244,6
2012,31.46751,65.25663,1
2012,31.47261,34.49769,1
2012,31.47771,64.28982,1
2012,31.4858,65.3851,1
2012,31.48667,62.73417,1
2012,31.49013,64.05574,1
2012,31.49778,65.41861,1
2012,31.49806,65.42556,1
2012,31.49846,65.41315,1
2012,31.49914,65.84282,1
2012,31.49971,65.00085,2
2012,31.50241,34.45974,2
2012,31.50547,74.34288,15
2012,31.50773,34.63034,1
2012,31.50922,65.81391,1
2012,31.50934,65.81413,1
2012,31.51777,64.11423,3
2012,31.52186,65.00455,1
2012,31.52256,34.45359,1
2012,31.5282,34.59638,2
2012,31.53505,65.16903,1
2012,31.53783,34.48953,1
2012,31.54038,64.3649,1
2012,31.54448,65.48457,5
2012,31.54778,65.45417,4
2012,31.54778,65.45418,1
2012,31.55583,65.43306,1
2012,31.55812,64.11722,1
2012,31.55942,20.52155,1
2012,31.56318,65.6647,1
2012,31.56528,65.44972,1
2012,31.57196,65.74154,1
2012,31.57276,67.04262,2
2012,31.57324,64.37601,1
2012,31.57384,67.04091,3
2012,31.57663,64.35065,1
2012,31.58306,64.36917,3
2012,31.58416,64.36844,1
2012,31.58457,64.36491,2
2012,31.58554,64.37284,1
2012,31.58645,64.40448,1
2012,31.58704,64.37897,1
2012,31.58812,64.3692,1
2012,31.58895,64.36809,1
2012,31.59815,63.86406,6
2012,31.60063,64.36965,21
2012,31.60711,65.63467,1
2012,31.60718,67.52317,1
2012,31.60984,65.69851,1
2012,31.60985,65.69574,1
2012,31.61016,65.70299,1
2012,31.61073,65.69234,1
2012,31.61088,65.70027,7
2012,31.6109,65.69269,1
2012,31.6113,65.7011,1
2012,31.61306,65.70198,1
2012,31.61791,65.70021,1
2012,31.61918,65.70093,1
2012,31.61932,65.05016,1
2012,31.62144,34.61927,1
2012,31.62304,65.05425,2
2012,31.62748,65.5646,9
2012,31.63108,65.74223,34
2012,31.6364,64.24358,1
2012,31.63707,64.24075,1
2012,31.63782,64.2378,9
2012,31.65,65.65,1
2012,31.65861,64.40444,2
2012,31.66007,35.28193,1
2012,31.66267,63.01476,4
2012,31.66502,65.49516,3
2012,31.67015,34.57515,3
2012,31.67822,64.89982,1
2012,31.68183,74.10125,2
2012,31.68528,63.02994,2
2012,31.69308,64.51907,4
2012,31.7205,72.97487,1
2012,31.73212,34.74565,1
2012,31.7448,70.62168,1
2012,31.7478,64.44217,1
2012,31.75426,14.00796,2
2012,31.76147,64.62143,3
2012,31.76599,64.47538,1
2012,31.766,61.3947,1
2012,31.76717,64.52243,1
2012,31.7716,35.2034,1
2012,31.78484,35.22461,1
2012,31.78864,34.70676,1
2012,31.78902,64.68848,2
2012,31.7932,64.68442,8
2012,31.79736,65.76707,1
2012,31.80207,35.20312,1
2012,31.80262,66.32472,1
2012,31.82144,34.66517,4
2012,31.8236,64.56409,11
2012,31.8236,70.90919,1
2012,31.82433,64.55786,1
2012,31.82587,64.57643,19
2012,31.83062,69.70061,1
2012,31.83326,34.98083,1
2012,31.83433,70.90905,13
2012,31.84822,47.1452,1
2012,31.85505,65.52502,1
2012,31.86438,64.19071,1
2012,31.86667,64.19417,1
2012,31.86792,65.44188,1
2012,31.8699,64.72704,2
2012,31.90714,35.19822,1
2012,31.91864,22.42915,1
2012,31.93272,70.46088,1
2012,31.93955,64.78722,1
2012,31.96298,5.34201,1
2012,31.97054,34.79172,1
2012,31.97264,67.37566,1
2012,31.98364,65.47587,1
2012,31.98958,44.92377,6
2012,31.99167,65.80583,1
2012,32.0045,65.62719,1
2012,32.01186,65.00085,1
2012,32.02501,44.31634,4
2012,32.03352,65.13388,1
2012,32.04765,65.01201,1
2012,32.06667,20.35,1
2012,32.06667,64.83404,1
2012,32.06929,20.15114,31
2012,32.07333,64.83389,20
2012,32.07408,66.14153,8
2012,32.07421,66.14153,1
2012,32.08297,34.81189,2
2012,32.10021,66.90102,7
2012,32.10611,66.90694,3
2012,32.10666,63.86406,1
2012,32.1093,68.38162,1
2012,32.11566,66.57002,3
2012,32.11644,35.25726,1
2012,32.12037,64.99432,2
2012,32.12037,73.81414,1
2012,32.12417,64.79944,1
2012,32.13076,35.14014,1
2012,32.13671,64.82482,1
2012,32.14,67.58,1
2012,32.14771,67.0871,1
2012,32.15517,61.55961,1
2012,32.15532,74.18244,3
2012,32.1576,35.22629,1
2012,32.16389,63.43083,1
2012,32.165,63.4253,2
2012,32.18134,64.79025,1
2012,32.18436,64.82494,1
2012,32.18972,35.16669,1
2012,32.19005,20.59634,1
2012,32.19188,67.18945,5
2012,32.20944,70.38354,5
2012,32.21439,70.46116,1
2012,32.21665,70.38333,2
2012,32.22227,35.25351,1
2012,32.22349,62.7168,1
2012,32.23083,62.92059,3
2012,32.2321,44.38181,1
2012,32.24169,62.94781,7
2012,32.24898,63.85825,5
2012,32.25035,70.16812,1
2012,32.25231,70.24476,2
2012,32.25493,70.42228,1
2012,32.26351,35.18443,1
2012,32.26454,68.52472,4
2012,32.26473,69.89327,1
2012,32.26768,62.95518,1
2012,32.27012,65.04968,9
2012,32.27867,65.06465,1
2012,32.28,62.47,1
2012,32.29097,61.54304,1
2012,32.29222,70.2328,1
2012,32.29792,73.5002,1
2012,32.30389,69.68194,5
2012,32.3045,70.20884,3
2012,32.3061,69.57996,9
2012,32.30917,70.25472,1
2012,32.31187,64.81108,6
2012,32.31303,64.7795,1
2012,32.31402,70.73397,2
2012,32.31875,69.86,1
2012,32.32024,69.85974,3
2012,32.32639,70.32417,1
2012,32.33334,70.12828,4
2012,32.35492,15.10552,3
2012,32.36196,64.78363,3
2012,32.36389,64.78144,12
2012,32.36539,70.56938,1
2012,32.36723,69.68694,1
2012,32.37001,62.12846,13
2012,32.37355,66.31467,1
2012,32.3748,62.11572,2
2012,32.382,70.52228,1
2012,32.38944,68.94528,1
2012,32.39,64.94,1
2012,32.39738,64.47316,4
2012,32.39888,67.85577,1
2012,32.40002,64.43189,2
2012,32.4058,64.4705,1
2012,32.40611,14.83694,1
2012,32.40711,70.74956,1
2012,32.40881,69.67873,1
2012,32.41304,70.46611,1
2012,32.43222,70.03639,1
2012,32.43527,74.11986,2
2012,32.46062,35.30125,1
2012,32.46819,44.55019,1
2012,32.4684,14.56723,1
2012,32.46924,44.41664,19
2012,32.48092,62.02824,4
2012,32.48917,62.065,3
2012,32.49533,62.26266,3
2012,32.5043,67.41577,1
2012,32.50764,63.76954,6
2012,32.51326,63.76192,1
2012,32.51782,36.47732,1
2012,32.51833,70.02556,1
2012,32.51834,70.0252,1
2012,32.51924,67.41648,10
2012,32.51985,69.7897,1
2012,32.52306,62.88806,1
2012,32.52358,14.41411,1
2012,32.52603,70.60681,1
2012,32.527,74.09608,1
2012,32.52903,66.71291,1
2012,32.53329,45.82945,6
2012,32.53333,66.0,1
2012,32.54417,44.21972,1
2012,32.54493,45.82271,1
2012,32.54836,65.9512,1
2012,32.54855,44.54544,1
2012,32.55665,75.11627,1
2012,32.55976,41.91965,5
2012,32.5629,70.74646,1
2012,32.56699,69.83171,4
2012,32.56807,36.00991,1
2012,32.56871,35.828,1
2012,32.5738,74.07894,1
2012,32.5875,69.81083,1
2012,32.59484,70.59715,1
2012,32.60177,70.91477,2
2012,32.60241,45.7521,1
2012,32.60302,70.85781,2
2012,32.60439,44.00714,13
2012,32.60477,65.95592,1
2012,32.60598,74.73078,1
2012,32.60621,70.90862,10
2012,32.60872,69.83028,1
2012,32.61426,44.02499,1
2012,32.61797,65.87237,26
2012,32.61858,63.67318,1
2012,32.61993,63.6721,1
2012,32.62233,36.10376,7
2012,32.62374,65.45643,1
2012,32.62381,65.45637,5
2012,32.6245,36.10522,1
2012,32.62515,62.47977,12
2012,32.62975,62.49081,7
2012,32.64076,65.57078,6
2012,32.65203,44.62546,3
2012,32.65629,74.78417,1
2012,32.65958,62.11441,1
2012,32.6664,65.90363,2
2012,32.66748,69.85974,7
2012,32.67267,68.51235,1
2012,32.67785,61.98139,4
2012,32.68333,68.23333,1
2012,32.68984,62.73239,7
2012,32.69054,66.15054,1
2012,32.6941,69.83739,1
2012,32.695,70.77361,2
2012,32.70358,70.02426,1
2012,32.70373,74.85566,1
2012,32.70867,69.33543,2
2012,32.71566,69.28179,1
2012,32.73288,66.26731,1
2012,32.73306,69.09361,1
2012,32.7334,66.26788,1
2012,32.74079,67.6245,3
2012,32.74082,67.62439,1
2012,32.749,44.613,1
2012,32.75124,36.30449,1
2012,32.76074,21.75721,1
2012,32.76554,22.62112,1
2012,32.77131,69.07318,1
2012,32.77734,44.28935,11
2012,32.78179,66.54609,1
2012,32.80058,70.49556,3
2012,32.8039,65.94912,1
2012,32.8057,45.07466,1
2012,32.8094,72.37519,1
2012,32.81493,67.76671,3
2012,32.81967,44.27891,1
2012,32.82305,70.78375,1
2012,32.83805,13.18259,9
2012,32.83908,67.85326,1
2012,32.84722,66.05,9
2012,32.8507,68.46059,1
2012,32.85183,66.0539,1
2012,32.85348,68.46377,1
2012,32.85356,68.46416,1
2012,32.85429,70.22,1
2012,32.86151,69.12683,2
2012,32.86701,44.22045,2
2012,32.87951,44.39597,1
2012,32.88018,44.38696,2
2012,32.88216,66.1272,2
2012,32.88405,67.90467,1
2012,32.88716,44.34164,4
2012,32.89684,21.96568,1
2012,32.90109,69.7494,3
2012,32.90141,45.07772,1
2012,32.90187,45.07785,1
2012,32.90413,71.13306,1
2012,32.90682,-111.76238,1
2012,32.92125,70.55817,1
2012,32.92505,44.77084,1
2012,32.92713,66.14153,5
2012,32.92977,70.66927,1
2012,32.92979,66.68912,1
2012,32.92985,66.6891,1
2012,32.93671,70.10733,1
2012,32.93717,68.64725,3
2012,32.93889,70.73056,1
2012,32.94885,65.60264,1
2012,32.95083,69.9575,2
2012,32.95108,65.53923,3
2012,32.95302,69.89346,1
2012,32.95417,70.24722,1
2012,32.95505,70.65997,1
2012,32.95688,70.5025,2
2012,32.95788,70.2989,1
2012,32.95989,70.63557,1
2012,32.96472,69.81389,1
2012,32.96662,65.73063,1
2012,32.96667,69.56667,3
2012,32.97389,70.56333,1
2012,32.97543,70.27374,4
2012,32.98262,70.61388,1
2012,32.98293,44.3616,4
2012,32.98333,67.96667,2
2012,32.98735,70.60253,17
2012,32.98889,70.60556,1
2012,32.99783,66.6903,1
2012,33.00651,70.06825,22
2012,33.01868,44.20998,1
2012,33.03602,40.28816,3
2012,33.04098,66.71291,1
2012,33.05024,-96.7487,1
2012,33.05172,68.01496,1
2012,33.05378,68.65205,1
2012,33.05799,44.35484,14
2012,33.10049,69.02083,1
2012,33.10053,44.58449,13
2012,33.10196,69.02118,1
2012,33.10444,67.78111,1
2012,33.11048,71.09138,1
2012,33.12566,68.76319,2
2012,33.12602,44.68522,1
2012,33.13396,70.03498,1
2012,33.14656,63.86245,1
2012,33.15399,62.14422,1
2012,33.16356,43.8631,2
2012,33.16843,70.69414,1
2012,33.1782,68.75253,2
2012,33.18333,71.65,1
2012,33.19174,68.10205,2
2012,33.20038,69.31159,1
2012,33.21896,69.93922,1
2012,33.23695,73.15524,1
2012,33.23725,70.48931,1
2012,33.23876,44.33969,2
2012,33.24015,68.16853,1
2012,33.25,62.21667,1
2012,33.25592,71.31776,1
2012,33.26615,35.21406,1
2012,33.26669,62.35652,8
2012,33.2714,44.49366,8
2012,33.30085,74.31461,1
2012,33.30357,44.37177,292
2012,33.30438,62.1542,4
2012,33.30595,69.79842,1
2012,33.3067,69.87165,2
2012,33.30705,62.13642,2
2012,33.31065,44.03821,31
2012,33.31159,75.76622,2
2012,33.31364,68.44125,1
2012,33.31385,44.18669,2
2012,33.31667,68.45,4
2012,33.32476,44.42229,1
2012,33.33526,69.92847,14
2012,33.3364,69.9814,1
2012,33.33678,69.92052,1
2012,33.34838,70.53988,1
2012,33.34916,43.7842,70
2012,33.34964,62.33372,3
2012,33.35,43.78333,1
2012,33.35692,69.85908,1
2012,33.35851,69.85974,7
2012,33.36667,69.96536,1
2012,33.36684,69.9669,1
2012,33.36722,70.54768,3
2012,33.36965,69.74167,1
2012,33.37062,68.49521,1
2012,33.37576,44.70287,2
2012,33.37736,69.71678,1
2012,33.38604,71.33759,2
2012,33.38805,43.5317,2
2012,33.39583,68.33833,1
2012,33.39781,43.70628,7
2012,33.39964,68.35515,1
2012,33.40016,62.32623,1
2012,33.40095,36.13163,1
2012,33.40825,43.53918,1
2012,33.41069,71.52491,1
2012,33.41111,71.64389,1
2012,33.4121,43.85588,1
2012,33.41546,70.13159,1
2012,33.41643,71.51644,1
2012,33.4172,70.1344,1
2012,33.42095,43.29566,26
2012,33.42871,66.21273,2
2012,33.43139,70.48667,1
2012,33.43183,43.3115,1
2012,33.43553,36.29521,1
2012,33.43589,69.03145,2
2012,33.43597,69.03156,1
2012,33.43621,36.0808,1
2012,33.43972,71.52444,1
2012,33.44384,70.90712,1
2012,33.44648,36.3345,2
2012,33.44701,41.05908,1
2012,33.44984,70.06404,1
2012,33.45,70.08333,1
2012,33.45474,35.29723,1
2012,33.45644,36.23596,1
2012,33.45722,44.08639,12
2012,33.45899,68.93362,1
2012,33.47253,71.55756,1
2012,33.47483,71.48759,1
2012,33.47723,36.28613,1
2012,33.47833,71.01879,1
2012,33.48407,48.35252,1
2012,33.489,36.34688,6
2012,33.49274,67.78302,1
2012,33.49823,67.7616,3
2012,33.50234,67.79528,1
2012,33.50476,67.76276,1
2012,33.50547,75.20704,1
2012,33.50996,70.12176,2
2012,33.51027,36.31696,3
2012,33.5111,36.3064,5
2012,33.51225,64.40615,1
2012,33.51356,62.25808,1
2012,33.51524,36.29208,57
2012,33.51667,64.41667,1
2012,33.52118,71.60966,1
2012,33.52378,71.55753,1
2012,33.52637,70.33382,3
2012,33.52889,71.05612,13
2012,33.53167,69.73603,1
2012,33.53333,71.56667,1
2012,33.53386,71.05575,1
2012,33.53397,71.05567,1
2012,33.54067,44.25127,36
2012,33.54096,71.058,1
2012,33.54262,68.41533,19
2012,33.54459,42.93325,1
2012,33.5459,71.45062,1
2012,33.54606,68.53988,1
2012,33.548,36.21697,1
2012,33.54831,44.41574,2
2012,33.54928,71.08612,1
2012,33.55044,35.37096,3
2012,33.55102,68.41874,1
2012,33.55147,68.4201,1
2012,33.55163,68.42039,1
2012,33.55171,68.42046,2
2012,33.55414,71.53215,1
2012,33.5615,36.36876,2
2012,33.56167,62.27722,1
2012,33.56406,69.93121,1
2012,33.56642,69.87836,1
2012,33.56656,69.87835,3
2012,33.56833,44.43556,1
2012,33.57158,36.40044,3
2012,33.5718,44.53618,1
2012,33.57181,44.53607,7
2012,33.57183,44.53609,1
2012,33.57349,44.54743,1
2012,33.58332,43.93333,1
2012,33.58333,43.93333,2
2012,33.5835,71.43313,3
2012,33.58417,70.65972,1
2012,33.58832,71.4825,2
2012,33.58861,71.1225,1
2012,33.5906,71.44062,6
2012,33.59101,71.3788,1
2012,33.59206,42.61896,1
2012,33.59306,44.50111,1
2012,33.59401,73.06908,3
2012,33.59417,70.68194,1
2012,33.59769,69.23801,1
2012,33.59811,69.2243,1
2012,33.59863,69.229,8
2012,33.59993,42.86891,1
2012,33.60372,71.35572,1
2012,33.60495,44.51251,1
2012,33.61667,64.78333,1
2012,33.62355,75.14533,2
2012,33.6339,42.83208,6
2012,33.63591,62.26662,5
2012,33.63791,70.85132,1
2012,33.63806,70.85167,1
2012,33.63857,36.29368,1
2012,33.64001,70.07833,1
2012,33.64069,70.77576,3
2012,33.64187,70.05302,1
2012,33.64542,75.01967,1
2012,33.6461,71.30111,1
2012,33.64647,68.74802,1
2012,33.64997,44.26154,4
2012,33.65139,70.73611,1
2012,33.65408,45.54744,1
2012,33.66435,44.37378,1
2012,33.66649,75.01328,1
2012,33.66722,70.32435,2
2012,33.66969,44.38132,11
2012,33.67002,35.59955,1
2012,33.67028,70.31722,1
2012,33.67067,44.3992,3
2012,33.67161,61.98139,1
2012,33.67164,73.05606,6
2012,33.67325,68.47702,2
2012,33.6812,44.56366,1
2012,33.6835,68.69028,1
2012,33.68745,71.51604,4
2012,33.68812,69.52612,1
2012,33.68853,68.40434,1
2012,33.68856,64.86477,2
2012,33.69013,70.35619,18
2012,33.6905,69.04934,1
2012,33.6908,64.8564,1
2012,33.69094,69.05053,1
2012,33.69341,44.79608,1
2012,33.69395,45.06742,13
2012,33.69462,68.89266,1
2012,33.69597,70.33607,4
2012,33.69727,71.14485,3
2012,33.69805,68.39546,1
2012,33.69837,69.38221,1
2012,33.70017,70.33625,2
2012,33.70394,70.32865,3
2012,33.7062,69.38311,2
2012,33.7075,71.00222,8
2012,33.71112,70.32887,1
2012,33.71445,75.08129,1
2012,33.717,44.67952,3
2012,33.71913,74.83371,1
2012,33.71982,70.32912,3
2012,33.73097,70.68045,3
2012,33.73333,70.8,1
2012,33.73341,70.87102,2
2012,33.74139,62.26778,1
2012,33.74324,44.62382,116
2012,33.745,45.54562,1
2012,33.74556,70.95972,1
2012,33.74584,69.3804,2
2012,33.74685,62.88216,1
2012,33.74778,70.96194,2
2012,33.74989,44.63342,1
2012,33.75,44.63333,1
2012,33.7563,70.94294,1
2012,33.75639,70.94083,1
2012,33.76667,71.01667,1
2012,33.76844,74.81928,1
2012,33.77084,68.3697,1
2012,33.7709,44.62475,1
2012,33.77305,69.33941,1
2012,33.77335,45.14945,20
2012,33.7736,45.14945,1
2012,33.77506,44.58035,2
2012,33.77631,44.55567,3
2012,33.78425,44.50972,3
2012,33.7895,75.10338,1
2012,33.79465,44.89258,1
2012,33.79646,71.55849,16
2012,33.79694,68.93458,1
2012,33.79716,75.09014,3
2012,33.79841,44.71049,1
2012,33.8,44.56667,1
2012,33.80053,71.61501,1
2012,33.80394,44.70556,1
2012,33.80878,69.9193,1
2012,33.81025,70.72157,1
2012,33.81111,71.02028,1
2012,33.8125,70.67694,6
2012,33.81258,70.67047,1
2012,33.81379,44.65724,1
2012,33.81528,70.92583,2
2012,33.8182,70.6448,15
2012,33.81858,70.17342,2
2012,33.82088,63.2975,2
2012,33.82193,69.94163,1
2012,33.82536,70.84772,1
2012,33.83333,69.65,2
2012,33.83449,71.59317,1
2012,33.83494,71.59287,1
2012,33.83563,44.24741,11
2012,33.84862,44.52212,5
2012,33.85696,70.14781,1
2012,33.85762,72.39326,1
2012,33.85853,70.55141,3
2012,33.86022,70.66268,1
2012,33.86242,70.5198,1
2012,33.87159,74.89487,1
2012,33.87339,74.90042,1
2012,33.8798,44.85408,1
2012,33.88361,71.38509,1
2012,33.88852,35.50351,5
2012,33.8887,-84.13791,1
2012,33.89386,69.68424,1
2012,33.89552,68.76319,7
2012,33.89636,44.61172,1
2012,33.89799,70.10753,4
2012,33.90163,72.21563,1
2012,33.90562,72.30725,2
2012,33.90598,71.37047,1
2012,33.90605,44.72455,1
2012,33.90851,71.47313,11
2012,33.90956,71.48634,1
2012,33.91357,71.45673,1
2012,33.91407,71.39993,1
2012,33.91523,71.45868,34
2012,33.91614,74.88462,1
2012,33.91758,71.56204,29
2012,33.91778,71.46444,4
2012,33.91995,71.44951,4
2012,33.92331,68.67344,1
2012,33.9255,75.0835,1
2012,33.92659,44.77206,2
2012,33.92692,71.50266,1
2012,33.92694,71.01278,1
2012,33.92722,71.38833,1
2012,33.93101,75.11421,4
2012,33.93367,68.38324,2
2012,33.93427,68.91668,2
2012,33.93573,71.48752,11
2012,33.93651,71.48633,1
2012,33.93725,69.9193,2
2012,33.93767,69.07206,1
2012,33.93911,67.70995,2
2012,33.94922,71.59465,1
2012,33.95316,44.9219,17
2012,33.95332,-84.54226,1
2012,33.95347,71.54206,2
2012,33.95587,71.4967,2
2012,33.95694,70.64639,1
2012,33.95866,71.57621,1
2012,33.96,71.19306,1
2012,33.96,71.56,1
2012,33.96077,71.07774,3
2012,33.96356,71.51064,1
2012,33.96556,71.46956,2
2012,33.96616,69.80613,1
2012,33.96699,72.22097,2
2012,33.96818,71.55162,1
2012,33.9708,68.94893,1
2012,33.97098,68.94899,5
2012,33.97553,71.56238,1
2012,33.97631,71.43716,6
2012,33.97889,42.55675,1
2012,33.97924,71.38066,1
2012,33.98124,68.86689,1
2012,33.98437,71.63312,1
2012,33.98556,72.15917,1
2012,33.98601,70.37129,1
2012,33.98611,71.45697,1
2012,33.98911,71.60251,1
2012,33.99768,72.12735,7
2012,33.99779,44.31663,2
2012,33.99781,44.31676,2
2012,33.99992,35.68056,1
2012,34.0,71.38333,1
2012,34.00115,72.93719,1
2012,34.00205,69.03115,1
2012,34.00206,69.03145,9
2012,34.00232,69.02974,3
2012,34.00258,71.38248,29
2012,34.0043,71.54483,2
2012,34.00518,71.40806,1
2012,34.00528,72.07056,1
2012,34.0059,71.64887,6
2012,34.006,71.53743,60
2012,34.0072,68.7147,1
2012,34.00721,71.98308,19
2012,34.00771,68.71401,1
2012,34.00843,68.71789,5
2012,34.00904,-86.01553,1
2012,34.01047,44.14824,18
2012,34.01077,71.72366,1
2012,34.01083,74.91334,1
2012,34.01139,71.7981,2
2012,34.0126,71.30607,1
2012,34.01455,69.19239,4
2012,34.0164,74.72187,1
2012,34.01762,71.72249,1
2012,34.01806,71.62654,1
2012,34.01838,71.27494,2
2012,34.01941,71.68878,1
2012,34.01953,71.29122,1
2012,34.0211,71.28742,3
2012,34.02119,68.99954,2
2012,34.02357,44.03136,1
2012,34.02501,74.80901,1
2012,34.02953,71.41865,1
2012,34.03058,68.57098,1
2012,34.0312,68.57241,2
2012,34.0347,68.60592,1
2012,34.03492,36.22784,1
2012,34.03604,71.11018,3
2012,34.03856,74.73721,1
2012,34.03949,70.93008,1
2012,34.04,44.82,1
2012,34.04217,74.78672,1
2012,34.04677,62.16886,4
2012,34.04749,67.0603,1
2012,34.05017,63.74321,1
2012,34.0512,71.78514,2
2012,34.0518,71.90273,1
2012,34.05665,71.54816,3
2012,34.05711,44.21829,8
2012,34.06355,71.98833,2
2012,34.06389,70.97639,1
2012,34.06946,44.86226,1
2012,34.07009,72.62262,1
2012,34.07389,72.55154,1
2012,34.07409,70.28845,2
2012,34.07505,72.48565,2
2012,34.07691,71.53526,1
2012,34.07857,44.95929,1
2012,34.08187,70.85956,1
2012,34.08203,71.61838,1
2012,34.08218,70.66704,6
2012,34.08361,72.02608,2
2012,34.08371,71.18688,1
2012,34.08374,74.7899,16
2012,34.08528,69.00722,1
2012,34.09074,74.84605,1
2012,34.0989,71.14978,3
2012,34.09958,64.90596,3
2012,34.1,68.56667,1
2012,34.10139,70.80417,1
2012,34.10207,71.47802,3
2012,34.10476,71.69181,2
2012,34.10645,71.47874,1
2012,34.10706,68.57934,3
2012,34.10751,64.30573,1
2012,34.10858,44.96889,1
2012,34.11009,72.55006,1
2012,34.11032,71.16381,29
2012,34.11194,68.54278,1
2012,34.11389,72.48333,1
2012,34.11667,72.46667,2
2012,34.11791,70.46212,1
2012,34.11932,71.65102,1
2012,34.12065,71.11064,1
2012,34.12311,72.46901,11
2012,34.12451,72.46951,2
2012,34.12573,45.00334,9
2012,34.12872,71.08582,2
2012,34.12985,44.36228,1
2012,34.13302,71.69207,1
2012,34.13958,71.17686,1
2012,34.14422,72.37847,1
2012,34.14658,71.74354,12
2012,34.15286,72.03199,1
2012,34.15421,41.57238,1
2012,34.15526,71.84147,1
2012,34.15657,72.25266,1
2012,34.15932,71.77263,2
2012,34.16059,42.37254,10
2012,34.16154,74.55309,2
2012,34.16839,71.84196,5
2012,34.17183,70.62168,5
2012,34.17194,72.2746,2
2012,34.17329,61.70414,1
2012,34.17332,73.22787,1
2012,34.17457,36.33487,1
2012,34.17687,61.70056,1
2012,34.18328,62.73239,1
2012,34.19108,72.2285,1
2012,34.1955,70.79904,2
2012,34.19575,70.78639,2
2012,34.19589,70.15855,1
2012,34.19655,70.16184,2
2012,34.19805,72.04431,1
2012,34.19958,72.16698,1
2012,34.2,70.28333,1
2012,34.2,70.5,1
2012,34.20059,72.04844,12
2012,34.20268,69.08407,1
2012,34.20373,62.21962,2
2012,34.2056,74.35386,2
2012,34.20666,72.32142,2
2012,34.20842,43.89071,28
2012,34.21123,74.44377,1
2012,34.21314,71.51307,1
2012,34.21368,69.09917,1
2012,34.21381,72.32405,2
2012,34.21387,68.29883,1
2012,34.21576,72.2991,2
2012,34.21646,71.71479,1
2012,34.217,71.02449,1
2012,34.21722,71.55556,1
2012,34.21728,68.29886,2
2012,34.21729,71.56104,21
2012,34.21818,71.62626,2
2012,34.22139,71.53306,1
2012,34.22921,70.19321,12
2012,34.23024,70.41,1
2012,34.23501,69.98504,3
2012,34.23566,71.90871,1
2012,34.23601,69.117,1
2012,34.24411,71.49702,2
2012,34.24732,70.20232,1
2012,34.26315,70.78821,5
2012,34.27002,68.95396,1
2012,34.27104,45.16357,9
2012,34.27403,44.54254,5
2012,34.27595,70.35981,1
2012,34.27621,70.36032,3
2012,34.27824,62.61224,1
2012,34.28194,72.38139,1
2012,34.28221,71.68881,6
2012,34.28333,43.76667,2
2012,34.28445,69.88118,3
2012,34.28535,71.93212,2
2012,34.28889,74.46371,12
2012,34.29082,70.37191,1
2012,34.29139,70.37861,1
2012,34.29611,63.05861,1
2012,34.29623,70.10126,1
2012,34.2976,70.10073,2
2012,34.31667,71.05,1
2012,34.32002,71.399,2
2012,34.325,71.06083,1
2012,34.32898,70.40749,3
2012,34.33259,73.20281,1
2012,34.33333,44.73333,1
2012,34.33333,73.2,1
2012,34.33389,45.38288,1
2012,34.34173,61.47353,2
2012,34.34316,61.49528,4
2012,34.34333,71.23667,1
2012,34.34356,67.92117,1
2012,34.34457,72.00459,1
2012,34.34586,71.3705,10
2012,34.34672,62.19732,5
2012,34.34734,45.38327,7
2012,34.35,72.28332,1
2012,34.35135,68.23853,4
2012,34.35202,70.95495,1
2012,34.35422,70.95468,1
2012,34.35591,69.21581,1
2012,34.35666,72.07552,2
2012,34.35832,70.22341,1
2012,34.35907,71.34851,4
2012,34.35973,68.83904,1
2012,34.36098,68.79528,1
2012,34.36106,68.84069,2
2012,34.36113,68.84065,1
2012,34.3635,41.116,1
2012,34.36667,43.81667,1
2012,34.36972,63.17639,1
2012,34.36983,63.17986,2
2012,34.37192,71.63501,1
2012,34.37289,63.19692,1
2012,34.37559,74.2987,1
2012,34.38942,70.24448,1
2012,34.39125,71.98089,1
2012,34.39432,72.61512,2
2012,34.39907,71.26465,1
2012,34.40127,70.49727,1
2012,34.40493,72.55893,4
2012,34.40643,70.35988,2
2012,34.415,72.16639,1
2012,34.41712,70.44959,22
2012,34.42407,63.9136,1
2012,34.43084,44.93409,2
2012,34.43809,35.83084,1
2012,34.44083,71.42528,1
2012,34.44611,68.78167,1
2012,34.44926,68.78501,1
2012,34.45,70.5,2
2012,34.45179,70.49928,1
2012,34.45268,62.197,1
2012,34.45889,43.79101,2
2012,34.46722,71.27583,4
2012,34.47268,68.6678,1
2012,34.47413,68.65255,2
2012,34.47571,74.26344,1
2012,34.48333,71.51667,1
2012,34.48422,62.58844,2
2012,34.48511,70.19321,2
2012,34.48596,62.58504,1
2012,34.48802,68.79377,4
2012,34.50818,70.20067,1
2012,34.50966,36.58006,2
2012,34.51495,65.28571,3
2012,34.5169,69.14701,38
2012,34.52093,65.25306,1
2012,34.52132,65.24924,1
2012,34.52691,43.70854,1
2012,34.52846,69.1717,1
2012,34.52962,69.18008,1
2012,34.53375,43.48374,13
2012,34.53968,62.68577,1
2012,34.54197,69.35972,2
2012,34.54517,71.47015,1
2012,34.55,69.05,1
2012,34.55389,70.24278,2
2012,34.5564,71.2575,8
2012,34.55867,65.75126,1
2012,34.5623,36.67057,1
2012,34.56549,71.47743,6
2012,34.56667,71.45,1
2012,34.56778,71.27333,1
2012,34.56779,71.48022,17
2012,34.57135,71.3512,1
2012,34.57679,70.5923,1
2012,34.5832,69.74323,1
2012,34.59117,68.95657,1
2012,34.59917,-1.7825,1
2012,34.62152,43.66838,19
2012,34.62576,69.89176,1
2012,34.63195,70.85967,1
2012,34.63266,72.69915,1
2012,34.63333,69.86667,1
2012,34.63417,70.85897,2
2012,34.65194,70.18362,1
2012,34.65554,61.19948,1
2012,34.65687,61.10969,1
2012,34.66667,3.25,1
2012,34.67426,70.21107,1
2012,34.67487,70.21344,5
2012,34.67778,70.19528,1
2012,34.67778,70.88866,1
2012,34.68328,71.21629,2
2012,34.68604,69.00831,1
2012,34.68957,70.14558,1
2012,34.68977,70.14558,3
2012,34.69786,70.83578,2
2012,34.69918,70.7609,1
2012,34.7177,36.72282,5
2012,34.72278,70.26139,1
2012,34.72307,71.45689,1
2012,34.72627,44.58491,3
2012,34.73004,71.52195,1
2012,34.73351,71.51966,2
2012,34.73624,71.32541,1
2012,34.74072,69.66901,1
2012,34.74176,70.28681,2
2012,34.74327,43.66328,1
2012,34.74683,72.35215,1
2012,34.75833,71.58778,1
2012,34.75972,71.155,1
2012,34.76172,71.32472,1
2012,34.76439,72.35035,1
2012,34.76472,72.27056,1
2012,34.77448,72.36405,4
2012,34.78674,72.01113,1
2012,34.78924,71.1084,1
2012,34.79066,44.66215,2
2012,34.79216,72.28428,2
2012,34.79965,72.57172,2
2012,34.80171,71.21614,5
2012,34.80581,71.42137,1
2012,34.80616,70.97846,1
2012,34.80787,72.43713,1
2012,34.80906,70.09795,2
2012,34.81444,71.77417,1
2012,34.81601,33.15832,1
2012,34.81667,70.35,5
2012,34.81925,71.56254,1
2012,34.82215,72.34708,2
2012,34.83333,72.44167,2
2012,34.83384,69.6905,1
2012,34.83556,71.31611,1
2012,34.84083,6.04139,1
2012,34.84124,36.98363,1
2012,34.84422,69.93121,2
2012,34.84533,71.90457,1
2012,34.84571,69.2068,1
2012,34.84659,71.09732,2
2012,34.85055,72.45757,1
2012,34.85194,71.85333,2
2012,34.85556,69.64944,8
2012,34.8569,71.42994,7
2012,34.86426,71.86264,1
2012,34.86667,71.53333,1
2012,34.86813,62.52098,1
2012,34.87048,62.50668,1
2012,34.87206,72.40964,1
2012,34.87293,70.36192,1
2012,34.87417,71.15278,1
2012,34.87566,71.152,10
2012,34.87954,63.34024,2
2012,34.88052,70.89654,1
2012,34.88135,44.62513,39
2012,34.88333,35.88333,1
2012,34.88562,44.63934,1
2012,34.89472,71.11222,1
2012,34.89722,62.45972,1
2012,34.89852,69.70642,1
2012,34.90472,68.03111,1
2012,34.90733,67.18945,7
2012,34.9088,71.0907,1
2012,34.9107,71.12737,1
2012,34.91093,71.1274,5
2012,34.92018,70.76442,1
2012,34.92069,70.76476,1
2012,34.92094,71.62395,2
2012,34.92662,36.73252,1
2012,34.92828,71.27554,3
2012,34.92917,43.49306,1
2012,34.93336,43.41255,1
2012,34.93972,71.64861,2
2012,34.94025,69.25497,4
2012,34.94028,69.25482,2
2012,34.94028,71.65083,2
2012,34.94124,72.46981,1
2012,34.94417,69.27333,1
2012,34.94747,69.4605,1
2012,34.94909,68.51808,1
2012,34.9508,43.49454,19
2012,34.95262,72.33111,2
2012,34.95361,71.68583,1
2012,34.95399,70.06795,1
2012,34.95963,70.38683,1
2012,34.96076,71.81414,1
2012,34.9631,68.81088,2
2012,34.96611,71.74028,1
2012,34.97142,68.60641,1
2012,34.97361,76.54056,1
2012,34.97627,70.97846,2
2012,34.97856,70.09795,3
2012,34.97861,71.32139,1
2012,34.98106,69.62146,4
2012,34.98333,63.53333,2
2012,34.98889,70.90722,1
2012,34.98894,70.91121,3
2012,34.98999,71.7995,1
2012,34.99222,71.41917,3
2012,34.99417,69.23028,1
2012,34.99519,7.30159,2
2012,34.99639,70.91361,1
2012,34.99778,72.07278,1
2012,35.0,69.23333,1
2012,35.00219,71.40619,3
2012,35.00298,69.59131,2
2012,35.00619,68.86266,3
2012,35.01017,65.32115,1
2012,35.01361,69.34884,2
2012,35.01511,69.34875,2
2012,35.03186,65.07444,1
2012,35.03573,69.62737,1
2012,35.03726,7.00953,1
2012,35.03759,63.29248,1
2012,35.03763,63.29288,1
2012,35.03765,63.29266,4
2012,35.03936,71.36104,2
2012,35.04356,46.35993,1
2012,35.09,71.765,1
2012,35.09028,71.76444,2
2012,35.1049,61.68751,1
2012,35.11581,69.07318,3
2012,35.1202,70.74117,1
2012,35.12918,36.76074,3
2012,35.13701,44.44664,5
2012,35.14547,65.04824,1
2012,35.15,36.51667,1
2012,35.16278,71.66056,1
2012,35.16552,72.04682,6
2012,35.16713,63.76954,5
2012,35.17068,72.94956,1
2012,35.18879,37.21158,2
2012,35.19656,71.87262,2
2012,35.19766,71.87492,2
2012,35.20178,63.06116,1
2012,35.20394,63.0609,1
2012,35.20726,72.54562,1
2012,35.21088,61.60706,1
2012,35.21361,70.37333,3
2012,35.21939,43.71425,1
2012,35.22086,69.44966,1
2012,35.22271,72.42581,1
2012,35.22537,71.52863,6
2012,35.23361,71.33056,3
2012,35.24444,43.89306,4
2012,35.24462,44.27549,1
2012,35.24844,36.57145,1
2012,35.25273,62.27966,1
2012,35.27102,43.45808,1
2012,35.27208,43.91504,1
2012,35.27836,72.00237,2
2012,35.27903,44.00018,1
2012,35.28807,40.30886,1
2012,35.29036,44.00787,1
2012,35.3,43.91667,3
2012,35.30304,44.32993,1
2012,35.31,71.55,1
2012,35.31303,69.51492,1
2012,35.31736,67.63046,1
2012,35.32195,69.02561,1
2012,35.32502,70.90712,1
2012,35.32612,43.78081,5
2012,35.32858,43.94472,3
2012,35.32859,43.95003,4
2012,35.3292,43.94368,3
2012,35.32975,67.67972,4
2012,35.33306,40.13874,4
2012,35.33564,43.95386,5
2012,35.39972,73.83111,2
2012,35.40987,71.33864,7
2012,35.41842,44.19317,7
2012,35.42111,44.02278,1
2012,35.42358,61.34619,1
2012,35.42956,61.34728,1
2012,35.4383,65.9365,1
2012,35.44318,36.65006,2
2012,35.45028,73.62547,1
2012,35.45211,44.37546,96
2012,35.46639,43.78306,1
2012,35.46883,44.39098,1
2012,35.4696,44.39124,1
2012,35.49485,43.09716,2
2012,35.49653,43.09539,2
2012,35.49944,43.23489,2
2012,35.52067,35.79443,1
2012,35.55863,71.21998,1
2012,35.56701,45.3855,1
2012,35.58028,63.32778,1
2012,35.58567,63.32809,1
2012,35.5938,63.33542,2
2012,35.59385,63.33555,1
2012,35.59821,64.76366,2
2012,35.60493,68.68896,1
2012,35.61126,68.68985,1
2012,35.61395,68.67892,2
2012,35.61667,63.28333,1
2012,35.61752,69.47112,1
2012,35.63125,44.00856,1
2012,35.66957,64.05133,1
2012,35.67075,66.04635,1
2012,35.67293,44.07014,7
2012,35.6734,71.3431,1
2012,35.68452,64.29211,6
2012,35.68861,44.10917,2
2012,35.695,64.36778,1
2012,35.70132,43.9188,3
2012,35.71327,41.76065,1
2012,35.71386,36.52567,1
2012,35.72453,51.40519,1
2012,35.72662,63.79109,1
2012,35.7376,63.82743,1
2012,35.73941,63.78247,2
2012,35.75589,68.76205,1
2012,35.7678,63.76592,1
2012,35.79813,43.29418,3
2012,35.8043,69.28775,7
2012,35.80591,38.98767,1
2012,35.81568,64.37055,1
2012,35.81667,43.26667,1
2012,35.8218,43.15116,1
2012,35.82688,36.69572,2
2012,35.83341,65.23492,1
2012,35.85236,66.52239,1
2012,35.85635,64.53768,1
2012,35.85751,64.53885,2
2012,35.86851,36.80467,4
2012,35.87577,74.43791,1
2012,35.87916,63.67506,2
2012,35.91806,74.28927,4
2012,35.91809,74.2898,2
2012,35.92017,64.77631,1
2012,35.92105,64.77454,5
2012,35.92796,42.56589,3
2012,35.9288,36.63145,8
2012,35.94755,68.71033,1
2012,35.95152,39.00956,1
2012,35.97535,65.37804,2
2012,35.9772,65.37817,1
2012,35.98822,68.63574,2
2012,35.9892,64.7206,1
2012,35.99353,43.21973,3
2012,35.99493,36.78123,1
2012,36.01313,36.67344,1
2012,36.02114,65.76095,1
2012,36.02894,38.03087,1
2012,36.05233,66.24526,1
2012,36.06048,69.10241,2
2012,36.08545,66.51686,1
2012,36.1,68.8,1
2012,36.10263,65.38071,2
2012,36.14818,68.40819,1
2012,36.15817,43.25326,1
2012,36.15856,43.2551,2
2012,36.16667,68.75,1
2012,36.17731,68.75214,4
2012,36.1789,68.74531,2
2012,36.19926,37.6383,1
2012,36.20172,37.14352,23
2012,36.20475,36.1656,2
2012,36.21274,65.93108,2
2012,36.21555,37.15928,2
2012,36.21766,65.93304,2
2012,36.22624,37.46814,1
2012,36.22957,42.23624,6
2012,36.23827,64.86445,1
2012,36.23828,64.86445,1
2012,36.25258,68.68621,1
2012,36.26693,68.01969,2
2012,36.28086,36.85577,1
2012,36.28353,3.98784,3
2012,36.29308,37.04709,1
2012,36.31939,41.86148,1
2012,36.32488,68.6234,1
2012,36.3308,4.3011,3
2012,36.33563,4.26213,1
2012,36.34,43.13,2
2012,36.34999,1.65,1
2012,36.35141,43.37906,1
2012,36.35415,43.14357,121
2012,36.35416,43.38178,3
2012,36.37372,42.45178,2
2012,36.37682,42.44888,7
2012,36.41354,64.8934,1
2012,36.4261,42.9633,1
2012,36.44944,67.89833,1
2012,36.45167,43.34201,1
2012,36.46927,42.96937,1
2012,36.47453,66.95116,2
2012,36.47454,66.95115,1
2012,36.51164,36.86736,2
2012,36.51762,66.60094,1
2012,36.52441,4.20502,1
2012,36.52484,3.75494,1
2012,36.53328,75.15454,1
2012,36.57409,69.86337,1
2012,36.58544,37.04692,1
2012,36.58609,3.76798,1
2012,36.58686,36.17257,1
2012,36.60798,4.73542,1
2012,36.62689,3.4795,1
2012,36.63061,68.81088,1
2012,36.65958,-79.71198,1
2012,36.665,65.752,1
2012,36.6698,69.47845,1
2012,36.67467,65.7484,2
2012,36.68028,69.11204,2
2012,36.6867,4.26617,1
2012,36.68692,67.69398,1
2012,36.6872,66.62534,1
2012,36.6933,68.8014,3
2012,36.69439,71.14524,1
2012,36.69451,68.80158,2
2012,36.70578,68.87706,7
2012,36.70993,67.1157,1
2012,36.71667,4.05,1
2012,36.71667,69.51667,4
2012,36.72126,3.66739,2
2012,36.72657,68.86034,1
2012,36.72774,71.61145,1
2012,36.73477,70.812,1
2012,36.73615,70.812,1
2012,36.74167,3.72306,1
2012,36.74704,4.37006,1
2012,36.75012,66.89784,2
2012,36.75043,66.89665,1
2012,36.75071,66.85747,1
2012,36.7594,3.47026,1
2012,36.76102,71.18531,1
2012,36.76519,68.79878,4
2012,36.7676,3.7029,3
2012,36.78718,3.604,1
2012,36.79861,6.15722,1
2012,36.80776,10.10106,1
2012,36.81519,3.86236,1
2012,36.81623,65.62645,1
2012,36.81811,70.0977,1
2012,36.83543,3.68839,1
2012,36.84153,66.62357,1
2012,36.84532,65.07501,1
2012,36.8473,65.08219,1
2012,36.84795,40.07062,1
2012,36.84997,10.26883,1
2012,36.853,10.2693,1
2012,36.85993,68.7155,1
2012,36.86081,42.97646,1
2012,36.87231,34.4148,1
2012,36.89092,67.18945,1
2012,36.89445,4.41994,4
2012,36.89697,65.66586,2
2012,36.91959,3.8914,1
2012,36.94128,36.15472,1
2012,36.94721,65.12693,1
2012,36.94793,66.18014,3
2012,36.95,65.11667,1
2012,36.95378,36.20513,2
2012,36.95897,69.14732,2
2012,36.99033,66.82096,2
2012,36.99663,68.43482,1
2012,37.00278,70.9075,2
2012,37.0118,66.34879,1
2012,37.01814,65.95455,1
2012,37.03582,69.1797,3
2012,37.05336,41.22734,1
2012,37.06763,37.37315,2
2012,37.06819,7.38333,1
2012,37.07446,22.43026,1
2012,37.07583,-94.50173,2
2012,37.07952,44.30804,1
2012,37.08018,41.22019,1
2012,37.10962,68.95396,1
2012,37.11416,79.92221,1
2012,37.12421,25.2372,1
2012,37.14583,69.80613,1
2012,37.18177,68.9113,1
2012,37.19288,40.58114,1
2012,37.1978,42.11874,1
2012,37.20233,36.42694,1
2012,37.25317,43.61223,1
2012,37.2537,43.52844,1
2012,37.25498,43.70378,1
2012,37.2589,43.612,1
2012,37.29435,43.67331,3
2012,37.29711,44.52063,2
2012,37.29899,43.67152,1
2012,37.30219,44.52694,3
2012,37.30344,44.57696,7
2012,37.30619,42.49838,1
2012,37.3172,41.79246,1
2012,37.3201,44.55611,2
2012,37.32116,40.72448,1
2012,37.33014,66.8119,1
2012,37.33083,42.1846,3
2012,37.3402,41.8934,1
2012,37.34029,41.89263,2
2012,37.3403,41.8935,1
2012,37.3404,41.8936,1
2012,37.3405,41.8937,1
2012,37.3406,41.8938,1
2012,37.3407,41.8939,1
2012,37.3408,41.894,1
2012,37.36583,40.26972,1
2012,37.37738,44.08504,2
2012,37.41496,44.11083,1
2012,37.41529,44.11077,1
2012,37.41544,42.48419,1
2012,37.41567,41.3715,3
2012,37.4169,42.487,1
2012,37.41878,42.4922,1
2012,37.44593,43.74498,3
2012,37.44655,43.74108,1
2012,37.44937,43.74656,1
2012,37.45019,42.85373,1
2012,37.48673,71.54984,2
2012,37.49861,69.50139,1
2012,37.51873,42.46976,5
2012,37.52213,43.74276,1
2012,37.52705,65.7608,1
2012,37.54695,44.13792,1
2012,37.56251,44.29368,5
2012,37.57358,44.28581,1
2012,37.57704,43.7361,1
2012,37.58333,43.73333,1
2012,37.65331,43.18249,1
2012,37.66183,43.10692,4
2012,37.70892,42.0035,3
2012,37.71462,41.41841,1
2012,37.7647,42.79898,1
2012,37.76939,71.299,1
2012,37.83778,40.23528,1
2012,37.88292,77.41379,1
2012,37.88307,77.41369,1
2012,37.88579,41.13012,1
2012,37.89128,42.62314,1
2012,37.9171,40.23063,2
2012,37.92222,40.18438,5
2012,37.94288,23.64705,1
2012,37.94306,23.64697,1
2012,37.94448,71.55718,1
2012,37.94861,23.65962,1
2012,37.96561,23.56771,1
2012,37.99749,23.76273,16
2012,38.06099,23.59099,1
2012,38.12611,42.806,1
2012,38.18585,42.52742,1
2012,38.30429,42.01293,1
2012,38.36794,43.71828,1
2012,38.39399,42.12266,1
2012,38.42286,43.24229,1
2012,38.42662,40.67019,4
2012,38.44614,40.94315,1
2012,38.45754,40.64707,2
2012,38.46113,40.40127,1
2012,38.48914,43.40889,4
2012,38.4909,42.29486,1
2012,38.51889,40.635,1
2012,38.52963,41.1424,1
2012,38.55219,68.76744,1
2012,38.55558,41.17213,1
2012,38.57671,42.02071,1
2012,38.60185,42.10122,1
2012,38.62302,21.40971,1
2012,38.62808,26.9097,1
2012,38.63768,41.7657,1
2012,38.65231,42.4202,1
2012,38.65348,44.1694,2
2012,38.67043,26.75694,2
2012,38.6859,43.87579,1
2012,38.72202,36.39132,1
2012,38.90993,-77.01473,1
2012,38.91902,40.66103,1
2012,38.94619,41.75389,1
2012,38.96291,16.30927,1
2012,39.10583,39.54552,3
2012,39.10671,39.54525,3
2012,39.16552,39.65766,1
2012,39.23387,40.91687,1
2012,39.25329,39.85293,2
2012,39.30736,39.43878,1
2012,39.36372,39.21553,1
2012,39.42144,39.42886,2
2012,39.55027,44.0773,1
2012,39.56305,44.01115,2
2012,39.73214,43.0971,1
2012,39.79804,42.67543,1
2012,39.82326,42.67499,1
2012,39.9193,44.0655,1
2012,39.93077,32.76754,1
2012,40.27383,42.49083,1
2012,40.61667,43.1,1
2012,40.65166,35.9038,1
2012,40.69426,-73.93068,4
2012,40.82062,-74.10593,1
2012,40.85178,14.26812,1
2012,40.94556,-74.07117,1
2012,41.00527,28.97696,1
2012,41.0303,29.1065,1
2012,41.10618,28.68986,19
2012,41.12549,28.87131,1
2012,41.37849,33.77628,1
2012,41.4411,9.22262,1
2012,41.53774,-83.64126,1
2012,41.56113,23.27767,1
2012,41.70997,44.793,1
2012,41.87088,48.38864,1
2012,41.87408,-88.01573,1
2012,41.89096,12.49007,2
2012,41.91889,8.73755,53
2012,41.91922,8.73863,1
2012,41.94122,48.04083,1
2012,41.95326,47.94856,1
2012,42.0375,21.4944,1
2012,42.06915,48.29578,7
2012,42.06917,48.29583,1
2012,42.10873,48.19092,1
2012,42.14319,47.09498,3
2012,42.19714,45.96052,1
2012,42.2406,-8.72073,1
2012,42.24111,45.83861,1
2012,42.25192,45.87806,1
2012,42.26046,9.54235,1
2012,42.26593,45.90668,1
2012,42.27072,45.94146,1
2012,42.39237,47.30988,1
2012,42.3925,21.17472,1
2012,42.40155,46.17228,1
2012,42.41752,46.49332,1
2012,42.42221,47.18817,1
2012,42.44764,21.63397,1
2012,42.45018,21.63477,1
2012,42.4542,47.6672,2
2012,42.48167,46.05222,1
2012,42.50213,41.86095,1
2012,42.56667,47.86667,2
2012,42.57028,27.51528,1
2012,42.59972,47.80167,1
2012,42.61281,47.6121,1
2012,42.61756,47.25968,1
2012,42.63156,9.35802,1
2012,42.68676,46.87119,2
2012,42.7,9.44732,1
2012,42.70706,47.56368,1
2012,42.71686,46.24902,1
2012,42.79877,47.10872,8
2012,42.837,47.156,1
2012,42.83856,47.24126,1
2012,42.84184,47.2173,1
2012,42.86991,47.6246,2
2012,42.88027,-87.9008,1
2012,42.8869,20.87481,1
2012,42.9133,44.46693,1
2012,42.91826,20.69437,1
2012,42.95262,46.06708,2
2012,42.96325,46.97691,1
2012,42.98333,20.57833,1
2012,42.98542,47.45067,13
2012,43.0,41.01032,1
2012,43.02538,44.99461,1
2012,43.0259,44.9863,1
2012,43.03034,45.09973,4
2012,43.04492,44.2871,1
2012,43.04513,44.2871,1
2012,43.04736,44.66575,1
2012,43.11009,46.4862,1
2012,43.14498,44.70972,1
2012,43.15904,46.96546,2
2012,43.16113,45.19586,1
2012,43.16282,13.71832,1
2012,43.2004,46.65996,1
2012,43.201,46.86386,4
2012,43.20642,44.80548,1
2012,43.2267,44.77057,7
2012,43.24855,46.59784,11
2012,43.25506,76.91263,2
2012,43.25802,45.54073,1
2012,43.25904,44.83328,3
2012,43.28409,44.83511,1
2012,43.3045,44.89915,1
2012,43.30904,-1.24434,1
2012,43.30907,46.8648,1
2012,43.31806,45.04727,1
2012,43.32023,45.65449,3
2012,43.3971,42.92374,1
2012,43.40233,45.71875,1
2012,43.4631,44.5697,1
2012,43.46533,44.56953,1
2012,43.4672,44.5692,1
2012,43.4804,44.5899,1
2012,43.48041,44.58986,1
2012,43.48344,46.43571,1
2012,43.48404,43.6276,4
2012,43.48412,43.62736,1
2012,43.49474,44.7299,1
2012,43.50842,44.59116,2
2012,43.50962,43.82919,1
2012,43.51667,44.58333,3
2012,43.54847,10.31057,1
2012,43.59717,46.77722,2
2012,43.59916,46.77642,1
2012,43.60465,1.44421,3
2012,43.68333,43.53333,3
2012,43.78029,43.44677,1
2012,43.90243,43.22226,1
2012,43.93917,46.83361,1
2012,43.97788,43.25955,1
2012,43.99489,46.67776,1
2012,44.01608,1.35295,1
2012,44.07355,46.53702,1
2012,44.28144,-88.43845,1
2012,44.34982,9.23389,1
2012,44.40565,8.94626,1
2012,44.74591,20.39967,1
2012,45.07273,7.67954,1
2012,45.43388,10.9918,1
2012,45.50867,-73.55399,1
2012,45.5552,-73.60897,1
2012,45.77186,4.89031,1
2012,46.82485,29.46998,1
2012,47.10163,51.9133,1
2012,47.56746,34.39482,1
2012,48.46922,35.04715,5
2012,48.85664,2.34233,1
2012,48.95187,24.42548,1
2012,48.99735,2.37849,1
2012,49.06578,33.41003,1
2012,49.1865,-122.82313,1
2012,50.73737,7.09821,1
2012,50.83643,4.36742,1
2012,51.2329,51.36755,1
2012,51.45418,-2.58906,1
2012,51.46141,-2.59267,1
2012,51.50438,-0.14004,1
2012,51.89689,-8.48632,1
2012,51.91452,-8.4818,1
2012,52.13081,11.62888,1
2012,52.39419,13.07269,1
2012,52.50153,13.40185,2
2012,52.52381,-8.93819,1
2012,52.64994,-8.56996,1
2012,52.66802,-8.6305,2
2012,52.84743,-8.98874,1
2012,52.9,30.03333,1
2012,52.99183,-6.98573,1
2012,53.10758,-6.86138,1
2012,53.2009,-6.11107,1
2012,53.22102,-6.99454,1
2012,53.2849,-6.36717,5
2012,53.36167,-6.24548,9
2012,53.38307,-6.41031,1
2012,53.38681,-6.3772,1
2012,53.66667,23.83333,1
2012,54.18091,-6.22972,1
2012,54.18305,-6.34139,3
2012,54.2559,-8.45963,2
2012,54.35334,-6.41366,1
2012,54.42071,-6.44377,1
2012,54.44697,-6.39292,1
2012,54.46337,-6.3286,2
2012,54.50853,-6.76313,1
2012,54.51569,-6.05572,1
2012,54.52047,-1.20752,1
2012,54.53386,-6.0056,1
2012,54.55621,-1.23748,1
2012,54.55695,-1.25377,1
2012,54.60771,-5.95621,17
2012,54.65522,-5.92715,1
2012,54.68528,-5.9645,1
2012,54.71363,-6.21428,1
2012,54.74684,-6.32275,1
2012,54.78772,-6.49231,1
2012,54.8551,-5.81125,1
2012,54.97382,-7.28805,1
2012,55.00725,-6.41373,1
2012,55.01156,-7.31204,10
2012,55.18333,30.16667,1
2012,55.56032,13.02018,1
2012,55.75138,37.57991,1
2012,55.82487,49.08609,2
2012,55.86062,48.71572,1
2012,56.47409,-2.92495,1
2012,59.42257,17.83313,1
2012,64.13534,-21.89521,1
2013,-41.13347,-71.31028,1
2013,-40.61952,-72.47299,1
2013,-38.9573,-72.62693,1
2013,-38.94892,-72.33111,1
2013,-38.67172,-72.22306,1
2013,-38.16402,-72.90318,1
2013,-37.8089,144.95042,1
2013,-34.61768,-58.44444,1
2013,-33.89296,18.59349,2
2013,-31.41674,23.94438,1
2013,-31.41464,23.94358,1
2013,-29.92642,30.98407,1
2013,-29.73936,30.98198,2
2013,-29.04011,29.77079,1
2013,-29.00527,29.87561,1
2013,-28.45411,26.79678,1
2013,-28.31667,31.41667,1
2013,-26.82399,27.84038,1
2013,-26.2041,28.0473,1
2013,-23.45954,-56.7384,3
2013,-23.45868,-56.73821,1
2013,-23.4,-57.43,2
2013,-23.39913,-57.42294,1
2013,-23.34383,-57.05107,2
2013,-23.31885,-56.4881,1
2013,-22.8482,-45.22728,1
2013,-22.75909,-43.45476,1
2013,-21.63346,-41.04895,1
2013,-20.8737,34.41834,1
2013,-20.57694,33.83583,4
2013,-20.57691,33.83586,1
2013,-20.57686,33.83664,2
2013,-20.57685,33.83662,1
2013,-20.32737,33.88578,2
2013,-20.32727,33.88578,1
2013,-20.17219,28.58116,1
2013,-19.61667,34.75,1
2013,-18.91487,47.53161,1
2013,-18.68528,34.26477,1
2013,-18.49327,34.42361,1
2013,-18.28333,32.05,1
2013,-18.20833,32.8,1
2013,-17.86214,34.59713,1
2013,-16.79764,47.65158,1
2013,-15.06267,39.19337,1
2013,-13.00267,-73.51303,1
2013,-12.86366,-72.69258,1
2013,-12.72804,-73.947,2
2013,-12.67786,-72.62283,1
2013,-12.5125,-73.85778,1
2013,-12.41437,-73.90064,1
2013,-12.4095,-73.90806,1
2013,-12.40034,-74.87203,1
2013,-12.39776,-74.86847,1
2013,-12.28666,-74.8741,1
2013,-12.28365,-74.87341,1
2013,-11.66602,27.47952,1
2013,-11.66468,27.47955,2
2013,-11.43179,-74.4848,1
2013,-7.32795,108.2141,1
2013,-7.31956,108.21459,1
2013,-6.9663,110.41632,1
2013,-6.81355,39.23942,1
2013,-6.31962,106.75608,1
2013,-6.30771,106.71757,1
2013,-6.26899,106.80604,1
2013,-6.2453,106.67123,1
2013,-6.24398,106.80006,1
2013,-6.20541,106.84262,1
2013,-6.1874,39.22365,2
2013,-6.17059,106.75748,1
2013,-6.13573,39.36212,1
2013,-6.13333,39.26667,1
2013,-5.13333,119.41667,5
2013,-4.77528,136.55861,1
2013,-4.72269,136.4922,1
2013,-4.38917,15.33762,3
2013,-4.17461,39.45205,1
2013,-4.09989,137.16339,1
2013,-4.09051,39.64776,4
2013,-4.08568,137.18904,1
2013,-4.08361,137.18472,1
2013,-4.05749,39.15437,1
2013,-4.04118,39.67761,2
2013,-4.00371,39.60051,1
2013,-3.79824,137.78349,1
2013,-3.72157,138.06051,2
2013,-3.70346,138.20789,1
2013,-3.68413,13.35032,1
2013,-3.62903,39.85175,1
2013,-3.36579,36.67445,1
2013,-3.36338,36.68748,1
2013,-3.33333,29.25,1
2013,-3.21852,40.11561,2
2013,-3.1001,30.16302,1
2013,-3.03081,28.29895,1
2013,-3.02533,28.28899,1
2013,-2.20382,-79.89745,2
2013,-1.95011,30.05877,3
2013,-1.94798,30.05751,1
2013,-1.65982,29.21942,1
2013,-1.6585,29.22046,1
2013,-1.65778,29.22024,1
2013,-1.64788,120.43861,1
2013,-1.39192,120.767,1
2013,-1.3575,29.36889,1
2013,-1.304,29.59068,1
2013,-1.28518,36.82111,4
2013,-1.26534,36.8908,1
2013,-1.1855,29.44679,1
2013,-1.15023,36.95541,1
2013,-1.0306,41.50492,1
2013,-1.01151,29.35705,1
2013,-0.89672,119.8573,1
2013,-0.64269,29.03595,1
2013,-0.45612,39.64612,4
2013,-0.45323,39.6461,1
2013,-0.45314,39.64546,14
2013,-0.38933,42.4475,2
2013,-0.37482,42.46141,2
2013,-0.35785,42.54665,42
2013,-0.16482,35.84866,2
2013,-0.10069,41.90836,1
2013,0.02714,42.29033,1
2013,0.0537,40.30788,4
2013,0.11425,40.31364,5
2013,0.18031,41.60309,1
2013,0.19128,40.28466,3
2013,0.22402,41.60118,1
2013,0.24702,41.74189,1
2013,0.24908,37.19833,1
2013,0.28187,-76.9304,1
2013,0.28319,41.71717,1
2013,0.32573,-76.87868,1
2013,0.34947,40.87599,4
2013,0.41212,41.00811,1
2013,0.42528,-76.90528,1
2013,0.43583,-75.52765,1
2013,0.49594,29.45961,2
2013,0.49741,-76.49237,1
2013,0.4997,-76.5004,1
2013,0.50193,-76.49752,1
2013,0.51556,42.07333,4
2013,0.52968,-76.85044,1
2013,0.53008,29.51987,1
2013,0.59432,34.55298,1
2013,0.61724,29.90787,1
2013,0.66328,-76.8707,1
2013,0.66611,-76.87083,2
2013,0.67134,41.83258,1
2013,0.67667,-76.88007,1
2013,0.69568,34.46498,1
2013,0.69688,29.5197,1
2013,0.73272,39.17234,1
2013,1.02944,-76.61639,1
2013,1.05207,-76.63116,1
2013,1.06585,-76.31741,1
2013,1.10013,-75.40005,1
2013,1.11423,44.0287,3
2013,1.11477,-76.31995,1
2013,1.29704,-75.7546,1
2013,1.33699,-71.95247,2
2013,1.58609,-78.66366,1
2013,1.58855,42.45964,1
2013,1.62812,-77.45946,1
2013,1.64223,-77.81639,1
2013,1.70418,44.69295,2
2013,1.7046,44.69271,1
2013,1.71634,44.76869,6
2013,1.72217,44.76929,1
2013,1.74683,40.05345,8
2013,1.75781,44.5244,1
2013,1.78139,44.71968,1
2013,1.78964,44.52998,1
2013,1.80143,-77.16866,1
2013,1.8038,-77.16866,1
2013,1.80667,-78.76472,3
2013,1.80721,-78.76958,1
2013,1.80798,-78.7684,3
2013,1.8083,44.69514,5
2013,1.81313,-78.75423,2
2013,1.82056,-75.88535,1
2013,1.85472,44.62833,1
2013,1.85499,44.813,2
2013,1.87665,44.2479,5
2013,1.88382,44.26855,2
2013,1.97894,44.83206,1
2013,2.03313,45.02844,1
2013,2.04646,-76.91746,1
2013,2.05982,45.32611,122
2013,2.08551,45.40275,1
2013,2.09968,45.15723,1
2013,2.11874,45.33695,1
2013,2.14383,45.11806,7
2013,2.14389,45.14883,1
2013,2.20482,41.61965,3
2013,2.22966,-77.00403,1
2013,2.23515,-77.0036,1
2013,2.2379,-76.99534,1
2013,2.24359,-77.01038,1
2013,2.24388,-77.01038,1
2013,2.25162,-77.02051,1
2013,2.29738,45.79838,1
2013,2.33056,-73.08408,1
2013,2.34342,-77.23175,1
2013,2.34355,-77.23154,1
2013,2.34931,42.28034,5
2013,2.45195,42.20181,1
2013,2.47611,-78.1169,1
2013,2.48252,43.48374,1
2013,2.49311,43.47204,1
2013,2.49311,43.47754,1
2013,2.51918,-76.39286,2
2013,2.55022,-76.06662,1
2013,2.55896,-75.56482,1
2013,2.58323,-75.81684,1
2013,2.61974,44.89368,3
2013,2.62454,-72.76031,1
2013,2.66554,44.69115,1
2013,2.66736,44.68904,1
2013,2.67547,44.44343,1
2013,2.68618,41.44125,1
2013,2.71581,44.51184,2
2013,2.72899,-76.05091,1
2013,2.77726,45.50064,6
2013,2.78008,45.37138,1
2013,2.8388,-77.61887,1
2013,2.85183,-76.3159,1
2013,2.86876,43.0053,1
2013,2.9355,-75.28318,1
2013,2.95806,-76.27139,1
2013,2.97184,-76.2672,1
2013,2.99861,-75.30444,1
2013,3.03476,-76.40812,2
2013,3.05,-76.41667,1
2013,3.11564,43.64658,18
2013,3.11855,43.65889,1
2013,3.1212,35.59973,1
2013,3.12719,43.70348,1
2013,3.13894,101.69132,1
2013,3.14403,43.46963,2
2013,3.15306,-75.05306,1
2013,3.17079,43.40876,1
2013,3.17389,-76.25944,1
2013,3.18333,43.4,1
2013,3.25328,-76.22822,1
2013,3.25658,43.91585,1
2013,3.29408,43.26244,1
2013,3.31229,43.47213,2
2013,3.32728,42.21856,4
2013,3.37996,-74.04271,1
2013,3.40007,-76.23285,1
2013,3.42934,-76.51604,1
2013,3.50392,42.23624,1
2013,3.50969,101.10391,1
2013,3.53316,43.75377,1
2013,3.58524,98.6756,1
2013,3.67275,100.98802,1
2013,3.75,-75.58333,1
2013,3.80828,42.54729,1
2013,3.88832,-77.06756,2
2013,3.92686,41.87717,1
2013,3.93564,41.85512,1
2013,3.93872,41.84471,9
2013,3.93885,41.85466,1
2013,4.05339,43.244,1
2013,4.05614,-75.99519,1
2013,4.09252,-75.15454,2
2013,4.1206,43.89053,2
2013,4.1742,73.51092,2
2013,4.30111,-74.8061,1
2013,4.32797,6.06307,1
2013,4.37474,18.55129,8
2013,4.43633,118.53184,1
2013,4.43928,6.28816,1
2013,4.47374,-74.12143,1
2013,4.53016,97.66844,1
2013,4.53532,43.02915,1
2013,4.53858,7.72145,1
2013,4.58481,101.04906,1
2013,4.5957,118.86515,1
2013,4.65009,-76.47859,1
2013,4.66479,18.20955,1
2013,4.66713,-74.10605,1
2013,4.68333,46.61667,1
2013,4.68489,46.6228,3
2013,4.7,5.96667,1
2013,4.73538,45.2024,13
2013,4.74615,31.74457,1
2013,4.74625,7.0364,1
2013,4.74658,43.94368,4
2013,4.77114,97.19877,1
2013,4.77408,6.32686,2
2013,4.78482,7.00545,3
2013,4.78721,43.9476,2
2013,4.79083,6.70917,1
2013,4.81137,6.07071,1
2013,4.8274,7.01594,1
2013,4.82773,43.66067,1
2013,4.83276,43.6498,1
2013,4.87337,6.92437,1
2013,4.89728,119.84869,1
2013,4.99086,8.27822,1
2013,5.10885,97.5789,1
2013,5.13691,119.94597,1
2013,5.16667,6.2,1
2013,5.16797,100.4794,2
2013,5.17648,6.29754,1
2013,5.23319,-76.82911,1
2013,5.24379,44.73257,2
2013,5.24576,-76.82136,1
2013,5.26323,100.48462,1
2013,5.31032,17.09494,1
2013,5.3466,-4.01184,2
2013,5.43369,100.38528,1
2013,5.48272,7.03188,1
2013,5.5,5.98333,1
2013,5.52372,5.75317,1
2013,5.54405,120.81564,1
2013,5.54444,6.59852,1
2013,5.5593,95.32682,1
2013,5.56245,5.77992,1
2013,5.58251,-76.64849,1
2013,5.7,-76.66667,1
2013,5.73624,5.9355,1
2013,5.77962,101.04827,1
2013,5.78943,6.10235,1
2013,5.89882,101.75182,1
2013,5.90056,101.75244,2
2013,5.9083,101.9022,1
2013,5.91845,101.86636,1
2013,5.9267,8.08529,1
2013,5.92955,101.83216,1
2013,5.95683,121.19604,1
2013,5.96803,121.03524,1
2013,5.97185,101.9236,1
2013,5.98334,121.17345,1
2013,5.98688,101.5707,2
2013,5.98704,101.57028,1
2013,6.01219,101.83147,1
2013,6.01256,101.83216,2
2013,6.01392,101.95024,2
2013,6.01512,101.95192,1
2013,6.01907,101.95552,1
2013,6.05,124.91667,1
2013,6.05046,121.01224,6
2013,6.05709,101.69544,1
2013,6.0592,124.92161,1
2013,6.06646,121.10012,1
2013,6.06667,121.1,3
2013,6.06823,101.66129,1
2013,6.06848,121.03423,1
2013,6.07256,101.66116,1
2013,6.07599,101.29773,4
2013,6.08333,125.28333,1
2013,6.08512,101.8796,1
2013,6.09445,101.77268,5
2013,6.10027,101.66051,1
2013,6.10036,80.47605,1
2013,6.1141,101.18721,1
2013,6.11622,125.16939,2
2013,6.11756,101.85907,2
2013,6.12212,101.90495,1
2013,6.12349,101.90907,1
2013,6.12509,101.91199,1
2013,6.12554,101.90347,1
2013,6.12802,101.77496,2
2013,6.12844,101.69732,1
2013,6.12854,101.73865,1
2013,6.12895,101.88161,2
2013,6.13144,14.38282,1
2013,6.14045,80.09975,1
2013,6.14282,101.57478,1
2013,6.14834,46.39848,1
2013,6.15049,101.90817,1
2013,6.15712,101.32594,1
2013,6.1624,6.78229,1
2013,6.16671,101.91199,2
2013,6.16684,101.19005,1
2013,6.17537,101.50258,1
2013,6.17537,101.50263,1
2013,6.17578,101.50208,1
2013,6.17865,101.83271,1
2013,6.1887,101.72036,3
2013,6.19824,101.75257,1
2013,6.2,124.7333,1
2013,6.20082,101.24604,1
2013,6.20333,101.72,3
2013,6.20581,101.55891,2
2013,6.20609,101.67801,3
2013,6.20781,101.25286,1
2013,6.20882,33.45294,1
2013,6.21041,101.82076,3
2013,6.21155,101.82054,1
2013,6.21173,101.28639,2
2013,6.21303,101.55354,1
2013,6.2136,101.29031,1
2013,6.21462,31.56551,1
2013,6.21701,33.44696,1
2013,6.21701,101.70276,1
2013,6.22083,101.74167,1
2013,6.22368,101.81218,1
2013,6.2252,101.71649,1
2013,6.22611,101.20694,1
2013,6.22998,101.80476,1
2013,6.23618,101.8053,1
2013,6.23738,80.54384,1
2013,6.23886,101.29315,1
2013,6.23954,101.28422,2
2013,6.24053,101.82094,1
2013,6.24203,-75.56476,1
2013,6.2428,101.29773,2
2013,6.2446,101.29694,1
2013,6.245,101.28491,3
2013,6.24792,102.0033,2
2013,6.24841,102.00285,1
2013,6.25046,101.72642,1
2013,6.25415,101.7296,8
2013,6.25668,101.8781,1
2013,6.2607,101.72985,1
2013,6.2613,101.7618,1
2013,6.26143,101.76188,1
2013,6.26206,102.00314,1
2013,6.26556,101.26306,2
2013,6.26671,101.23559,1
2013,6.28484,101.78716,1
2013,6.28595,101.65472,1
2013,6.28694,101.54861,1
2013,6.29882,101.9568,1
2013,6.30657,101.71822,4
2013,6.3153,100.38049,2
2013,6.32656,100.35078,1
2013,6.32951,101.62715,1
2013,6.33449,101.86636,1
2013,6.33634,5.62175,6
2013,6.33825,101.46568,1
2013,6.34729,101.76378,1
2013,6.35074,101.13909,1
2013,6.35296,101.51344,4
2013,6.35392,101.51323,1
2013,6.35395,101.51323,1
2013,6.37126,101.51493,2
2013,6.38028,101.80194,2
2013,6.38038,101.22529,1
2013,6.3825,101.51118,1
2013,6.38458,101.50208,9
2013,6.38559,101.50189,1
2013,6.38737,101.70292,1
2013,6.38805,101.51573,1
2013,6.39063,101.22971,3
2013,6.39146,101.5173,1
2013,6.39426,101.53617,1
2013,6.39464,101.74696,1
2013,6.3989,101.229,1
2013,6.39958,101.229,1
2013,6.40096,101.47781,1
2013,6.41391,101.68926,1
2013,6.41595,7.47532,1
2013,6.41667,6.48333,1
2013,6.41871,121.97244,1
2013,6.4199,101.81778,1
2013,6.42073,101.68494,1
2013,6.42464,101.82015,1
2013,6.42546,101.82531,2
2013,6.42615,101.28072,1
2013,6.42682,101.82429,2
2013,6.42906,101.84274,1
2013,6.42972,46.71,1
2013,6.43194,101.71822,2
2013,6.43702,101.49143,1
2013,6.43747,101.00331,2
2013,6.43762,101.23538,1
2013,6.43984,3.4186,1
2013,6.44086,-71.79883,1
2013,6.44573,101.10513,1
2013,6.44683,101.4522,1
2013,6.45267,7.51033,1
2013,6.45391,101.67268,1
2013,6.45468,101.58312,1
2013,6.45689,101.14732,1
2013,6.45692,-71.74474,1
2013,6.46644,3.28351,1
2013,6.47361,101.34608,1
2013,6.4837,101.13555,4
2013,6.48444,122.14056,1
2013,6.48667,101.15041,2
2013,6.48722,121.97833,2
2013,6.48879,101.14131,2
2013,6.49003,101.38701,1
2013,6.49016,101.38754,1
2013,6.4905,17.44799,1
2013,6.49182,101.3885,5
2013,6.49183,101.3885,1
2013,6.49203,101.38654,1
2013,6.49215,101.1185,1
2013,6.49366,101.76378,2
2013,6.4951,121.9784,1
2013,6.49722,122.10514,1
2013,6.4979,101.11644,1
2013,6.49834,101.35108,1
2013,6.50164,100.84517,1
2013,6.51341,18.27541,1
2013,6.52,101.12206,1
2013,6.52045,7.52084,1
2013,6.52137,100.8474,1
2013,6.52192,100.42112,1
2013,6.52232,100.42162,2
2013,6.52526,122.18454,1
2013,6.52556,101.68806,1
2013,6.53172,101.24671,2
2013,6.53716,122.16325,3
2013,6.53842,101.27804,4
2013,6.54085,101.53617,1
2013,6.54114,101.2804,4
2013,6.54115,101.2804,2
2013,6.54149,101.25681,1
2013,6.5417,101.64661,1
2013,6.54339,-7.48271,1
2013,6.54516,101.64009,1
2013,6.54524,101.63785,1
2013,6.5454,121.87375,1
2013,6.54541,101.37683,1
2013,6.5455,101.2799,12
2013,6.54728,101.26775,1
2013,6.54895,101.63853,1
2013,6.54896,101.63853,1
2013,6.54934,101.26294,1
2013,6.55044,122.10647,1
2013,6.55045,122.10647,1
2013,6.55206,101.26294,1
2013,6.5542,101.23162,1
2013,6.5623,101.26637,1
2013,6.5634,101.46799,1
2013,6.56667,101.55323,1
2013,6.57472,101.20138,1
2013,6.5753,101.63284,1
2013,6.58356,3.29358,1
2013,6.58658,101.2639,1
2013,6.58722,125.1675,1
2013,6.58839,101.25684,1
2013,6.58906,101.26372,1
2013,6.59299,101.54761,1
2013,6.59302,101.54754,3
2013,6.59333,101.54692,2
2013,6.5947,101.54829,1
2013,6.59787,101.5646,1
2013,6.59845,122.04015,1
2013,6.5994,121.90406,1
2013,6.60218,101.6044,1
2013,6.60395,101.33857,1
2013,6.60542,101.67332,1
2013,6.61465,101.65674,1
2013,6.61667,125.21667,1
2013,6.61993,101.66539,1
2013,6.62115,101.67285,1
2013,6.62125,101.4308,1
2013,6.62154,101.67285,1
2013,6.6253,101.51344,1
2013,6.62616,101.47058,1
2013,6.62689,101.44527,1
2013,6.62726,101.44537,1
2013,6.62744,101.45697,1
2013,6.62778,124.61639,1
2013,6.62978,126.07756,1
2013,6.63792,100.42103,1
2013,6.64104,122.15774,1
2013,6.64361,32.82361,1
2013,6.64416,101.6044,1
2013,6.6444,-70.97097,4
2013,6.64556,122.10194,4
2013,6.64748,101.23538,1
2013,6.65012,101.55313,1
2013,6.65028,101.59624,1
2013,6.65062,101.55323,1
2013,6.65646,101.63019,1
2013,6.65667,121.96667,1
2013,6.6605,122.13899,3
2013,6.66563,121.98355,1
2013,6.66576,122.14076,1
2013,6.66642,100.32202,1
2013,6.66665,101.3035,1
2013,6.66948,101.30754,1
2013,6.67244,100.65967,1
2013,6.67363,101.24104,1
2013,6.67394,101.61212,1
2013,6.67552,101.36045,1
2013,6.68217,101.27263,1
2013,6.68239,101.54186,1
2013,6.68301,-71.68358,1
2013,6.68575,101.13837,1
2013,6.68578,80.10216,1
2013,6.68612,101.13945,1
2013,6.68648,101.13909,3
2013,6.68694,101.60155,1
2013,6.68924,101.21711,1
2013,6.69104,101.31356,1
2013,6.6912,101.30894,1
2013,6.69146,101.63734,1
2013,6.6916,101.30111,2
2013,6.6924,101.30988,2
2013,6.69296,101.30849,1
2013,6.693,101.30928,1
2013,6.69309,101.30907,7
2013,6.69325,101.13287,1
2013,6.69393,101.14008,1
2013,6.69651,122.07877,1
2013,6.69778,122.04917,1
2013,6.69944,101.295,1
2013,6.70019,124.78309,1
2013,6.70041,121.97256,9
2013,6.70096,101.43169,1
2013,6.70267,101.43231,1
2013,6.70314,100.76503,1
2013,6.71064,101.57747,1
2013,6.71187,101.17872,2
2013,6.71252,101.17926,1
2013,6.71384,101.30038,1
2013,6.71444,101.13472,1
2013,6.71507,101.30247,1
2013,6.71507,101.58366,1
2013,6.7172,101.41433,1
2013,6.71721,101.41433,1
2013,6.71757,101.59418,2
2013,6.71796,101.59303,3
2013,6.7182,101.59017,1
2013,6.71848,101.59367,1
2013,6.71985,101.5967,1
2013,6.72079,101.40744,1
2013,6.72189,101.41165,1
2013,6.72226,101.4112,5
2013,6.72361,101.28667,1
2013,6.72904,101.62033,2
2013,6.72954,101.09328,1
2013,6.73004,101.3034,1
2013,6.73008,101.59596,1
2013,6.73288,125.34906,1
2013,6.73433,101.11721,1
2013,6.73577,101.0542,2
2013,6.73577,101.05657,1
2013,6.73658,101.28584,1
2013,6.74109,101.28072,2
2013,6.74151,101.15721,1
2013,6.74397,101.15607,1
2013,6.74578,125.35576,1
2013,6.74722,101.375,3
2013,6.74883,101.34401,1
2013,6.74917,6.07311,1
2013,6.75055,101.32609,1
2013,6.75151,101.0948,1
2013,6.75224,101.3574,1
2013,6.7529,125.35629,1
2013,6.75463,125.35309,1
2013,6.75751,125.3524,1
2013,6.76127,101.448,1
2013,6.764,124.37544,1
2013,6.7644,47.74813,1
2013,6.76511,101.58799,1
2013,6.76694,124.85,2
2013,6.76717,125.18272,1
2013,6.76877,101.19075,1
2013,6.7724,101.29206,1
2013,6.7744,47.42903,7
2013,6.77845,124.47634,1
2013,6.77946,101.43959,1
2013,6.78583,124.96472,1
2013,6.78641,101.14827,1
2013,6.79132,-70.47172,1
2013,6.79255,124.68375,2
2013,6.79346,-71.76954,1
2013,6.79373,101.28072,1
2013,6.79451,101.28293,1
2013,6.79963,100.91755,5
2013,6.80162,101.15193,1
2013,6.80428,101.50208,5
2013,6.80583,124.4666,1
2013,6.80814,101.18312,1
2013,6.81017,124.79396,1
2013,6.81019,101.17922,2
2013,6.81179,101.18439,1
2013,6.81185,101.40553,1
2013,6.81197,101.18389,1
2013,6.81197,101.4246,2
2013,6.81199,101.18825,1
2013,6.81224,101.18162,1
2013,6.81224,101.18266,1
2013,6.81332,101.21231,1
2013,6.81372,100.98703,1
2013,6.81857,101.5646,1
2013,6.82008,101.18465,1
2013,6.82281,101.18397,1
2013,6.82656,101.38934,1
2013,6.82664,124.75525,1
2013,6.82724,101.29392,2
2013,6.82806,101.3885,2
2013,6.82834,124.87698,1
2013,6.82869,124.8773,1
2013,6.83012,79.88008,1
2013,6.83235,101.25116,1
2013,6.83333,124.88333,1
2013,6.83338,124.45846,1
2013,6.84053,100.94061,2
2013,6.84333,101.17778,1
2013,6.84508,101.33743,1
2013,6.84669,101.26938,1
2013,6.85194,101.48361,1
2013,6.8525,101.20694,1
2013,6.8529,101.20781,1
2013,6.854,101.37066,1
2013,6.85481,124.14421,1
2013,6.85494,101.30363,1
2013,6.85598,79.8907,1
2013,6.85638,124.14448,1
2013,6.86098,-70.70569,1
2013,6.86281,124.44365,10
2013,6.86589,101.34878,1
2013,6.86732,101.25192,1
2013,6.86786,101.25207,10
2013,6.86803,101.25068,1
2013,6.86861,101.25,12
2013,6.86927,101.31758,1
2013,6.8694,101.25052,1
2013,6.86948,101.25048,1
2013,6.87383,101.41629,1
2013,6.8747,101.41693,1
2013,6.8748,101.41688,1
2013,6.87488,124.89532,1
2013,6.88442,124.43235,1
2013,6.8877,124.49574,1
2013,6.88825,101.25389,1
2013,6.89056,100.81305,1
2013,6.89306,125.08,1
2013,6.89375,31.36775,1
2013,6.91066,124.48351,1
2013,6.91083,124.55083,1
2013,6.91113,125.03763,1
2013,6.91694,125.08667,1
2013,6.91774,124.32867,1
2013,6.92083,124.45333,1
2013,6.92376,125.19042,2
2013,6.9269,124.41575,1
2013,6.92833,125.17639,1
2013,6.92909,122.07885,17
2013,6.93139,125.18417,1
2013,6.93271,124.33092,1
2013,6.935,124.37306,1
2013,6.93533,124.40527,2
2013,6.93631,124.45424,1
2013,6.93762,124.43042,1
2013,6.94184,79.86169,1
2013,6.94226,124.41982,2
2013,6.94551,124.406,1
2013,6.94595,124.87907,3
2013,6.95,125.05,4
2013,6.95028,121.98139,2
2013,6.95278,125.09624,1
2013,6.95334,-71.87497,1
2013,6.95369,-71.87885,1
2013,6.95386,-71.87447,1
2013,6.9565,-71.85953,1
2013,6.95818,124.39828,1
2013,6.95952,-71.88179,1
2013,6.96206,121.94901,1
2013,6.96323,-71.8816,2
2013,6.9646,-75.4241,1
2013,6.96754,124.50007,1
2013,6.98049,124.383,1
2013,6.99657,124.70533,1
2013,6.99722,124.58389,1
2013,6.99778,19.18097,1
2013,7.00038,124.7051,1
2013,7.00442,124.57713,1
2013,7.01667,124.7,1
2013,7.01774,124.54563,1
2013,7.018,124.5001,5
2013,7.01817,124.56256,1
2013,7.0209,125.09147,3
2013,7.02523,124.89458,1
2013,7.02533,124.49847,3
2013,7.02703,124.38654,1
2013,7.02718,-71.42745,1
2013,7.02734,-71.42849,2
2013,7.03741,125.72201,1
2013,7.04389,124.50083,1
2013,7.05182,124.50464,1
2013,7.05386,124.67247,1
2013,7.054,124.672,4
2013,7.05422,124.67104,1
2013,7.06465,124.51874,1
2013,7.06512,124.51904,1
2013,7.07391,125.46445,1
2013,7.07417,-75.14781,1
2013,7.07798,124.17718,2
2013,7.08083,124.52389,1
2013,7.08324,125.601,1
2013,7.08333,124.9,2
2013,7.09001,124.92002,1
2013,7.09675,121.90322,1
2013,7.1,124.76667,1
2013,7.10089,-73.84621,2
2013,7.10432,124.76787,1
2013,7.10566,124.82558,1
2013,7.106,126.17664,1
2013,7.10722,125.33389,1
2013,7.10737,124.82597,1
2013,7.10805,124.82743,1
2013,7.10834,125.03882,2
2013,7.10864,124.8263,1
2013,7.10907,124.82477,1
2013,7.11185,-75.54961,1
2013,7.11301,124.80843,1
2013,7.11667,124.38333,1
2013,7.11667,124.81667,4
2013,7.11667,125.11667,1
2013,7.11704,125.02142,2
2013,7.11751,-72.3394,1
2013,7.12019,124.31689,1
2013,7.13165,124.52492,1
2013,7.13224,124.8135,1
2013,7.13256,125.48915,1
2013,7.13262,124.52561,1
2013,7.13333,-72.66667,1
2013,7.13377,125.94881,1
2013,7.13982,124.55312,1
2013,7.14092,124.54565,1
2013,7.14722,124.76417,1
2013,7.1475,125.10306,1
2013,7.14812,124.47188,1
2013,7.1494,125.37611,1
2013,7.15457,124.49778,1
2013,7.15919,125.64782,1
2013,7.16358,-75.7594,1
2013,7.16358,124.52168,1
2013,7.17068,-72.42858,1
2013,7.17124,125.89439,1
2013,7.1715,-75.7643,1
2013,7.17924,32.35882,1
2013,7.18196,32.3561,2
2013,7.18478,124.49407,1
2013,7.1881,-75.35059,1
2013,7.18889,124.18389,2
2013,7.18889,124.18939,1
2013,7.18894,124.63034,1
2013,7.18899,125.45643,1
2013,7.19036,124.53389,1
2013,7.19095,125.46158,3
2013,7.19167,124.53333,7
2013,7.19951,124.79698,3
2013,7.20959,124.24197,12
2013,7.21361,122.03167,1
2013,7.21526,124.66872,1
2013,7.22983,124.48214,1
2013,7.23334,124.25001,1
2013,7.23987,125.16004,1
2013,7.24916,126.15822,1
2013,7.25,5.195,1
2013,7.2504,125.0558,1
2013,7.2565,80.72144,1
2013,7.26303,100.50625,1
2013,7.27125,124.48012,1
2013,7.28176,125.85677,1
2013,7.28213,125.8574,1
2013,7.28353,125.85753,1
2013,7.28361,125.99389,1
2013,7.28694,124.34028,1
2013,7.28997,-75.39269,1
2013,7.29363,122.0653,1
2013,7.29694,124.02806,1
2013,7.29777,124.26022,1
2013,7.30283,7.03817,1
2013,7.30296,122.06613,1
2013,7.30682,-72.48157,3
2013,7.30871,125.68412,1
2013,7.3239,125.46171,1
2013,7.33008,124.56678,1
2013,7.3342,126.09781,1
2013,7.33684,125.55532,1
2013,7.34444,125.57417,1
2013,7.34722,125.09222,1
2013,7.35146,126.155,1
2013,7.35157,8.83764,1
2013,7.35377,125.14744,2
2013,7.35583,124.42194,1
2013,7.36247,8.84308,3
2013,7.3637,125.85499,1
2013,7.36579,125.08874,1
2013,7.36944,125.88833,1
2013,7.37,125.95389,1
2013,7.37028,125.49588,1
2013,7.37111,122.28861,1
2013,7.37194,125.40472,1
2013,7.37362,125.94993,1
2013,7.37456,3.89154,1
2013,7.37507,124.26766,2
2013,7.38426,124.84497,1
2013,7.38724,125.97353,1
2013,7.39196,125.08454,1
2013,7.41194,126.00889,1
2013,7.41638,126.00109,1
2013,7.43528,125.22528,1
2013,7.44792,125.80788,1
2013,7.44821,125.80942,2
2013,7.44822,125.80941,1
2013,7.45507,123.31701,1
2013,7.46197,8.52049,1
2013,7.46596,-73.93845,1
2013,7.46694,125.96168,1
2013,7.46784,124.25996,1
2013,7.491,124.724,1
2013,7.49255,124.72561,1
2013,7.5,125.93333,4
2013,7.51528,126.01778,1
2013,7.5177,122.36286,1
2013,7.52996,123.36595,1
2013,7.55402,6.23761,1
2013,7.55863,124.68023,1
2013,7.56885,124.98571,1
2013,7.57889,125.99806,1
2013,7.58361,126.07417,1
2013,7.6029,125.96617,1
2013,7.60806,124.88306,1
2013,7.61601,4.74478,1
2013,7.61694,125.88417,1
2013,7.6246,125.62049,1
2013,7.63333,125.01667,1
2013,7.6518,9.73032,1
2013,7.65444,122.47389,1
2013,7.65505,123.46249,1
2013,7.65593,123.46104,1
2013,7.65671,123.46271,1
2013,7.65779,122.46936,1
2013,7.67745,6.42371,1
2013,7.685,122.54306,1
2013,7.69361,123.29444,1
2013,7.70326,122.1349,1
2013,7.71197,5.2972,1
2013,7.72485,124.23769,1
2013,7.72878,8.53786,1
2013,7.73136,125.10289,1
2013,7.73333,123.06667,3
2013,7.73492,123.32369,1
2013,7.7575,123.24944,1
2013,7.76348,125.00392,1
2013,7.76639,123.27583,1
2013,7.78924,32.97644,1
2013,7.79011,33.00447,1
2013,7.79935,122.7565,1
2013,7.80063,123.13906,1
2013,7.80186,123.14082,1
2013,7.80685,122.70093,1
2013,7.81751,123.28355,1
2013,7.82167,125.39028,1
2013,7.82318,124.41982,1
2013,7.82376,123.40844,1
2013,7.8252,123.43738,9
2013,7.83334,125.81667,1
2013,7.83667,123.37306,1
2013,7.8397,123.43434,2
2013,7.83972,123.5038,1
2013,7.84006,124.0202,1
2013,7.84203,125.99299,2
2013,7.84484,123.462,1
2013,7.84995,123.43273,1
2013,7.85402,124.119,1
2013,7.86364,123.51379,1
2013,7.86389,123.51389,3
2013,7.86472,123.37667,1
2013,7.86611,123.03444,1
2013,7.88045,98.39225,1
2013,7.89402,126.03403,3
2013,7.89807,-72.5085,1
2013,7.89972,124.34739,1
2013,7.90496,125.09111,2
2013,7.91,123.39694,1
2013,7.91099,7.08814,1
2013,7.91779,-72.88965,1
2013,7.94628,-72.89881,1
2013,7.95611,123.28361,1
2013,7.97333,126.01083,1
2013,7.98688,10.9807,1
2013,7.98722,124.25583,1
2013,8.0,124.2,1
2013,8.00269,124.2919,1
2013,8.01978,124.78992,1
2013,8.03949,123.38228,1
2013,8.04415,123.7954,1
2013,8.04677,-73.08808,1
2013,8.0525,125.74861,1
2013,8.05269,125.73174,2
2013,8.05306,-73.08777,1
2013,8.05528,122.44389,1
2013,8.06679,122.74484,1
2013,8.06702,123.53479,1
2013,8.06714,125.89131,1
2013,8.06729,125.89341,1
2013,8.07011,123.41234,1
2013,8.07019,122.92956,1
2013,8.07257,125.95542,1
2013,8.09398,123.45102,1
2013,8.09511,-76.73241,1
2013,8.10907,122.75809,1
2013,8.11667,124.21667,1
2013,8.14056,124.85333,1
2013,8.14166,123.33947,1
2013,8.18027,77.7453,1
2013,8.187,125.853,1
2013,8.18707,125.85293,1
2013,8.18796,125.85292,1
2013,8.21314,126.31594,1
2013,8.21999,18.7202,1
2013,8.22092,124.24719,1
2013,8.22626,18.72453,3
2013,8.22657,18.7213,1
2013,8.22802,124.24524,1
2013,8.23046,123.00684,1
2013,8.24278,126.2275,1
2013,8.24333,125.00167,1
2013,8.24606,126.22922,1
2013,8.25833,123.60583,1
2013,8.31667,-73.15,1
2013,8.34506,124.97672,1
2013,8.36782,124.8684,2
2013,8.38061,124.70416,1
2013,8.38068,124.70415,1
2013,8.40331,48.48802,2
2013,8.41667,125.11667,1
2013,8.43756,12.05242,1
2013,8.45,126.16667,4
2013,8.45424,124.6319,1
2013,8.45539,125.15924,1
2013,8.45554,8.21254,1
2013,8.47297,-72.57446,1
2013,8.47468,6.94507,1
2013,8.478,125.744,1
2013,8.47944,126.12083,1
2013,8.47998,125.7469,1
2013,8.4846,124.64322,1
2013,8.49614,76.94372,1
2013,8.49778,123.26972,1
2013,8.49954,-73.27377,1
2013,8.50646,4.59356,1
2013,8.5267,126.11441,1
2013,8.53035,-74.03687,1
2013,8.5357,117.43398,1
2013,8.53706,126.11944,1
2013,8.56287,-72.74721,1
2013,8.56514,125.52239,1
2013,8.5686,125.52158,1
2013,8.58289,125.8997,1
2013,8.58661,123.3409,1
2013,8.61134,124.8948,1
2013,8.64402,125.94552,1
2013,8.65578,123.42444,1
2013,8.66667,117.61667,1
2013,8.67739,117.34177,1
2013,8.67878,-72.73384,1
2013,8.73138,126.20281,1
2013,8.73333,12.06667,1
2013,8.74368,124.77595,1
2013,8.78336,124.82066,1
2013,8.81875,125.10321,1
2013,8.82299,125.09764,1
2013,8.82389,124.805,1
2013,8.83215,-73.21584,1
2013,8.83329,-73.19991,1
2013,8.83333,-73.2,2
2013,8.84131,7.87632,1
2013,8.8414,7.8759,1
2013,8.87972,125.34111,1
2013,8.88333,126.0,1
2013,8.89358,126.30672,1
2013,8.89364,9.45587,1
2013,8.895,125.77528,1
2013,8.89957,11.36594,1
2013,8.90629,8.40849,1
2013,8.92194,125.29056,1
2013,8.92772,29.78892,1
2013,8.94194,126.18778,2
2013,8.94754,125.54062,2
2013,8.9487,125.53928,1
2013,8.96333,126.27806,1
2013,8.96667,126.15,1
2013,8.96667,126.26667,1
2013,8.97224,125.40868,1
2013,8.98446,38.80763,1
2013,9.00444,125.64528,1
2013,9.01937,38.74867,1
2013,9.03834,7.49297,1
2013,9.05248,7.48683,1
2013,9.05273,12.05749,1
2013,9.05341,125.5866,1
2013,9.06667,7.48333,1
2013,9.06947,126.20339,1
2013,9.06959,9.94571,1
2013,9.07591,10.05961,1
2013,9.11337,9.98149,1
2013,9.24309,9.71106,2
2013,9.24327,9.7382,1
2013,9.25,125.6425,1
2013,9.28406,9.65455,1
2013,9.29555,123.28149,1
2013,9.29827,8.96364,1
2013,9.3294,125.97142,1
2013,9.38029,80.377,1
2013,9.47794,125.58059,1
2013,9.50654,49.08355,1
2013,9.52592,45.53463,1
2013,9.52923,8.8978,1
2013,9.53101,8.89821,1
2013,9.53448,8.89887,1
2013,9.54314,125.5249,1
2013,9.54912,8.88622,1
2013,9.56419,8.9138,1
2013,9.5805,28.43014,1
2013,9.58095,8.71163,1
2013,9.58281,8.29149,1
2013,9.6,125.63333,1
2013,9.61636,8.53309,2
2013,9.61756,8.30955,1
2013,9.62948,8.53131,1
2013,9.6603,-13.53696,2
2013,9.66123,80.02558,1
2013,9.6664,80.02048,3
2013,9.67031,8.51278,1
2013,9.68647,122.5179,1
2013,9.6995,8.69894,1
2013,9.69967,8.69893,4
2013,9.71667,8.85,1
2013,9.73731,118.7344,1
2013,9.78333,80.03333,1
2013,9.79838,8.9397,1
2013,9.82498,12.62478,2
2013,9.88333,123.6,1
2013,9.9252,78.11978,1
2013,9.93333,8.88333,2
2013,9.96801,118.78763,1
2013,9.98812,13.21649,1
2013,10.03005,123.23173,1
2013,10.10554,7.90414,1
2013,10.10606,11.10951,1
2013,10.12225,9.48114,1
2013,10.17425,118.87133,1
2013,10.17927,-61.64929,1
2013,10.2664,13.26461,1
2013,10.26672,13.26662,1
2013,10.28665,11.16386,5
2013,10.3157,123.88544,1
2013,10.32373,123.1612,1
2013,10.32429,7.6833,1
2013,10.3725,123.12361,1
2013,10.4,6.61667,1
2013,10.45596,12.39564,1
2013,10.48283,-66.96213,1
2013,10.48512,12.42822,1
2013,10.49241,124.7413,1
2013,10.50604,7.43282,1
2013,10.51518,7.43371,1
2013,10.51667,7.43333,2
2013,10.5726,12.15829,1
2013,10.5765,7.45035,1
2013,10.60799,123.88578,1
2013,10.61101,12.19498,1
2013,10.61134,12.1949,2
2013,10.65184,122.23336,1
2013,10.6538,11.08504,1
2013,10.66415,122.99332,1
2013,10.6663,6.53407,3
2013,10.66765,6.5333,1
2013,10.6768,35.33435,1
2013,10.6795,119.5705,1
2013,10.68615,13.2696,1
2013,10.6887,79.84893,1
2013,10.71916,11.69403,2
2013,10.72218,122.2686,1
2013,10.72553,122.55248,1
2013,10.74705,121.94231,1
2013,10.75079,122.56556,1
2013,10.75098,13.22035,1
2013,10.79534,13.57909,1
2013,10.79888,26.48508,1
2013,10.8003,29.85,2
2013,10.81763,119.49906,1
2013,10.84028,123.49917,1
2013,10.85052,76.27108,1
2013,10.86825,13.25099,1
2013,10.88333,13.31667,1
2013,10.89172,13.64028,1
2013,10.89783,11.60819,1
2013,10.9,29.9,1
2013,10.93472,123.11806,1
2013,10.98383,13.35035,1
2013,10.98905,76.84127,1
2013,10.99929,10.41074,1
2013,10.99954,13.94132,1
2013,10.99967,10.4085,1
2013,11.00064,-72.75632,1
2013,11.00742,29.71627,1
2013,11.00944,29.70875,1
2013,11.01079,29.7156,1
2013,11.01666,29.71667,1
2013,11.01667,29.71667,2
2013,11.07313,13.7111,1
2013,11.08398,13.69309,10
2013,11.08728,76.93939,1
2013,11.08972,13.68838,2
2013,11.0956,33.70793,1
2013,11.09983,-72.53402,1
2013,11.10056,124.68583,1
2013,11.10547,13.67383,1
2013,11.1519,12.7587,9
2013,11.15375,13.72833,1
2013,11.1575,12.76284,1
2013,11.15782,12.76046,1
2013,11.16667,26.5,1
2013,11.188,124.782,1
2013,11.21229,99.51344,1
2013,11.22223,13.78382,1
2013,11.227,122.925,1
2013,11.24707,12.01246,1
2013,11.25085,-60.5765,2
2013,11.26667,122.53333,1
2013,11.2705,25.15148,1
2013,11.2748,49.17966,5
2013,11.28333,49.18333,1
2013,11.29866,13.67261,1
2013,11.35477,-72.52048,2
2013,11.35521,-72.52048,1
2013,11.3776,-72.23917,1
2013,11.37778,-72.23889,1
2013,11.37974,-72.24345,1
2013,11.3863,12.9111,1
2013,11.41575,14.2381,1
2013,11.44008,25.14914,1
2013,11.44891,13.00284,1
2013,11.45252,26.12959,1
2013,11.48502,12.31189,1
2013,11.50106,11.93338,1
2013,11.52685,13.69271,12
2013,11.52889,123.10944,1
2013,11.5316,-72.27502,1
2013,11.53924,13.03845,1
2013,11.55126,-72.90089,1
2013,11.55883,104.91744,2
2013,11.57771,14.14738,1
2013,11.60799,125.43285,2
2013,11.645,12.45139,1
2013,11.64999,14.10417,1
2013,11.65541,13.41293,4
2013,11.65761,78.14984,1
2013,11.66724,9.93026,2
2013,11.68589,11.61916,1
2013,11.68678,11.18251,1
2013,11.69754,8.54048,1
2013,11.7044,11.08854,2
2013,11.70722,11.44021,1
2013,11.72805,13.29899,1
2013,11.74464,11.97026,7
2013,11.76394,12.26313,1
2013,11.77023,124.92236,1
2013,11.80378,12.49035,2
2013,11.80873,12.49579,1
2013,11.8322,32.79766,1
2013,11.83242,13.14749,1
2013,11.84079,13.14139,56
2013,11.86627,11.06976,1
2013,11.87693,123.91153,1
2013,11.87713,13.40354,1
2013,11.88449,75.38641,1
2013,11.91841,14.64554,1
2013,11.92848,8.51444,1
2013,11.93353,13.60381,1
2013,11.94978,8.61619,1
2013,11.96746,30.31048,1
2013,11.96944,123.19056,1
2013,11.97433,8.50026,17
2013,11.98929,25.61513,1
2013,12.00814,75.48108,1
2013,12.01882,8.52187,1
2013,12.01972,8.57861,1
2013,12.02329,8.53653,1
2013,12.02398,8.5364,1
2013,12.05074,29.6602,1
2013,12.05719,24.8787,3
2013,12.06994,124.6003,1
2013,12.07606,13.19091,1
2013,12.07822,25.44434,1
2013,12.10278,123.94139,1
2013,12.10385,78.48864,1
2013,12.10915,13.20465,1
2013,12.11184,79.55704,1
2013,12.1165,123.88332,1
2013,12.1174,78.16292,1
2013,12.12052,13.17404,1
2013,12.12258,12.80926,1
2013,12.12561,13.18757,1
2013,12.12946,78.1581,1
2013,12.14372,30.78958,1
2013,12.14394,124.89314,1
2013,12.14901,9.16936,1
2013,12.14918,9.16979,1
2013,12.15,13.91667,1
2013,12.15136,9.16318,1
2013,12.15466,11.77422,1
2013,12.18714,11.70683,2
2013,12.19222,123.89028,1
2013,12.19876,124.61286,1
2013,12.20111,124.61722,1
2013,12.20351,14.01755,1
2013,12.22461,123.7844,1
2013,12.2298,79.07372,1
2013,12.25606,123.74206,1
2013,12.267,125.371,2
2013,12.33333,23.41667,2
2013,12.3377,123.6591,1
2013,12.3395,125.03386,1
2013,12.34626,14.18469,1
2013,12.34872,121.0658,1
2013,12.35462,29.24616,1
2013,12.35947,14.21093,2
2013,12.36627,13.82887,2
2013,12.37368,-1.53698,1
2013,12.45747,30.75176,1
2013,12.46667,-16.38333,1
2013,12.48083,124.42222,1
2013,12.48694,13.2086,1
2013,12.59709,-16.2478,1
2013,12.60775,124.05778,1
2013,12.61555,124.05756,1
2013,12.62517,75.84991,1
2013,12.63972,8.05028,1
2013,12.64625,-7.99869,1
2013,12.67409,13.61115,5
2013,12.68188,123.88859,1
2013,12.6905,24.99405,1
2013,12.70201,124.03544,1
2013,12.71533,124.05672,1
2013,12.71739,24.90056,2
2013,12.7863,23.28181,1
2013,12.78708,13.87665,1
2013,12.83672,44.92206,1
2013,12.84453,79.13682,1
2013,12.84636,23.0012,2
2013,12.84908,45.03728,20
2013,12.85507,24.11224,1
2013,12.85833,8.64275,1
2013,12.86714,44.98396,7
2013,12.87324,11.04634,1
2013,12.87339,11.0426,2
2013,12.87402,124.00908,1
2013,12.87444,124.01073,1
2013,12.87473,11.04037,1
2013,12.88425,44.97202,1
2013,12.88585,11.93008,1
2013,12.89063,44.97663,1
2013,12.89255,11.926,1
2013,12.903,123.247,1
2013,12.91545,79.13475,1
2013,12.92018,124.12278,1
2013,12.93333,-16.73333,1
2013,12.94197,22.86784,1
2013,13.00389,124.00052,1
2013,13.00807,77.57033,1
2013,13.02844,80.26213,1
2013,13.0333,80.26867,1
2013,13.03639,8.31778,6
2013,13.03758,124.12248,1
2013,13.04241,12.54414,1
2013,13.05493,44.87801,1
2013,13.05702,5.24574,1
2013,13.0634,44.88088,5
2013,13.071,123.598,1
2013,13.09221,123.50062,1
2013,13.09294,7.95003,1
2013,13.09826,123.70986,1
2013,13.10238,123.51199,1
2013,13.10243,123.70012,1
2013,13.11151,5.41384,1
2013,13.1199,13.85496,2
2013,13.12973,45.38557,4
2013,13.14368,44.84533,1
2013,13.14896,44.85055,9
2013,13.15438,44.85083,1
2013,13.16587,123.63861,1
2013,13.21595,123.51667,1
2013,13.2194,45.30784,3
2013,13.26553,100.96375,1
2013,13.31484,25.08894,1
2013,13.33333,45.38333,1
2013,13.34072,45.29711,2
2013,13.3576,45.69648,1
2013,13.37129,75.19831,1
2013,13.37709,121.16457,1
2013,13.41312,43.63753,1
2013,13.43007,44.82598,1
2013,13.46667,44.99,1
2013,13.51267,2.11252,1
2013,13.51633,46.71105,2
2013,13.51833,44.86611,1
2013,13.52051,2.11172,1
2013,13.53253,44.84967,1
2013,13.56083,46.15639,2
2013,13.56667,44.03333,1
2013,13.58444,43.6675,1
2013,13.58648,44.0241,11
2013,13.61817,13.26524,1
2013,13.6242,25.34498,1
2013,13.6273,46.05975,1
2013,13.63121,44.01074,1
2013,13.63434,46.05632,7
2013,13.63434,46.05704,1
2013,13.64065,46.057,1
2013,13.64111,124.30083,1
2013,13.64767,24.09633,1
2013,13.6594,75.95113,1
2013,13.69667,44.73083,1
2013,13.70266,44.73357,6
2013,13.70999,124.24216,1
2013,13.71671,44.09695,1
2013,13.72604,46.10644,1
2013,13.72944,123.535,1
2013,13.76506,121.05795,1
2013,13.78528,100.66917,1
2013,13.78579,100.56085,9
2013,13.79438,120.99843,1
2013,13.79812,79.04375,1
2013,13.80498,44.77564,3
2013,13.80721,121.04265,1
2013,13.80874,44.77869,1
2013,13.81667,122.78333,1
2013,13.81712,44.6842,1
2013,13.81862,122.78985,1
2013,13.82389,124.19417,1
2013,13.83566,120.64927,1
2013,13.84329,44.75975,2
2013,13.84908,120.99067,1
2013,13.85072,46.20156,1
2013,13.85097,46.20386,1
2013,13.85141,45.79056,1
2013,13.86194,45.20139,1
2013,13.86664,100.49634,1
2013,13.87358,-90.09391,1
2013,13.88291,45.86688,1
2013,13.8874,45.86365,4
2013,13.89241,45.88317,1
2013,13.89598,124.1502,1
2013,13.89928,124.26842,1
2013,13.91847,120.87852,1
2013,13.92892,46.0794,1
2013,13.93082,46.07991,1
2013,13.93167,120.82389,1
2013,13.94188,121.16442,2
2013,13.95,44.18333,1
2013,13.96294,45.46502,1
2013,13.96667,44.16667,1
2013,13.96695,44.00226,1
2013,13.98002,48.18915,4
2013,13.98501,45.55848,3
2013,13.99023,48.18108,1
2013,14.01727,121.40184,1
2013,14.02069,99.98054,1
2013,14.03027,44.17592,1
2013,14.05,47.9,1
2013,14.06212,46.91498,1
2013,14.06306,121.24806,1
2013,14.06421,121.32334,1
2013,14.07357,120.635,1
2013,14.07864,122.96368,1
2013,14.08306,122.78139,1
2013,14.08684,44.67139,1
2013,14.09662,43.85036,1
2013,14.09829,120.94171,1
2013,14.09998,48.71702,1
2013,14.10599,45.44804,1
2013,14.1186,44.74783,1
2013,14.1328,-87.12239,1
2013,14.1419,44.24426,1
2013,14.19616,121.12455,1
2013,14.19932,121.30724,1
2013,14.20188,121.13764,1
2013,14.20979,24.6574,2
2013,14.21323,44.561,1
2013,14.21839,120.97295,1
2013,14.23993,121.13749,1
2013,14.24042,45.47748,1
2013,14.26815,46.909,1
2013,14.27254,121.45314,1
2013,14.27977,47.57534,1
2013,14.28418,-89.89281,1
2013,14.28518,46.8656,1
2013,14.3083,121.10676,1
2013,14.32418,45.4373,1
2013,14.32666,47.44721,2
2013,14.33624,44.90513,1
2013,14.34611,120.98056,1
2013,14.35887,45.44981,8
2013,14.35899,45.44981,1
2013,14.36019,45.44452,1
2013,14.36152,45.44746,1
2013,14.36594,45.451,1
2013,14.37083,45.45276,1
2013,14.37828,24.90422,1
2013,14.4,47.93333,1
2013,14.41399,44.83742,10
2013,14.41667,44.83333,1
2013,14.4216,-91.40482,1
2013,14.42179,120.91017,1
2013,14.42653,44.84359,1
2013,14.42703,46.15062,1
2013,14.43,44.84,1
2013,14.44366,79.98662,1
2013,14.44898,120.95052,1
2013,14.45031,120.95002,1
2013,14.46094,120.96587,1
2013,14.47475,49.03429,1
2013,14.47913,120.89696,1
2013,14.5147,121.06605,1
2013,14.53095,121.00426,1
2013,14.5311,46.83962,1
2013,14.53266,-91.50059,1
2013,14.53639,46.83306,3
2013,14.53656,46.83325,1
2013,14.54397,49.12458,11
2013,14.55046,44.39771,2
2013,14.56333,46.83167,1
2013,14.58423,121.03904,1
2013,14.59935,120.98477,3
2013,14.60296,121.03382,1
2013,14.61687,120.56761,1
2013,14.62305,-4.00024,1
2013,14.6338,-3.41955,1
2013,14.63445,121.12448,1
2013,14.63808,43.05512,1
2013,14.67428,121.0575,5
2013,14.71645,44.24585,2
2013,14.73477,48.80051,1
2013,14.73619,121.15304,1
2013,14.7425,121.64944,1
2013,14.74567,46.52118,2
2013,14.74832,46.51526,1
2013,14.74989,120.97393,1
2013,14.75364,46.51526,1
2013,14.75364,46.51568,1
2013,14.75463,46.51626,4
2013,14.76976,49.37427,5
2013,14.78114,43.17434,1
2013,14.79499,44.29466,1
2013,14.79818,45.71736,1
2013,14.83337,43.2279,1
2013,14.88,120.70839,1
2013,14.9,120.71667,1
2013,14.93843,120.9277,1
2013,14.97563,121.06839,1
2013,14.99868,120.65237,1
2013,15.0685,45.85172,1
2013,15.07843,-89.43639,1
2013,15.08092,45.85892,1
2013,15.11833,0.66306,1
2013,15.1703,46.0274,1
2013,15.18517,44.49366,1
2013,15.26056,120.97194,1
2013,15.29611,120.96554,1
2013,15.30538,43.01611,1
2013,15.32544,44.2119,64
2013,15.33466,45.11626,1
2013,15.34246,-84.59241,1
2013,15.34649,45.11932,3
2013,15.34807,45.16502,1
2013,15.35571,44.48044,2
2013,15.36994,120.96216,1
2013,15.38745,76.03847,1
2013,15.3983,45.45455,1
2013,15.40619,45.10188,1
2013,15.40723,45.09034,1
2013,15.41604,45.19132,1
2013,15.41667,48.53333,1
2013,15.42373,45.45693,1
2013,15.44143,44.98342,1
2013,15.44989,45.01869,8
2013,15.45,45.33333,2
2013,15.45032,45.01902,1
2013,15.45033,45.01982,2
2013,15.45666,45.01471,1
2013,15.45928,45.42954,2
2013,15.4598,45.42778,2
2013,15.46056,45.48131,1
2013,15.46667,44.95,1
2013,15.47416,45.38558,1
2013,15.47544,0.70741,1
2013,15.4778,45.55121,1
2013,15.48875,43.76324,1
2013,15.49306,45.46464,1
2013,15.5,120.84389,1
2013,15.51204,45.44994,1
2013,15.51589,45.44981,4
2013,15.51622,45.44981,1
2013,15.5172,45.43902,2
2013,15.5172,45.46057,1
2013,15.51985,45.4418,1
2013,15.52596,45.58044,1
2013,15.52855,119.9608,1
2013,15.53044,45.44726,1
2013,15.54345,120.59589,1
2013,15.54535,45.40037,1
2013,15.55954,45.48572,1
2013,15.57414,45.80565,1
2013,15.59442,44.98981,1
2013,15.61667,45.3,3
2013,15.62304,45.466,1
2013,15.6442,45.466,2
2013,15.65139,73.85052,1
2013,15.65985,43.94434,1
2013,15.66682,0.50853,1
2013,15.68653,43.59722,1
2013,15.69772,79.79425,1
2013,15.71704,-4.90009,1
2013,15.7662,24.90422,4
2013,15.82128,-1.30057,3
2013,15.8402,48.45438,2
2013,15.89002,48.43025,2
2013,15.91443,2.39737,4
2013,15.91492,48.65074,1
2013,15.91643,120.18483,1
2013,15.93444,120.3725,1
2013,15.94001,48.78975,6
2013,15.94053,120.20329,1
2013,15.94104,48.78009,3
2013,15.94218,48.77721,1
2013,15.94251,48.78202,1
2013,15.97998,120.56977,1
2013,15.98443,120.81348,1
2013,16.0,48.5,4
2013,16.00591,120.23315,1
2013,16.01216,43.2105,1
2013,16.0325,120.15306,1
2013,16.06268,43.29758,1
2013,16.06734,120.668,1
2013,16.0766,43.3414,1
2013,16.0786,2.40091,1
2013,16.10388,43.27746,1
2013,16.11806,43.32947,1
2013,16.12235,43.32965,1
2013,16.13616,47.23394,1
2013,16.13703,-3.74511,1
2013,16.23123,44.59219,1
2013,16.23429,43.97843,1
2013,16.25692,43.94368,2
2013,16.26667,-0.05,1
2013,16.27329,-0.05069,7
2013,16.27372,-0.05042,4
2013,16.35,121.7,1
2013,16.4021,43.05595,1
2013,16.46213,48.9592,2
2013,16.53333,1.51667,1
2013,16.6,-0.1,1
2013,16.63722,120.44556,1
2013,16.71498,121.55372,1
2013,16.75,0.58333,2
2013,16.75,121.75,1
2013,16.75366,121.03983,1
2013,16.75775,-2.99936,4
2013,16.84765,43.94368,1
2013,16.85186,43.93115,1
2013,16.85975,43.94214,1
2013,16.86667,120.78333,1
2013,16.87042,43.42969,1
2013,16.87618,43.8065,1
2013,16.88778,96.14956,4
2013,16.88782,43.44287,1
2013,16.8884,44.2738,1
2013,16.88866,1.48144,1
2013,16.88981,43.80798,5
2013,16.89135,43.79876,1
2013,16.89379,43.80321,1
2013,16.89383,43.8027,1
2013,16.90663,1.52086,1
2013,16.90968,49.37084,1
2013,16.90968,49.4038,3
2013,16.91494,49.36621,1
2013,16.91749,43.76241,3
2013,16.9202,49.36077,1
2013,16.9202,49.37084,1
2013,16.92545,49.38824,1
2013,16.93041,49.36532,5
2013,16.9307,49.34887,1
2013,16.96594,43.79588,1
2013,16.97178,7.99176,1
2013,16.98301,122.01667,1
2013,16.99585,120.82008,1
2013,17.033,121.7986,1
2013,17.04146,44.10729,1
2013,17.04154,44.10729,1
2013,17.04874,121.83424,1
2013,17.04878,121.83349,1
2013,17.05423,-96.71323,1
2013,17.05762,43.97078,1
2013,17.08333,120.9,1
2013,17.25228,120.44094,1
2013,17.36572,78.46138,1
2013,17.37681,78.48781,2
2013,17.41174,121.43845,1
2013,17.4273,121.4352,1
2013,17.46151,121.79435,1
2013,17.49644,121.16,1
2013,17.49772,-88.18683,1
2013,17.6,121.36667,1
2013,17.65429,120.71816,1
2013,17.83768,81.42903,1
2013,17.87076,82.351,1
2013,17.92719,80.90593,1
2013,17.92931,120.47,1
2013,17.94092,81.53139,1
2013,17.98272,120.6506,1
2013,18.05,120.68333,2
2013,18.05583,81.93302,1
2013,18.06669,121.65,1
2013,18.08908,120.78807,1
2013,18.10871,82.10879,1
2013,18.13553,81.70094,1
2013,18.13924,81.85239,1
2013,18.15345,81.50895,1
2013,18.16667,120.65,1
2013,18.19604,80.97773,2
2013,18.1974,120.59068,1
2013,18.19972,120.63289,1
2013,18.22567,121.55927,1
2013,18.22625,121.55582,1
2013,18.23679,81.18309,1
2013,18.23686,81.1832,1
2013,18.24611,121.79111,1
2013,18.249,121.87878,1
2013,18.25356,120.61061,1
2013,18.25726,81.299,1
2013,18.28413,81.21428,1
2013,18.30243,80.552,1
2013,18.30417,82.0664,1
2013,18.33994,81.18398,1
2013,18.3512,-0.28953,1
2013,18.35249,81.95348,5
2013,18.35542,81.83374,1
2013,18.3563,81.8906,1
2013,18.36353,81.89525,2
2013,18.39096,81.66232,1
2013,18.39101,81.65693,1
2013,18.39113,81.65927,4
2013,18.39127,81.66129,1
2013,18.39134,81.65966,1
2013,18.39428,81.66264,1
2013,18.40144,81.94931,1
2013,18.4427,1.41133,12
2013,18.47269,82.31917,1
2013,18.50036,83.04822,1
2013,18.51868,73.85725,1
2013,18.54383,82.22244,1
2013,18.54773,82.2194,1
2013,18.54912,1.92314,1
2013,18.56111,80.9204,1
2013,18.60652,81.96985,1
2013,18.68473,80.98924,1
2013,18.69544,81.222,1
2013,18.7017,82.22267,1
2013,18.71832,81.2662,1
2013,18.73667,7.39151,1
2013,18.75006,80.68333,1
2013,18.75974,73.59666,1
2013,18.77372,81.33133,1
2013,18.8,80.8167,6
2013,18.80094,80.81675,1
2013,18.8106,80.8257,1
2013,18.81369,80.83429,1
2013,18.81524,82.7121,1
2013,18.85075,81.30418,1
2013,18.86032,81.86753,1
2013,18.86551,81.87422,1
2013,18.89947,81.53313,1
2013,18.9,81.35,4
2013,18.9002,81.3498,1
2013,18.93333,96.43333,1
2013,18.93613,83.25191,1
2013,18.94275,72.82725,1
2013,19.02128,83.2802,2
2013,19.02138,83.28003,2
2013,19.0413,83.18496,1
2013,19.12246,81.52193,1
2013,19.14332,81.57609,1
2013,19.1774,83.5837,1
2013,19.1883,83.43974,1
2013,19.20348,81.93453,1
2013,19.33202,80.6542,1
2013,19.41317,80.00337,1
2013,19.43261,-99.13321,1
2013,19.56285,-70.86778,1
2013,19.6,81.6667,1
2013,19.63954,79.47496,1
2013,19.68019,81.05249,1
2013,19.70337,81.25448,1
2013,19.71145,81.24885,1
2013,19.7126,82.98812,1
2013,19.71488,83.25198,1
2013,19.72353,81.24241,2
2013,19.73948,81.25753,2
2013,19.74003,83.19194,1
2013,19.74445,2.30245,1
2013,19.87616,75.34331,1
2013,19.90139,81.56787,1
2013,19.91368,80.98743,1
2013,19.96407,80.99712,1
2013,19.97487,81.0533,1
2013,20.07306,81.59159,1
2013,20.09352,81.16205,1
2013,20.18184,80.00684,3
2013,20.19071,86.34056,1
2013,20.19901,81.07547,1
2013,20.2079,81.25188,2
2013,20.20808,81.22971,1
2013,20.24468,80.28276,1
2013,20.2448,80.28293,1
2013,20.25207,0.98153,3
2013,20.26155,81.46008,2
2013,20.27172,80.30948,1
2013,20.3972,82.8829,1
2013,20.4277,86.01128,1
2013,20.458,85.90937,1
2013,20.53132,82.48069,1
2013,20.54244,82.55461,2
2013,20.5659,82.45903,1
2013,20.63343,82.0608,1
2013,20.63375,82.06098,1
2013,20.64716,-103.41449,1
2013,20.73637,82.49692,1
2013,21.07968,80.43822,1
2013,21.0971,81.03022,1
2013,21.09754,81.03778,2
2013,21.11021,73.39699,1
2013,21.11742,24.73263,1
2013,21.15676,-86.84245,1
2013,21.29811,80.59661,1
2013,21.42559,83.24168,1
2013,21.57001,83.0402,1
2013,21.88071,95.98451,2
2013,21.96979,96.0874,1
2013,21.97436,96.08339,1
2013,21.975,96.08333,1
2013,22.0,88.43333,1
2013,22.10266,85.05322,1
2013,22.10462,88.31907,1
2013,22.10882,85.29112,1
2013,22.1167,84.0333,1
2013,22.25865,71.19238,1
2013,22.29033,90.17965,1
2013,22.3373,89.10865,1
2013,22.33811,98.21033,1
2013,22.3419,91.81512,2
2013,22.46254,85.52002,2
2013,22.46688,85.51712,1
2013,22.4854,85.51519,1
2013,22.49624,84.5085,1
2013,22.52053,91.1353,1
2013,22.55173,88.35234,1
2013,22.56539,86.48936,1
2013,22.58527,87.0497,1
2013,22.59574,88.26368,1
2013,22.6,84.6,1
2013,22.60721,84.50153,1
2013,22.61097,84.50243,1
2013,22.61617,85.81534,1
2013,22.7429,85.33587,1
2013,22.74334,85.33557,1
2013,22.8002,88.48628,1
2013,22.82987,88.04242,1
2013,22.8341,89.5329,1
2013,22.84564,89.54033,2
2013,22.90021,92.25452,1
2013,22.94093,90.83535,1
2013,22.9454,90.83416,1
2013,22.98676,87.85498,1
2013,22.9919,91.23373,1
2013,23.00616,85.41132,1
2013,23.01427,91.39852,1
2013,23.02364,85.1894,1
2013,23.0408,91.8733,1
2013,23.04151,84.54449,1
2013,23.0474,84.54207,1
2013,23.04917,84.54167,1
2013,23.05067,85.20151,1
2013,23.09994,46.20483,1
2013,23.10879,91.88954,1
2013,23.1354,84.24784,1
2013,23.13583,84.24017,1
2013,23.16396,89.213,1
2013,23.17627,84.35198,1
2013,23.23243,87.86373,1
2013,23.24142,84.50373,1
2013,23.25993,77.41262,1
2013,23.35,85.33,1
2013,23.39583,84.23852,1
2013,23.41111,98.64381,1
2013,23.42096,84.5779,1
2013,23.4333,84.6833,1
2013,23.46391,85.45634,1
2013,23.4708,88.54663,1
2013,23.47542,89.1706,1
2013,23.48238,84.36177,1
2013,23.48545,89.41977,1
2013,23.52044,87.31192,1
2013,23.52706,87.89907,1
2013,23.5272,88.79794,1
2013,23.59294,80.90311,1
2013,23.61433,85.2301,1
2013,23.68454,90.50218,1
2013,23.70059,92.48466,1
2013,23.70552,87.0766,1
2013,23.71924,92.4147,1
2013,23.7302,84.29652,2
2013,23.73073,87.65565,1
2013,23.7438,84.50434,1
2013,23.74419,84.50443,1
2013,23.75518,84.35556,1
2013,23.75558,84.3542,1
2013,23.75579,84.35431,1
2013,23.75644,84.35573,3
2013,23.79128,90.4182,78
2013,23.8052,88.67236,2
2013,23.80592,86.41551,1
2013,23.83146,91.28678,1
2013,23.83294,97.68115,1
2013,23.8332,97.68401,1
2013,23.83428,97.6821,1
2013,23.8467,91.90992,1
2013,23.84879,85.60777,1
2013,23.85146,91.99272,1
2013,23.88568,90.40269,1
2013,23.90216,84.60124,1
2013,23.9192,90.71754,1
2013,23.92449,84.60081,1
2013,23.92656,84.2562,1
2013,23.9333,88.25,1
2013,23.93702,90.29136,1
2013,23.94382,85.79008,1
2013,23.95582,91.11094,1
2013,23.96618,91.09824,1
2013,23.96649,91.1106,7
2013,23.96806,91.11388,2
2013,23.96853,91.11406,2
2013,23.9918,90.28007,1
2013,24.00697,93.55779,1
2013,24.02708,86.02572,1
2013,24.03571,84.47764,1
2013,24.04709,85.35533,1
2013,24.04787,90.23795,1
2013,24.07225,83.83387,1
2013,24.08369,90.3331,1
2013,24.08894,32.89983,1
2013,24.12861,84.18571,2
2013,24.1296,84.18561,1
2013,24.13673,84.18506,1
2013,24.15177,84.85898,1
2013,24.15263,84.85679,1
2013,24.16756,88.27082,1
2013,24.18,88.27,1
2013,24.19969,23.28378,1
2013,24.20424,84.87094,1
2013,24.21323,94.31404,1
2013,24.21475,94.26881,1
2013,24.22442,88.24725,1
2013,24.2357,94.06746,1
2013,24.25084,94.3008,1
2013,24.25399,94.29434,1
2013,24.30357,94.25415,1
2013,24.30375,94.25449,1
2013,24.31613,87.26126,1
2013,24.33113,93.73064,1
2013,24.34303,94.19934,1
2013,24.34712,92.65328,1
2013,24.34885,94.05222,1
2013,24.35,93.7,1
2013,24.35939,91.86461,1
2013,24.36126,87.41842,1
2013,24.36402,88.6664,1
2013,24.36649,88.59922,1
2013,24.3816,88.60798,2
2013,24.40976,84.52517,1
2013,24.41153,94.05902,1
2013,24.45009,94.02612,1
2013,24.45012,94.02323,1
2013,24.46744,92.55713,1
2013,24.4833,86.7,1
2013,24.5051,84.89718,1
2013,24.50881,93.76002,1
2013,24.51996,85.14045,1
2013,24.52959,94.20411,1
2013,24.54355,93.96744,1
2013,24.58193,94.08488,1
2013,24.58543,92.58913,2
2013,24.58635,88.26661,1
2013,24.58897,88.57665,1
2013,24.59014,92.3826,1
2013,24.59333,89.03521,1
2013,24.59935,94.03903,1
2013,24.60918,94.04914,1
2013,24.6162,94.0077,1
2013,24.61816,94.01299,1
2013,24.62886,93.76129,1
2013,24.65247,94.06914,1
2013,24.65466,93.44777,1
2013,24.65606,84.43565,8
2013,24.66231,93.98148,1
2013,24.66372,93.90627,4
2013,24.66644,94.06596,1
2013,24.68009,94.04845,1
2013,24.68057,93.94194,1
2013,24.69046,93.90372,1
2013,24.69627,84.98926,6
2013,24.70652,93.93046,1
2013,24.72356,94.48656,1
2013,24.72727,93.3727,1
2013,24.72742,93.37316,1
2013,24.73615,93.21757,1
2013,24.7448,93.88061,1
2013,24.74984,93.88693,1
2013,24.7499,84.3709,2
2013,24.75,84.37,1
2013,24.751,67.92586,1
2013,24.76815,93.89349,1
2013,24.77333,86.06876,1
2013,24.77725,94.06322,1
2013,24.78278,93.8859,2
2013,24.78706,93.85635,1
2013,24.79142,93.3835,1
2013,24.79573,84.99972,2
2013,24.79792,93.94052,39
2013,24.80035,93.0206,1
2013,24.80071,94.05865,1
2013,24.80189,93.12336,1
2013,24.80321,93.016,1
2013,24.8036,120.9644,1
2013,24.80834,84.7917,1
2013,24.8306,84.08673,1
2013,24.83286,94.53438,1
2013,24.8435,89.3763,3
2013,24.84727,89.37394,1
2013,24.8528,94.01115,1
2013,24.85599,94.51092,1
2013,24.86054,88.01825,1
2013,24.8609,88.01726,1
2013,24.86938,94.0367,1
2013,24.87012,92.34993,1
2013,24.87154,86.20711,1
2013,24.88513,84.87419,1
2013,24.88597,94.09633,1
2013,24.88764,93.89988,1
2013,24.89112,67.14331,343
2013,24.89338,67.02806,1
2013,24.89702,91.86968,1
2013,24.89706,67.03396,1
2013,24.9161,93.89714,1
2013,24.92326,86.22024,1
2013,24.92552,86.22085,1
2013,24.92754,86.2205,1
2013,24.93128,94.47647,1
2013,24.93159,93.87042,1
2013,24.94173,94.21312,1
2013,24.95025,86.17518,3
2013,24.95561,84.48729,1
2013,24.95727,94.11476,1
2013,24.96015,66.92587,1
2013,24.96016,66.92583,1
2013,24.96658,93.8808,1
2013,24.9667,121.433,1
2013,24.97765,84.65581,1
2013,24.97855,32.87582,1
2013,24.9824,93.86998,1
2013,24.98839,93.49534,1
2013,25.00636,94.02804,1
2013,25.02293,90.02006,1
2013,25.029,66.882,1
2013,25.03866,93.95469,1
2013,25.04245,88.13875,1
2013,25.04445,68.65288,1
2013,25.04454,66.87468,5
2013,25.05006,67.02263,2
2013,25.05184,86.19008,1
2013,25.06,-77.345,1
2013,25.09355,94.36177,1
2013,25.09539,94.36165,7
2013,25.09749,94.37134,1
2013,25.10486,82.86776,1
2013,25.1458,62.32656,6
2013,25.14653,88.07167,1
2013,25.19349,90.63463,1
2013,25.19761,86.54027,2
2013,25.21086,88.19238,2
2013,25.22423,90.377,2
2013,25.22533,64.62532,1
2013,25.23944,56.36056,1
2013,25.24175,86.92854,2
2013,25.26786,63.46099,5
2013,25.2751,94.02532,1
2013,25.27639,94.02868,1
2013,25.2915,88.38498,1
2013,25.29194,60.64306,1
2013,25.31252,86.49076,1
2013,25.32033,94.15138,1
2013,25.3232,90.17891,1
2013,25.32589,91.2506,1
2013,25.3301,90.56361,4
2013,25.35467,68.28357,5
2013,25.38929,68.35734,27
2013,25.39366,63.14306,1
2013,25.40773,64.24963,1
2013,25.4163,68.28672,1
2013,25.41847,91.74362,1
2013,25.46195,90.91451,1
2013,25.4627,81.87096,1
2013,25.46703,91.36622,1
2013,25.49544,90.61679,1
2013,25.49546,90.61682,2
2013,25.5,90.33333,1
2013,25.50116,90.69078,1
2013,25.51349,90.20391,1
2013,25.51407,90.20321,1
2013,25.51519,62.00304,1
2013,25.51799,69.01267,1
2013,25.54078,85.26841,1
2013,25.54284,-103.40679,1
2013,25.54568,90.42927,1
2013,25.54728,90.23191,1
2013,25.54944,90.32694,1
2013,25.55272,87.57245,1
2013,25.55757,90.22798,2
2013,25.56095,91.86852,1
2013,25.56145,94.14498,1
2013,25.56241,91.28963,1
2013,25.56656,90.22648,1
2013,25.56717,90.52578,1
2013,25.56764,90.52714,1
2013,25.56794,90.22447,1
2013,25.56796,91.29618,1
2013,25.57046,90.21838,1
2013,25.57822,91.87498,1
2013,25.57877,91.89325,2
2013,25.58066,90.5745,1
2013,25.58069,90.8867,1
2013,25.58766,96.26983,1
2013,25.58781,90.02333,1
2013,25.6071,91.88392,1
2013,25.61022,85.14166,1
2013,25.61184,85.14552,10
2013,25.64153,97.62365,1
2013,25.64988,90.26022,1
2013,25.66342,94.47032,1
2013,25.72759,68.67545,1
2013,25.74681,91.88917,1
2013,25.74981,89.25737,1
2013,25.7501,90.66308,1
2013,25.75012,89.25528,1
2013,25.75183,85.25626,1
2013,25.76277,68.66436,1
2013,25.76534,68.66213,1
2013,25.79494,62.54358,1
2013,25.79846,68.27981,1
2013,25.79926,62.5443,1
2013,25.8206,90.78705,2
2013,25.82832,68.38006,1
2013,25.8345,66.52179,1
2013,25.85316,92.88262,1
2013,25.86061,90.51514,1
2013,25.89876,68.52001,1
2013,25.90494,93.72912,1
2013,25.90617,93.72637,1
2013,25.90627,93.72759,2
2013,25.90705,90.77289,1
2013,25.90714,90.77303,1
2013,25.9157,94.43289,1
2013,25.95526,90.10133,1
2013,25.96073,93.49747,1
2013,25.97258,90.54686,1
2013,25.97461,92.90984,1
2013,25.98364,90.78295,4
2013,25.99234,89.28472,1
2013,25.99941,63.04745,23
2013,26.00008,90.40705,1
2013,26.00862,63.89123,1
2013,26.02086,93.77817,1
2013,26.02856,68.54635,1
2013,26.0316,50.5129,1
2013,26.03537,90.14824,1
2013,26.04617,90.20166,2
2013,26.04856,90.20073,1
2013,26.0488,32.24031,1
2013,26.05247,90.55862,1
2013,26.06434,50.50405,1
2013,26.06805,62.71475,1
2013,26.07251,90.58868,8
2013,26.07348,62.72052,2
2013,26.09425,94.25899,1
2013,26.0977,89.97245,1
2013,26.09827,65.47574,8
2013,26.09884,65.47871,1
2013,26.09918,50.48525,1
2013,26.10119,65.47216,1
2013,26.10288,62.36894,3
2013,26.11563,62.03764,6
2013,26.1189,50.50221,2
2013,26.12089,85.36472,1
2013,26.12378,50.46959,1
2013,26.12382,50.46963,1
2013,26.12416,85.36477,1
2013,26.13,50.555,1
2013,26.13409,50.59801,1
2013,26.13545,50.61421,1
2013,26.13556,50.60017,2
2013,26.13905,50.52779,1
2013,26.1418,91.64236,1
2013,26.14979,91.76393,2
2013,26.1502,50.5824,1
2013,26.15308,83.33241,1
2013,26.15386,64.46619,1
2013,26.15544,63.0144,1
2013,26.15606,63.01476,1
2013,26.15728,63.01609,1
2013,26.1579,63.01166,1
2013,26.16296,93.46536,1
2013,26.1653,63.02765,1
2013,26.16822,50.5718,1
2013,26.16908,50.61428,5
2013,26.16946,90.61958,1
2013,26.17324,50.55097,2
2013,26.17533,68.43021,1
2013,26.17608,63.8993,1
2013,26.18076,93.58792,1
2013,26.18472,50.467,2
2013,26.18889,50.55,1
2013,26.18963,91.80746,1
2013,26.19179,50.48464,1
2013,26.20002,50.46327,1
2013,26.20455,50.53455,2
2013,26.21038,50.46233,2
2013,26.21582,50.44972,1
2013,26.217,50.58742,6
2013,26.21735,50.50426,1
2013,26.21879,50.53378,1
2013,26.21912,50.46448,1
2013,26.22264,50.51602,1
2013,26.2237,50.53663,1
2013,26.22642,90.00084,1
2013,26.22656,50.54591,1
2013,26.24196,68.39929,2
2013,26.25386,50.6137,1
2013,26.25728,93.0127,1
2013,26.2632,89.70644,1
2013,26.27064,50.64074,1
2013,26.27374,89.72856,1
2013,26.28323,50.6315,3
2013,26.31243,92.53738,1
2013,26.31623,87.23695,1
2013,26.33045,90.28339,1
2013,26.35787,93.77738,1
2013,26.36284,90.26656,1
2013,26.37662,92.35647,1
2013,26.39802,90.26942,3
2013,26.40178,62.92364,2
2013,26.43353,92.03088,2
2013,26.45044,80.33338,1
2013,26.45734,65.23111,1
2013,26.46524,94.05675,1
2013,26.46667,87.26667,1
2013,26.46948,89.8049,1
2013,26.47947,90.55687,4
2013,26.49184,89.52686,1
2013,26.49598,90.70251,3
2013,26.50376,90.54712,1
2013,26.51661,90.13679,1
2013,26.52296,88.71922,1
2013,26.52638,67.78769,1
2013,26.53751,91.73191,2
2013,26.55119,82.65652,1
2013,26.55478,50.00452,2
2013,26.56114,50.007,1
2013,26.57548,93.89327,1
2013,26.57701,93.17165,2
2013,26.58735,49.98415,1
2013,26.60403,90.23963,1
2013,26.60976,92.95991,1
2013,26.61336,67.69896,1
2013,26.61343,87.44559,1
2013,26.61677,86.70193,1
2013,26.62078,86.70344,1
2013,26.63532,91.68755,1
2013,26.63755,90.64405,5
2013,26.63932,90.47629,1
2013,26.63982,87.89424,1
2013,26.645,86.62477,1
2013,26.64516,86.62477,1
2013,26.64651,87.89459,1
2013,26.6499,85.79708,1
2013,26.65555,86.20837,1
2013,26.65603,86.20885,1
2013,26.65715,92.10206,11
2013,26.65828,87.41708,1
2013,26.65859,87.4969,1
2013,26.6605,67.99161,1
2013,26.66111,87.41777,1
2013,26.66173,79.1807,1
2013,26.66288,91.35472,1
2013,26.66372,87.27362,1
2013,26.66667,64.25,1
2013,26.6931,67.61556,1
2013,26.69646,84.89587,1
2013,26.72599,64.15375,1
2013,26.72939,67.77745,2
2013,26.72944,67.77293,2
2013,26.72983,67.77517,1
2013,26.73089,64.14599,1
2013,26.73218,85.92497,1
2013,26.73267,85.92479,1
2013,26.73335,64.11578,1
2013,26.7358,64.14831,1
2013,26.7371,64.14782,1
2013,26.73825,64.14874,1
2013,26.74547,92.0957,1
2013,26.75039,64.19637,1
2013,26.75042,94.21636,1
2013,26.78815,87.58901,1
2013,26.7957,86.2971,3
2013,26.79926,84.62053,1
2013,26.8113,87.26892,1
2013,26.841,68.11928,1
2013,26.84138,63.53011,1
2013,26.84651,80.94668,1
2013,26.86328,64.16473,1
2013,26.86328,66.81244,1
2013,26.86554,68.36672,1
2013,26.86872,92.78094,1
2013,26.87148,87.93415,1
2013,26.88701,68.28071,1
2013,26.90448,65.57471,1
2013,26.91126,65.57078,4
2013,26.91371,65.45863,1
2013,26.92165,94.75659,1
2013,26.95635,70.80048,1
2013,26.96649,85.55654,1
2013,26.97214,64.11457,12
2013,26.97999,94.63,1
2013,26.98041,87.34553,1
2013,26.98276,87.34064,1
2013,26.98541,64.05509,2
2013,26.98588,85.89177,1
2013,26.99772,64.11574,1
2013,27.02287,14.44122,9
2013,27.02674,95.02251,1
2013,27.06969,65.55468,1
2013,27.12367,65.57233,1
2013,27.13411,85.06491,1
2013,27.16372,85.06078,1
2013,27.16667,66.33333,1
2013,27.17181,87.04698,1
2013,27.18112,31.17943,1
2013,27.20627,94.15188,3
2013,27.21174,68.42006,1
2013,27.21864,14.61845,1
2013,27.29565,95.73638,1
2013,27.34255,66.36792,6
2013,27.34806,87.87333,1
2013,27.3508,68.52189,1
2013,27.35218,68.52069,1
2013,27.35454,66.37339,1
2013,27.36628,62.33494,2
2013,27.38076,62.34834,1
2013,27.4,87.65,1
2013,27.42272,85.03302,1
2013,27.44767,67.79439,1
2013,27.44851,95.52234,1
2013,27.45466,84.96684,1
2013,27.47768,94.91072,1
2013,27.47988,60.60228,1
2013,27.48018,68.08677,1
2013,27.49193,95.34783,1
2013,27.5034,66.44995,1
2013,27.50822,66.42715,3
2013,27.51314,66.44445,1
2013,27.51802,66.43347,1
2013,27.52183,68.74672,1
2013,27.52551,68.75493,1
2013,27.52563,68.74586,1
2013,27.52776,84.35281,1
2013,27.52776,84.35556,1
2013,27.52936,68.75826,1
2013,27.52974,68.75671,1
2013,27.52995,68.75814,1
2013,27.52999,60.58207,1
2013,27.53333,83.66667,1
2013,27.56008,68.21572,6
2013,27.58906,68.00286,1
2013,27.59167,68.61806,1
2013,27.60742,84.56476,1
2013,27.61292,87.14031,1
2013,27.61667,85.55,1
2013,27.61765,84.24359,1
2013,27.62183,95.766,1
2013,27.64683,14.27364,1
2013,27.64984,83.88971,1
2013,27.65892,22.49511,1
2013,27.6653,83.35352,1
2013,27.66569,83.98501,1
2013,27.66886,83.17026,1
2013,27.67233,86.04594,1
2013,27.68208,85.24892,1
2013,27.68333,84.43333,1
2013,27.68645,66.13707,1
2013,27.68662,66.19702,3
2013,27.6908,68.84859,1
2013,27.69265,68.85161,1
2013,27.69617,68.36671,1
2013,27.69842,68.842,1
2013,27.70337,83.45208,1
2013,27.70542,67.57098,1
2013,27.70542,68.84751,1
2013,27.70875,85.3295,9
2013,27.73333,82.75,1
2013,27.74222,85.3323,1
2013,27.74964,85.33182,1
2013,27.74969,85.33171,1
2013,27.75784,84.47361,1
2013,27.77682,30.78192,1
2013,27.7873,77.43712,1
2013,27.78764,77.4388,1
2013,27.78818,77.43803,1
2013,27.79148,77.43812,1
2013,27.79522,66.49108,1
2013,27.80066,66.61677,1
2013,27.80176,66.63003,1
2013,27.80708,66.62529,1
2013,27.80992,66.62095,17
2013,27.81052,66.71371,1
2013,27.82527,83.63484,1
2013,27.84124,82.73285,1
2013,27.86253,68.67494,1
2013,27.91322,65.87219,1
2013,27.91499,85.16479,1
2013,27.92987,30.83803,1
2013,27.93793,85.45303,1
2013,27.93814,85.10211,1
2013,27.93888,84.40545,1
2013,27.9447,84.22788,1
2013,27.9609,68.64205,1
2013,27.96175,68.64234,1
2013,27.97114,84.89848,5
2013,27.98293,83.03614,1
2013,27.99036,82.30177,1
2013,27.99198,65.38467,1
2013,27.9944,65.29132,1
2013,28.00204,65.28571,1
2013,28.00895,65.28854,1
2013,28.00918,67.84906,2
2013,28.01865,65.29633,1
2013,28.03242,82.52332,1
2013,28.04423,82.48608,1
2013,28.045,82.48778,2
2013,28.04673,82.80481,1
2013,28.04916,82.31263,1
2013,28.05047,82.48804,1
2013,28.05218,9.55677,1
2013,28.05606,81.62802,1
2013,28.07129,68.59464,1
2013,28.09621,65.26886,1
2013,28.10817,68.02527,1
2013,28.10823,68.02522,1
2013,28.12779,82.29501,2
2013,28.17273,85.31362,1
2013,28.20155,68.6678,2
2013,28.21729,67.51625,1
2013,28.22356,83.67918,1
2013,28.24088,33.62257,1
2013,28.24512,33.62291,1
2013,28.24517,69.1837,1
2013,28.24898,68.77708,4
2013,28.26222,84.01674,1
2013,28.27694,68.45139,3
2013,28.27702,68.44259,1
2013,28.28316,67.45157,1
2013,28.28458,67.44779,1
2013,28.28685,67.44084,1
2013,28.3068,66.33689,1
2013,28.33497,77.77989,1
2013,28.37639,69.36389,1
2013,28.38066,68.34314,5
2013,28.38643,66.22799,1
2013,28.3898,68.19084,2
2013,28.39791,68.38198,1
2013,28.41677,45.9715,1
2013,28.42688,70.30425,1
2013,28.42722,68.67083,1
2013,28.42972,68.66742,1
2013,28.43194,69.58111,1
2013,28.44937,68.19443,1
2013,28.45446,67.95644,1
2013,28.45556,77.58353,1
2013,28.45903,65.80467,1
2013,28.4611,70.2139,1
2013,28.46681,68.27408,1
2013,28.47786,66.28195,1
2013,28.49073,65.09578,3
2013,28.49125,66.26348,3
2013,28.5069,69.9597,1
2013,28.51697,65.10155,1
2013,28.51697,65.27733,1
2013,28.51866,68.54268,8
2013,28.53906,68.41933,1
2013,28.54374,68.21844,11
2013,28.54376,68.15806,1
2013,28.54532,68.26321,1
2013,28.5475,68.56306,1
2013,28.55738,68.28748,1
2013,28.5598,68.11581,1
2013,28.561,68.26247,1
2013,28.56512,66.90349,1
2013,28.57005,66.90628,1
2013,28.5737,68.2327,1
2013,28.57937,66.57689,1
2013,28.58316,65.41591,1
2013,28.58584,77.15334,1
2013,28.58736,65.42061,4
2013,28.59189,68.03982,1
2013,28.59628,81.62669,1
2013,28.59634,81.61781,1
2013,28.6029,83.33619,1
2013,28.60623,68.25314,1
2013,28.60743,68.23174,1
2013,28.60833,66.31444,1
2013,28.61342,67.48481,1
2013,28.61685,67.47066,1
2013,28.62612,68.19134,1
2013,28.62639,68.12917,1
2013,28.63127,-106.07272,2
2013,28.63331,69.19037,10
2013,28.65595,69.16747,2
2013,28.67959,33.30691,1
2013,28.68246,80.36206,2
2013,28.70324,80.58563,1
2013,28.70927,82.4861,1
2013,28.71112,82.23659,1
2013,28.71299,33.66346,1
2013,28.74806,63.85815,1
2013,28.77626,68.38161,1
2013,28.78917,64.73944,1
2013,28.83625,80.32083,1
2013,28.8375,81.70778,1
2013,28.86923,68.33442,5
2013,28.88333,64.41667,1
2013,28.88662,66.59532,1
2013,28.89374,64.40585,4
2013,28.91846,68.99975,1
2013,28.91884,69.0088,1
2013,28.92163,69.01019,1
2013,28.92345,69.00165,1
2013,28.92773,81.64506,1
2013,28.94841,69.3983,1
2013,28.94947,69.05931,2
2013,28.97072,77.70364,1
2013,28.98915,68.01142,2
2013,28.995,68.34833,1
2013,29.03333,69.15,1
2013,29.03441,69.15866,15
2013,29.03505,69.1488,1
2013,29.03696,69.18326,1
2013,29.03884,69.14378,1
2013,29.04668,21.85686,1
2013,29.04785,66.59332,7
2013,29.06105,66.59412,1
2013,29.07917,66.58139,1
2013,29.09144,67.97144,1
2013,29.12577,69.31506,1
2013,29.14387,69.09979,4
2013,29.18192,68.21156,3
2013,29.20012,80.88524,1
2013,29.20252,70.24612,1
2013,29.21139,67.7325,1
2013,29.2196,76.14415,1
2013,29.22901,67.66833,1
2013,29.2293,67.66622,2
2013,29.22937,67.66622,1
2013,29.2338,33.94976,1
2013,29.23935,67.65271,1
2013,29.27483,82.18305,1
2013,29.29767,64.70673,1
2013,29.34774,66.64077,2
2013,29.36542,32.17853,1
2013,29.38696,68.02648,1
2013,29.38825,67.81678,1
2013,29.39092,65.93577,1
2013,29.40874,67.18945,4
2013,29.40883,67.18945,1
2013,29.42319,65.96941,1
2013,29.44992,77.3108,1
2013,29.4659,67.18643,1
2013,29.48119,67.64383,3
2013,29.48278,66.075,2
2013,29.53026,68.13536,1
2013,29.5415,67.90266,1
2013,29.54828,67.87919,7
2013,29.55231,66.02051,12
2013,29.55308,81.19771,1
2013,29.55455,34.94753,3
2013,29.56445,-104.5441,1
2013,29.56554,66.00875,1
2013,29.58301,65.99104,1
2013,29.59182,32.70337,1
2013,29.60836,67.05162,2
2013,29.6294,67.40402,1
2013,29.66896,34.30391,1
2013,29.67254,68.71515,1
2013,29.67374,68.73279,1
2013,29.67386,68.7155,4
2013,29.69044,66.93378,1
2013,29.69163,66.92712,2
2013,29.69368,67.38245,1
2013,29.72861,66.8761,1
2013,29.73409,66.45707,1
2013,29.73934,66.85295,1
2013,29.75103,67.07308,1
2013,29.77472,67.77972,1
2013,29.80396,66.85099,8
2013,29.85296,67.01691,1
2013,29.85538,67.33993,11
2013,29.86514,67.01691,1
2013,29.86514,67.04646,2
2013,29.86759,69.18054,1
2013,29.87786,69.20042,1
2013,29.88099,67.33775,4
2013,29.89567,67.95236,6
2013,29.89609,69.25024,4
2013,29.89674,66.61861,1
2013,29.89724,69.52761,1
2013,29.89725,69.52747,1
2013,29.89766,69.5259,1
2013,29.8997,69.2507,1
2013,29.90189,67.13076,1
2013,29.90265,66.75311,1
2013,29.90563,33.74946,1
2013,29.91776,69.615,1
2013,29.92672,67.22474,1
2013,29.93431,69.76356,1
2013,29.93996,67.18753,1
2013,29.94184,66.66482,1
2013,29.94542,69.73801,1
2013,29.96611,32.52797,1
2013,29.97877,70.58458,1
2013,29.98824,69.75449,1
2013,29.9918,69.78956,1
2013,30.01082,68.9538,1
2013,30.01689,31.37703,3
2013,30.02292,31.18519,3
2013,30.02653,31.45642,1
2013,30.06504,71.18984,1
2013,30.08452,66.98344,5
2013,30.08463,31.33431,21
2013,30.09826,66.94448,5
2013,30.1,67.93333,1
2013,30.1186,31.24684,1
2013,30.13578,31.26964,1
2013,30.14691,31.27788,1
2013,30.15058,16.91225,1
2013,30.16318,71.40174,1
2013,30.18564,71.4588,1
2013,30.19019,71.45802,1
2013,30.194,64.15093,1
2013,30.19535,67.71322,1
2013,30.20082,66.99435,129
2013,30.20389,71.45771,1
2013,30.20647,67.01762,1
2013,30.20694,62.10306,1
2013,30.20946,67.01817,2
2013,30.2128,67.01924,1
2013,30.24366,66.04717,1
2013,30.24382,66.04635,1
2013,30.24483,66.05212,2
2013,30.2715,68.32032,1
2013,30.29311,47.29239,1
2013,30.29969,71.93082,1
2013,30.29983,71.93094,1
2013,30.32784,31.2188,1
2013,30.35493,66.94431,10
2013,30.36635,68.6001,1
2013,30.3666,68.60125,1
2013,30.36721,47.10262,1
2013,30.37097,68.59932,1
2013,30.37992,67.72618,3
2013,30.39693,68.62767,1
2013,30.43159,67.01773,1
2013,30.44682,48.75268,1
2013,30.44839,47.983,2
2013,30.46004,70.96851,1
2013,30.4653,33.78569,1
2013,30.47554,33.72613,1
2013,30.49842,33.8103,1
2013,30.50955,64.26975,1
2013,30.51005,47.77809,23
2013,30.51476,30.34355,1
2013,30.52105,71.54768,1
2013,30.54807,63.79168,1
2013,30.54944,63.78972,1
2013,30.5502,63.78606,1
2013,30.55052,63.79076,1
2013,30.55064,63.78141,1
2013,30.56222,32.11144,1
2013,30.57656,31.50406,1
2013,30.58309,32.26539,1
2013,30.58333,66.99651,1
2013,30.59241,32.25861,1
2013,30.59276,67.02752,1
2013,30.59375,32.26361,1
2013,30.59379,33.73796,1
2013,30.59537,32.27194,1
2013,30.59635,32.27132,1
2013,30.59649,32.27146,4
2013,30.60009,33.60632,1
2013,30.60305,32.27743,1
2013,30.60423,32.26785,1
2013,30.60451,32.27365,2
2013,30.60526,32.27615,1
2013,30.60847,33.61758,9
2013,30.61839,32.28675,1
2013,30.65696,66.90585,1
2013,30.65881,33.71745,1
2013,30.66627,65.02167,1
2013,30.66669,34.36858,1
2013,30.67572,33.61176,2
2013,30.68593,31.77432,1
2013,30.68989,33.62274,1
2013,30.68989,67.09192,1
2013,30.69871,68.34944,1
2013,30.69934,33.64471,1
2013,30.72044,73.16286,1
2013,30.73239,31.71435,1
2013,30.73244,31.72006,3
2013,30.73348,31.96712,1
2013,30.75713,20.23754,3
2013,30.82556,67.7448,1
2013,30.82956,35.03882,1
2013,30.86904,66.14153,2
2013,30.87394,33.78805,1
2013,30.90807,32.31472,1
2013,30.91944,66.45583,1
2013,30.92211,66.45153,25
2013,30.9229,73.68169,1
2013,30.9516,20.1189,1
2013,30.95993,61.86895,4
2013,30.97408,72.48019,1
2013,30.97418,66.43703,1
2013,30.99607,65.47574,3
2013,31.0016,66.3931,2
2013,31.00274,66.40561,4
2013,31.00806,66.39806,1
2013,31.00807,66.38915,1
2013,31.00807,66.39804,1
2013,31.01263,66.39822,1
2013,31.01678,33.00859,3
2013,31.02431,65.19073,7
2013,31.02469,65.19241,1
2013,31.02559,65.18949,1
2013,31.02598,65.19072,1
2013,31.02615,62.45042,1
2013,31.02904,65.18837,1
2013,31.03411,33.49096,1
2013,31.03845,61.49618,1
2013,31.03931,31.37966,1
2013,31.04102,31.3772,1
2013,31.0418,31.35844,1
2013,31.04437,46.26145,10
2013,31.04588,65.18417,2
2013,31.07176,65.19516,1
2013,31.08287,34.14627,1
2013,31.08333,67.10556,1
2013,31.10423,46.36247,2
2013,31.12041,74.4491,1
2013,31.12665,33.80086,123
2013,31.12703,64.20585,2
2013,31.13112,64.21304,1
2013,31.13173,33.85574,1
2013,31.13251,64.2129,1
2013,31.13933,65.76095,4
2013,31.15053,34.00384,2
2013,31.16441,33.96445,1
2013,31.19166,34.05466,1
2013,31.19365,16.55388,4
2013,31.20898,16.58778,1
2013,31.21222,34.11706,40
2013,31.21398,34.17469,1
2013,31.21923,65.73857,1
2013,31.22342,34.20119,1
2013,31.22998,34.22849,1
2013,31.2502,34.24128,30
2013,31.26529,32.30187,4
2013,31.26716,32.30116,1
2013,31.26916,34.20572,1
2013,31.27591,34.21795,2
2013,31.27709,64.24821,1
2013,31.29307,34.25225,1
2013,31.29549,34.25012,1
2013,31.30021,45.27709,3
2013,31.30334,34.43088,1
2013,31.32762,65.95002,1
2013,31.3359,27.24863,2
2013,31.34425,63.96069,1
2013,31.34696,34.30143,2
2013,31.35468,34.30883,1
2013,31.36302,63.93408,2
2013,31.36302,63.9497,3
2013,31.36302,63.98266,1
2013,31.36365,63.95861,11
2013,31.3644,63.95861,1
2013,31.36444,66.48444,1
2013,31.36478,63.95861,1
2013,31.3724,63.96069,1
2013,31.3724,63.97167,1
2013,31.3749,34.39802,1
2013,31.37709,63.94506,1
2013,31.38178,63.96069,1
2013,31.383,64.3,1
2013,31.38561,64.29607,1
2013,31.38647,65.9862,1
2013,31.38764,31.67885,1
2013,31.39116,65.59851,1
2013,31.39722,64.20163,1
2013,31.40982,46.17618,1
2013,31.41754,31.81444,2
2013,31.43569,65.42865,1
2013,31.4427,65.31637,1
2013,31.45,65.35,1
2013,31.45523,66.51349,1
2013,31.46122,66.52239,3
2013,31.46746,64.09244,6
2013,31.46751,65.25663,1
2013,31.47261,34.49769,3
2013,31.47552,64.28982,1
2013,31.47722,64.29,1
2013,31.48097,65.94319,1
2013,31.48222,35.0175,1
2013,31.48895,65.85767,1
2013,31.49944,65.00072,1
2013,31.49971,65.00085,2
2013,31.50288,65.84524,1
2013,31.50547,74.34288,10
2013,31.50634,65.42168,1
2013,31.50694,65.8475,1
2013,31.51667,64.11667,1
2013,31.51743,64.11402,1
2013,31.51777,64.11423,8
2013,31.5282,34.59638,1
2013,31.53024,35.09416,3
2013,31.53685,65.69106,1
2013,31.54343,64.07342,1
2013,31.54448,65.48457,1
2013,31.54592,64.10074,1
2013,31.54778,65.45417,2
2013,31.57269,67.04232,1
2013,31.57284,67.04262,1
2013,31.57706,66.51798,3
2013,31.58114,65.67889,1
2013,31.58249,65.02016,2
2013,31.58262,65.70076,1
2013,31.5832,64.36029,1
2013,31.59861,69.19239,1
2013,31.60063,64.36965,27
2013,31.60711,65.63467,1
2013,31.6104,65.70102,1
2013,31.61088,65.70027,2
2013,31.61158,65.6999,1
2013,31.61932,65.05016,2
2013,31.62102,35.13853,1
2013,31.62304,65.05425,4
2013,31.63108,65.74223,26
2013,31.63263,65.06442,1
2013,31.63468,62.46234,1
2013,31.63514,64.24301,1
2013,31.63599,64.24356,1
2013,31.6364,64.24358,6
2013,31.63782,64.2378,1
2013,31.63927,64.2433,1
2013,31.64,64.24,3
2013,31.64116,64.24134,1
2013,31.64355,35.2163,2
2013,31.6513,65.64824,1
2013,31.6528,35.22958,1
2013,31.65806,63.01715,3
2013,31.6604,63.0199,1
2013,31.66502,65.49516,4
2013,31.67015,34.57515,2
2013,31.67676,62.98144,1
2013,31.67676,67.01569,1
2013,31.70456,35.19446,3
2013,31.70503,65.68963,3
2013,31.70778,67.29528,1
2013,31.71765,65.69058,1
2013,31.71802,61.26714,1
2013,31.72737,64.54598,1
2013,31.72807,64.71028,1
2013,31.73046,70.33672,1
2013,31.73333,65.13333,1
2013,31.74153,34.98861,1
2013,31.74218,70.62344,1
2013,31.75026,70.61861,1
2013,31.76147,64.62143,2
2013,31.76174,35.26504,1
2013,31.7667,64.61861,1
2013,31.76904,35.27151,1
2013,31.77347,35.29891,1
2013,31.77765,35.23451,1
2013,31.78484,35.22461,6
2013,31.78487,64.69813,1
2013,31.78502,64.69466,1
2013,31.78747,70.33643,1
2013,31.79341,44.98386,1
2013,31.79361,64.685,1
2013,31.79362,64.685,1
2013,31.80325,-97.09418,1
2013,31.8169,64.54931,1
2013,31.82144,34.66517,1
2013,31.82165,64.58072,1
2013,31.8236,64.56409,1
2013,31.82587,64.57643,12
2013,31.83433,70.90905,15
2013,31.83469,64.57354,1
2013,31.84023,64.54668,2
2013,31.84118,64.57156,1
2013,31.84822,47.1452,5
2013,31.84884,64.56422,1
2013,31.84927,35.27644,1
2013,31.8557,35.16688,1
2013,31.86123,65.57304,1
2013,31.8625,35.46188,1
2013,31.86605,64.1937,1
2013,31.86792,65.44188,1
2013,31.8768,23.9215,1
2013,31.88989,64.75094,1
2013,31.89078,61.42258,1
2013,31.89891,35.009,1
2013,31.90714,35.19822,3
2013,31.91111,65.47528,1
2013,31.91137,45.96248,1
2013,31.92605,35.1467,1
2013,31.93272,70.46088,1
2013,31.9416,35.22273,1
2013,31.94269,35.1039,1
2013,31.94282,35.25718,1
2013,31.9475,35.27392,1
2013,31.9475,45.02154,1
2013,31.9498,35.89251,1
2013,31.95306,65.33321,1
2013,31.95995,35.34893,1
2013,31.98611,65.4725,1
2013,31.98958,44.92377,4
2013,32.00606,35.12593,1
2013,32.02501,44.31634,4
2013,32.03333,65.13389,1
2013,32.03361,35.26393,1
2013,32.04298,42.25426,1
2013,32.04564,64.96335,3
2013,32.04912,64.86151,5
2013,32.06265,64.84763,1
2013,32.06657,64.85896,1
2013,32.06919,64.8545,1
2013,32.06929,20.15114,173
2013,32.06953,64.843,1
2013,32.07094,66.14548,1
2013,32.07214,64.83959,1
2013,32.07237,64.83604,1
2013,32.07283,64.83304,1
2013,32.07324,23.94485,1
2013,32.07327,66.14297,1
2013,32.07333,64.83389,8
2013,32.07341,64.83304,1
2013,32.07348,64.83746,1
2013,32.07408,66.14153,1
2013,32.07443,64.78363,1
2013,32.07559,64.85425,1
2013,32.07603,64.83441,1
2013,32.07785,69.84385,1
2013,32.08252,35.33199,1
2013,32.08297,34.81189,2
2013,32.08509,35.18083,1
2013,32.09078,66.97561,1
2013,32.10021,66.90102,8
2013,32.1021,70.20568,1
2013,32.1047,70.97029,1
2013,32.10611,66.90694,1
2013,32.10759,68.37675,1
2013,32.10774,66.90975,1
2013,32.10912,35.26812,1
2013,32.10945,61.88327,1
2013,32.1153,66.57382,1
2013,32.11613,64.91474,1
2013,32.11673,70.15751,1
2013,32.11982,35.2498,3
2013,32.12342,35.02716,1
2013,32.15452,35.25855,1
2013,32.155,70.1455,1
2013,32.15532,74.18244,1
2013,32.16059,22.28369,1
2013,32.16389,63.43083,1
2013,32.165,63.4253,1
2013,32.17431,35.52996,1
2013,32.17462,35.01343,1
2013,32.17852,63.42054,1
2013,32.18308,67.2177,1
2013,32.18466,35.24923,1
2013,32.18506,35.53899,1
2013,32.18767,70.44003,1
2013,32.19188,67.18945,5
2013,32.19194,69.69629,1
2013,32.19285,70.35711,1
2013,32.20186,34.82472,1
2013,32.20194,63.01861,1
2013,32.20334,20.17018,1
2013,32.20547,64.98958,1
2013,32.20944,70.38354,6
2013,32.21077,34.88901,1
2013,32.21174,35.15815,2
2013,32.22227,35.25351,5
2013,32.23083,62.92059,3
2013,32.23401,35.33392,1
2013,32.2523,66.22516,1
2013,32.25462,67.18597,1
2013,32.255,64.79286,1
2013,32.26391,68.52081,1
2013,32.26391,68.53186,1
2013,32.26454,68.52472,4
2013,32.26594,65.05304,1
2013,32.2732,68.53186,1
2013,32.28359,35.1252,1
2013,32.28713,68.53729,1
2013,32.29028,69.54223,1
2013,32.29097,61.54304,3
2013,32.29173,70.73731,1
2013,32.3013,35.19406,1
2013,32.30571,66.53137,1
2013,32.3061,69.57996,9
2013,32.30861,64.81167,1
2013,32.31187,64.81108,4
2013,32.31402,70.73397,6
2013,32.31659,34.93256,1
2013,32.31731,64.81341,1
2013,32.32024,69.85974,2
2013,32.3252,44.91875,3
2013,32.32677,34.85834,1
2013,32.33361,71.39556,1
2013,32.33568,65.14601,1
2013,32.34169,70.52649,2
2013,32.34374,69.8128,1
2013,32.34507,70.53029,1
2013,32.3498,64.81888,2
2013,32.35492,15.10552,5
2013,32.36365,64.78186,1
2013,32.36372,64.80789,3
2013,32.37001,62.12846,13
2013,32.37056,70.63583,1
2013,32.37122,64.77812,1
2013,32.3717,75.52291,1
2013,32.3748,62.11572,2
2013,32.38112,64.79176,1
2013,32.382,70.52228,2
2013,32.38475,64.76207,1
2013,32.38943,64.426,1
2013,32.39689,66.83817,1
2013,32.39738,64.47316,1
2013,32.39852,62.11922,1
2013,32.40105,64.4709,1
2013,32.40315,64.43164,1
2013,32.4057,64.47038,1
2013,32.40672,64.47063,1
2013,32.40939,64.45488,1
2013,32.41568,70.30732,1
2013,32.42202,20.4511,1
2013,32.42286,64.45501,1
2013,32.43951,62.19748,1
2013,32.4414,62.06367,1
2013,32.44399,35.1703,1
2013,32.46062,35.30125,1
2013,32.46819,44.55019,1
2013,32.46924,44.41664,10
2013,32.47733,44.55188,1
2013,32.47912,73.98153,1
2013,32.4808,62.03134,1
2013,32.48092,62.02824,3
2013,32.4866,44.54864,1
2013,32.48982,67.47677,1
2013,32.49246,35.05282,1
2013,32.49456,62.26176,1
2013,32.49522,62.26023,1
2013,32.49533,62.26266,3
2013,32.49583,67.39417,1
2013,32.50368,67.47549,1
2013,32.50513,62.02721,1
2013,32.50513,63.76697,1
2013,32.50976,62.02721,1
2013,32.51116,75.21042,1
2013,32.51577,69.28948,2
2013,32.51899,70.02525,1
2013,32.51924,67.41648,1
2013,32.5223,67.41435,1
2013,32.53028,73.97309,1
2013,32.53298,65.9995,1
2013,32.53329,45.82945,16
2013,32.53506,65.99714,1
2013,32.53755,41.922,1
2013,32.54495,36.19588,1
2013,32.54612,70.72313,1
2013,32.54626,70.71685,1
2013,32.54681,70.71466,1
2013,32.54836,65.9512,4
2013,32.55332,75.11075,1
2013,32.55607,41.92211,1
2013,32.55607,41.92852,1
2013,32.55976,41.91965,9
2013,32.55984,41.9197,1
2013,32.56699,67.15096,1
2013,32.56699,69.83171,1
2013,32.56982,74.07495,1
2013,32.57111,69.78528,1
2013,32.57459,70.71739,1
2013,32.58022,69.8223,1
2013,32.58385,44.55963,2
2013,32.60117,65.39581,1
2013,32.60241,45.7521,1
2013,32.60439,44.00714,10
2013,32.60621,70.90862,4
2013,32.60888,35.28996,1
2013,32.61797,65.87237,1
2013,32.61881,65.4495,1
2013,32.62145,44.02525,1
2013,32.62233,36.10376,1
2013,32.62515,62.47977,4
2013,32.62534,44.02513,1
2013,32.62542,65.45653,1
2013,32.62548,62.48293,1
2013,32.62561,65.4614,1
2013,32.62882,62.47562,1
2013,32.62975,62.49081,1
2013,32.63012,62.47665,1
2013,32.63099,35.3494,1
2013,32.63829,45.20126,1
2013,32.64076,65.57078,4
2013,32.6408,13.26635,1
2013,32.64095,44.61898,1
2013,32.64386,62.47888,1
2013,32.64878,70.87599,1
2013,32.65203,44.62546,1
2013,32.65475,44.40899,1
2013,32.65788,69.87133,1
2013,32.65843,44.61501,1
2013,32.65958,62.11441,1
2013,32.66047,70.63212,1
2013,32.66258,13.18531,1
2013,32.6653,65.90696,1
2013,32.66571,65.90652,1
2013,32.6664,65.90363,6
2013,32.66668,65.90789,1
2013,32.66748,69.85974,2
2013,32.66806,68.48,1
2013,32.67637,67.7135,1
2013,32.67695,61.98132,1
2013,32.67785,61.98139,1
2013,32.681,44.28235,1
2013,32.6825,70.81861,1
2013,32.6864,74.13429,1
2013,32.68734,44.50942,1
2013,32.68793,62.72487,1
2013,32.68951,68.32763,1
2013,32.68984,62.73239,5
2013,32.69024,62.73309,1
2013,32.6914,62.7284,1
2013,32.69427,69.8373,1
2013,32.69718,44.48596,1
2013,32.69949,45.75165,1
2013,32.70527,67.71263,1
2013,32.70758,69.33187,1
2013,32.70976,36.56764,1
2013,32.71395,70.73049,1
2013,32.73333,65.28333,1
2013,32.74354,69.29686,1
2013,32.74845,44.60963,1
2013,32.75032,41.94397,1
2013,32.75148,68.56958,2
2013,32.75649,12.38329,1
2013,32.75956,41.87805,1
2013,32.76021,45.17295,1
2013,32.76074,21.75721,2
2013,32.76148,68.39238,1
2013,32.76303,62.63834,1
2013,32.76554,22.62112,31
2013,32.76938,44.3006,1
2013,32.76967,69.0734,1
2013,32.77053,69.07428,1
2013,32.77198,70.46466,1
2013,32.77734,44.28935,11
2013,32.80058,70.49556,3
2013,32.8058,35.85117,1
2013,32.81287,67.76712,1
2013,32.81289,69.96969,1
2013,32.81304,69.96992,1
2013,32.817,67.77006,1
2013,32.82104,67.74579,1
2013,32.82224,13.01141,2
2013,32.82305,70.78375,9
2013,32.82341,44.43137,1
2013,32.82479,68.50445,1
2013,32.83805,13.18259,37
2013,32.83926,36.33956,1
2013,32.84686,12.22967,1
2013,32.84915,35.06817,1
2013,32.84974,66.04274,1
2013,32.85027,66.04594,1
2013,32.85147,74.07196,1
2013,32.85392,44.2204,1
2013,32.85392,66.0494,1
2013,32.85707,13.33851,4
2013,32.86099,44.22134,1
2013,32.86257,44.22478,1
2013,32.86581,44.21429,1
2013,32.86583,70.44833,1
2013,32.86701,44.22045,5
2013,32.86881,68.94084,1
2013,32.87777,70.11581,1
2013,32.87856,66.09615,1
2013,32.87988,66.15017,1
2013,32.88018,44.38696,2
2013,32.88167,70.91639,3
2013,32.88216,66.1272,2
2013,32.88405,67.90467,2
2013,32.88716,44.34164,8
2013,32.88881,69.8822,1
2013,32.89804,69.86023,1
2013,32.89919,67.90157,3
2013,32.90109,69.7494,2
2013,32.90189,45.07767,1
2013,32.90323,42.4662,1
2013,32.90333,70.63667,1
2013,32.90382,70.53579,1
2013,32.90487,70.72863,1
2013,32.90769,45.0664,1
2013,32.90842,67.90764,1
2013,32.91247,69.2608,1
2013,32.91421,66.56895,1
2013,32.9149,35.29201,1
2013,32.91879,66.14551,1
2013,32.92125,70.55817,1
2013,32.92231,69.37342,1
2013,32.92488,36.17626,1
2013,32.92527,44.77096,2
2013,32.92545,44.77373,1
2013,32.92571,66.14273,1
2013,32.92713,66.14153,5
2013,32.92977,70.66927,8
2013,32.93032,70.66797,1
2013,32.93032,70.67013,1
2013,32.93095,35.08319,1
2013,32.93262,66.14822,1
2013,32.93542,68.64715,1
2013,32.93586,66.6891,1
2013,32.9364,67.76224,2
2013,32.93723,66.68833,1
2013,32.93867,68.64571,1
2013,32.9408,35.49541,1
2013,32.94194,70.62306,1
2013,32.9453,70.29568,1
2013,32.94778,70.62222,1
2013,32.95108,65.53923,11
2013,32.95302,69.89346,2
2013,32.95539,70.13101,1
2013,32.95636,35.16546,1
2013,32.95643,70.21991,1
2013,32.95688,70.5025,3
2013,32.95722,70.67389,1
2013,32.95783,66.23241,1
2013,32.95931,70.63739,1
2013,32.96321,69.97251,1
2013,32.96626,35.59166,1
2013,32.96882,70.96773,1
2013,32.97277,70.14558,1
2013,32.97292,69.4001,1
2013,32.97389,70.56333,1
2013,32.97464,70.14558,12
2013,32.97477,70.236,3
2013,32.97497,70.58779,1
2013,32.97543,70.27374,14
2013,32.97612,70.57372,1
2013,32.97694,69.37306,1
2013,32.98293,44.3616,11
2013,32.98306,44.83333,1
2013,32.98563,70.1445,1
2013,32.98735,70.60253,38
2013,32.98839,44.83894,1
2013,32.98889,70.60556,4
2013,32.98917,70.60575,1
2013,32.99024,41.50463,1
2013,32.99048,44.84197,2
2013,32.99165,68.1807,1
2013,32.99182,35.68973,1
2013,32.99272,44.85057,1
2013,32.99463,70.57034,1
2013,32.99661,70.56986,1
2013,32.99908,70.06516,1
2013,32.99945,40.27502,3
2013,33.0,70.16667,2
2013,33.00231,70.27635,1
2013,33.00406,69.04759,1
2013,33.00417,69.04934,1
2013,33.00422,35.09257,4
2013,33.00651,70.06825,18
2013,33.00722,70.58607,1
2013,33.01269,70.5847,1
2013,33.01364,70.60395,1
2013,33.01528,35.78379,1
2013,33.0154,70.74906,1
2013,33.02042,70.61151,1
2013,33.02306,44.44773,1
2013,33.03133,70.24588,1
2013,33.03419,70.31049,1
2013,33.03602,40.28816,13
2013,33.03806,40.28444,2
2013,33.04687,44.58696,1
2013,33.05,68.21667,1
2013,33.05378,68.65205,1
2013,33.05545,43.71425,1
2013,33.05799,44.35484,19
2013,33.07835,44.25472,8
2013,33.08004,66.70853,1
2013,33.09617,35.14917,2
2013,33.1,44.58333,1
2013,33.10053,44.58449,55
2013,33.10906,70.47659,1
2013,33.11204,71.10348,1
2013,33.11234,71.10326,2
2013,33.11784,44.36936,1
2013,33.11829,68.99637,1
2013,33.12306,63.295,1
2013,33.12588,35.88197,3
2013,33.12779,71.09732,1
2013,33.12785,63.29463,1
2013,33.13396,70.03498,1
2013,33.14236,68.38397,2
2013,33.15536,68.1349,1
2013,33.1634,69.59762,1
2013,33.16356,43.8631,4
2013,33.17344,70.4015,1
2013,33.17351,70.40176,1
2013,33.17355,70.4017,1
2013,33.17624,68.09545,1
2013,33.1782,68.75253,4
2013,33.17928,63.76954,1
2013,33.18168,44.23542,3
2013,33.18497,62.12096,1
2013,33.19174,68.10205,4
2013,33.19211,68.10205,1
2013,33.19517,68.10267,2
2013,33.20878,35.57134,1
2013,33.2092,68.41543,1
2013,33.21456,69.83929,1
2013,33.22311,44.54078,4
2013,33.22557,68.40066,1
2013,33.23028,63.27361,1
2013,33.23278,68.42111,1
2013,33.24048,62.21908,1
2013,33.24443,68.95558,1
2013,33.24531,68.95396,1
2013,33.2555,70.49143,1
2013,33.26209,68.56853,1
2013,33.2628,68.57175,1
2013,33.26308,68.57241,3
2013,33.26395,62.36896,1
2013,33.26615,35.21406,2
2013,33.26669,62.35652,1
2013,33.26791,36.10206,1
2013,33.26936,43.77511,1
2013,33.27027,71.18581,1
2013,33.27229,71.18198,1
2013,33.27253,71.18209,1
2013,33.2731,35.2169,1
2013,33.27968,69.59485,1
2013,33.28539,36.04073,2
2013,33.29265,68.40189,1
2013,33.29901,44.1076,1
2013,33.30062,44.10595,1
2013,33.30356,43.97198,1
2013,33.30357,44.37177,630
2013,33.30361,62.14,1
2013,33.30401,44.1119,2
2013,33.30438,62.1542,7
2013,33.30456,62.13195,1
2013,33.30473,44.13288,4
2013,33.30599,62.13696,1
2013,33.30636,62.13394,2
2013,33.30643,69.872,1
2013,33.30705,62.13642,5
2013,33.30711,62.13648,2
2013,33.3073,62.14026,1
2013,33.30758,69.86716,1
2013,33.30809,62.13854,1
2013,33.30978,43.77198,1
2013,33.31065,44.03821,53
2013,33.31267,62.13265,1
2013,33.31667,68.45,2
2013,33.31826,68.44996,1
2013,33.32092,68.44515,1
2013,33.32192,62.13444,2
2013,33.325,44.422,3
2013,33.32538,44.4219,3
2013,33.3261,68.41665,2
2013,33.33007,69.19239,1
2013,33.33397,44.42242,1
2013,33.33444,69.92005,1
2013,33.33526,69.92847,10
2013,33.33528,66.27845,1
2013,33.33626,44.38877,1
2013,33.3371,69.92898,1
2013,33.33766,66.28432,1
2013,33.34566,44.16118,1
2013,33.34916,43.7842,74
2013,33.34964,62.33372,1
2013,33.35,43.29067,1
2013,33.35507,70.76548,1
2013,33.35514,43.78942,1
2013,33.35531,70.76448,1
2013,33.35851,69.85974,3
2013,33.35863,36.23893,1
2013,33.35921,69.86047,1
2013,33.36516,69.8426,1
2013,33.36638,69.72074,1
2013,33.36722,70.54768,4
2013,33.37132,74.31451,1
2013,33.37576,44.70287,22
2013,33.37736,69.71678,2
2013,33.38243,43.58763,1
2013,33.38716,68.31773,1
2013,33.39185,43.44941,1
2013,33.39781,43.70628,1
2013,33.39972,43.90889,1
2013,33.40306,43.91187,10
2013,33.40653,35.8656,2
2013,33.412,36.51249,1
2013,33.41213,70.64392,1
2013,33.4135,44.51951,1
2013,33.41425,71.52216,1
2013,33.42095,43.29566,42
2013,33.42361,70.73639,2
2013,33.42503,70.73723,1
2013,33.4283,66.21458,4
2013,33.43183,43.3115,1
2013,33.43349,43.36709,1
2013,33.43621,36.0808,1
2013,33.4366,72.01802,1
2013,33.43946,70.90902,1
2013,33.4396,43.40122,1
2013,33.44384,70.90712,5
2013,33.44634,70.90416,1
2013,33.44702,70.97367,1
2013,33.44883,70.97251,2
2013,33.44984,70.06404,1
2013,33.4542,67.69636,1
2013,33.45474,35.29723,1
2013,33.45602,44.09202,1
2013,33.45646,43.39287,3
2013,33.45715,36.23342,2
2013,33.46082,44.15743,8
2013,33.464,68.36954,1
2013,33.46617,70.42151,1
2013,33.46721,69.63364,1
2013,33.46754,68.76126,1
2013,33.46856,68.76319,3
2013,33.47051,44.39349,1
2013,33.47187,68.64836,1
2013,33.47824,68.90626,1
2013,33.48444,36.37729,2
2013,33.489,36.34688,7
2013,33.49392,44.7574,1
2013,33.49395,71.02751,1
2013,33.4956,67.76831,1
2013,33.4981,67.7616,1
2013,33.49823,67.7616,9
2013,33.50018,67.76831,1
2013,33.50089,70.37986,1
2013,33.50476,67.7738,1
2013,33.50846,73.04422,1
2013,33.5131,70.95142,1
2013,33.51524,36.29208,99
2013,33.5198,68.57241,1
2013,33.52658,72.64571,1
2013,33.52889,71.05612,11
2013,33.53287,70.35184,1
2013,33.53362,71.05468,1
2013,33.53553,71.05569,1
2013,33.53682,36.70446,1
2013,33.53948,71.54161,1
2013,33.54067,44.25127,24
2013,33.542,35.38115,6
2013,33.54262,68.41533,23
2013,33.54588,68.45859,3
2013,33.54633,71.0757,1
2013,33.54831,44.41574,20
2013,33.55044,35.37096,6
2013,33.55067,68.42132,1
2013,33.55127,68.42052,1
2013,33.55171,68.42046,3
2013,33.55279,70.35925,1
2013,33.55577,44.59967,1
2013,33.56056,70.33756,1
2013,33.56143,35.41069,1
2013,33.5615,36.36876,1
2013,33.56303,62.27836,1
2013,33.56637,35.40602,1
2013,33.56642,69.87836,1
2013,33.56657,69.93198,2
2013,33.56748,70.58744,1
2013,33.56869,44.43644,1
2013,33.57349,44.54743,3
2013,33.5906,71.44062,9
2013,33.59206,42.61896,2
2013,33.59401,73.06908,12
2013,33.59461,36.23804,1
2013,33.59863,69.229,9
2013,33.6025,44.56333,1
2013,33.60289,78.65609,1
2013,33.60463,71.26956,1
2013,33.60621,36.52472,1
2013,33.6211,41.42109,1
2013,33.62299,36.11203,1
2013,33.62565,44.83284,1
2013,33.6284,69.6933,1
2013,33.63385,69.83592,1
2013,33.6339,42.83208,10
2013,33.63463,69.83449,1
2013,33.63513,42.82632,1
2013,33.63615,62.26674,1
2013,33.63642,42.82907,1
2013,33.63776,69.83081,1
2013,33.63856,42.82412,2
2013,33.63904,70.12561,1
2013,33.64056,74.26349,1
2013,33.6425,44.41912,1
2013,33.64542,75.01967,1
2013,33.64997,44.26154,4
2013,33.65434,70.18386,4
2013,33.65944,75.70806,1
2013,33.66435,44.37378,3
2013,33.6649,71.53291,1
2013,33.66676,43.90622,2
2013,33.66683,69.78666,1
2013,33.66854,39.9679,1
2013,33.66856,75.05089,1
2013,33.66969,44.38132,32
2013,33.67067,44.3992,1
2013,33.67161,61.98139,1
2013,33.67164,73.05606,9
2013,33.67325,68.47702,1
2013,33.67635,61.96521,1
2013,33.68327,43.47326,2
2013,33.6835,68.69028,2
2013,33.68721,69.52711,1
2013,33.68745,71.51604,2
2013,33.6905,69.04934,1
2013,33.69081,69.04962,1
2013,33.69158,44.43984,1
2013,33.69299,70.33395,1
2013,33.69306,69.34528,2
2013,33.69341,44.79608,8
2013,33.69395,45.06742,9
2013,33.69578,70.35484,1
2013,33.69597,70.33607,7
2013,33.69727,71.14485,1
2013,33.69749,70.34467,1
2013,33.70394,70.32865,2
2013,33.70455,44.44868,1
2013,33.70534,71.14607,1
2013,33.7062,69.38311,6
2013,33.7075,71.00222,1
2013,33.70778,71.0025,3
2013,33.70921,74.84511,1
2013,33.71028,70.34,1
2013,33.71098,35.91469,1
2013,33.71206,74.8625,1
2013,33.71222,69.47972,1
2013,33.71634,74.86284,1
2013,33.717,44.67952,10
2013,33.71824,35.85305,1
2013,33.71971,70.32937,1
2013,33.71984,70.3294,1
2013,33.72557,36.10446,1
2013,33.72653,71.0076,1
2013,33.72675,68.50496,1
2013,33.72694,70.69462,1
2013,33.73184,70.81412,1
2013,33.732,70.81388,1
2013,33.73222,75.15792,3
2013,33.74033,44.57354,1
2013,33.74238,70.96588,1
2013,33.74324,44.62382,110
2013,33.74441,74.9106,1
2013,33.745,45.54562,1
2013,33.74573,35.45832,1
2013,33.75,44.63333,1
2013,33.75321,62.26115,1
2013,33.75529,36.38862,1
2013,33.75537,44.61375,1
2013,33.75546,74.0825,1
2013,33.75671,45.18118,1
2013,33.75746,45.55515,1
2013,33.75916,45.15572,3
2013,33.75953,44.66646,1
2013,33.76252,75.02443,1
2013,33.76464,44.25208,1
2013,33.76545,45.15295,1
2013,33.7673,71.58923,1
2013,33.76804,44.58322,1
2013,33.76944,74.09194,1
2013,33.77078,69.33884,1
2013,33.77282,35.8979,1
2013,33.77335,45.14945,19
2013,33.77466,74.09347,1
2013,33.77481,74.09723,1
2013,33.77506,44.58035,1
2013,33.77663,70.79311,1
2013,33.77717,70.79118,1
2013,33.77802,70.25873,1
2013,33.77843,74.08095,1
2013,33.77853,70.51238,1
2013,33.78122,70.44507,1
2013,33.78425,44.50972,2
2013,33.78662,71.57612,1
2013,33.78807,71.5751,1
2013,33.78861,71.57536,2
2013,33.78899,75.05077,1
2013,33.79435,69.80051,1
2013,33.79598,44.65456,1
2013,33.79646,71.55849,19
2013,33.79921,71.55894,1
2013,33.8003,71.61875,1
2013,33.80218,69.83294,2
2013,33.80232,69.83416,1
2013,33.81005,35.59738,1
2013,33.81249,70.67694,1
2013,33.81338,70.67672,1
2013,33.81379,44.65724,3
2013,33.81481,70.74743,1
2013,33.81515,35.85326,1
2013,33.81608,35.86033,2
2013,33.81758,71.31693,1
2013,33.8182,70.6448,2
2013,33.82193,69.94163,1
2013,33.82287,74.85364,1
2013,33.82294,69.94162,1
2013,33.82412,70.70895,1
2013,33.82424,35.51076,2
2013,33.82625,35.89445,1
2013,33.83333,36.0,2
2013,33.83349,70.51832,1
2013,33.83442,69.65063,1
2013,33.83563,44.24741,16
2013,33.83646,71.73676,1
2013,33.83897,35.55133,2
2013,33.83964,35.52709,1
2013,33.84374,36.54704,3
2013,33.84427,68.61634,1
2013,33.84477,35.90287,3
2013,33.84862,44.52212,6
2013,33.85087,44.51961,1
2013,33.8516,35.51187,1
2013,33.85238,44.52437,1
2013,33.85445,44.57074,1
2013,33.85629,35.49736,1
2013,33.85636,44.72213,1
2013,33.85797,35.51971,1
2013,33.86037,71.54254,1
2013,33.8613,35.49024,3
2013,33.86163,-117.56493,1
2013,33.86436,71.54081,1
2013,33.8648,42.53638,1
2013,33.866,35.51754,1
2013,33.87339,74.90042,3
2013,33.8794,36.08301,1
2013,33.87962,74.94857,1
2013,33.8798,44.85408,3
2013,33.88307,74.92088,1
2013,33.88353,74.92321,1
2013,33.88609,70.19028,1
2013,33.88852,35.50351,8
2013,33.88983,71.38513,1
2013,33.89037,70.19337,2
2013,33.89432,68.76014,1
2013,33.89443,71.46237,1
2013,33.8945,71.45761,3
2013,33.89552,68.76319,3
2013,33.89706,71.28572,1
2013,33.89799,70.10753,7
2013,33.89814,68.62505,1
2013,33.90111,70.88972,4
2013,33.90139,71.54278,1
2013,33.90298,71.45993,1
2013,33.90493,68.67248,1
2013,33.90605,44.72455,2
2013,33.90678,71.50098,5
2013,33.90851,71.47313,3
2013,33.9086,44.55083,1
2013,33.90917,71.0625,1
2013,33.91031,68.72201,1
2013,33.91487,68.71515,1
2013,33.91523,71.45868,21
2013,33.91758,71.56204,17
2013,33.91778,75.01774,1
2013,33.91801,75.01636,1
2013,33.92331,68.67344,1
2013,33.92659,44.77206,3
2013,33.92761,71.80784,2
2013,33.93083,71.46389,2
2013,33.93101,75.11421,2
2013,33.93145,71.51925,1
2013,33.93424,44.98523,1
2013,33.93424,45.14099,1
2013,33.93573,71.48752,1
2013,33.94368,71.61987,1
2013,33.94625,74.79831,1
2013,33.94678,71.61004,1
2013,33.94738,74.55253,1
2013,33.9475,69.94222,1
2013,33.94837,44.91623,2
2013,33.95316,44.9219,51
2013,33.95347,71.54206,2
2013,33.95587,71.4967,2
2013,33.95724,71.5748,1
2013,33.95725,71.5034,1
2013,33.95778,71.57361,1
2013,33.96048,71.56054,1
2013,33.96111,71.0575,1
2013,33.96111,71.05778,1
2013,33.96236,71.57644,1
2013,33.96356,71.51064,2
2013,33.96521,71.06845,1
2013,33.96556,71.46956,2
2013,33.96616,69.80613,2
2013,33.96699,72.22097,2
2013,33.96735,71.56115,1
2013,33.96842,45.04901,1
2013,33.96999,71.11253,1
2013,33.97034,68.94864,1
2013,33.9707,44.04327,1
2013,33.97128,44.92668,4
2013,33.97156,36.66109,4
2013,33.97193,44.93073,1
2013,33.97254,44.36129,1
2013,33.97546,69.80613,1
2013,33.97631,71.43716,23
2013,33.98266,71.33978,1
2013,33.98337,44.35076,1
2013,33.98437,71.63312,1
2013,33.9857,71.46123,1
2013,33.98636,71.26997,1
2013,33.98861,71.06944,1
2013,33.98886,71.95211,1
2013,33.99387,71.8601,1
2013,33.99459,44.35727,14
2013,33.99768,72.12735,2
2013,33.99808,71.40814,1
2013,33.99917,71.34922,1
2013,33.99945,71.42503,1
2013,33.99994,69.01953,1
2013,33.99999,71.38333,1
2013,34.0,71.32,2
2013,34.00023,71.42073,1
2013,34.00052,71.4106,1
2013,34.00057,71.42252,1
2013,34.00144,73.79768,1
2013,34.00222,69.03157,1
2013,34.00258,71.38248,38
2013,34.00429,69.19825,1
2013,34.00456,71.36105,1
2013,34.0059,71.64887,1
2013,34.006,71.53743,151
2013,34.00657,69.00733,1
2013,34.00721,71.98308,10
2013,34.00843,68.71789,1
2013,34.00972,71.05472,1
2013,34.01023,74.91726,1
2013,34.01047,44.14824,24
2013,34.01084,69.03102,1
2013,34.01107,70.6656,1
2013,34.01139,71.7981,2
2013,34.01151,71.28422,1
2013,34.01169,71.26788,1
2013,34.01219,71.78079,1
2013,34.01396,69.19146,1
2013,34.01438,64.53078,1
2013,34.01455,69.19239,7
2013,34.01562,36.17626,1
2013,34.01624,72.4331,1
2013,34.01811,71.28412,1
2013,34.01885,71.29003,1
2013,34.02023,71.28537,1
2013,34.0208,64.52499,1
2013,34.0208,71.28708,1
2013,34.0211,71.28742,2
2013,34.02119,68.99954,9
2013,34.02122,71.28742,1
2013,34.02194,44.13683,2
2013,34.02307,71.28985,1
2013,34.02357,44.03136,3
2013,34.02478,36.73527,2
2013,34.02542,36.73461,1
2013,34.02762,71.28985,1
2013,34.02953,71.41865,1
2013,34.0312,68.57241,2
2013,34.03159,42.42161,1
2013,34.03196,68.57157,1
2013,34.03492,36.22784,4
2013,34.03516,72.3977,1
2013,34.03553,70.57409,3
2013,34.0364,45.01278,1
2013,34.03644,70.57372,1
2013,34.04217,74.78672,1
2013,34.04672,62.16886,1
2013,34.04677,62.16886,1
2013,34.04939,71.58154,1
2013,34.04972,71.46139,1
2013,34.05109,72.37241,1
2013,34.05619,71.25022,1
2013,34.05693,71.54314,1
2013,34.05699,71.57339,1
2013,34.05711,44.21829,2
2013,34.06105,74.42438,1
2013,34.06355,71.98833,1
2013,34.06559,71.19367,1
2013,34.06631,69.1832,1
2013,34.06631,69.20242,1
2013,34.0705,70.69994,6
2013,34.07074,72.45045,1
2013,34.07103,44.15838,1
2013,34.07255,71.18191,1
2013,34.07409,70.28845,2
2013,34.07446,70.28892,1
2013,34.07541,71.27884,1
2013,34.07546,71.6,1
2013,34.07683,36.20765,1
2013,34.07698,71.76011,1
2013,34.08371,71.18688,1
2013,34.08374,74.7899,12
2013,34.08685,74.03295,1
2013,34.0894,70.683,2
2013,34.09266,42.38547,2
2013,34.09293,61.04714,2
2013,34.09398,71.84505,1
2013,34.09595,70.47057,1
2013,34.09793,36.77017,2
2013,34.09816,64.89532,1
2013,34.09957,72.53477,3
2013,34.09958,64.90596,1
2013,34.10072,45.05196,1
2013,34.10207,71.47802,3
2013,34.10424,72.01364,1
2013,34.10504,72.46012,1
2013,34.10593,72.47093,1
2013,34.1079,44.98236,1
2013,34.10817,68.57869,1
2013,34.1083,64.30524,1
2013,34.11032,71.16381,17
2013,34.1106,68.58505,1
2013,34.11404,74.67041,1
2013,34.11554,70.75938,1
2013,34.11577,72.0519,1
2013,34.11663,72.46662,1
2013,34.11694,70.46111,1
2013,34.11698,70.46112,1
2013,34.1182,-118.40849,1
2013,34.12022,71.10124,2
2013,34.12203,68.42639,1
2013,34.12275,74.82287,1
2013,34.12311,72.46901,22
2013,34.12573,45.00334,4
2013,34.12811,71.26928,1
2013,34.12866,42.358,1
2013,34.12872,71.08582,3
2013,34.13497,70.68481,1
2013,34.13786,72.47019,2
2013,34.13862,74.79953,1
2013,34.13909,72.37714,2
2013,34.14096,42.37529,1
2013,34.14194,44.13278,1
2013,34.14322,71.07915,1
2013,34.1442,72.38056,1
2013,34.14422,72.37847,1
2013,34.14658,71.74354,15
2013,34.14923,71.73606,1
2013,34.15003,71.74581,1
2013,34.15093,71.73594,1
2013,34.15286,72.03199,1
2013,34.16047,72.39955,1
2013,34.16059,42.37254,6
2013,34.16129,71.85187,1
2013,34.16197,72.2661,1
2013,34.16466,69.8112,1
2013,34.16474,69.81209,1
2013,34.16839,71.84196,3
2013,34.16864,70.62793,1
2013,34.17087,74.47284,1
2013,34.17091,70.61969,1
2013,34.17091,70.62518,1
2013,34.17183,70.62168,2
2013,34.17194,72.2746,2
2013,34.17318,70.62244,1
2013,34.1754,61.69854,1
2013,34.17687,61.70056,1
2013,34.18,61.72583,1
2013,34.18328,62.73239,1
2013,34.18454,61.69836,1
2013,34.1846,36.42401,5
2013,34.18722,70.82306,1
2013,34.18745,70.8233,1
2013,34.18934,70.83483,1
2013,34.19056,71.76538,1
2013,34.19421,43.87493,2
2013,34.1959,70.58948,1
2013,34.19633,36.3576,2
2013,34.19905,74.34995,1
2013,34.20059,72.04844,20
2013,34.20373,62.21962,1
2013,34.20842,43.89071,44
2013,34.21222,36.39639,1
2013,34.21245,71.51617,1
2013,34.21407,62.17966,1
2013,34.21422,69.10031,1
2013,34.2144,71.02577,1
2013,34.2148,69.09851,1
2013,34.21521,71.71579,1
2013,34.21527,70.16686,1
2013,34.21576,72.2991,2
2013,34.21634,71.71246,1
2013,34.21646,71.71479,1
2013,34.21668,69.09518,1
2013,34.21694,62.57667,1
2013,34.217,71.02449,2
2013,34.21722,71.55556,1
2013,34.21729,71.56104,17
2013,34.21818,71.62626,1
2013,34.22089,70.63019,1
2013,34.2237,70.22184,1
2013,34.22458,43.91593,1
2013,34.22694,70.14667,1
2013,34.22804,70.81417,1
2013,34.22854,70.19321,1
2013,34.22921,70.19321,3
2013,34.23018,70.19205,1
2013,34.23078,70.19511,1
2013,34.23228,71.88185,1
2013,34.23323,68.28623,1
2013,34.23501,69.98504,3
2013,34.23574,71.90923,2
2013,34.24278,74.50301,1
2013,34.24381,71.62949,1
2013,34.24586,70.54828,1
2013,34.24622,70.8289,1
2013,34.2484,71.85204,1
2013,34.24867,71.58759,1
2013,34.25268,70.61371,1
2013,34.25544,72.40214,1
2013,34.25671,38.31657,1
2013,34.25834,70.78609,1
2013,34.26306,71.79806,1
2013,34.26315,70.78821,1
2013,34.26539,62.28151,1
2013,34.26587,70.73582,1
2013,34.26686,70.78452,1
2013,34.26842,72.35775,1
2013,34.27027,70.77834,1
2013,34.27084,68.9541,1
2013,34.27104,45.16357,5
2013,34.27112,70.79584,1
2013,34.27282,63.10897,1
2013,34.27403,44.54254,5
2013,34.27528,44.53834,1
2013,34.27679,72.34354,1
2013,34.27997,72.5164,1
2013,34.28105,68.89447,2
2013,34.28275,69.88255,1
2013,34.28333,62.61667,1
2013,34.28445,69.88118,2
2013,34.28535,71.93212,3
2013,34.28639,70.37222,1
2013,34.28889,74.46371,9
2013,34.28925,69.77019,1
2013,34.29107,71.87979,1
2013,34.29139,70.37861,1
2013,34.29623,70.10126,1
2013,34.3,74.27,1
2013,34.30068,71.65125,1
2013,34.30123,62.2463,1
2013,34.30147,72.02615,1
2013,34.30496,70.76303,1
2013,34.30683,43.63986,1
2013,34.30941,45.22088,1
2013,34.30999,72.04682,2
2013,34.32002,71.399,2
2013,34.3208,71.9458,1
2013,34.32104,71.39975,1
2013,34.32813,70.40757,1
2013,34.32869,70.40755,1
2013,34.32897,70.40749,1
2013,34.32898,70.40749,2
2013,34.33259,73.20281,4
2013,34.33565,70.45876,1
2013,34.33735,71.86909,1
2013,34.33961,61.74629,1
2013,34.33966,63.73846,1
2013,34.34045,63.75288,1
2013,34.34194,62.20306,4
2013,34.34197,36.47803,1
2013,34.34322,71.21235,1
2013,34.34333,71.23667,1
2013,34.34344,45.27719,1
2013,34.34443,61.49253,1
2013,34.34473,71.78749,2
2013,34.34586,71.3705,7
2013,34.3462,62.20472,1
2013,34.34672,62.19732,11
2013,34.34734,45.38327,5
2013,34.34792,43.94657,1
2013,34.34833,71.29278,1
2013,34.34851,72.03848,1
2013,34.3491,68.23873,1
2013,34.34967,67.92545,1
2013,34.35024,68.23565,1
2013,34.35024,68.2384,1
2013,34.35085,72.05619,1
2013,34.35135,68.23853,4
2013,34.35251,68.24115,1
2013,34.35666,72.07552,4
2013,34.35835,74.43348,1
2013,34.36087,68.84004,1
2013,34.36094,68.84004,2
2013,34.3635,41.116,5
2013,34.36664,69.2057,1
2013,34.36667,68.8,1
2013,34.36724,68.84028,1
2013,34.36765,69.16597,1
2013,34.36774,41.98528,6
2013,34.36809,73.22079,1
2013,34.37222,41.9875,1
2013,34.37327,43.76318,2
2013,34.37419,63.1887,1
2013,34.37461,74.44966,1
2013,34.38619,35.78276,1
2013,34.38623,63.17685,1
2013,34.38969,72.61838,1
2013,34.39125,71.98089,4
2013,34.39331,72.61665,1
2013,34.39448,72.61998,1
2013,34.39705,36.38717,19
2013,34.39928,74.28127,4
2013,34.4,69.48333,1
2013,34.4,70.5,1
2013,34.40383,72.56714,1
2013,34.40511,72.55984,1
2013,34.4054,70.99626,1
2013,34.40643,70.35988,1
2013,34.41042,43.825,1
2013,34.41361,70.57972,1
2013,34.41712,70.44959,27
2013,34.42424,36.41261,1
2013,34.42504,37.44055,1
2013,34.42591,35.84215,1
2013,34.43084,44.93409,1
2013,34.43417,70.44778,1
2013,34.43577,35.8513,1
2013,34.43665,35.85085,1
2013,34.43678,44.17881,1
2013,34.43721,35.83048,1
2013,34.43789,35.83292,1
2013,34.43792,35.8313,1
2013,34.43796,35.83113,2
2013,34.43806,35.83074,2
2013,34.43808,35.83621,1
2013,34.43809,35.83084,5
2013,34.43909,35.83083,2
2013,34.43923,35.83185,1
2013,34.43926,35.83168,1
2013,34.43973,44.17203,1
2013,34.4399,35.848,2
2013,34.43994,35.8479,1
2013,34.43997,35.83095,1
2013,34.44082,44.17203,3
2013,34.44083,71.05833,1
2013,34.44324,71.05811,3
2013,34.44673,35.82371,1
2013,34.45,43.58333,1
2013,34.45193,40.91119,1
2013,34.45236,70.49684,1
2013,34.45253,62.17431,2
2013,34.45406,70.48928,1
2013,34.45462,70.48156,1
2013,34.45681,71.90638,1
2013,34.45831,61.43279,1
2013,34.45889,43.79101,5
2013,34.46722,71.27611,2
2013,34.4676,71.96588,1
2013,34.46839,74.19073,1
2013,34.47108,43.52535,1
2013,34.47268,68.6678,1
2013,34.47292,74.25021,1
2013,34.47316,71.14117,1
2013,34.47762,41.92077,7
2013,34.48038,36.43939,1
2013,34.48074,36.44168,1
2013,34.48079,36.44167,1
2013,34.48138,74.17097,1
2013,34.48422,62.58844,1
2013,34.48527,7.52185,1
2013,34.48689,74.28675,1
2013,34.4952,70.07344,1
2013,34.5005,62.17795,1
2013,34.50154,43.74944,1
2013,34.50278,71.90478,1
2013,34.50292,69.816,1
2013,34.50304,71.90457,1
2013,34.50966,36.58006,4
2013,34.51044,62.66942,2
2013,34.51064,71.90906,1
2013,34.51292,36.57682,1
2013,34.5169,69.14701,41
2013,34.52691,43.70854,1
2013,34.53139,43.86224,1
2013,34.5317,64.62887,1
2013,34.53371,43.48303,1
2013,34.53371,43.48852,1
2013,34.53371,43.49994,1
2013,34.53371,43.51049,1
2013,34.53375,43.48374,13
2013,34.53598,43.48892,1
2013,34.53802,72.13841,1
2013,34.53824,43.48303,1
2013,34.53824,43.48852,1
2013,34.53937,69.17118,1
2013,34.5405,43.51367,2
2013,34.54217,43.46844,1
2013,34.54276,43.47748,1
2013,34.54842,62.67679,1
2013,34.55225,71.18198,1
2013,34.55345,71.48784,1
2013,34.5564,71.2575,2
2013,34.55852,38.29367,2
2013,34.55926,73.13447,1
2013,34.56006,71.4766,1
2013,34.56231,71.4825,1
2013,34.56315,61.32314,1
2013,34.56425,71.47958,1
2013,34.56538,71.46838,1
2013,34.56549,71.47743,4
2013,34.56778,71.27333,1
2013,34.56858,71.22896,1
2013,34.57386,72.43785,1
2013,34.57548,71.48876,1
2013,34.58183,36.78851,1
2013,34.59252,71.47545,1
2013,34.59504,43.91978,1
2013,34.59729,71.63211,1
2013,34.59842,36.55251,1
2013,34.60085,43.92423,1
2013,34.61083,43.45573,1
2013,34.614,72.78879,1
2013,34.61564,43.68378,1
2013,34.61745,70.97426,2
2013,34.61753,36.3764,1
2013,34.61936,36.27234,1
2013,34.61965,43.48846,1
2013,34.62152,43.66838,81
2013,34.62219,72.79901,1
2013,34.62417,43.47748,1
2013,34.62917,61.23356,1
2013,34.62982,45.30999,1
2013,34.63422,69.88209,1
2013,34.64337,71.026,9
2013,34.64413,71.46719,1
2013,34.64472,43.7,1
2013,34.64767,71.02922,1
2013,34.65554,61.19947,1
2013,34.65646,70.19624,1
2013,34.65687,61.10969,1
2013,34.6587,43.87493,1
2013,34.66702,71.30852,1
2013,34.66795,61.16844,1
2013,34.67139,36.25916,3
2013,34.67487,70.21344,2
2013,34.67557,61.19723,1
2013,34.67614,43.4862,1
2013,34.68743,70.14453,1
2013,34.68969,70.14337,1
2013,34.68977,70.14558,6
2013,34.69134,69.2625,1
2013,34.69194,70.14337,1
2013,34.69389,42.68232,2
2013,34.6942,70.14453,1
2013,34.69688,70.21668,1
2013,34.69703,69.27355,1
2013,34.7,70.15,1
2013,34.70444,70.23944,1
2013,34.70514,70.15405,1
2013,34.70611,71.43306,1
2013,34.70634,33.02279,1
2013,34.7073,71.41001,2
2013,34.71667,70.26667,1
2013,34.7177,36.72282,8
2013,34.72616,71.49254,1
2013,34.72694,72.69444,1
2013,34.72978,71.52171,1
2013,34.7312,71.47957,1
2013,34.73351,71.51966,5
2013,34.73371,43.7899,1
2013,34.73388,36.71817,1
2013,34.73936,71.38641,1
2013,34.74,71.53,1
2013,34.74035,36.67059,2
2013,34.74311,72.68443,1
2013,34.75,71.08333,1
2013,34.75273,63.09675,1
2013,34.75519,63.10394,1
2013,34.76086,42.80493,2
2013,34.76319,71.40983,1
2013,34.76587,69.75346,1
2013,34.76607,71.41021,1
2013,34.76861,71.59111,1
2013,34.77208,43.79768,1
2013,34.77448,72.36405,6
2013,34.77553,69.56921,1
2013,34.77675,71.43998,1
2013,34.77967,71.68953,1
2013,34.78498,72.76577,1
2013,34.7856,72.76735,1
2013,34.7873,70.48063,1
2013,34.7881,70.47889,4
2013,34.78941,71.46608,3
2013,34.7904,70.11778,2
2013,34.79066,44.66215,10
2013,34.79322,71.78447,1
2013,34.79351,71.78449,1
2013,34.79802,69.75061,1
2013,34.79866,72.3816,1
2013,34.79951,62.13917,1
2013,34.79972,72.57167,2
2013,34.79982,72.57187,1
2013,34.80151,72.757,1
2013,34.80168,71.21573,1
2013,34.80168,71.21597,1
2013,34.80171,71.21614,2
2013,34.80253,71.21464,1
2013,34.80283,71.79338,1
2013,34.80341,44.62546,4
2013,34.80616,70.97846,1
2013,34.80906,70.09795,1
2013,34.80944,72.43045,1
2013,34.81042,70.09885,1
2013,34.81173,37.30632,1
2013,34.81465,37.01833,1
2013,34.81556,71.5136,1
2013,34.81559,71.21316,1
2013,34.81597,71.40523,1
2013,34.81667,32.4,1
2013,34.81667,67.81667,1
2013,34.81667,70.35,2
2013,34.82108,72.48809,1
2013,34.82167,71.11278,1
2013,34.82384,43.0668,1
2013,34.82423,71.43273,1
2013,34.83487,69.87516,1
2013,34.83529,67.211,1
2013,34.83658,71.48492,1
2013,34.83695,5.72085,1
2013,34.83789,72.97587,1
2013,34.84227,69.70271,1
2013,34.84571,69.2068,1
2013,34.84577,36.67224,1
2013,34.84659,71.09732,5
2013,34.84762,63.4884,1
2013,34.85115,71.91992,1
2013,34.85131,9.14285,1
2013,34.85326,63.4884,1
2013,34.8533,69.64816,1
2013,34.85509,63.4862,1
2013,34.85556,69.64944,1
2013,34.85572,71.11898,1
2013,34.85664,71.43289,1
2013,34.8569,71.42994,6
2013,34.85776,63.48566,1
2013,34.85777,40.57572,1
2013,34.85847,71.81102,1
2013,34.8632,72.94615,1
2013,34.86495,63.4862,1
2013,34.86621,71.52639,1
2013,34.87437,68.82111,1
2013,34.87566,71.152,4
2013,34.87851,63.34024,2
2013,34.88135,44.62513,91
2013,34.88142,71.53187,1
2013,34.88326,71.38319,1
2013,34.88382,63.4708,1
2013,34.88655,71.66198,1
2013,34.89607,43.46387,1
2013,34.89721,44.68921,1
2013,34.90733,67.18945,1
2013,34.91093,71.1274,1
2013,34.91203,68.4889,1
2013,34.915,72.63441,1
2013,34.9167,69.20805,1
2013,34.92018,70.76442,1
2013,34.92648,71.1026,1
2013,34.92828,71.27554,1
2013,34.92917,43.49306,2
2013,34.93035,72.41807,1
2013,34.93268,71.0271,1
2013,34.93336,43.41255,7
2013,34.93383,69.23279,3
2013,34.93665,70.77056,1
2013,34.9386,69.26526,1
2013,34.94025,69.25497,1
2013,34.94058,72.42728,1
2013,34.94417,69.27333,6
2013,34.94421,69.27325,1
2013,34.94444,70.95222,1
2013,34.94523,70.95593,1
2013,34.94561,69.25914,1
2013,34.94969,43.43906,1
2013,34.9508,43.49454,41
2013,34.95124,43.34613,1
2013,34.95262,72.33111,2
2013,34.95378,70.94126,1
2013,34.95578,62.23321,1
2013,34.95931,71.81516,1
2013,34.96041,69.58193,1
2013,34.9631,68.81088,1
2013,34.96362,72.87347,1
2013,34.96475,68.81538,1
2013,34.96663,43.70228,1
2013,34.96667,71.03333,1
2013,34.96728,69.56934,1
2013,34.96784,43.44469,1
2013,34.96891,71.45009,2
2013,34.96914,71.83693,1
2013,34.97009,71.82381,1
2013,34.98106,69.62146,2
2013,34.98163,69.62289,1
2013,34.98472,71.43361,1
2013,34.985,69.62289,1
2013,34.98894,70.91121,1
2013,34.99005,63.13254,1
2013,34.99833,71.08194,1
2013,35.00104,71.40662,1
2013,35.00219,71.40619,1
2013,35.00298,69.59131,1
2013,35.00528,68.85556,1
2013,35.01279,37.05151,1
2013,35.01511,69.34875,1
2013,35.01816,69.16899,2
2013,35.0227,62.21692,1
2013,35.02971,71.35425,2
2013,35.0307,71.35413,1
2013,35.03257,71.35124,1
2013,35.0353,71.22524,1
2013,35.03664,71.36022,1
2013,35.03682,63.29245,1
2013,35.03726,7.00953,1
2013,35.03759,63.29248,1
2013,35.03889,71.78889,1
2013,35.03899,36.00723,1
2013,35.03971,63.31272,1
2013,35.04806,72.3925,1
2013,35.05324,63.29266,1
2013,35.07047,70.69005,6
2013,35.07103,70.70515,1
2013,35.08285,63.05,1
2013,35.08333,70.46667,1
2013,35.08339,65.16186,1
2013,35.09054,71.76357,1
2013,35.09273,72.50108,1
2013,35.10208,44.37134,1
2013,35.11806,71.22833,1
2013,35.12194,64.8375,1
2013,35.12616,70.73704,1
2013,35.1276,69.07318,1
2013,35.12918,36.76074,3
2013,35.13128,63.4725,1
2013,35.13342,61.54232,1
2013,35.1358,37.02074,1
2013,35.13701,44.44664,1
2013,35.14164,71.67878,1
2013,35.15147,37.22016,1
2013,35.16552,72.04682,1
2013,35.16707,63.78616,1
2013,35.16713,63.76954,2
2013,35.16734,63.76954,1
2013,35.16848,8.83227,1
2013,35.16932,63.77478,1
2013,35.17072,8.82989,1
2013,35.17072,8.83126,1
2013,35.18167,72.00831,1
2013,35.18333,70.8,1
2013,35.18333,70.98333,1
2013,35.18373,44.35417,1
2013,35.18419,8.80672,1
2013,35.18879,37.21158,1
2013,35.19236,70.99273,2
2013,35.19816,63.97827,1
2013,35.20355,63.05867,1
2013,35.20667,8.68278,1
2013,35.20723,72.54562,1
2013,35.20753,8.68247,1
2013,35.21197,61.60815,1
2013,35.21218,71.52491,2
2013,35.21645,37.16629,1
2013,35.22537,71.52863,1
2013,35.229,71.53678,1
2013,35.23361,71.33056,1
2013,35.23931,8.75048,3
2013,35.24462,44.27549,2
2013,35.24676,43.90485,1
2013,35.25571,43.47479,1
2013,35.26639,71.54056,1
2013,35.26805,68.61902,1
2013,35.27102,43.45808,3
2013,35.27208,43.91504,7
2013,35.27226,43.46207,1
2013,35.27331,43.92217,1
2013,35.2877,44.35064,1
2013,35.289,43.45286,1
2013,35.3,43.91667,5
2013,35.30787,44.14894,1
2013,35.31711,69.54926,1
2013,35.32379,43.7721,17
2013,35.32482,43.76692,3
2013,35.32612,43.78081,26
2013,35.32633,43.95035,1
2013,35.32633,70.90808,1
2013,35.32857,43.97787,1
2013,35.32857,70.90805,5
2013,35.3292,25.13867,1
2013,35.3292,43.94368,19
2013,35.3292,43.94372,1
2013,35.33081,43.94486,1
2013,35.33081,43.9476,2
2013,35.33137,44.28578,2
2013,35.33305,43.93662,1
2013,35.33306,40.13874,1
2013,35.33473,74.8312,1
2013,35.33529,43.97192,1
2013,35.33977,43.93662,1
2013,35.33977,43.94211,2
2013,35.34202,43.93936,1
2013,35.34607,40.17822,1
2013,35.34874,43.9696,7
2013,35.35098,44.38705,1
2013,35.35953,70.85956,1
2013,35.36666,43.93936,2
2013,35.3689,43.93387,1
2013,35.37785,70.90256,1
2013,35.38459,44.14297,1
2013,35.3867,44.30029,1
2013,35.40225,43.88447,1
2013,35.40307,65.9512,2
2013,35.40948,71.33942,1
2013,35.41048,71.33918,1
2013,35.41144,71.33653,1
2013,35.41298,63.43608,1
2013,35.41368,63.38794,1
2013,35.42213,74.09653,3
2013,35.42358,61.34619,1
2013,35.43639,71.33493,3
2013,35.43811,7.14665,2
2013,35.45211,44.37546,121
2013,35.45341,44.22736,1
2013,35.45508,43.10876,1
2013,35.46347,44.27686,1
2013,35.46883,44.39098,3
2013,35.46911,63.52031,3
2013,35.4707,43.28437,1
2013,35.49087,43.09778,2
2013,35.49087,43.10602,2
2013,35.49301,43.23629,1
2013,35.4931,43.09776,1
2013,35.4931,43.09914,1
2013,35.49422,43.09502,1
2013,35.49422,43.0964,1
2013,35.49472,43.09721,3
2013,35.49485,43.09716,5
2013,35.49944,43.23489,13
2013,35.4995,63.37261,1
2013,35.50368,43.11219,1
2013,35.50476,43.23746,1
2013,35.51078,71.00575,1
2013,35.51501,43.23782,1
2013,35.51502,43.23782,2
2013,35.56095,68.81475,1
2013,35.5646,64.43189,2
2013,35.56701,45.3855,7
2013,35.56943,42.72302,2
2013,35.57446,42.73376,1
2013,35.58739,42.71699,1
2013,35.59027,63.33293,1
2013,35.5938,63.33542,4
2013,35.59469,63.33273,2
2013,35.5981,64.02733,3
2013,35.59821,64.76366,4
2013,35.5983,64.76218,1
2013,35.61206,64.7507,1
2013,35.61298,36.00232,1
2013,35.61377,63.3387,2
2013,35.61528,68.65944,1
2013,35.61562,36.55839,2
2013,35.61719,68.692,1
2013,35.61917,68.52556,1
2013,35.62808,64.83567,2
2013,35.63125,44.00856,2
2013,35.63347,51.36279,1
2013,35.65027,63.30318,1
2013,35.65129,9.05306,1
2013,35.65636,42.94845,1
2013,35.66845,66.04388,1
2013,35.66905,43.54244,4
2013,35.67293,44.07014,2
2013,35.6801,64.28786,1
2013,35.68452,64.29211,4
2013,35.68861,44.10917,1
2013,35.69021,43.90738,1
2013,35.69991,43.53679,4
2013,35.70206,66.15758,1
2013,35.71398,36.52567,1
2013,35.72422,41.74713,1
2013,35.72422,71.28595,1
2013,35.72752,63.77638,1
2013,35.73174,68.66828,1
2013,35.73319,139.3418,1
2013,35.73537,68.66307,1
2013,35.73738,36.68359,1
2013,35.74799,43.28374,1
2013,35.75,44.15,1
2013,35.77115,10.82733,1
2013,35.77201,43.1212,1
2013,35.77677,10.82552,1
2013,35.77862,43.26549,2
2013,35.78306,64.28028,1
2013,35.78806,66.27279,1
2013,35.79122,43.27202,1
2013,35.79162,43.27195,1
2013,35.79813,43.29418,12
2013,35.8043,69.28775,2
2013,35.80591,38.98767,1
2013,35.81053,63.13463,1
2013,35.81336,69.28207,1
2013,35.81397,36.60992,1
2013,35.82688,36.69572,4
2013,35.82711,50.98037,1
2013,35.83255,36.74704,1
2013,35.83298,10.63875,2
2013,35.8334,36.69665,2
2013,35.83384,64.52583,1
2013,35.84364,65.23667,1
2013,35.84466,43.10974,1
2013,35.84813,64.24248,2
2013,35.84899,64.24234,1
2013,35.8501,66.522,1
2013,35.85549,65.28316,1
2013,35.85635,64.53768,1
2013,35.85901,64.3371,1
2013,35.86851,36.80467,2
2013,35.8686,36.71922,1
2013,35.86902,64.24805,1
2013,35.87139,10.56972,1
2013,35.87681,64.37692,1
2013,35.8789,64.51323,1
2013,35.88926,74.38816,1
2013,35.91809,74.2898,3
2013,35.91917,64.81583,1
2013,35.92105,64.77454,1
2013,35.9288,36.63145,2
2013,35.94688,64.77734,1
2013,35.94755,68.71033,4
2013,35.95152,39.00956,4
2013,35.96667,43.61667,2
2013,35.9673,2.03146,1
2013,35.97585,65.37811,1
2013,35.98073,67.57085,2
2013,35.99353,43.21973,11
2013,35.99493,36.78123,1
2013,35.99588,42.82914,1
2013,35.9966,36.939,1
2013,35.99955,36.9155,1
2013,36.0,42.46667,1
2013,36.01981,37.19627,1
2013,36.02114,65.76095,1
2013,36.03333,10.5,1
2013,36.03902,43.08482,1
2013,36.04506,41.71672,4
2013,36.05,41.71667,1
2013,36.05349,2.93757,2
2013,36.05403,42.40192,1
2013,36.05496,40.72496,2
2013,36.06686,70.7872,1
2013,36.07532,43.09068,1
2013,36.07557,69.1178,1
2013,36.07956,64.90596,4
2013,36.08219,64.8564,1
2013,36.09846,64.86446,1
2013,36.10263,65.38071,4
2013,36.13122,66.47531,1
2013,36.13834,43.00027,1
2013,36.1534,43.01657,1
2013,36.15856,43.2551,12
2013,36.15988,66.93562,1
2013,36.16022,43.09593,1
2013,36.16194,68.73917,1
2013,36.16538,66.09094,1
2013,36.16587,1.33224,1
2013,36.16892,43.08752,1
2013,36.17067,37.04273,1
2013,36.17717,68.74505,1
2013,36.17731,68.75214,2
2013,36.17765,8.71326,1
2013,36.1789,37.2858,1
2013,36.1789,68.74531,1
2013,36.18015,68.74539,1
2013,36.18487,43.20731,2
2013,36.18534,65.37412,1
2013,36.1861,64.95038,1
2013,36.18888,69.33313,1
2013,36.19259,44.00462,2
2013,36.19333,65.3525,1
2013,36.19973,36.16236,1
2013,36.2012,43.20878,2
2013,36.20172,37.14352,38
2013,36.20332,43.20785,1
2013,36.20522,44.14091,1
2013,36.21016,37.14417,1
2013,36.21077,65.94462,1
2013,36.21225,36.52026,1
2013,36.21282,43.37964,8
2013,36.21286,37.15895,1
2013,36.21308,36.76951,1
2013,36.21536,37.02266,1
2013,36.21621,37.16383,1
2013,36.21766,65.93304,1
2013,36.21988,37.45358,1
2013,36.2199,43.13736,1
2013,36.22624,37.46814,1
2013,36.22766,43.01125,1
2013,36.22957,42.23624,11
2013,36.23098,37.4657,2
2013,36.23098,42.2196,1
2013,36.23098,42.24152,1
2013,36.23098,42.24157,1
2013,36.23541,42.23602,1
2013,36.2377,64.86936,1
2013,36.23828,64.86444,1
2013,36.24427,42.24083,1
2013,36.24783,68.77814,1
2013,36.2487,42.23602,1
2013,36.25492,66.28432,1
2013,36.25888,43.28097,1
2013,36.26383,42.70767,4
2013,36.26422,36.56571,3
2013,36.26693,68.01969,3
2013,36.26974,43.04558,2
2013,36.27185,43.16536,1
2013,36.27971,43.07443,1
2013,36.27971,65.9617,1
2013,36.28814,43.29537,1
2013,36.28856,42.91225,1
2013,36.29308,37.04709,1
2013,36.30489,69.52281,1
2013,36.31044,36.68916,1
2013,36.3107,43.04147,1
2013,36.32619,65.92303,1
2013,36.32829,42.83598,1
2013,36.33187,68.76363,1
2013,36.33852,43.06967,1
2013,36.34,43.13,7
2013,36.3415,43.13722,1
2013,36.345,68.74821,1
2013,36.35415,43.14357,338
2013,36.35711,42.72247,1
2013,36.36552,42.4618,2
2013,36.3656,68.81463,1
2013,36.3662,37.51228,1
2013,36.37682,42.44888,11
2013,36.37728,36.99361,1
2013,36.39665,37.46622,1
2013,36.41354,64.8934,1
2013,36.41618,42.99951,1
2013,36.42027,69.35927,1
2013,36.4257,43.22136,1
2013,36.4325,64.92056,1
2013,36.44421,42.65236,1
2013,36.44669,43.19527,1
2013,36.4489,43.19252,1
2013,36.44927,8.43642,3
2013,36.45171,43.34204,1
2013,36.46062,43.20444,1
2013,36.47776,3.75645,1
2013,36.47817,43.21873,1
2013,36.48204,43.22353,1
2013,36.50043,42.43828,2
2013,36.50522,2.37534,1
2013,36.52194,37.04111,1
2013,36.53316,65.78484,1
2013,36.53423,42.75907,2
2013,36.53444,3.68278,1
2013,36.53474,3.68196,1
2013,36.53612,69.43457,1
2013,36.54259,9.66245,1
2013,36.54965,1.70766,1
2013,36.57435,42.79865,1
2013,36.57987,70.82738,1
2013,36.60114,42.64399,1
2013,36.6059,37.55943,1
2013,36.60611,69.11167,2
2013,36.61313,68.84755,1
2013,36.61741,4.27013,1
2013,36.61828,65.79632,1
2013,36.63061,68.81088,4
2013,36.63426,70.71878,1
2013,36.64198,69.08957,1
2013,36.6425,67.3375,1
2013,36.65403,10.07968,1
2013,36.6552,42.24701,1
2013,36.66324,69.52741,1
2013,36.66352,69.10144,1
2013,36.66842,69.47668,1
2013,36.6698,69.47845,1
2013,36.67467,65.7484,3
2013,36.67646,70.87465,1
2013,36.67723,42.21954,1
2013,36.68028,69.11204,1
2013,36.68054,70.79843,1
2013,36.68164,66.18396,1
2013,36.69194,38.95115,1
2013,36.69556,67.69845,1
2013,36.7044,71.26626,1
2013,36.70578,68.87706,16
2013,36.70993,67.1157,6
2013,36.71667,4.05,1
2013,36.71708,42.095,1
2013,36.72657,68.86034,2
2013,36.72778,3.55389,1
2013,36.73237,3.96494,1
2013,36.73346,69.53776,2
2013,36.73477,70.812,1
2013,36.73555,3.97102,1
2013,36.73576,4.43777,1
2013,36.73661,69.5334,1
2013,36.75,66.0,1
2013,36.76128,71.18532,2
2013,36.7613,71.1853,3
2013,36.7628,42.06497,1
2013,36.76519,68.79878,1
2013,36.79971,44.23409,1
2013,36.80398,42.09394,1
2013,36.80723,65.92477,1
2013,36.81038,10.16951,2
2013,36.81877,10.16559,1
2013,36.81881,10.16596,1
2013,36.84153,66.62357,1
2013,36.84627,68.75188,1
2013,36.84895,65.08897,1
2013,36.85325,68.7218,1
2013,36.85477,68.66612,1
2013,36.85984,70.84375,1
2013,36.85993,68.7155,2
2013,36.8631,70.87039,1
2013,36.86667,70.83444,1
2013,36.86685,69.33857,2
2013,36.86983,10.34137,1
2013,36.88205,65.87166,1
2013,36.887,66.3979,1
2013,36.88745,70.90624,1
2013,36.88817,68.42932,1
2013,36.89092,67.18945,1
2013,36.89445,4.41994,1
2013,36.89697,65.66586,4
2013,36.89719,65.65887,1
2013,36.90159,65.66442,1
2013,36.9025,66.21167,1
2013,36.92423,66.18333,1
2013,36.93233,69.33449,1
2013,36.95538,65.57306,1
2013,36.95757,65.56892,1
2013,36.9584,65.11594,1
2013,36.96468,69.17002,1
2013,36.99707,70.86572,1
2013,37.00475,66.79685,1
2013,37.00875,68.4279,1
2013,37.0118,66.34879,1
2013,37.03582,69.1797,2
2013,37.03709,69.17668,1
2013,37.05336,41.22734,3
2013,37.05812,70.41437,1
2013,37.07583,-94.50173,2
2013,37.10366,70.80992,1
2013,37.10564,79.94423,1
2013,37.10815,68.84932,2
2013,37.11416,79.92298,1
2013,37.16498,41.38843,1
2013,37.16907,68.88388,1
2013,37.18711,68.89925,1
2013,37.19697,68.84818,1
2013,37.23485,71.05791,1
2013,37.27405,71.11359,1
2013,37.29899,43.67152,1
2013,37.30074,-121.84736,1
2013,37.30137,41.52196,2
2013,37.3129,40.73395,1
2013,37.33083,42.1846,3
2013,37.38451,69.45406,1
2013,37.41237,66.04538,1
2013,37.4138,70.19292,1
2013,37.41875,42.49183,2
2013,37.58333,43.73333,1
2013,37.63091,22.72782,1
2013,37.87059,112.54888,1
2013,37.92083,42.77683,1
2013,37.92222,40.18438,2
2013,37.93864,22.93224,1
2013,37.94306,23.64697,1
2013,37.96561,23.56771,1
2013,37.96748,23.6229,1
2013,37.99749,23.76273,38
2013,38.39656,40.10795,1
2013,38.41303,40.39551,1
2013,38.42562,40.67117,1
2013,38.42662,40.67019,2
2013,38.43013,77.25622,1
2013,38.47115,27.21782,1
2013,38.4879,42.23651,1
2013,38.4909,42.29486,1
2013,38.90993,-77.01473,2
2013,39.07123,40.76966,1
2013,39.30736,39.43878,1
2013,39.32291,39.47868,1
2013,39.36231,22.94244,1
2013,39.46394,75.9873,1
2013,39.46844,40.04379,1
2013,39.55027,44.0773,1
2013,39.63902,22.41912,2
2013,39.90395,116.3918,1
2013,39.93077,32.76754,6
2013,40.17857,44.53576,1
2013,40.2046,-100.62138,1
2013,40.39748,23.8768,1
2013,40.4656,-3.69626,2
2013,40.51422,23.82514,1
2013,40.62066,22.952,5
2013,40.69426,-73.93068,1
2013,40.85178,14.26812,1
2013,40.93761,24.41287,1
2013,40.93777,24.41307,1
2013,41.10618,28.68986,4
2013,41.39845,23.20581,1
2013,41.59137,9.27831,1
2013,41.64879,-0.88958,1
2013,41.67788,48.1658,1
2013,41.6927,48.21072,1
2013,41.89096,12.49007,1
2013,41.91922,8.73863,2
2013,41.92755,44.41191,1
2013,41.93444,25.55545,1
2013,41.9538,47.94947,1
2013,42.03139,47.06444,1
2013,42.03144,47.06363,1
2013,42.05014,48.28054,2
2013,42.05822,48.29207,1
2013,42.06841,48.29536,1
2013,42.06917,48.29583,4
2013,42.11647,48.19702,1
2013,42.11694,8.70253,1
2013,42.22038,47.00878,1
2013,42.31564,-71.09091,2
2013,42.32652,-8.12839,1
2013,42.36999,-71.17745,1
2013,42.37586,-71.11849,1
2013,42.44258,19.26865,1
2013,42.44373,47.28505,1
2013,42.51833,46.17278,1
2013,42.54062,46.12299,1
2013,42.55116,46.36572,1
2013,42.56674,47.86552,1
2013,42.56926,47.56635,1
2013,42.59697,46.33408,1
2013,42.6775,46.82,1
2013,42.69785,23.32167,1
2013,42.7,9.44732,1
2013,42.71229,46.79563,1
2013,42.78944,20.4945,1
2013,42.79877,47.10872,16
2013,42.81537,-1.65362,1
2013,42.82298,47.12068,1
2013,42.84488,19.87476,1
2013,42.86429,90.21863,6
2013,42.88607,20.87402,1
2013,42.88691,20.87481,3
2013,42.91137,20.83933,1
2013,42.92757,45.85239,1
2013,42.97026,46.0158,1
2013,42.97378,41.44218,1
2013,42.97871,45.01251,1
2013,42.98479,-71.4447,1
2013,42.98542,47.45067,30
2013,43.09583,44.98528,2
2013,43.09901,44.98457,1
2013,43.135,45.09913,1
2013,43.20067,46.81728,1
2013,43.20574,46.53541,1
2013,43.20926,2.34384,1
2013,43.23882,45.04805,1
2013,43.24855,46.59784,18
2013,43.26817,46.72648,1
2013,43.26827,46.72844,1
2013,43.2686,46.72657,2
2013,43.31462,45.15568,1
2013,43.31694,45.06635,1
2013,43.32955,6.04503,1
2013,43.33048,-1.4069,1
2013,43.34088,-1.44877,1
2013,43.34227,17.81275,1
2013,43.35634,-1.55056,1
2013,43.37325,-124.23822,2
2013,43.3927,-1.25377,1
2013,43.39325,43.56285,2
2013,43.40106,44.7594,1
2013,43.4389,46.3447,1
2013,43.43925,-1.48702,1
2013,43.44468,43.40902,1
2013,43.48556,43.61052,1
2013,43.49499,43.60451,1
2013,43.501,43.60331,1
2013,43.50405,44.58711,1
2013,43.53716,6.46476,1
2013,43.56596,43.58524,1
2013,43.56667,43.58333,1
2013,43.57528,46.83194,1
2013,43.65711,43.53156,1
2013,43.66155,43.46363,1
2013,43.68401,43.53296,1
2013,43.74597,44.6499,1
2013,43.84033,43.2108,1
2013,43.84995,46.7167,2
2013,43.88614,41.73394,1
2013,43.93483,42.51199,1
2013,44.03333,43.06667,1
2013,44.6681,43.52021,1
2013,44.94633,34.15415,1
2013,45.05,41.96667,1
2013,45.07273,7.67954,1
2013,45.12874,33.6043,1
2013,45.13861,7.04846,1
2013,45.42153,-75.69719,1
2013,45.46921,9.17451,2
2013,45.53716,-122.65007,1
2013,45.54119,10.21944,1
2013,45.74689,4.84492,1
2013,45.77194,4.89017,1
2013,45.81474,15.86238,1
2013,45.82188,15.84359,1
2013,47.2426,-122.45434,1
2013,47.24941,11.60113,1
2013,47.30698,8.55527,1
2013,47.36812,8.5604,1
2013,47.62152,-122.32408,1
2013,48.01657,37.79768,1
2013,48.42806,-123.36601,1
2013,48.69833,44.45806,1
2013,48.7,44.51667,4
2013,48.76838,14.96368,1
2013,48.85664,2.34233,2
2013,48.88371,2.23834,1
2013,49.28273,-123.12074,1
2013,49.28514,-123.09067,1
2013,49.81885,24.05027,1
2013,50.29197,57.21057,1
2013,51.39395,-2.31914,1
2013,51.43989,-2.54718,1
2013,51.45336,-2.58802,1
2013,51.48529,-2.76763,1
2013,51.50438,-0.14004,3
2013,51.76779,0.08781,1
2013,51.8,68.33333,1
2013,51.81187,68.35643,2
2013,51.8475,34.27111,1
2013,51.86424,-2.23816,1
2013,51.87956,0.55272,1
2013,51.9204,-8.45222,1
2013,52.00945,-0.7394,1
2013,52.46368,-1.85803,1
2013,52.52614,-2.06632,1
2013,52.58621,-1.98292,1
2013,52.58678,-2.12832,1
2013,52.6122,39.59812,1
2013,52.66743,-8.62947,1
2013,52.66804,-8.53768,1
2013,52.7686,-0.37846,1
2013,52.90885,-8.53311,1
2013,52.9844,-7.92456,1
2013,53.00974,-6.81563,1
2013,53.23288,-6.12441,1
2013,53.2849,-6.36717,5
2013,53.31914,-3.49163,1
2013,53.36167,-6.24548,9
2013,53.56747,-0.08078,1
2013,53.69554,-7.60958,1
2013,53.70395,-7.70049,1
2013,53.72684,-6.87483,1
2013,53.98429,-0.86831,1
2013,54.07722,-6.60855,1
2013,54.11333,-6.62476,1
2013,54.13058,-6.58617,1
2013,54.18305,-6.34139,2
2013,54.19497,-6.39784,1
2013,54.19624,-7.57145,1
2013,54.25372,-7.44106,1
2013,54.29812,-6.52129,1
2013,54.34542,-7.63636,1
2013,54.34875,-6.65161,2
2013,54.40965,-5.66345,1
2013,54.46337,-6.3286,3
2013,54.51263,-5.88257,1
2013,54.51569,-6.05572,4
2013,54.5167,-5.88954,1
2013,54.5931,-5.79461,1
2013,54.6003,-7.2984,1
2013,54.60771,-5.95621,48
2013,54.63797,-6.14485,1
2013,54.64086,-6.74553,1
2013,54.67797,-5.9967,1
2013,54.68158,-5.92195,1
2013,54.68489,-5.9645,1
2013,54.68528,-5.9645,1
2013,54.68552,-5.96453,1
2013,54.68559,-5.96451,1
2013,54.71352,-6.21467,1
2013,54.71363,-6.21428,3
2013,54.71373,-5.80818,1
2013,54.71771,-6.19542,1
2013,54.75145,-6.00026,1
2013,54.75151,-5.99968,1
2013,54.75168,-6.00232,1
2013,54.77342,-5.74758,1
2013,54.80824,-6.21969,1
2013,54.80904,-6.22089,1
2013,54.81916,-7.46791,3
2013,54.8551,-5.81125,2
2013,54.86509,-6.27247,2
2013,54.95574,-7.73649,1
2013,54.95602,-6.4802,1
2013,54.96132,-7.24874,1
2013,54.98333,-6.68755,1
2013,55.01156,-7.31204,14
2013,55.07114,-6.51315,1
2013,55.13454,-7.4538,1
2013,55.13461,-7.45376,1
2013,55.26452,50.7853,1
2013,55.36038,50.63513,1
2013,55.63209,51.81325,1
2013,55.67256,12.50629,1
2013,55.75138,37.57991,5
2013,59.85337,30.34843,2
2014,-41.2568,-71.28644,1
2014,-41.12443,175.07078,1
2014,-38.69804,-72.32623,2
2014,-38.67172,-72.22306,1
2014,-37.81411,144.96328,1
2014,-36.35772,146.6964,1
2014,-33.90709,151.05731,1
2014,-33.89296,18.59349,5
2014,-33.88841,151.23722,2
2014,-33.86798,151.21104,1
2014,-33.70417,149.85741,1
2014,-33.36624,-70.5053,11
2014,-33.01069,-71.5278,3
2014,-30.524,27.37,1
2014,-29.75067,30.9854,1
2014,-29.75019,30.98329,1
2014,-29.74004,30.9819,1
2014,-29.73986,30.9818,1
2014,-29.15468,31.40659,1
2014,-27.63979,153.10852,1
2014,-27.37443,26.65181,7
2014,-26.17768,28.11084,1
2014,-26.17228,28.02739,1
2014,-23.46394,-56.73783,1
2014,-23.45806,-56.73798,1
2014,-23.34417,-57.04361,1
2014,-23.31968,-56.4884,1
2014,-23.30035,-56.56698,1
2014,-23.26791,-56.44804,1
2014,-23.26775,-56.45038,1
2014,-23.26728,-56.45168,1
2014,-23.26656,-56.45029,1
2014,-23.12453,-56.69482,1
2014,-22.97004,-56.54098,1
2014,-22.66667,-55.91667,1
2014,-22.46185,-43.48242,1
2014,-20.58548,33.87832,1
2014,-20.57698,33.83576,1
2014,-20.57694,33.83583,1
2014,-19.91667,-43.93333,1
2014,-19.29938,34.99072,8
2014,-19.25535,34.67654,1
2014,-19.23225,34.86029,1
2014,-18.91415,47.53168,1
2014,-18.68572,34.05955,1
2014,-18.68341,34.06656,1
2014,-18.68338,34.06668,1
2014,-18.68093,34.07131,1
2014,-18.55,34.08333,1
2014,-18.49144,34.42314,1
2014,-17.82956,31.05391,1
2014,-17.71181,33.43915,1
2014,-16.13694,38.48667,1
2014,-15.78428,-47.87557,1
2014,-15.69164,34.3479,1
2014,-15.48479,-70.12505,1
2014,-13.16393,-74.22348,1
2014,-12.95015,-74.02074,1
2014,-12.93012,-74.23352,1
2014,-12.78656,-74.17372,1
2014,-12.73574,-72.61429,1
2014,-12.68306,-73.8725,1
2014,-12.62707,-73.7875,1
2014,-12.06864,-75.2103,1
2014,-11.96737,-76.97846,1
2014,-11.36791,27.56464,1
2014,-11.3358,-75.34122,1
2014,-10.43918,27.54012,2
2014,-9.28598,28.32921,1
2014,-9.28443,28.32716,1
2014,-9.24228,27.2033,1
2014,-9.17796,27.20811,2
2014,-9.0,26.75,1
2014,-8.98493,27.03873,1
2014,-8.65299,117.36691,1
2014,-8.46747,28.8999,1
2014,-8.0343,26.79167,1
2014,-7.97662,112.62217,1
2014,-7.85935,22.58323,1
2014,-7.79783,110.37727,1
2014,-7.78447,27.53348,1
2014,-7.75198,113.21559,1
2014,-7.68892,110.34875,2
2014,-7.48913,110.21007,1
2014,-6.89221,-79.56069,1
2014,-6.58028,29.48997,1
2014,-6.56652,106.84588,1
2014,-6.30377,39.37766,1
2014,-6.20876,106.8456,1
2014,-6.1874,39.22365,4
2014,-5.13611,119.46877,1
2014,-4.38917,15.33762,2
2014,-4.37609,15.30345,1
2014,-4.32378,39.57285,1
2014,-4.32086,39.57335,2
2014,-4.20655,30.08924,1
2014,-4.18892,39.58863,1
2014,-4.12275,24.14816,1
2014,-4.09142,137.11746,1
2014,-4.09051,39.64776,6
2014,-4.04118,39.67761,11
2014,-3.98373,138.31722,1
2014,-3.97119,138.32666,1
2014,-3.97103,138.31903,1
2014,-3.78911,138.58945,1
2014,-3.75003,39.55004,1
2014,-3.72402,138.06218,1
2014,-3.72305,138.06068,1
2014,-3.71858,138.06164,1
2014,-3.70725,138.06826,1
2014,-3.38355,29.36658,2
2014,-3.38329,29.36636,1
2014,-3.38024,36.67429,1
2014,-3.37583,29.36411,1
2014,-3.37514,36.69541,1
2014,-3.3667,36.68331,1
2014,-3.3666,36.68337,1
2014,-3.21918,40.11688,1
2014,-3.19519,29.30722,1
2014,-3.05184,26.86709,1
2014,-2.99093,104.75656,1
2014,-2.96278,27.18389,1
2014,-2.96194,122.29722,1
2014,-2.93611,28.11999,1
2014,-2.78636,28.99947,1
2014,-2.52032,32.89971,1
2014,-2.38965,40.70158,1
2014,-2.38952,40.69882,1
2014,-2.38861,40.43804,1
2014,-2.38861,40.43806,2
2014,-2.37995,40.45019,1
2014,-2.36194,40.31778,1
2014,-2.27935,40.18048,1
2014,-2.26932,40.9008,1
2014,-2.2679,40.9012,1
2014,-2.2566,40.90807,1
2014,-2.24964,40.69938,1
2014,-2.23111,40.85861,1
2014,-2.21667,40.48333,1
2014,-2.21667,40.7,1
2014,-2.17928,40.81547,1
2014,-1.8209,40.67388,1
2014,-1.75312,120.64356,1
2014,-1.7447,41.49086,1
2014,-1.72289,120.55342,1
2014,-1.68856,29.23713,1
2014,-1.67088,29.22037,1
2014,-1.65894,29.21984,1
2014,-1.6585,29.22046,2
2014,-1.65824,29.22057,1
2014,-1.63789,41.58694,1
2014,-1.62947,30.38805,1
2014,-1.57114,120.628,1
2014,-1.50305,29.6348,1
2014,-1.44487,120.32308,1
2014,-1.39375,120.75589,1
2014,-1.35563,36.66693,1
2014,-1.34835,120.34454,1
2014,-1.33061,36.92505,1
2014,-1.29919,36.76101,1
2014,-1.29241,36.82189,1
2014,-1.29006,36.82181,3
2014,-1.27515,36.86175,1
2014,-1.27004,36.83603,1
2014,-1.26774,36.84961,3
2014,-1.26487,36.85028,1
2014,-1.21361,41.85609,1
2014,-1.18584,29.44773,1
2014,-1.18323,29.45002,1
2014,-1.18315,29.44789,1
2014,-1.18269,29.44838,1
2014,-1.05696,28.70226,1
2014,-1.04937,29.03145,1
2014,-1.04878,28.77852,1
2014,-1.03462,41.49909,3
2014,-1.01358,42.03077,2
2014,-1.0,42.0402,1
2014,-0.87243,42.15546,1
2014,-0.87243,42.15549,1
2014,-0.86937,119.87714,1
2014,-0.86878,42.15774,1
2014,-0.79177,29.04599,3
2014,-0.69065,40.30886,1
2014,-0.62145,-72.38171,1
2014,-0.49086,42.19688,2
2014,-0.45452,39.64443,1
2014,-0.45354,39.64603,3
2014,-0.45351,39.64583,1
2014,-0.45323,39.6461,2
2014,-0.45104,39.64433,1
2014,-0.44861,39.64322,1
2014,-0.4483,39.64306,1
2014,-0.37744,42.46178,1
2014,-0.3771,42.4608,2
2014,-0.36692,42.52641,1
2014,-0.366,42.55113,1
2014,-0.35801,42.54558,1
2014,-0.35785,42.54665,57
2014,-0.2191,28.90337,1
2014,-0.20324,42.60413,1
2014,-0.17383,41.2699,1
2014,-0.11746,42.56381,2
2014,-0.07248,41.97065,1
2014,-0.01158,36.36242,1
2014,0.00013,40.36925,1
2014,0.00361,42.83278,1
2014,0.0537,40.30788,2
2014,0.0849,37.23902,1
2014,0.14167,29.31123,1
2014,0.14954,29.2837,1
2014,0.17242,30.0857,1
2014,0.18891,40.28329,1
2014,0.2213,99.63414,1
2014,0.24702,41.74189,2
2014,0.24917,42.77889,1
2014,0.25276,33.55048,1
2014,0.27698,-76.9293,1
2014,0.29041,29.33603,1
2014,0.31339,32.58089,1
2014,0.31368,32.58064,1
2014,0.34361,-76.91083,1
2014,0.34947,40.87599,1
2014,0.38894,-76.4093,1
2014,0.40868,40.98429,1
2014,0.41212,41.00811,2
2014,0.42359,29.82814,1
2014,0.42543,-76.90499,1
2014,0.43118,-75.52699,3
2014,0.43595,-75.52767,1
2014,0.44898,-76.92028,1
2014,0.48809,29.46547,1
2014,0.49083,29.45694,1
2014,0.49304,29.47264,2
2014,0.49372,29.46241,1
2014,0.49534,42.77789,3
2014,0.49594,29.45961,9
2014,0.49742,-76.4976,1
2014,0.4976,-76.49757,1
2014,0.49779,-76.49743,1
2014,0.51546,42.07332,1
2014,0.51554,42.07334,1
2014,0.51556,42.07332,1
2014,0.51556,42.07333,2
2014,0.51573,42.07333,1
2014,0.51667,-76.5,1
2014,0.54004,29.49176,1
2014,0.54139,29.49011,1
2014,0.64945,29.49627,2
2014,0.66708,-76.86813,1
2014,0.69688,29.5197,2
2014,0.70108,-75.25293,1
2014,0.70611,30.06342,1
2014,0.72997,29.55377,1
2014,0.73167,39.17284,1
2014,0.74889,29.56375,1
2014,0.85317,29.61072,2
2014,0.92543,43.56483,1
2014,0.9496,43.55606,2
2014,1.05282,30.54014,1
2014,1.09713,42.59837,1
2014,1.10727,44.02106,2
2014,1.11423,44.0287,9
2014,1.12452,44.02246,1
2014,1.13446,42.61849,1
2014,1.17967,30.03531,1
2014,1.18333,30.08333,1
2014,1.18396,36.10287,1
2014,1.20661,-77.27588,2
2014,1.20722,30.17694,1
2014,1.23127,42.70832,2
2014,1.23365,42.70582,1
2014,1.25129,43.80892,1
2014,1.27909,-75.20537,1
2014,1.28088,-75.20479,1
2014,1.29341,-75.49087,1
2014,1.35,30.18333,1
2014,1.38206,29.41784,1
2014,1.38333,24.4,1
2014,1.40347,-75.46418,1
2014,1.40598,-75.45348,1
2014,1.4071,-75.45235,1
2014,1.41106,-76.06596,1
2014,1.42227,44.35468,1
2014,1.45962,-75.04173,1
2014,1.52729,-75.48225,1
2014,1.53508,26.58333,1
2014,1.55784,30.25386,1
2014,1.56072,30.24802,1
2014,1.56446,30.26538,1
2014,1.56644,30.24998,1
2014,1.5868,-74.98553,1
2014,1.5942,29.41154,1
2014,1.59577,29.41793,5
2014,1.61456,-75.6053,1
2014,1.62646,44.46718,1
2014,1.6298,44.51958,1
2014,1.6379,-77.74521,4
2014,1.63916,44.52645,6
2014,1.64063,26.41939,2
2014,1.64083,44.64222,1
2014,1.64128,-77.73446,1
2014,1.65828,44.58002,1
2014,1.65919,-78.74717,1
2014,1.67504,-77.33047,1
2014,1.70418,44.69295,1
2014,1.7046,44.69271,3
2014,1.71634,44.76869,25
2014,1.72891,44.62371,1
2014,1.73088,44.62545,1
2014,1.74683,40.05345,5
2014,1.75764,44.5752,2
2014,1.76738,44.3372,1
2014,1.77762,44.46062,1
2014,1.78333,44.53333,1
2014,1.78964,44.52998,20
2014,1.78995,44.52991,1
2014,1.79,44.53,2
2014,1.80015,44.90724,1
2014,1.8033,-78.77751,1
2014,1.80666,-78.76472,1
2014,1.80667,-78.76472,1
2014,1.80683,-78.76439,2
2014,1.80767,44.69349,1
2014,1.80813,-78.76893,2
2014,1.8083,44.69514,4
2014,1.80883,-78.76759,1
2014,1.85,29.96667,2
2014,1.87665,44.2479,5
2014,1.88401,-77.20081,1
2014,1.90719,-77.26325,1
2014,1.91318,44.90676,1
2014,1.91461,-76.85694,1
2014,1.92258,44.954,1
2014,1.93514,-77.30609,1
2014,1.9352,-77.30974,1
2014,1.94645,44.61268,1
2014,1.97894,44.83206,1
2014,1.9964,44.9884,1
2014,2.03341,45.25054,1
2014,2.04392,-72.33111,1
2014,2.05982,45.32611,322
2014,2.07211,45.22142,1
2014,2.07461,45.39539,3
2014,2.07834,45.40674,3
2014,2.08079,45.27124,2
2014,2.08092,45.27123,1
2014,2.08159,45.39655,2
2014,2.08206,45.20749,1
2014,2.08402,45.20766,1
2014,2.08551,45.40275,5
2014,2.08577,45.40289,1
2014,2.08801,29.96202,1
2014,2.09968,45.15723,7
2014,2.1125,45.30548,1
2014,2.11317,-74.76918,1
2014,2.11619,45.3421,1
2014,2.11667,-76.98333,2
2014,2.13002,45.03751,1
2014,2.14383,45.11806,17
2014,2.19947,-76.65043,1
2014,2.20482,41.61965,4
2014,2.25162,-76.99305,1
2014,2.26318,-75.96949,1
2014,2.27268,45.72165,2
2014,2.28967,-75.95715,1
2014,2.33333,42.28333,1
2014,2.33908,45.42254,2
2014,2.34931,42.28034,3
2014,2.36497,-76.95589,1
2014,2.38142,-76.45418,1
2014,2.3889,-75.89255,1
2014,2.39814,45.0187,1
2014,2.40582,42.97707,2
2014,2.45,-76.61667,1
2014,2.45015,-77.97966,1
2014,2.45862,44.98276,1
2014,2.48252,43.48374,2
2014,2.48644,-75.73018,1
2014,2.50818,-78.45153,1
2014,2.52416,-75.31614,1
2014,2.52417,-75.31611,1
2014,2.54706,-76.07204,1
2014,2.55,-76.06667,1
2014,2.55,-76.06272,1
2014,2.55152,-75.97638,1
2014,2.56699,45.7521,1
2014,2.56814,-72.75051,1
2014,2.57026,-77.88552,1
2014,2.58288,-76.04531,1
2014,2.61974,44.89368,1
2014,2.62645,41.4238,2
2014,2.64818,44.7758,1
2014,2.65759,46.00942,2
2014,2.66048,43.59332,1
2014,2.66698,44.69376,1
2014,2.67238,41.32134,1
2014,2.67887,44.75085,1
2014,2.71581,44.51184,1
2014,2.72002,-76.14841,1
2014,2.72481,101.94057,1
2014,2.74288,-73.74765,1
2014,2.77051,43.83855,1
2014,2.77237,27.60858,1
2014,2.77646,-76.54613,1
2014,2.77705,-76.32505,1
2014,2.77726,45.50064,8
2014,2.78454,41.78983,1
2014,2.79127,-76.40345,1
2014,2.79624,-76.48316,1
2014,2.79817,44.07856,2
2014,2.79873,44.0791,1
2014,2.79911,44.07939,2
2014,2.79934,44.07994,1
2014,2.82534,45.16581,1
2014,2.84634,-77.24775,1
2014,2.84682,44.22127,1
2014,2.86282,30.83213,1
2014,2.86876,43.0053,3
2014,2.90941,43.97349,1
2014,2.92369,-72.19695,1
2014,2.92575,-75.29087,1
2014,2.93567,45.79166,1
2014,2.94818,-75.04098,1
2014,2.95137,-76.52924,1
2014,2.95485,-76.26825,2
2014,2.95486,-76.26824,2
2014,2.95806,-76.27139,1
2014,2.95936,45.51519,1
2014,2.96924,-78.18521,1
2014,2.9733,45.5356,2
2014,2.97501,-74.99245,1
2014,2.98996,-75.29468,1
2014,2.99296,46.15972,1
2014,2.99693,45.88684,1
2014,3.01264,-76.48288,1
2014,3.01709,-76.64193,1
2014,3.03345,-76.40897,1
2014,3.03739,43.79696,6
2014,3.03989,35.6207,1
2014,3.06723,-75.13517,1
2014,3.07907,42.22162,1
2014,3.08616,-76.18578,1
2014,3.09972,45.75019,1
2014,3.10111,42.24095,1
2014,3.10736,43.20584,2
2014,3.10909,101.43809,1
2014,3.11085,43.74632,1
2014,3.11564,43.64658,28
2014,3.12497,43.64943,1
2014,3.12902,42.39384,1
2014,3.13278,-76.38399,1
2014,3.13894,101.69132,1
2014,3.15172,42.48972,3
2014,3.15243,-75.05271,1
2014,3.15366,41.18541,1
2014,3.15488,42.52463,1
2014,3.16231,42.49377,6
2014,3.17124,43.40321,1
2014,3.17385,-76.2594,1
2014,3.17389,-76.25944,1
2014,3.21667,43.20083,2
2014,3.22164,43.64663,1
2014,3.23774,42.38884,1
2014,3.23941,43.92468,2
2014,3.24853,-76.22881,1
2014,3.24884,-76.22903,1
2014,3.30505,42.08776,1
2014,3.3056,43.6369,1
2014,3.31229,43.47213,2
2014,3.32728,42.21856,2
2014,3.37654,-73.56405,1
2014,3.38158,45.59839,2
2014,3.39746,30.77094,2
2014,3.40167,43.19194,1
2014,3.41867,-76.24188,1
2014,3.42277,-76.18461,1
2014,3.42934,-76.51604,2
2014,3.4544,43.72998,1
2014,3.45951,41.54298,1
2014,3.50132,25.62828,1
2014,3.50159,42.15472,3
2014,3.50389,42.29666,1
2014,3.50392,42.23624,2
2014,3.52069,39.05471,1
2014,3.52088,16.05854,1
2014,3.53583,41.695,1
2014,3.54221,42.2494,1
2014,3.5562,41.50409,1
2014,3.56116,28.77334,1
2014,3.56496,42.46621,1
2014,3.59105,-75.3804,1
2014,3.59462,45.55013,1
2014,3.61656,28.56662,1
2014,3.61673,28.56656,1
2014,3.62818,45.65185,1
2014,3.63818,45.65963,1
2014,3.65457,45.64484,1
2014,3.69224,27.89506,1
2014,3.72315,-75.48316,1
2014,3.7246,-75.4841,1
2014,3.7298,44.55019,1
2014,3.73062,44.54706,1
2014,3.73528,45.88722,1
2014,3.73575,44.56673,1
2014,3.75036,-75.58548,1
2014,3.80084,-76.30333,1
2014,3.80419,41.15525,1
2014,3.80828,42.54729,1
2014,3.81095,43.2465,5
2014,3.8163,43.25187,1
2014,3.82152,30.04906,1
2014,3.82182,30.04919,1
2014,3.84989,45.56679,1
2014,3.85064,45.57894,1
2014,3.85325,45.56523,16
2014,3.85472,45.57507,1
2014,3.85624,45.57115,4
2014,3.86171,45.57059,1
2014,3.88844,-77.06988,1
2014,3.90271,28.37541,1
2014,3.91364,-75.4772,1
2014,3.91906,24.93811,1
2014,3.92686,41.87717,9
2014,3.92763,41.86752,1
2014,3.93405,41.85586,1
2014,3.93572,41.85517,4
2014,3.93574,13.84384,1
2014,3.93872,41.84471,23
2014,3.98247,-75.92446,1
2014,3.98874,43.69997,1
2014,3.99709,37.27272,1
2014,4.01054,45.68125,1
2014,4.01086,44.51322,1
2014,4.03,45.50139,1
2014,4.03003,28.24014,1
2014,4.03861,25.85139,1
2014,4.03926,25.85017,1
2014,4.0617,46.13436,1
2014,4.06641,28.67506,1
2014,4.11584,-76.19448,1
2014,4.11909,15.13464,1
2014,4.1206,43.89053,7
2014,4.14849,44.21438,1
2014,4.15634,25.17411,1
2014,4.15752,22.20164,1
2014,4.17528,73.50889,4
2014,4.21045,73.53882,1
2014,4.21053,45.56049,2
2014,4.2252,43.47455,1
2014,4.24611,118.63108,1
2014,4.25064,43.84752,1
2014,4.26625,43.8873,1
2014,4.30499,-72.0736,1
2014,4.3151,6.24327,1
2014,4.31667,17.46667,1
2014,4.32102,45.29939,1
2014,4.33532,45.45862,1
2014,4.34818,43.16369,1
2014,4.37474,18.55129,32
2014,4.37839,28.59799,1
2014,4.38634,46.0858,1
2014,4.38963,46.0872,3
2014,4.39697,43.90864,1
2014,4.39776,43.90872,1
2014,4.40787,45.38982,1
2014,4.45467,6.27135,1
2014,4.4687,96.9146,1
2014,4.5045,118.62383,1
2014,4.51012,44.82054,1
2014,4.51317,46.28365,1
2014,4.52885,6.40278,1
2014,4.53003,6.31279,1
2014,4.53532,43.02915,1
2014,4.53633,6.40559,2
2014,4.55725,45.27033,1
2014,4.58549,-71.07011,1
2014,4.64738,6.07504,1
2014,4.65604,47.85524,5
2014,4.66553,18.20924,1
2014,4.66713,-74.10605,9
2014,4.68228,46.61542,1
2014,4.68246,118.24565,1
2014,4.68489,46.6228,16
2014,4.73538,45.2024,13
2014,4.73679,45.20482,1
2014,4.7369,7.26587,1
2014,4.74,7.083,1
2014,4.74345,6.13018,1
2014,4.74549,43.95148,1
2014,4.78054,6.33328,1
2014,4.79935,16.58843,2
2014,4.81555,7.04984,2
2014,4.8274,7.01594,1
2014,4.82773,43.66067,2
2014,4.83251,26.76201,1
2014,4.85034,6.49046,1
2014,4.85535,31.56778,2
2014,4.85808,6.92091,1
2014,4.86885,6.94497,1
2014,4.88582,6.94082,1
2014,4.91648,-7.49514,1
2014,4.92116,6.27477,1
2014,4.94556,118.25722,1
2014,4.96141,43.57467,1
2014,4.96639,46.48813,1
2014,5.02169,97.18859,1
2014,5.02597,46.46847,1
2014,5.03079,119.77505,1
2014,5.03198,119.7725,1
2014,5.03663,7.91553,1
2014,5.03765,7.91242,1
2014,5.07503,-76.65974,1
2014,5.09911,97.25441,1
2014,5.20593,96.71561,1
2014,5.20647,46.5126,1
2014,5.24889,6.65556,1
2014,5.26667,17.65,1
2014,5.30289,25.96398,1
2014,5.30801,45.88036,2
2014,5.33822,100.4292,1
2014,5.3419,5.34947,1
2014,5.37475,5.89328,1
2014,5.3898,26.76404,1
2014,5.39507,26.4918,1
2014,5.39565,26.49167,1
2014,5.41387,100.32259,1
2014,5.41414,100.33278,1
2014,5.47042,7.48403,1
2014,5.48204,100.49486,1
2014,5.485,7.035,1
2014,5.4854,7.03468,1
2014,5.5126,95.79351,1
2014,5.5131,6.04254,1
2014,5.52372,5.75317,1
2014,5.52683,-76.99174,1
2014,5.535,46.38611,1
2014,5.53671,46.38522,1
2014,5.53702,46.38905,1
2014,5.5593,95.32682,1
2014,5.56226,5.78,1
2014,5.57558,26.49317,1
2014,5.60573,27.47199,1
2014,5.68611,31.79682,1
2014,5.6891,-76.65441,1
2014,5.69223,-76.658,1
2014,5.69227,-76.65809,1
2014,5.69321,15.21948,1
2014,5.69963,25.5836,1
2014,5.6999,25.58333,2
2014,5.73951,20.05859,1
2014,5.74272,20.05368,1
2014,5.76355,20.67404,4
2014,5.76485,20.67428,1
2014,5.76506,20.67421,1
2014,5.77312,101.07246,1
2014,5.77313,101.07253,1
2014,5.77335,101.07406,1
2014,5.7873,6.45967,1
2014,5.79595,7.03929,1
2014,5.80339,125.22424,1
2014,5.80466,14.83135,1
2014,5.82333,14.56418,1
2014,5.85241,101.83807,1
2014,5.85769,125.00422,1
2014,5.88368,14.54992,1
2014,5.89149,14.5521,4
2014,5.91335,120.90729,1
2014,5.91471,125.64718,1
2014,5.91795,125.64776,1
2014,5.91845,101.86636,1
2014,5.92803,101.88418,1
2014,5.92901,101.3658,1
2014,5.92955,101.83216,1
2014,5.93266,14.60439,1
2014,5.93302,121.10006,1
2014,5.94973,15.59885,1
2014,5.95,15.6,1
2014,5.95323,101.69544,1
2014,5.96555,20.52932,1
2014,5.96583,20.52848,1
2014,5.96724,125.28613,1
2014,5.9755,121.14484,1
2014,5.97634,121.22343,1
2014,5.98012,101.57246,1
2014,5.98653,101.5711,1
2014,5.98747,101.57822,2
2014,5.98912,120.95313,1
2014,5.98945,124.62918,1
2014,6.00009,120.96655,1
2014,6.00526,121.30852,1
2014,6.0116,101.89883,1
2014,6.01392,101.95024,6
2014,6.01512,101.95192,4
2014,6.019,121.12165,1
2014,6.02746,121.046,1
2014,6.02924,101.9248,1
2014,6.03441,7.82173,1
2014,6.0374,121.03906,1
2014,6.04639,121.07806,1
2014,6.04882,101.56769,1
2014,6.05046,121.01224,3
2014,6.0506,101.85903,1
2014,6.05089,120.9935,1
2014,6.05111,101.30688,1
2014,6.05316,101.84859,1
2014,6.05317,121.04279,1
2014,6.05355,121.05958,1
2014,6.0664,121.09995,1
2014,6.06655,121.10022,1
2014,6.06674,101.31106,1
2014,6.06681,121.10048,1
2014,6.06768,121.09972,1
2014,6.06825,124.48718,1
2014,6.06888,31.60608,1
2014,6.07164,101.75464,1
2014,6.07599,101.29773,3
2014,6.07738,121.08214,1
2014,6.08449,121.0856,1
2014,6.08522,101.87916,1
2014,6.11622,125.16939,1
2014,6.11687,19.50521,1
2014,6.12164,101.19046,1
2014,6.12229,101.7344,1
2014,6.12509,101.91199,1
2014,6.13407,8.10292,1
2014,6.14045,80.09975,2
2014,6.14221,101.65048,1
2014,6.14771,101.4865,1
2014,6.14801,101.48302,2
2014,6.15481,125.29006,1
2014,6.1584,-71.76623,1
2014,6.16671,101.91199,7
2014,6.16733,101.91239,3
2014,6.16762,101.18036,1
2014,6.16874,101.84303,1
2014,6.17219,101.49609,1
2014,6.17525,101.50399,1
2014,6.17578,101.50208,1
2014,6.1793,101.82862,1
2014,6.19533,101.30156,1
2014,6.19559,-74.99208,1
2014,6.2017,31.71401,1
2014,6.21323,124.69791,1
2014,6.21999,31.55,1
2014,6.22494,101.81064,1
2014,6.23139,101.5,1
2014,6.23755,102.082,1
2014,6.24141,101.29857,1
2014,6.24196,101.8095,1
2014,6.2428,101.29773,1
2014,6.24534,101.86175,1
2014,6.24634,102.00317,1
2014,6.24792,102.0033,4
2014,6.24807,101.27192,1
2014,6.24833,102.00285,1
2014,6.25038,101.73049,1
2014,6.2508,102.00011,1
2014,6.25371,25.47336,1
2014,6.25415,101.7296,1
2014,6.2585,101.27037,2
2014,6.26062,101.25368,2
2014,6.26381,101.76378,2
2014,6.26546,101.26306,1
2014,6.26552,101.26302,1
2014,6.26629,101.26337,2
2014,6.26667,101.26444,1
2014,6.26757,101.2635,1
2014,6.26789,101.58165,1
2014,6.27069,101.68975,1
2014,6.27096,101.28192,1
2014,6.27159,101.69283,1
2014,6.28135,101.6917,1
2014,6.28416,101.78666,1
2014,6.28999,102.00156,1
2014,6.29269,101.71254,1
2014,6.2927,101.71388,1
2014,6.2939,101.71515,1
2014,6.29586,6.02822,1
2014,6.29639,101.72833,1
2014,6.29652,101.72871,3
2014,6.29771,101.72406,2
2014,6.29788,7.93399,1
2014,6.30055,125.58606,1
2014,6.30831,-75.56188,1
2014,6.31013,101.71272,1
2014,6.31302,-10.8015,1
2014,6.31854,19.07801,1
2014,6.32056,19.08169,1
2014,6.33267,125.26408,1
2014,6.33336,-71.48332,1
2014,6.33634,5.62175,2
2014,6.33643,8.10556,1
2014,6.34874,100.99309,1
2014,6.35074,101.13909,1
2014,6.35164,101.01208,1
2014,6.35741,101.50467,1
2014,6.36917,101.66444,1
2014,6.37078,101.66451,1
2014,6.37213,101.55708,1
2014,6.37966,-76.32802,1
2014,6.38458,101.50208,3
2014,6.38463,101.53051,1
2014,6.38534,101.70101,1
2014,6.38808,124.79565,1
2014,6.39007,124.8019,1
2014,6.39038,101.22988,1
2014,6.39045,101.51702,2
2014,6.3908,101.22948,1
2014,6.39146,101.5173,4
2014,6.39173,101.50418,1
2014,6.39629,101.44516,1
2014,6.39839,101.70251,1
2014,6.40308,101.70708,1
2014,6.40346,101.44662,1
2014,6.40782,101.85524,1
2014,6.41303,125.42027,2
2014,6.41772,125.42312,1
2014,6.42113,101.82548,1
2014,6.42426,125.4248,1
2014,6.42546,101.82531,1
2014,6.42759,101.82356,1
2014,6.42895,101.58037,1
2014,6.4292,101.58005,1
2014,6.42934,101.02125,1
2014,6.43376,80.00072,1
2014,6.43708,101.00338,1
2014,6.43714,101.49071,1
2014,6.43723,101.4908,1
2014,6.43736,101.00424,1
2014,6.43747,101.00331,1
2014,6.4388,101.24113,1
2014,6.43998,-76.68425,1
2014,6.44409,19.14284,1
2014,6.44537,124.92447,1
2014,6.44774,7.52053,1
2014,6.45018,3.36949,1
2014,6.45193,121.94779,1
2014,6.45281,7.51185,1
2014,6.45302,101.34838,1
2014,6.45853,-71.73325,1
2014,6.45893,3.38773,1
2014,6.45935,124.32175,1
2014,6.46052,-71.72989,3
2014,6.46095,80.09068,1
2014,6.46269,101.12286,1
2014,6.46299,101.66228,2
2014,6.46573,124.33595,1
2014,6.46613,79.9827,1
2014,6.4702,101.1208,1
2014,6.4715,124.93637,1
2014,6.47306,125.00708,1
2014,6.47833,101.135,1
2014,6.47841,101.4256,1
2014,6.48138,101.13209,1
2014,6.48146,101.13271,1
2014,6.48333,17.45,2
2014,6.48358,101.13154,1
2014,6.48708,101.41435,1
2014,6.4893,101.12286,1
2014,6.49062,101.38849,2
2014,6.49078,121.97243,1
2014,6.49182,101.3885,1
2014,6.49183,101.38891,1
2014,6.49288,-71.56074,1
2014,6.49722,122.10514,1
2014,6.49752,101.11628,1
2014,6.49753,101.11628,1
2014,6.4979,101.11644,2
2014,6.4989,122.1199,1
2014,6.49892,7.51307,1
2014,6.50117,-75.58068,1
2014,6.5024,101.53908,1
2014,6.50361,122.06584,1
2014,6.51678,101.65275,1
2014,6.51795,101.65311,1
2014,6.52101,101.27754,1
2014,6.52304,101.64877,1
2014,6.52438,3.37921,1
2014,6.52562,101.68844,1
2014,6.53172,101.24671,1
2014,6.53435,122.08387,1
2014,6.53665,21.9888,1
2014,6.53869,124.56729,1
2014,6.54107,101.2803,1
2014,6.5411,101.28041,2
2014,6.54114,101.2804,1
2014,6.54115,101.2804,1
2014,6.54136,124.58839,1
2014,6.54142,101.28162,1
2014,6.54381,5.89871,1
2014,6.54393,101.64535,1
2014,6.54429,101.27955,1
2014,6.54527,101.27897,1
2014,6.5455,101.2799,9
2014,6.54558,101.52583,1
2014,6.54592,-71.00052,1
2014,6.54731,-71.00223,1
2014,6.55044,122.10647,1
2014,6.55048,101.64982,1
2014,6.55463,101.5297,1
2014,6.57468,101.19943,1
2014,6.57472,101.20138,1
2014,6.57594,101.19359,1
2014,6.5787,3.32111,1
2014,6.58223,101.19866,1
2014,6.58643,79.96263,1
2014,6.58896,101.26375,1
2014,6.5964,-71.06275,1
2014,6.60218,101.6044,1
2014,6.60395,101.33857,2
2014,6.60593,101.44495,1
2014,6.60959,101.48665,1
2014,6.61047,101.62962,1
2014,6.61073,101.63022,1
2014,6.61293,101.44196,2
2014,6.61547,125.21718,1
2014,6.61737,125.21665,1
2014,6.61853,101.18867,3
2014,6.62195,124.57164,1
2014,6.62293,101.48678,1
2014,6.62521,101.5137,1
2014,6.62523,101.51201,1
2014,6.63489,124.06726,1
2014,6.63497,101.44797,8
2014,6.64206,122.15677,1
2014,6.64385,122.15637,1
2014,6.64802,-73.42687,1
2014,6.65313,101.55087,1
2014,6.65421,101.39315,1
2014,6.65573,101.46684,1
2014,6.65722,101.40692,1
2014,6.6605,122.13899,5
2014,6.66132,101.24094,1
2014,6.6666,-1.61627,1
2014,6.66665,72.99635,1
2014,6.66669,19.79521,1
2014,6.66709,72.99631,3
2014,6.66722,101.30341,1
2014,6.67877,101.14603,1
2014,6.67888,101.14742,1
2014,6.68269,125.01998,1
2014,6.68323,101.25727,1
2014,6.6854,101.13953,2
2014,6.68642,124.69327,1
2014,6.68648,101.13909,2
2014,6.69359,101.30968,1
2014,6.69911,101.60258,1
2014,6.70041,121.97256,8
2014,6.7021,124.74154,1
2014,6.70452,101.58716,1
2014,6.71283,101.64182,1
2014,6.71457,79.90603,1
2014,6.71537,101.41569,1
2014,6.71553,-71.68992,1
2014,6.71599,101.59273,1
2014,6.71642,101.4189,1
2014,6.71687,101.41688,1
2014,6.71796,101.59303,3
2014,6.71852,101.4158,1
2014,6.71891,80.77422,1
2014,6.71895,101.38756,1
2014,6.71999,101.41294,2
2014,6.72057,101.5967,1
2014,6.72112,31.43705,1
2014,6.72341,101.24891,1
2014,6.72667,101.61215,1
2014,6.72743,101.09429,1
2014,6.72773,101.09801,1
2014,6.72878,101.36647,1
2014,6.72963,101.0959,1
2014,6.73004,101.3034,1
2014,6.73323,101.61829,1
2014,6.73666,101.28594,1
2014,6.73757,101.21812,1
2014,6.73781,101.42827,1
2014,6.74097,101.28067,1
2014,6.74102,14.94869,1
2014,6.7423,100.99243,1
2014,6.74262,125.20462,1
2014,6.74362,124.86759,1
2014,6.74806,125.26274,2
2014,6.75058,101.32188,1
2014,6.75692,125.35295,1
2014,6.7595,125.35098,1
2014,6.7642,124.7313,1
2014,6.76694,124.85,1
2014,6.76731,124.36452,1
2014,6.77097,101.08865,1
2014,6.7744,47.42903,14
2014,6.77954,101.19306,1
2014,6.77958,101.45679,1
2014,6.78109,125.21087,1
2014,6.78361,9.06972,1
2014,6.78641,101.14827,1
2014,6.79069,100.91815,1
2014,6.79086,125.20555,1
2014,6.7925,-71.7756,1
2014,6.79403,-71.76865,1
2014,6.80156,101.15122,1
2014,6.80162,101.15193,2
2014,6.80163,101.14685,2
2014,6.80226,101.14547,1
2014,6.8029,101.15044,1
2014,6.80301,101.15106,1
2014,6.80428,101.50208,1
2014,6.80694,124.63121,1
2014,6.81197,101.4246,1
2014,6.81407,101.37476,1
2014,6.81429,-75.2406,1
2014,6.8167,-75.69821,1
2014,6.82093,101.35247,1
2014,6.82373,101.34878,1
2014,6.82469,101.08249,1
2014,6.82549,124.75397,1
2014,6.82613,101.27792,1
2014,6.82806,101.3885,1
2014,6.82826,124.88428,1
2014,6.82829,101.49867,1
2014,6.82983,124.87684,1
2014,6.83014,124.87704,1
2014,6.83065,124.87738,1
2014,6.83122,124.50716,1
2014,6.83155,124.87421,1
2014,6.83278,124.88341,1
2014,6.83296,124.88419,1
2014,6.83641,-70.72861,1
2014,6.83708,101.45745,1
2014,6.83748,101.21271,2
2014,6.84133,101.48508,1
2014,6.84459,101.18004,1
2014,6.84503,101.1797,1
2014,6.84558,126.296,1
2014,6.84662,101.26941,1
2014,6.84669,101.26938,1
2014,6.85484,124.1443,1
2014,6.85496,124.144,1
2014,6.85967,101.36789,1
2014,6.86231,9.85709,1
2014,6.86262,101.48503,1
2014,6.86281,124.44365,10
2014,6.86429,101.49101,1
2014,6.86786,101.25207,10
2014,6.86861,101.25,1
2014,6.86894,101.24977,1
2014,6.86983,124.1372,1
2014,6.87032,101.25031,1
2014,6.87035,101.2494,4
2014,6.87395,101.23471,4
2014,6.87409,101.27674,2
2014,6.88213,124.50079,1
2014,6.89379,122.16758,1
2014,6.89737,126.01309,1
2014,6.90047,9.4295,1
2014,6.90666,-75.68693,1
2014,6.9082,124.54921,1
2014,6.90934,124.54746,1
2014,6.9203,124.45595,1
2014,6.92083,124.45333,2
2014,6.92101,124.55028,1
2014,6.92626,124.41501,1
2014,6.92741,124.49808,1
2014,6.92795,124.44148,1
2014,6.92909,122.07885,10
2014,6.93036,124.50174,1
2014,6.93485,124.42801,1
2014,6.93569,124.42724,1
2014,6.93667,124.4258,2
2014,6.93916,122.01702,1
2014,6.94184,79.86169,1
2014,6.94226,124.41982,1
2014,6.94386,124.41967,3
2014,6.94506,124.41887,1
2014,6.94517,124.40451,1
2014,6.94595,124.87907,2
2014,6.95,125.05,1
2014,6.95056,125.04959,1
2014,6.95177,124.4484,1
2014,6.95212,-71.87435,1
2014,6.95284,-71.87514,2
2014,6.95383,-71.87507,2
2014,6.95533,-71.85915,1
2014,6.95575,79.92369,1
2014,6.9567,126.09178,1
2014,6.95678,124.44596,1
2014,6.95706,-71.08862,1
2014,6.95722,124.44444,1
2014,6.95724,124.44461,1
2014,6.95786,-71.87828,1
2014,6.95872,-71.88211,1
2014,6.96012,31.37219,1
2014,6.96032,31.37294,2
2014,6.9611,122.14338,1
2014,6.96168,-75.42683,1
2014,6.96286,-75.41365,1
2014,6.96617,124.3487,1
2014,6.9662,124.4981,1
2014,6.96698,124.44441,1
2014,6.96934,122.24878,1
2014,6.97282,124.63086,1
2014,6.97626,17.43451,1
2014,6.98621,-71.49752,1
2014,6.99779,125.07942,1
2014,6.999,-72.10975,1
2014,6.99918,-72.1097,1
2014,6.99975,124.47162,1
2014,7.0,19.18333,1
2014,7.0086,100.47466,5
2014,7.00948,9.49284,1
2014,7.01196,-75.68756,2
2014,7.0178,124.49744,2
2014,7.018,124.5001,1
2014,7.01801,124.49396,1
2014,7.02288,-75.90836,1
2014,7.02533,124.49847,3
2014,7.02548,124.56278,1
2014,7.02653,122.1889,1
2014,7.02734,-71.42849,1
2014,7.0277,125.11426,1
2014,7.02778,-71.42853,1
2014,7.03114,7.77707,1
2014,7.03333,8.88333,1
2014,7.03658,124.59928,1
2014,7.03688,126.1,1
2014,7.03744,118.5115,1
2014,7.03813,124.48862,2
2014,7.04028,124.62668,1
2014,7.04101,7.8095,1
2014,7.0523,124.67434,1
2014,7.05376,124.6721,3
2014,7.05394,124.67264,1
2014,7.05422,124.6731,1
2014,7.05442,124.67398,1
2014,7.055,124.67227,1
2014,7.05529,124.67397,1
2014,7.0559,124.67832,1
2014,7.05992,124.69995,1
2014,7.0621,124.9688,1
2014,7.06243,124.51082,1
2014,7.06412,124.91332,1
2014,7.06762,124.73765,1
2014,7.06817,-70.75885,1
2014,7.07361,-75.14583,3
2014,7.0737,-75.14594,1
2014,7.07841,-70.75735,1
2014,7.0862,124.89905,1
2014,7.09969,16.93302,1
2014,7.10029,125.126,2
2014,7.10189,125.12232,1
2014,7.10402,125.13031,1
2014,7.10429,-75.64761,1
2014,7.10634,124.82816,1
2014,7.10677,124.82584,1
2014,7.10702,124.82668,1
2014,7.10805,124.82572,1
2014,7.1081,124.82413,2
2014,7.10896,124.82812,1
2014,7.11063,124.82561,1
2014,7.11234,124.82887,1
2014,7.11541,124.83668,1
2014,7.11894,124.81713,1
2014,7.13318,125.89472,1
2014,7.13582,16.91057,1
2014,7.13603,16.9109,1
2014,7.13738,124.53069,1
2014,7.14644,124.2823,1
2014,7.14806,125.10643,1
2014,7.14918,125.94564,1
2014,7.15,125.95,1
2014,7.15482,125.45395,1
2014,7.15576,125.05434,2
2014,7.15959,124.21486,1
2014,7.16202,124.83243,1
2014,7.16667,9.28333,2
2014,7.16823,17.30045,1
2014,7.18001,125.56142,1
2014,7.18196,32.3561,1
2014,7.18298,124.22547,1
2014,7.18452,125.09593,1
2014,7.18495,9.0474,1
2014,7.18811,124.18571,1
2014,7.18815,125.04542,1
2014,7.18977,100.59538,1
2014,7.19001,124.53525,1
2014,7.19095,125.46158,1
2014,7.19167,124.53333,1
2014,7.19223,124.53389,1
2014,7.19617,124.53571,1
2014,7.19861,-75.34122,2
2014,7.19951,124.79698,2
2014,7.20959,124.24197,9
2014,7.23442,124.25614,1
2014,7.23645,126.1687,1
2014,7.23708,122.25479,1
2014,7.23897,125.142,1
2014,7.24242,124.52334,1
2014,7.2494,16.43203,1
2014,7.24971,16.43385,1
2014,7.25,16.43333,1
2014,7.2734,125.53295,1
2014,7.27709,117.45884,1
2014,7.28195,125.85776,1
2014,7.28213,125.8574,1
2014,7.28351,125.85966,2
2014,7.28489,125.85726,1
2014,7.29617,8.4815,1
2014,7.30051,18.28688,1
2014,7.30078,18.28819,1
2014,7.3008,18.28817,1
2014,7.30682,-72.48157,3
2014,7.30701,122.84574,1
2014,7.309,125.6859,1
2014,7.31833,125.18432,1
2014,7.32195,28.64062,1
2014,7.32315,80.62484,1
2014,7.32327,125.45969,1
2014,7.33305,124.56696,1
2014,7.35055,80.68258,1
2014,7.35184,125.46724,1
2014,7.35377,125.14744,3
2014,7.36126,125.86343,1
2014,7.36273,9.10683,1
2014,7.36668,125.85004,1
2014,7.36779,125.84643,1
2014,7.37768,125.01186,1
2014,7.38954,125.09256,1
2014,7.39035,126.02977,1
2014,7.39234,28.53217,1
2014,7.3961,126.00006,1
2014,7.40466,126.05797,1
2014,7.43,126.04478,1
2014,7.44812,-75.30893,1
2014,7.44821,125.80942,1
2014,7.45083,123.31353,1
2014,7.45928,125.8042,1
2014,7.47449,9.35961,1
2014,7.47698,15.53991,1
2014,7.4772,15.60215,1
2014,7.4815,4.56014,1
2014,7.4862,31.51559,1
2014,7.49584,7.20416,1
2014,7.51015,6.47889,1
2014,7.52723,-75.41174,1
2014,7.54344,126.22148,1
2014,7.54841,122.33816,1
2014,7.55066,6.23391,1
2014,7.56447,99.62391,1
2014,7.57132,123.18013,1
2014,7.57166,125.99656,1
2014,7.58035,-75.39942,1
2014,7.58085,125.76542,1
2014,7.58264,-75.39971,1
2014,7.58323,125.83445,1
2014,7.5834,-75.46663,1
2014,7.61239,125.62062,1
2014,7.61667,125.61667,1
2014,7.61974,16.96243,1
2014,7.62446,5.21627,2
2014,7.64002,125.00844,1
2014,7.65,125.61667,1
2014,7.65286,8.13354,1
2014,7.65472,122.3375,1
2014,7.6551,125.80328,1
2014,7.65895,125.58767,1
2014,7.66063,126.05176,1
2014,7.66114,125.55897,1
2014,7.66597,126.0847,1
2014,7.68917,9.25028,1
2014,7.7063,126.10613,1
2014,7.71426,9.31361,1
2014,7.72047,123.26329,2
2014,7.72969,125.09902,1
2014,7.73311,81.68882,1
2014,7.73333,123.06667,1
2014,7.73345,4.43417,1
2014,7.74709,31.39402,1
2014,7.76122,125.00182,1
2014,7.76292,125.00582,1
2014,7.76924,123.13335,1
2014,7.77278,123.2721,1
2014,7.77658,4.56514,2
2014,7.77835,125.64083,1
2014,7.78169,125.66863,1
2014,7.78811,6.72973,1
2014,7.79782,5.3338,1
2014,7.80851,126.0943,1
2014,7.81571,123.28361,1
2014,7.81945,122.81734,1
2014,7.82004,8.86032,1
2014,7.82022,8.86017,1
2014,7.82224,123.2304,1
2014,7.82307,126.05537,4
2014,7.82318,124.41982,1
2014,7.8252,123.43738,1
2014,7.82645,-75.88389,1
2014,7.83305,125.8165,1
2014,7.83385,125.81708,1
2014,7.83652,123.30451,1
2014,7.83747,125.61157,1
2014,7.8481,125.34713,1
2014,7.85224,123.26014,1
2014,7.85272,10.96297,2
2014,7.85328,10.96386,4
2014,7.8533,10.96375,1
2014,7.85616,126.07612,1
2014,7.85755,123.23423,1
2014,7.86374,123.51444,1
2014,7.86451,7.50823,1
2014,7.87714,9.77888,1
2014,7.87804,9.77872,1
2014,7.88333,7.18333,1
2014,7.88875,7.90897,1
2014,7.88902,7.91231,1
2014,7.88969,7.91194,1
2014,7.88989,7.91124,1
2014,7.89073,7.91025,1
2014,7.89382,-72.50467,1
2014,7.90069,80.6805,1
2014,7.90496,125.09111,1
2014,7.91044,9.60173,1
2014,7.91351,10.06453,1
2014,7.91776,124.1998,1
2014,7.92106,9.82685,1
2014,7.92143,10.74084,1
2014,7.935,9.87556,1
2014,7.94628,-72.89881,4
2014,7.94668,10.06501,1
2014,7.94944,125.87639,1
2014,7.95005,124.2328,1
2014,7.95258,123.49793,1
2014,7.9622,125.15913,1
2014,7.97644,126.02851,1
2014,7.98368,4.64591,1
2014,7.98688,10.9807,2
2014,7.99052,8.70062,1
2014,8.00117,124.28446,2
2014,8.00509,7.69997,1
2014,8.03396,9.80723,1
2014,8.03415,124.91511,1
2014,8.04093,122.98336,1
2014,8.07274,125.95542,1
2014,8.07861,9.78917,1
2014,8.08611,123.88829,1
2014,8.09511,-76.73241,1
2014,8.09885,122.91869,1
2014,8.10271,10.0673,1
2014,8.10395,125.13003,1
2014,8.13289,123.10117,1
2014,8.13631,-72.96894,1
2014,8.14583,8.79756,1
2014,8.18125,9.74035,1
2014,8.19837,8.29513,1
2014,8.21834,-72.94975,1
2014,8.23162,8.52712,1
2014,8.23333,-73.35,1
2014,8.23552,11.05208,1
2014,8.25093,-73.16701,1
2014,8.26971,125.80634,1
2014,8.27083,125.79972,1
2014,8.29947,125.11258,1
2014,8.3001,9.97837,1
2014,8.30059,-72.88925,1
2014,8.3061,125.09393,1
2014,8.31231,126.00867,1
2014,8.31262,126.00362,1
2014,8.31716,8.85056,1
2014,8.32206,-73.14493,1
2014,8.33074,8.69598,1
2014,8.3488,31.07937,2
2014,8.35698,124.82877,1
2014,8.35839,8.66752,1
2014,8.36667,8.76667,1
2014,8.36709,8.77302,1
2014,8.36912,8.77086,1
2014,8.38321,124.69882,2
2014,8.39627,8.3603,1
2014,8.40272,-73.20727,1
2014,8.40331,48.48802,2
2014,8.40915,20.6531,1
2014,8.41163,20.64876,1
2014,8.42156,124.5027,1
2014,8.42873,8.27837,1
2014,8.43557,-73.28742,1
2014,8.43721,-73.28706,3
2014,8.44968,8.70242,1
2014,8.45031,125.75209,1
2014,8.46013,8.20071,1
2014,8.46907,125.83118,1
2014,8.47822,125.74585,1
2014,8.492,8.52144,2
2014,8.51003,125.96759,1
2014,8.51399,8.62403,1
2014,8.52806,23.25024,1
2014,8.52931,8.49643,1
2014,8.53306,28.10028,1
2014,8.53373,-73.45686,1
2014,8.53383,8.29922,1
2014,8.53771,8.15925,1
2014,8.53823,126.11981,1
2014,8.54747,7.7118,2
2014,8.55544,-72.72686,1
2014,8.55772,8.32302,1
2014,8.56377,-73.92557,1
2014,8.57009,8.25999,1
2014,8.5731,123.3456,1
2014,8.57432,124.44345,1
2014,8.58258,8.81709,1
2014,8.58536,8.31998,1
2014,8.58961,123.40477,1
2014,8.5912,125.88619,1
2014,8.5953,-73.36761,1
2014,8.59653,9.76979,1
2014,8.5983,8.84961,1
2014,8.5989,125.9171,1
2014,8.6,8.85,1
2014,8.6,125.91667,2
2014,8.60235,125.91576,1
2014,8.60834,-73.31662,3
2014,8.60947,-73.22554,1
2014,8.6169,8.21042,1
2014,8.62265,7.97226,1
2014,8.62284,33.07052,1
2014,8.63342,126.09447,1
2014,8.63781,-72.73464,3
2014,8.64566,-72.71987,1
2014,8.66934,-73.04053,1
2014,8.6737,117.62756,1
2014,8.69866,8.66658,1
2014,8.69982,7.98297,1
2014,8.71371,125.72252,1
2014,8.71589,125.75104,2
2014,8.74487,124.78249,1
2014,8.74801,7.83573,1
2014,8.75392,7.96468,1
2014,8.77767,125.56934,1
2014,8.8,124.78333,2
2014,8.80089,126.29984,1
2014,8.80803,9.66476,1
2014,8.81603,125.70002,1
2014,8.81667,8.68333,1
2014,8.81847,125.69826,1
2014,8.82839,8.67431,1
2014,8.83333,-73.2,1
2014,8.85016,124.83649,1
2014,8.86879,-73.19409,1
2014,8.88481,7.23179,1
2014,8.91471,7.88994,2
2014,8.92914,125.39873,1
2014,8.93872,125.24781,1
2014,8.94677,125.54125,1
2014,8.94754,125.54062,1
2014,8.94834,125.54269,1
2014,8.97332,7.98716,2
2014,8.99851,-72.89733,1
2014,8.9998,-72.89781,1
2014,9.00031,125.26922,1
2014,9.00693,7.5668,1
2014,9.00829,7.56735,1
2014,9.03098,7.61251,1
2014,9.03276,7.61652,1
2014,9.05,118.03333,1
2014,9.05155,118.049,1
2014,9.0591,125.641,1
2014,9.06604,7.48143,2
2014,9.06656,7.48359,1
2014,9.0666,7.48441,1
2014,9.07612,10.05916,1
2014,9.07998,125.61466,1
2014,9.08079,12.97522,1
2014,9.09402,9.95636,1
2014,9.10319,31.88242,1
2014,9.13342,12.48334,1
2014,9.15399,7.32206,1
2014,9.15472,47.4775,1
2014,9.15531,9.8031,1
2014,9.15689,9.73687,1
2014,9.16337,117.82592,1
2014,9.1646,125.52317,1
2014,9.19848,8.54246,1
2014,9.19974,-73.5433,1
2014,9.21526,125.56521,1
2014,9.22711,12.58541,1
2014,9.22719,125.94085,1
2014,9.22879,8.45681,2
2014,9.23204,125.9751,1
2014,9.23333,8.51667,1
2014,9.23508,9.72327,1
2014,9.23756,12.46552,1
2014,9.24844,10.18518,1
2014,9.25278,29.79682,1
2014,9.25957,29.80026,1
2014,9.25969,29.80015,5
2014,9.26,29.8,1
2014,9.26008,29.8,1
2014,9.27114,8.94291,1
2014,9.28104,12.38073,1
2014,9.33155,8.4166,1
2014,9.36858,125.9488,1
2014,9.37394,12.51175,1
2014,9.37679,8.58586,1
2014,9.3768,8.58584,1
2014,9.44343,12.57384,1
2014,9.45562,125.57425,1
2014,9.46084,9.88243,1
2014,9.46667,8.68333,1
2014,9.46741,125.57651,1
2014,9.47003,125.582,1
2014,9.47206,31.05719,1
2014,9.48802,9.0445,1
2014,9.50452,8.70416,1
2014,9.51586,123.15779,1
2014,9.51667,8.7,3
2014,9.51707,8.69389,1
2014,9.5188,8.89527,1
2014,9.51958,8.89247,1
2014,9.52996,8.70471,1
2014,9.52999,31.65548,1
2014,9.53333,8.7,2
2014,9.5372,8.67671,1
2014,9.53721,8.67671,1
2014,9.5383,8.90702,1
2014,9.5455,8.89568,1
2014,9.54751,31.64951,1
2014,9.54891,8.78719,1
2014,9.55168,8.7527,1
2014,9.55383,125.56966,1
2014,9.55675,31.65339,1
2014,9.55694,44.07414,2
2014,9.56679,8.71683,1
2014,9.56722,8.73528,1
2014,9.57096,8.69788,1
2014,9.57677,8.71243,1
2014,9.5809,8.78051,1
2014,9.58141,8.71983,1
2014,9.58421,8.71371,4
2014,9.5882,125.6537,2
2014,9.59155,123.12118,1
2014,9.59995,7.98466,1
2014,9.61389,6.55694,1
2014,9.61747,125.40209,1
2014,9.62675,8.5036,1
2014,9.62707,8.50424,1
2014,9.62753,8.53191,1
2014,9.63218,8.50346,1
2014,9.63243,8.50299,1
2014,9.63494,8.49718,1
2014,9.63528,8.50504,1
2014,9.65239,6.52606,1
2014,9.6664,80.02048,2
2014,9.66667,8.51667,1
2014,9.68899,8.16535,1
2014,9.72778,8.83528,1
2014,9.74928,122.40641,1
2014,9.7652,8.85972,1
2014,9.76661,9.46903,1
2014,9.78472,125.48969,1
2014,9.79712,8.86339,1
2014,9.81778,33.54583,1
2014,9.89932,124.28224,1
2014,9.91667,10.96667,1
2014,9.91927,78.1327,1
2014,9.92385,78.1249,1
2014,9.92388,78.11946,1
2014,9.92506,78.11929,1
2014,9.9276,78.11963,1
2014,9.92844,8.89746,1
2014,9.92888,78.14636,1
2014,9.92937,8.89079,1
2014,9.93223,8.88527,1
2014,9.93238,8.88332,1
2014,9.93266,8.88548,3
2014,9.93333,8.88333,3
2014,9.93342,8.88309,1
2014,9.94471,123.96003,1
2014,9.95099,78.1692,1
2014,9.96354,33.7311,2
2014,9.96428,124.20941,1
2014,9.96841,122.62491,1
2014,9.98249,122.73687,1
2014,9.98889,122.81222,1
2014,9.99818,7.95636,1
2014,10.01822,76.34311,1
2014,10.03083,11.96952,1
2014,10.03715,8.99377,1
2014,10.04441,7.99335,1
2014,10.05019,124.35037,1
2014,10.06778,27.72694,1
2014,10.06897,9.12692,1
2014,10.07689,124.44706,1
2014,10.09013,122.86855,1
2014,10.11995,123.27222,1
2014,10.12057,123.27264,1
2014,10.14892,12.43316,1
2014,10.15278,8.63361,1
2014,10.15896,8.13386,1
2014,10.16056,24.71611,1
2014,10.1675,123.04083,1
2014,10.17209,12.97593,1
2014,10.19067,122.85248,1
2014,10.1997,122.86631,1
2014,10.2087,8.51897,1
2014,10.22263,12.05173,1
2014,10.22353,12.06298,1
2014,10.23146,12.9297,1
2014,10.244,123.83328,1
2014,10.2582,13.04466,1
2014,10.25966,12.93279,1
2014,10.26118,13.2558,1
2014,10.26403,12.90248,1
2014,10.2664,123.08337,1
2014,10.26667,13.26667,2
2014,10.26686,13.26693,1
2014,10.2774,8.271,1
2014,10.2825,8.26963,1
2014,10.28444,11.92444,1
2014,10.28665,11.16386,7
2014,10.28688,11.96256,1
2014,10.295,13.25956,1
2014,10.31232,123.95142,1
2014,10.31361,9.76417,1
2014,10.31651,9.84659,1
2014,10.34072,9.85405,1
2014,10.34782,13.32536,1
2014,10.35131,12.90354,1
2014,10.36674,123.1,1
2014,10.36972,13.37417,1
2014,10.37977,12.22049,1
2014,10.39123,12.54332,1
2014,10.39231,123.66292,1
2014,10.39277,9.01151,1
2014,10.39967,12.01581,1
2014,10.40338,5.47246,1
2014,10.40546,12.56841,1
2014,10.40607,12.56701,1
2014,10.42476,7.39994,1
2014,10.42528,79.31403,1
2014,10.43404,7.47492,1
2014,10.44239,12.23418,1
2014,10.4543,12.33936,1
2014,10.45495,13.22703,1
2014,10.45605,13.22213,1
2014,10.46699,7.41237,1
2014,10.46954,12.46905,1
2014,10.4707,7.77985,1
2014,10.48283,-66.96213,4
2014,10.48502,12.42913,1
2014,10.48581,12.35624,1
2014,10.48827,12.42056,1
2014,10.48833,12.41944,1
2014,10.49136,12.24748,1
2014,10.50095,12.35618,1
2014,10.50822,12.33062,1
2014,10.50824,12.33058,2
2014,10.50824,12.33064,1
2014,10.50922,12.32958,1
2014,10.5108,12.33406,1
2014,10.51667,7.43333,2
2014,10.51676,7.43059,1
2014,10.52338,7.40164,1
2014,10.53193,7.4415,1
2014,10.56771,13.32101,1
2014,10.56835,13.3209,1
2014,10.56944,7.45222,1
2014,10.60554,13.372,1
2014,10.6111,12.195,1
2014,10.61126,12.49281,2
2014,10.61447,14.57158,6
2014,10.61619,13.42228,1
2014,10.61663,13.42319,1
2014,10.61734,12.73268,1
2014,10.61969,13.38658,1
2014,10.62139,13.38972,1
2014,10.62376,12.18826,1
2014,10.63156,14.65878,2
2014,10.64511,13.48403,2
2014,10.64962,13.30086,1
2014,10.65011,13.2968,1
2014,10.65266,12.91167,1
2014,10.65289,12.90751,1
2014,10.65738,12.90614,1
2014,10.65892,12.46203,1
2014,10.66398,122.28666,1
2014,10.67258,12.69115,1
2014,10.67459,13.29523,1
2014,10.68612,13.26923,2
2014,10.69492,122.54254,1
2014,10.69506,13.26711,1
2014,10.7025,14.26944,1
2014,10.70848,12.73979,1
2014,10.71546,122.53172,1
2014,10.71656,12.01684,1
2014,10.71663,123.51653,1
2014,10.72393,122.45619,1
2014,10.73335,12.1496,1
2014,10.7384,12.25092,1
2014,10.74644,13.41508,2
2014,10.75098,13.22035,1
2014,10.76066,13.31456,1
2014,10.76228,123.36925,1
2014,10.77251,76.67876,2
2014,10.77722,10.2975,1
2014,10.77845,12.23155,1
2014,10.78333,122.3,1
2014,10.78569,122.30471,1
2014,10.787,79.13783,2
2014,10.79694,12.89388,1
2014,10.80064,13.54476,1
2014,10.80632,13.45809,2
2014,10.81531,13.54324,1
2014,10.81758,24.83036,1
2014,10.82222,14.47778,1
2014,10.82328,31.13221,1
2014,10.82581,13.56194,1
2014,10.82636,12.42073,1
2014,10.83191,13.55875,1
2014,10.83972,13.02194,1
2014,10.84018,123.49987,1
2014,10.84129,123.49934,1
2014,10.8492,12.21599,1
2014,10.85083,11.43111,2
2014,10.85708,25.16136,1
2014,10.86567,12.97562,1
2014,10.86794,12.84833,4
2014,10.86918,12.8477,1
2014,10.8692,12.84762,1
2014,10.87108,12.85083,1
2014,10.87341,13.54068,1
2014,10.87639,12.66306,2
2014,10.88022,119.4209,1
2014,10.88083,13.57833,1
2014,10.88556,12.70417,3
2014,10.88578,11.5164,1
2014,10.8891,13.62759,1
2014,10.89081,13.62723,1
2014,10.89093,13.62759,5
2014,10.89408,10.3804,3
2014,10.89783,11.60924,1
2014,10.90076,30.06937,1
2014,10.90388,7.48139,1
2014,10.90609,12.08903,1
2014,10.90625,12.08917,1
2014,10.91028,14.42333,1
2014,10.91889,29.70778,1
2014,10.92221,13.84306,1
2014,10.92389,47.855,1
2014,10.93119,13.73905,1
2014,10.93757,13.71863,1
2014,10.95154,122.50422,1
2014,10.96445,13.90431,1
2014,10.96727,13.66569,2
2014,10.97025,13.66615,2
2014,10.98998,49.05688,5
2014,10.99013,13.72806,1
2014,10.99779,10.41049,1
2014,11.00087,13.32982,1
2014,11.00949,13.89847,1
2014,11.0168,29.71645,1
2014,11.03633,30.249,1
2014,11.03722,12.26639,1
2014,11.04674,14.14046,1
2014,11.04789,49.18061,1
2014,11.05016,13.84354,1
2014,11.05026,13.8059,1
2014,11.05165,13.78636,1
2014,11.05307,12.80724,1
2014,11.06216,25.03952,1
2014,11.06328,7.70037,1
2014,11.06328,26.74166,1
2014,11.06335,76.54126,1
2014,11.06677,7.69997,1
2014,11.07977,13.70075,1
2014,11.08119,13.69517,2
2014,11.08397,13.68218,1
2014,11.08398,13.69309,5
2014,11.08477,13.69209,1
2014,11.08492,13.70151,2
2014,11.08594,13.69109,1
2014,11.08823,13.70874,1
2014,11.08972,13.68838,1
2014,11.09583,11.3325,6
2014,11.10783,12.76136,1
2014,11.10785,13.81355,3
2014,11.11597,26.43575,1
2014,11.1223,122.51087,1
2014,11.123,13.79155,1
2014,11.12588,13.79153,1
2014,11.12649,13.78975,1
2014,11.12742,13.79042,1
2014,11.12863,13.79461,1
2014,11.13142,13.88046,3
2014,11.13201,25.94991,1
2014,11.13226,29.80885,1
2014,11.13578,13.87338,3
2014,11.13787,12.47445,1
2014,11.14898,12.76161,2
2014,11.1519,12.7587,9
2014,11.15424,12.77021,2
2014,11.15434,23.58524,1
2014,11.15484,13.73421,1
2014,11.15505,14.07269,1
2014,11.15599,13.9854,1
2014,11.15643,13.71502,1
2014,11.15698,13.73397,1
2014,11.15886,13.66393,1
2014,11.16254,14.01398,3
2014,11.16368,13.71029,1
2014,11.16667,23.58333,3
2014,11.1676,13.74136,1
2014,11.17049,13.42692,1
2014,11.17275,13.42955,2
2014,11.18148,13.75364,4
2014,11.18417,13.91417,1
2014,11.19389,14.01139,1
2014,11.19629,28.52583,1
2014,11.19902,29.41793,2
2014,11.19904,13.37392,1
2014,11.21348,124.3936,1
2014,11.21902,35.09286,1
2014,11.21917,14.03583,1
2014,11.21954,78.16754,1
2014,11.22223,13.78382,2
2014,11.2329,78.87987,1
2014,11.23652,14.1262,8
2014,11.23868,14.15384,2
2014,11.24655,25.22483,1
2014,11.24707,12.01246,17
2014,11.25743,30.74411,1
2014,11.26192,122.5389,1
2014,11.26235,14.96529,1
2014,11.26351,122.53376,1
2014,11.26605,122.68306,1
2014,11.26647,122.53335,1
2014,11.26667,122.53333,1
2014,11.26999,49.17344,1
2014,11.2705,25.15148,1
2014,11.2748,49.17966,5
2014,11.27552,14.14407,3
2014,11.27704,9.88227,1
2014,11.28069,125.5502,1
2014,11.28077,25.13921,1
2014,11.28205,125.06937,1
2014,11.28434,13.42806,1
2014,11.29101,23.1918,1
2014,11.29461,23.39366,1
2014,11.31398,10.46523,1
2014,11.33333,34.06667,1
2014,11.34782,11.29003,1
2014,11.34867,14.4036,2
2014,11.34916,14.40521,1
2014,11.35605,10.6729,1
2014,11.36666,23.5998,1
2014,11.36667,23.33333,1
2014,11.39014,10.19951,1
2014,11.39112,12.90914,2
2014,11.39261,12.91381,1
2014,11.39819,79.69536,1
2014,11.40306,14.56784,2
2014,11.40573,10.01358,4
2014,11.41676,125.16619,1
2014,11.4252,122.65076,1
2014,11.43625,-72.80576,1
2014,11.43944,13.42229,1
2014,11.44821,12.94049,1
2014,11.46801,13.75855,3
2014,11.47522,13.00851,1
2014,11.48502,12.31189,2
2014,11.4858,13.13154,1
2014,11.4895,12.96492,1
2014,11.50373,11.94,2
2014,11.50975,12.97891,4
2014,11.51003,12.97891,1
2014,11.51667,23.81667,1
2014,11.52685,13.69271,2
2014,11.53265,12.99789,1
2014,11.5463,24.34322,1
2014,11.55106,7.02136,1
2014,11.55585,7.02282,1
2014,11.56216,11.91616,1
2014,11.57361,13.54035,1
2014,11.5822,13.00373,1
2014,11.58446,8.92311,1
2014,11.58762,43.14649,1
2014,11.63072,24.8933,1
2014,11.63204,13.44255,1
2014,11.63749,7.10714,1
2014,11.64251,25.01248,1
2014,11.64586,13.34764,1
2014,11.64886,24.90422,8
2014,11.64999,14.10417,1
2014,11.65541,13.41293,12
2014,11.66618,14.04362,1
2014,11.66673,13.68319,1
2014,11.67417,10.19111,3
2014,11.67806,11.33528,1
2014,11.68318,14.65018,1
2014,11.68589,11.61916,1
2014,11.70299,13.06768,1
2014,11.7044,11.08854,5
2014,11.7211,7.03656,1
2014,11.72218,13.28277,1
2014,11.72237,13.28241,1
2014,11.72526,14.26303,1
2014,11.73395,75.93759,1
2014,11.74464,11.97026,3
2014,11.76319,32.84042,3
2014,11.76368,13.14929,1
2014,11.76394,12.26313,1
2014,11.76848,13.07697,1
2014,11.80652,12.49785,1
2014,11.81915,13.2089,1
2014,11.82531,13.17031,1
2014,11.82727,9.56779,1
2014,11.82998,12.63018,3
2014,11.83188,75.56552,1
2014,11.84079,13.14139,21
2014,11.84204,12.80144,1
2014,11.85091,8.396,1
2014,11.87448,75.37037,1
2014,11.87972,13.28294,1
2014,11.88315,12.80572,1
2014,11.88344,13.223,1
2014,11.89361,14.09417,1
2014,11.89833,23.02639,1
2014,11.90932,79.7483,1
2014,11.92386,13.60308,1
2014,11.92466,13.60131,5
2014,11.92998,14.34335,1
2014,11.9384,23.09934,1
2014,11.94167,13.855,1
2014,11.94986,24.95328,2
2014,11.95682,23.09907,1
2014,11.96336,8.57773,1
2014,11.97433,8.50026,18
2014,11.98678,25.15278,1
2014,11.99994,8.51678,1
2014,12.00203,13.53703,1
2014,12.00348,6.41815,1
2014,12.00421,123.99896,1
2014,12.01235,123.88759,1
2014,12.02685,123.69388,1
2014,12.03658,13.91724,2
2014,12.04072,123.77557,1
2014,12.04198,13.9173,2
2014,12.04338,24.88746,1
2014,12.04639,14.48083,2
2014,12.04998,24.88327,1
2014,12.05,24.88333,1
2014,12.05719,24.8787,3
2014,12.0668,124.5962,1
2014,12.082,13.7513,1
2014,12.08241,14.46714,1
2014,12.08399,6.97712,1
2014,12.08402,27.0981,1
2014,12.08519,15.02002,2
2014,12.08575,5.2985,1
2014,12.09082,6.6878,1
2014,12.09166,6.6819,1
2014,12.09304,13.15527,1
2014,12.09973,6.6779,1
2014,12.10101,6.72418,1
2014,12.10889,13.11778,1
2014,12.12052,13.17404,7
2014,12.12417,6.53444,1
2014,12.15083,13.91056,1
2014,12.15466,11.77422,1
2014,12.16085,6.66738,1
2014,12.16692,6.6744,2
2014,12.18225,6.91916,1
2014,12.18333,123.86667,1
2014,12.19463,-72.14604,1
2014,12.19751,75.80411,1
2014,12.22528,75.31472,1
2014,12.24074,9.90771,1
2014,12.257,13.10752,1
2014,12.25831,6.96799,1
2014,12.26853,14.46611,3
2014,12.27529,6.92964,1
2014,12.28453,14.53597,1
2014,12.3151,123.42462,1
2014,12.32735,125.1531,1
2014,12.33363,102.43441,1
2014,12.33971,125.03207,1
2014,12.341,14.18757,1
2014,12.34207,14.18583,2
2014,12.34494,14.18342,1
2014,12.34626,14.18469,1
2014,12.35746,7.90356,1
2014,12.35947,14.21093,4
2014,12.36209,14.51388,1
2014,12.36343,13.8299,1
2014,12.36528,13.82917,1
2014,12.36559,13.82889,3
2014,12.36627,13.82887,3
2014,12.36628,13.82892,1
2014,12.36977,123.62685,1
2014,12.37174,14.19306,1
2014,12.37453,14.38554,1
2014,12.37772,14.22509,1
2014,12.37903,14.22436,4
2014,12.37944,14.2488,1
2014,12.38535,23.13885,1
2014,12.39418,13.83087,2
2014,12.40478,6.61435,1
2014,12.40956,125.05448,1
2014,12.42058,123.78024,1
2014,12.425,13.93722,1
2014,12.42824,124.63758,1
2014,12.46674,124.64789,1
2014,12.47514,23.26631,1
2014,12.47786,23.25973,1
2014,12.48385,14.1842,1
2014,12.50561,24.28891,2
2014,12.50972,24.285,1
2014,12.54058,123.6389,1
2014,12.54148,13.77643,1
2014,12.56093,11.79933,3
2014,12.56277,14.44758,1
2014,12.56612,123.73027,1
2014,12.58988,124.09236,1
2014,12.65822,123.95391,1
2014,12.66623,-86.08737,1
2014,12.67409,13.61115,2
2014,12.68171,13.44097,1
2014,12.71739,24.90056,1
2014,12.73056,124.01889,1
2014,12.7318,124.06857,1
2014,12.75019,124.13716,1
2014,12.7525,6.28116,1
2014,12.75432,44.86094,1
2014,12.76007,44.89027,1
2014,12.76593,99.95047,1
2014,12.76594,12.76594,1
2014,12.76806,44.84549,1
2014,12.77549,123.31305,1
2014,12.77661,123.95255,1
2014,12.7775,6.78333,1
2014,12.77827,101.65746,1
2014,12.79918,45.03643,1
2014,12.8,45.03333,1
2014,12.80021,45.03331,1
2014,12.81165,123.96735,1
2014,12.81249,25.03906,1
2014,12.8193,25.53884,1
2014,12.81948,44.82061,1
2014,12.82575,44.79438,1
2014,12.83305,123.83974,1
2014,12.83469,124.0565,1
2014,12.84585,23.10038,1
2014,12.84636,23.0012,1
2014,12.84887,7.71567,1
2014,12.84908,45.03728,23
2014,12.85813,124.01869,1
2014,12.86262,124.14258,1
2014,12.86674,124.01672,1
2014,12.86714,44.98396,10
2014,12.86911,124.14228,1
2014,12.88116,-85.50466,1
2014,12.88569,12.50808,1
2014,12.88946,44.97179,2
2014,12.89065,124.13092,1
2014,12.89305,11.92748,1
2014,12.89985,23.47687,1
2014,12.9,23.48333,4
2014,12.90351,123.246,1
2014,12.90579,23.51198,1
2014,12.91549,23.47828,2
2014,12.91805,-16.43906,1
2014,12.92138,124.12268,1
2014,12.92138,124.12427,1
2014,12.925,13.57077,1
2014,12.93256,24.62246,1
2014,12.9426,43.41168,1
2014,12.9598,24.03983,5
2014,12.9614,24.04412,1
2014,12.96512,24.85279,1
2014,12.96595,25.02583,1
2014,12.97179,77.5945,1
2014,12.97412,123.98957,1
2014,12.97437,124.02525,1
2014,12.98014,123.65094,1
2014,12.98333,23.73333,1
2014,12.98497,7.60644,1
2014,12.98679,25.05919,1
2014,12.98775,13.65864,1
2014,12.99055,124.0108,10
2014,12.99271,124.01475,1
2014,12.99413,25.09456,1
2014,13.00176,25.12256,1
2014,13.00756,25.13828,1
2014,13.0076,44.4645,1
2014,13.0156,24.86309,1
2014,13.02195,25.20946,1
2014,13.02627,24.84031,1
2014,13.02696,24.46991,2
2014,13.03242,24.52497,1
2014,13.04005,22.37593,1
2014,13.04967,44.88306,1
2014,13.05,44.88333,2
2014,13.05241,80.25083,1
2014,13.0554,44.86239,1
2014,13.05577,80.24878,1
2014,13.05824,124.01518,1
2014,13.05966,44.88462,1
2014,13.06222,44.88139,1
2014,13.0634,44.88088,17
2014,13.06392,5.23916,1
2014,13.07667,24.88887,1
2014,13.07694,123.70141,1
2014,13.08429,80.27631,2
2014,13.08604,123.68556,1
2014,13.09646,7.32872,1
2014,13.10086,12.51702,1
2014,13.10166,12.50975,1
2014,13.1156,13.84006,1
2014,13.11792,13.85869,1
2014,13.1199,13.85496,1
2014,13.12973,45.38557,5
2014,13.1332,44.83991,1
2014,13.1338,22.63312,1
2014,13.13924,44.92077,6
2014,13.14896,44.85055,5
2014,13.15055,24.6324,1
2014,13.1618,123.69399,1
2014,13.17352,24.13044,3
2014,13.17689,123.54504,1
2014,13.18069,44.30418,1
2014,13.18561,25.17333,1
2014,13.18647,44.70569,1
2014,13.19066,123.59844,1
2014,13.19673,123.59216,1
2014,13.21168,12.54343,1
2014,13.21321,44.8728,1
2014,13.21524,25.11032,1
2014,13.25121,13.19605,2
2014,13.25175,123.57117,1
2014,13.27367,123.52583,1
2014,13.27419,100.96137,2
2014,13.29028,24.93472,1
2014,13.301,123.438,1
2014,13.30314,24.86874,1
2014,13.31876,123.73859,1
2014,13.32306,24.93611,1
2014,13.33158,25.00742,1
2014,13.36306,12.79921,1
2014,13.37705,121.16492,1
2014,13.41667,120.46334,1
2014,13.41738,120.47073,1
2014,13.41988,43.81852,1
2014,13.43604,44.81966,1
2014,13.4377,23.25104,1
2014,13.46732,23.29372,1
2014,13.47186,23.30529,1
2014,13.48,22.98,1
2014,13.48341,25.66669,1
2014,13.5,24.9,1
2014,13.5003,24.90025,1
2014,13.51383,24.86908,1
2014,13.51667,44.86667,1
2014,13.51984,46.71482,4
2014,13.52192,46.71159,2
2014,13.52194,46.71157,1
2014,13.53253,44.84967,1
2014,13.55048,24.33385,1
2014,13.55139,46.96845,1
2014,13.56224,99.84076,1
2014,13.57362,44.01742,1
2014,13.585,44.11499,1
2014,13.58648,44.0241,6
2014,13.59477,122.87805,1
2014,13.61002,22.46552,1
2014,13.61027,25.26036,1
2014,13.61278,43.70778,1
2014,13.6242,25.34498,4
2014,13.62983,46.05044,1
2014,13.63434,46.05632,1
2014,13.64713,46.09998,1
2014,13.64767,24.09633,8
2014,13.64848,24.1359,1
2014,13.64963,24.09217,1
2014,13.65114,24.09042,1
2014,13.65625,122.98545,1
2014,13.66348,36.27199,1
2014,13.69346,123.06174,1
2014,13.69355,123.06037,1
2014,13.69667,44.73083,1
2014,13.70266,44.73357,7
2014,13.70291,44.74282,1
2014,13.7067,100.43896,1
2014,13.70861,124.36194,1
2014,13.71262,123.21248,1
2014,13.72732,100.5295,1
2014,13.7339,123.5214,1
2014,13.73888,44.66622,1
2014,13.7476,120.94116,1
2014,13.75,24.5,1
2014,13.75207,46.51919,2
2014,13.75718,44.1388,1
2014,13.76207,44.14032,2
2014,13.76297,122.96363,1
2014,13.76666,22.45,1
2014,13.77453,100.36395,1
2014,13.78579,100.56085,55
2014,13.78639,23.70748,1
2014,13.81176,43.25382,1
2014,13.81637,122.78161,1
2014,13.81687,122.78377,1
2014,13.82008,100.6786,1
2014,13.82476,100.29373,1
2014,13.82481,100.29376,1
2014,13.82502,100.29422,1
2014,13.8266,44.69059,2
2014,13.83193,45.2442,1
2014,13.83195,122.29889,1
2014,13.83656,122.83248,1
2014,13.8382,45.83622,1
2014,13.8433,45.73185,1
2014,13.854,44.76186,1
2014,13.85466,44.76375,2
2014,13.86211,100.51435,1
2014,13.86664,100.49634,11
2014,13.88228,120.91367,1
2014,13.88291,45.86904,1
2014,13.88331,45.86668,1
2014,13.88333,45.86667,1
2014,13.8874,45.86365,1
2014,13.89046,45.87343,1
2014,13.90566,100.52444,1
2014,13.90741,44.76886,1
2014,13.91158,120.8507,1
2014,13.92049,122.101,1
2014,13.9213,120.87873,1
2014,13.93072,120.83487,1
2014,13.933,46.08326,1
2014,13.93301,100.68663,1
2014,13.93333,46.08333,2
2014,13.94088,121.16034,1
2014,13.94913,43.99141,1
2014,13.95951,26.02054,1
2014,13.96452,44.17496,1
2014,13.96518,100.58797,1
2014,13.96667,44.16667,5
2014,13.96695,44.00226,6
2014,13.96715,44.16543,2
2014,13.9674,44.17446,2
2014,13.96815,44.17234,1
2014,13.96873,120.79308,1
2014,13.96917,43.99667,1
2014,13.971,46.45696,1
2014,13.97169,44.14948,1
2014,13.975,46.45833,1
2014,13.98049,45.57212,1
2014,13.98303,100.80214,1
2014,13.98334,121.79152,1
2014,13.98501,45.55848,17
2014,13.98892,45.5771,1
2014,13.99023,48.18108,4
2014,13.99688,48.18464,1
2014,14.00004,24.65709,1
2014,14.00042,43.46797,1
2014,14.01278,45.56611,1
2014,14.01344,122.52214,1
2014,14.02123,99.98004,1
2014,14.02735,44.17677,1
2014,14.03083,43.62778,1
2014,14.04988,120.90359,1
2014,14.06086,46.9158,1
2014,14.06098,46.9154,1
2014,14.06139,45.49083,1
2014,14.06152,46.91495,1
2014,14.06162,46.91497,2
2014,14.06212,46.91498,5
2014,14.06231,46.91872,1
2014,14.06667,24.55,1
2014,14.06667,120.63333,1
2014,14.06863,121.16083,1
2014,14.08027,44.68598,1
2014,14.08338,-87.21686,1
2014,14.08795,44.67242,1
2014,14.08861,45.42583,1
2014,14.10072,44.47203,1
2014,14.10329,45.44625,1
2014,14.10556,45.44806,1
2014,14.10937,45.3196,1
2014,14.11412,121.55486,1
2014,14.116,44.0824,1
2014,14.1324,25.5496,1
2014,14.13335,24.83345,1
2014,14.13755,25.27968,1
2014,14.13769,44.24927,1
2014,14.14157,44.2479,3
2014,14.14657,24.53317,1
2014,14.16246,44.81955,1
2014,14.17963,121.12154,1
2014,14.19209,45.77412,1
2014,14.20592,24.66384,1
2014,14.20979,24.6574,3
2014,14.22195,44.39045,1
2014,14.22387,47.08278,1
2014,14.22704,44.58549,2
2014,14.24408,45.48946,1
2014,14.26345,47.57502,1
2014,14.2642,47.58466,1
2014,14.27977,47.57534,1
2014,14.28114,120.84955,1
2014,14.28336,122.78347,1
2014,14.2834,48.43346,1
2014,14.29639,120.99,1
2014,14.29912,44.3768,1
2014,14.29984,45.21967,1
2014,14.31863,2.08639,1
2014,14.32406,45.49818,1
2014,14.3256,45.43078,1
2014,14.32666,47.44721,6
2014,14.32778,44.90641,1
2014,14.33,46.87278,1
2014,14.33094,44.88749,1
2014,14.34955,45.45297,1
2014,14.34967,121.06137,1
2014,14.35452,47.07578,2
2014,14.35887,45.44981,7
2014,14.36298,48.98217,1
2014,14.36714,22.91699,1
2014,14.38333,43.66667,1
2014,14.3868,45.45276,1
2014,14.41388,44.83563,1
2014,14.41399,44.83742,13
2014,14.41583,44.84222,1
2014,14.44599,121.45311,1
2014,14.45838,25.23038,1
2014,14.465,120.95917,1
2014,14.47151,47.27631,1
2014,14.48143,44.48463,4
2014,14.48333,46.41667,2
2014,14.49722,121.28639,1
2014,14.52073,49.15211,1
2014,14.52905,46.75952,1
2014,14.53095,121.00426,1
2014,14.53117,46.83987,1
2014,14.53329,49.13334,1
2014,14.53333,49.13325,1
2014,14.53333,49.13333,1
2014,14.53358,46.80754,1
2014,14.53451,46.83526,1
2014,14.53618,46.83306,1
2014,14.53623,46.83418,1
2014,14.53639,46.83306,3
2014,14.53826,46.82859,1
2014,14.54393,46.83175,1
2014,14.54397,49.12458,19
2014,14.54943,121.03359,1
2014,14.55001,44.40166,1
2014,14.55046,44.39771,7
2014,14.55886,121.13494,1
2014,14.58251,121.08424,1
2014,14.58423,121.03904,1
2014,14.59842,44.37317,1
2014,14.59935,120.98477,7
2014,14.63134,45.36661,1
2014,14.65278,45.35083,1
2014,14.6593,25.15924,1
2014,14.66598,47.14375,1
2014,14.67428,121.0575,5
2014,14.68321,1.95321,1
2014,14.70805,46.38495,1
2014,14.71474,77.81028,1
2014,14.71741,46.51824,1
2014,14.72223,47.04276,1
2014,14.72449,121.03331,3
2014,14.72794,101.36577,1
2014,14.73984,46.51746,1
2014,14.74567,46.55139,1
2014,14.75136,45.68813,1
2014,14.75352,49.58323,1
2014,14.75463,46.51626,7
2014,14.75659,45.73158,1
2014,14.76273,49.60573,11
2014,14.76976,49.37427,2
2014,14.78129,42.97285,9
2014,14.78293,120.92616,1
2014,14.79408,46.51778,1
2014,14.80056,45.71889,1
2014,14.80222,42.95111,2
2014,14.80737,25.41664,1
2014,14.83103,120.78945,1
2014,14.83594,44.10791,1
2014,14.83596,43.06767,1
2014,14.84848,44.1391,1
2014,14.85455,78.3792,1
2014,14.87394,120.79533,1
2014,14.87719,48.92718,1
2014,14.88176,49.14674,1
2014,14.88184,46.74995,4
2014,14.89937,44.12049,1
2014,14.90806,120.71556,1
2014,14.95418,120.89742,1
2014,15.02438,43.13696,1
2014,15.03194,45.82806,1
2014,15.0408,2.705,1
2014,15.04607,2.70157,1
2014,15.07208,120.54194,1
2014,15.08036,44.43684,1
2014,15.10398,120.4752,1
2014,15.11806,48.33139,1
2014,15.13605,44.29763,1
2014,15.13611,44.02318,1
2014,15.15683,45.92539,1
2014,15.17654,44.08102,3
2014,15.17742,44.18421,1
2014,15.18661,44.1569,1
2014,15.22585,44.2544,1
2014,15.24938,120.8499,1
2014,15.24976,49.58704,1
2014,15.25,46.95,1
2014,15.25245,120.95155,1
2014,15.2537,44.46794,1
2014,15.26667,43.71667,1
2014,15.2935,44.47064,1
2014,15.30531,43.01949,4
2014,15.31689,44.4748,4
2014,15.32,42.92917,1
2014,15.32544,44.2119,160
2014,15.33815,48.45443,1
2014,15.36457,44.04888,1
2014,15.37984,44.2866,1
2014,15.38049,44.33376,1
2014,15.39236,25.36249,1
2014,15.39543,45.43353,2
2014,15.40505,120.94322,1
2014,15.41769,45.44727,1
2014,15.4188,45.50209,1
2014,15.42607,44.22201,1
2014,15.43286,44.1817,1
2014,15.44784,45.01715,1
2014,15.44799,45.41048,1
2014,15.44823,44.21922,1
2014,15.44827,45.31064,1
2014,15.44932,44.12952,1
2014,15.45031,45.01981,3
2014,15.45033,45.01982,2
2014,15.45276,45.31698,1
2014,15.45639,45.32487,9
2014,15.45641,45.01861,1
2014,15.45833,45.38639,2
2014,15.45939,45.02355,1
2014,15.46248,45.32356,1
2014,15.46436,45.32565,1
2014,15.46591,45.29394,3
2014,15.46634,45.32474,2
2014,15.46921,45.32082,1
2014,15.46952,45.32043,1
2014,15.46998,45.32301,1
2014,15.47004,45.32287,1
2014,15.47226,45.31952,1
2014,15.47389,45.36667,1
2014,15.48346,45.33016,1
2014,15.49859,44.08713,1
2014,15.5,44.08333,2
2014,15.50072,44.08754,1
2014,15.50467,45.46096,3
2014,15.50639,44.06028,1
2014,15.50662,45.43353,1
2014,15.51588,45.44981,1
2014,15.51589,45.44981,9
2014,15.5225,45.46057,1
2014,15.52922,45.46472,1
2014,15.53573,45.4198,1
2014,15.5445,49.35006,1
2014,15.54556,45.3925,1
2014,15.54574,49.34971,1
2014,15.56667,32.51667,1
2014,15.56667,49.23333,1
2014,15.57162,45.79118,1
2014,15.57587,43.90304,1
2014,15.58504,44.02863,1
2014,15.59883,45.03876,1
2014,15.60468,44.07133,1
2014,15.61246,48.95212,1
2014,15.6173,46.01105,1
2014,15.62556,44.05861,1
2014,15.63111,121.14389,1
2014,15.63556,44.32389,7
2014,15.64466,44.19014,1
2014,15.65036,32.48344,1
2014,15.65883,43.9478,3
2014,15.66097,43.95449,2
2014,15.66102,43.95157,1
2014,15.66104,43.94737,1
2014,15.66175,43.94723,1
2014,15.66176,43.94723,1
2014,15.66182,43.96171,1
2014,15.66288,43.94576,2
2014,15.66306,43.94577,1
2014,15.66471,43.94392,1
2014,15.66618,43.95383,1
2014,15.66667,43.95,4
2014,15.66682,0.50853,1
2014,15.6675,43.9507,1
2014,15.67216,43.94571,1
2014,15.67782,43.906,1
2014,15.68,-4.61,1
2014,15.68397,-4.61033,1
2014,15.68417,43.94222,1
2014,15.68535,43.94626,1
2014,15.68653,43.59722,3
2014,15.68996,43.60001,1
2014,15.696,44.22304,1
2014,15.71566,43.99998,1
2014,15.74446,44.07182,1
2014,15.75,44.08333,1
2014,15.7662,24.90422,1
2014,15.78285,-4.70022,1
2014,15.79816,48.38542,1
2014,15.81251,44.38992,1
2014,15.81451,44.28113,1
2014,15.82148,120.32914,1
2014,15.8234,44.03866,1
2014,15.8275,44.79389,1
2014,15.83956,48.4553,2
2014,15.8402,48.45438,10
2014,15.84056,48.45556,1
2014,15.84714,48.4837,1
2014,15.85,46.08333,1
2014,15.85001,46.08332,1
2014,15.87056,1.51972,1
2014,15.91492,48.65074,7
2014,15.91835,2.39587,1
2014,15.92126,48.63638,1
2014,15.93111,48.74806,1
2014,15.94001,48.78975,17
2014,15.9486,48.7509,1
2014,15.9549,43.78367,1
2014,15.95861,43.78083,1
2014,15.9642,48.78252,4
2014,15.96674,48.78333,3
2014,15.98693,48.77574,1
2014,16.033,44.76669,2
2014,16.03323,44.76656,1
2014,16.0433,120.33331,1
2014,16.05,49.0,1
2014,16.05021,49.00004,1
2014,16.05022,49.00039,1
2014,16.05167,49.00296,1
2014,16.08333,46.4,1
2014,16.10772,44.68011,1
2014,16.13333,47.23333,1
2014,16.13538,44.71161,1
2014,16.13901,47.83148,1
2014,16.14625,43.94377,1
2014,16.14695,43.48065,3
2014,16.16541,44.7769,1
2014,16.17918,44.03906,1
2014,16.21931,43.95605,1
2014,16.25692,43.94368,4
2014,16.26398,-0.02799,1
2014,16.26667,-0.05,1
2014,16.27551,-0.0501,1
2014,16.27648,-0.03915,1
2014,16.28222,43.74583,1
2014,16.3675,43.71806,1
2014,16.37778,97.73444,1
2014,16.3785,43.72424,1
2014,16.4021,43.05595,1
2014,16.40857,44.40436,1
2014,16.41489,43.10772,1
2014,16.41654,-3.66662,2
2014,16.41667,-3.66666,1
2014,16.43397,98.78134,1
2014,16.51634,-91.16362,1
2014,16.51649,-91.16362,1
2014,16.54255,80.80469,1
2014,16.55649,98.2407,1
2014,16.59722,45.52417,1
2014,16.60678,121.25364,1
2014,16.62767,47.16488,1
2014,16.65009,-0.18565,1
2014,16.66304,121.05639,1
2014,16.68637,121.54842,1
2014,16.68889,98.50889,2
2014,16.71003,120.34757,1
2014,16.7124,98.57466,1
2014,16.7145,121.555,1
2014,16.75775,-2.99936,1
2014,16.7649,49.25534,2
2014,16.77123,121.09867,1
2014,16.78428,45.29986,1
2014,16.79018,45.29939,4
2014,16.82177,49.42595,1
2014,16.83561,-2.5242,1
2014,16.83609,0.5924,1
2014,16.86667,43.36667,1
2014,16.87818,-1.92104,1
2014,16.89326,43.79937,1
2014,16.93041,49.36531,1
2014,16.93041,49.36532,5
2014,16.93065,49.36573,2
2014,16.93486,47.01542,1
2014,16.95097,43.74825,1
2014,16.95366,-0.34385,1
2014,16.9578,49.37813,2
2014,16.96196,43.74322,1
2014,16.98304,120.85502,1
2014,16.99088,120.73286,1
2014,16.99175,120.73322,1
2014,17.00154,-1.66457,1
2014,17.03375,-1.40402,1
2014,17.05138,82.22272,1
2014,17.05784,47.09046,1
2014,17.07778,120.49167,1
2014,17.0825,121.94306,1
2014,17.08751,120.97546,1
2014,17.08829,49.4038,2
2014,17.12026,120.50168,1
2014,17.15267,120.66903,1
2014,17.15886,120.89018,1
2014,17.17114,82.06368,1
2014,17.17829,120.71322,1
2014,17.19115,77.16656,1
2014,17.24705,80.15122,1
2014,17.24725,80.15144,1
2014,17.28665,76.86612,1
2014,17.32125,82.04071,1
2014,17.35384,0.07814,1
2014,17.35878,97.67389,1
2014,17.3647,102.81589,1
2014,17.36667,0.08722,3
2014,17.38077,82.05449,1
2014,17.39662,78.49182,1
2014,17.40836,120.47675,1
2014,17.40854,82.71544,1
2014,17.46839,42.70761,1
2014,17.48923,47.10444,1
2014,17.563,43.45599,1
2014,17.59965,120.61691,1
2014,17.64751,120.86011,1
2014,17.66802,80.89645,1
2014,17.67258,120.93667,1
2014,17.68836,83.22268,1
2014,17.69538,83.24149,1
2014,17.76983,81.31014,1
2014,17.77444,-3.36669,2
2014,17.79002,81.20712,1
2014,17.83615,81.42931,1
2014,17.83699,81.43094,1
2014,17.84719,121.34526,1
2014,17.84807,0.3223,1
2014,17.85051,80.89498,1
2014,17.85082,80.8862,1
2014,17.85751,81.43629,1
2014,17.86293,82.19787,1
2014,17.86481,82.22625,2
2014,17.86631,82.35574,1
2014,17.88046,81.44414,2
2014,17.93851,81.13336,1
2014,17.94197,81.10375,1
2014,17.98494,81.58173,1
2014,18.01717,80.86684,1
2014,18.02143,-76.79828,1
2014,18.04057,81.94157,1
2014,18.04572,0.60265,1
2014,18.07404,81.75095,1
2014,18.0833,82.6667,1
2014,18.08366,82.38319,1
2014,18.11492,81.74442,1
2014,18.15417,-94.3937,1
2014,18.16473,120.71156,1
2014,18.16677,81.95419,1
2014,18.19833,121.665,1
2014,18.2085,82.09225,1
2014,18.2263,81.61995,1
2014,18.23694,82.0927,1
2014,18.24543,81.31841,1
2014,18.25229,81.24482,2
2014,18.26151,121.99698,1
2014,18.30416,82.35831,1
2014,18.33786,82.03211,2
2014,18.34107,81.87389,1
2014,18.34359,81.88253,2
2014,18.34416,81.87928,1
2014,18.36882,82.04579,1
2014,18.39101,81.65693,2
2014,18.39106,81.65924,1
2014,18.3911,81.65931,1
2014,18.39113,81.65927,1
2014,18.39117,81.65923,1
2014,18.39493,81.6586,1
2014,18.40464,81.58842,2
2014,18.40808,121.51492,1
2014,18.43885,1.4082,1
2014,18.43918,1.40803,1
2014,18.4427,1.41133,12
2014,18.48839,80.94275,1
2014,18.50045,83.04823,1
2014,18.50552,81.55544,1
2014,18.50582,81.55415,1
2014,18.51588,73.85804,1
2014,18.53214,80.94467,1
2014,18.53513,80.8862,1
2014,18.54381,82.22333,1
2014,18.54719,82.47693,1
2014,18.54923,82.47661,1
2014,18.56466,82.96363,2
2014,18.58213,80.69303,1
2014,18.58375,80.76966,1
2014,18.61035,81.96697,1
2014,18.63507,81.73221,1
2014,18.63556,81.73222,1
2014,18.63773,81.3454,1
2014,18.65994,82.10563,1
2014,18.69611,99.03654,1
2014,18.70183,80.99427,1
2014,18.70248,82.65934,1
2014,18.70436,81.12155,1
2014,18.70831,80.9955,2
2014,18.7271,81.44079,1
2014,18.72727,81.80988,1
2014,18.73,82.83,1
2014,18.73642,81.03958,1
2014,18.74028,82.64294,1
2014,18.74866,99.16776,1
2014,18.7502,80.88229,1
2014,18.75312,99.01566,1
2014,18.75525,80.81679,1
2014,18.7554,81.02855,1
2014,18.77087,98.9654,1
2014,18.77203,81.27543,1
2014,18.77943,100.77736,1
2014,18.78774,98.99312,1
2014,18.79108,81.28767,1
2014,18.79343,80.81798,1
2014,18.79435,80.88187,1
2014,18.79716,80.81611,1
2014,18.7973,80.81318,1
2014,18.79771,80.81286,2
2014,18.79773,80.81281,1
2014,18.79868,1.83183,1
2014,18.80073,80.81086,3
2014,18.8083,82.7083,1
2014,18.80992,82.72046,1
2014,18.84497,80.9379,1
2014,18.84563,81.38393,2
2014,18.84648,80.7451,1
2014,18.84956,81.3813,1
2014,18.85323,82.56544,1
2014,18.8689,83.11538,1
2014,18.87901,83.16818,1
2014,18.88933,80.32005,1
2014,18.89848,81.35297,1
2014,18.93286,81.88225,1
2014,18.9333,83.25726,1
2014,18.93332,83.25726,1
2014,18.93504,83.25364,1
2014,18.93523,83.25571,1
2014,18.93789,83.23432,1
2014,18.94037,81.2699,1
2014,19.04265,83.71726,1
2014,19.08691,84.28529,1
2014,19.10127,80.15335,1
2014,19.10431,81.95521,1
2014,19.10747,81.96916,1
2014,19.11624,81.24648,1
2014,19.15046,101.15492,1
2014,19.16271,73.23937,1
2014,19.16959,83.41637,1
2014,19.17211,81.81124,1
2014,19.21085,73.13362,1
2014,19.23322,80.7199,1
2014,19.28071,83.58434,1
2014,19.30918,84.79369,1
2014,19.32791,84.28842,1
2014,19.35801,83.72124,1
2014,19.37795,81.54562,1
2014,19.4142,80.00796,1
2014,19.41861,83.81292,1
2014,19.43261,-99.13321,1
2014,19.43749,81.65419,1
2014,19.44016,73.30753,1
2014,19.46485,0.85639,16
2014,19.49366,81.21468,1
2014,19.49813,80.15806,1
2014,19.54091,81.51023,1
2014,19.56133,80.27116,1
2014,19.58676,80.3444,1
2014,19.60001,81.67,1
2014,19.60044,81.67127,1
2014,19.60187,81.42621,3
2014,19.63943,79.47475,1
2014,19.63955,79.47494,1
2014,19.72356,81.24241,1
2014,19.73685,81.21525,1
2014,19.80387,1.14112,1
2014,19.80967,85.83098,1
2014,19.82373,79.82514,1
2014,19.83044,80.44894,1
2014,19.84193,84.66753,1
2014,19.8644,0.91219,1
2014,19.89001,84.98139,1
2014,19.961,80.14758,1
2014,19.9966,84.13156,1
2014,20.0599,80.44721,1
2014,20.18487,79.9948,2
2014,20.1849,79.99476,1
2014,20.19648,81.06458,1
2014,20.20005,83.91661,1
2014,20.2002,83.91731,1
2014,20.22782,81.31178,1
2014,20.25207,0.98153,5
2014,20.26312,85.78572,1
2014,20.26404,81.50127,1
2014,20.26988,81.48978,1
2014,20.27012,81.48961,1
2014,20.27138,80.3085,1
2014,20.28889,81.24203,1
2014,20.2889,81.24203,1
2014,20.29489,85.82714,1
2014,20.30052,85.8223,1
2014,20.32253,81.21553,1
2014,20.32765,80.45406,1
2014,20.37785,80.63142,1
2014,20.43561,80.56414,1
2014,20.75349,82.41568,1
2014,20.75469,82.43723,1
2014,20.78293,97.03721,3
2014,20.81667,92.36667,1
2014,20.86256,84.58407,1
2014,20.91449,-100.74519,1
2014,20.95167,85.09852,1
2014,21.1111,85.82559,1
2014,21.2011,79.60922,1
2014,21.20413,80.46213,1
2014,21.27866,81.86614,1
2014,21.5,85.5,1
2014,21.50925,80.54769,1
2014,21.57793,83.4761,1
2014,21.83699,87.42802,1
2014,21.87791,87.29043,1
2014,21.91302,81.58971,1
2014,22.10003,92.08123,1
2014,22.10833,95.14167,1
2014,22.12308,88.41015,1
2014,22.12871,82.99354,1
2014,22.13922,85.06602,1
2014,22.15879,90.11636,1
2014,22.15943,90.11977,2
2014,22.16663,90.28079,1
2014,22.17925,85.51736,1
2014,22.19121,85.36843,1
2014,22.26523,114.23838,1
2014,22.28399,85.57154,1
2014,22.29205,89.95801,1
2014,22.33854,86.17815,1
2014,22.3419,91.81512,6
2014,22.35591,85.51947,1
2014,22.35671,88.88199,1
2014,22.36388,88.87868,1
2014,22.37081,85.4253,1
2014,22.4073,85.77601,1
2014,22.45139,86.9922,2
2014,22.50618,91.79595,1
2014,22.50738,86.55635,1
2014,22.55173,88.35234,3
2014,22.57086,85.46092,1
2014,22.5785,92.069,1
2014,22.58521,86.4744,1
2014,22.58527,87.0497,1
2014,22.58734,86.47439,1
2014,22.58856,85.64175,1
2014,22.61044,84.49946,1
2014,22.61347,86.39471,1
2014,22.61733,91.66208,1
2014,22.65527,92.17624,1
2014,22.65909,88.86343,1
2014,22.68135,88.38571,1
2014,22.68423,85.51327,1
2014,22.71083,85.21405,1
2014,22.74508,85.52255,1
2014,22.7507,89.23437,1
2014,22.80545,86.10995,1
2014,22.849,91.39169,1
2014,22.84965,91.39415,1
2014,22.84966,91.39381,1
2014,22.84968,91.39385,1
2014,22.85626,88.40648,1
2014,22.85719,89.04089,1
2014,22.86468,85.32555,2
2014,22.86667,91.41667,1
2014,22.87946,87.78152,1
2014,22.90835,85.93613,1
2014,22.91236,91.318,5
2014,22.92251,96.50595,1
2014,22.93333,97.75,2
2014,22.94911,84.54661,1
2014,22.97264,91.42577,1
2014,22.97266,85.28099,1
2014,23.00582,85.17413,1
2014,23.01655,85.21249,1
2014,23.02152,85.18777,1
2014,23.02382,89.37958,1
2014,23.0408,91.8733,1
2014,23.04229,88.89836,1
2014,23.05223,89.88657,1
2014,23.0634,85.24715,1
2014,23.06761,85.2819,1
2014,23.07,85.28,1
2014,23.0702,89.03938,1
2014,23.07563,85.27897,1
2014,23.10078,89.10068,1
2014,23.10547,90.88624,1
2014,23.12629,113.26246,1
2014,23.12803,89.28562,1
2014,23.13214,89.13531,1
2014,23.13462,90.91478,1
2014,23.1477,84.70282,1
2014,23.15678,84.50388,1
2014,23.16396,89.213,4
2014,23.16561,84.51623,1
2014,23.16612,89.21704,1
2014,23.16717,89.49312,1
2014,23.19096,84.52548,1
2014,23.192,84.52222,1
2014,23.1981,86.04907,1
2014,23.22804,91.31319,1
2014,23.23843,91.12331,3
2014,23.23961,85.28324,1
2014,23.2672,84.55105,1
2014,23.27304,84.42121,1
2014,23.27987,88.20966,1
2014,23.3283,75.03471,1
2014,23.33766,82.05557,1
2014,23.34077,90.89635,1
2014,23.34251,90.89773,1
2014,23.36997,85.32501,1
2014,23.4166,98.6506,1
2014,23.42009,85.21987,1
2014,23.4202,85.32586,1
2014,23.42897,89.43639,1
2014,23.42996,84.67997,1
2014,23.43,84.68,1
2014,23.43056,84.67939,1
2014,23.46259,91.19188,1
2014,23.49725,91.33126,1
2014,23.51667,91.63722,1
2014,23.57467,85.65108,1
2014,23.5988,85.82679,1
2014,23.60269,85.54224,1
2014,23.60301,86.15896,1
2014,23.60481,88.77696,1
2014,23.60496,85.31665,1
2014,23.60688,91.81964,2
2014,23.61288,88.75146,1
2014,23.619,90.49803,1
2014,23.63757,90.48327,1
2014,23.65237,85.56121,1
2014,23.66839,84.55924,1
2014,23.67009,86.14914,1
2014,23.68,84.73,1
2014,23.68201,88.87081,1
2014,23.68316,85.05354,1
2014,23.70181,84.33733,1
2014,23.71009,84.13225,7
2014,23.71013,84.46664,1
2014,23.71952,92.29996,1
2014,23.72677,92.71703,1
2014,23.72711,92.71764,2
2014,23.72791,86.10496,1
2014,23.72792,86.10496,3
2014,23.7295,87.59054,1
2014,23.73287,92.71713,1
2014,23.73657,83.82504,1
2014,23.74489,84.49698,1
2014,23.75,84.5,1
2014,23.75092,92.26725,1
2014,23.75558,84.3542,3
2014,23.75729,84.35312,1
2014,23.76442,90.24851,1
2014,23.78814,91.73444,1
2014,23.78914,86.06928,1
2014,23.79128,90.4182,23
2014,23.80082,85.8238,1
2014,23.8052,88.67236,1
2014,23.80683,85.82446,1
2014,23.82039,88.73874,1
2014,23.8209,88.74194,1
2014,23.83381,84.78253,1
2014,23.83751,89.78726,2
2014,23.84649,91.27424,1
2014,23.8467,91.90992,1
2014,23.84821,84.11495,1
2014,23.852,86.04557,1
2014,23.85589,85.44165,1
2014,23.86349,85.82733,1
2014,23.87035,89.91598,1
2014,23.8909,90.26575,1
2014,23.89651,85.69704,1
2014,23.90318,89.05615,1
2014,23.92423,92.64903,1
2014,23.92532,88.76312,1
2014,23.96413,86.20704,1
2014,23.97727,93.53082,1
2014,23.99653,84.37786,2
2014,23.99687,85.37176,1
2014,24.00209,85.37773,1
2014,24.00477,93.91662,1
2014,24.00695,93.55754,1
2014,24.01696,85.75385,1
2014,24.03293,93.56997,1
2014,24.03518,91.12726,1
2014,24.03875,84.47572,1
2014,24.05368,86.1631,1
2014,24.08935,32.89833,1
2014,24.09286,89.35925,1
2014,24.10366,90.10035,1
2014,24.11914,84.18798,1
2014,24.13917,83.44994,1
2014,24.17934,86.22045,1
2014,24.18008,86.30688,1
2014,24.18184,86.30685,1
2014,24.18275,94.15138,2
2014,24.18333,23.28333,1
2014,24.19004,94.13836,1
2014,24.19071,85.90988,1
2014,24.19402,86.28594,1
2014,24.20061,86.26976,1
2014,24.20357,84.85504,2
2014,24.20399,84.87126,1
2014,24.20451,84.87704,1
2014,24.23854,87.46739,1
2014,24.23889,87.46783,1
2014,24.24719,92.54672,1
2014,24.24792,86.17686,1
2014,24.25,97.35,1
2014,24.25121,94.30136,1
2014,24.27808,88.75192,1
2014,24.27853,88.7518,2
2014,24.28202,86.0914,1
2014,24.29396,93.87726,1
2014,24.29533,84.63528,1
2014,24.29748,85.1622,1
2014,24.29936,93.25836,1
2014,24.3,85.42,1
2014,24.34005,93.84873,1
2014,24.34084,93.69756,1
2014,24.34268,93.69775,1
2014,24.34921,93.67688,1
2014,24.35172,94.34217,1
2014,24.35742,87.42273,1
2014,24.36407,88.59578,1
2014,24.36462,88.65609,1
2014,24.36651,88.60088,1
2014,24.3679,86.50776,1
2014,24.36878,88.64032,1
2014,24.37426,84.52372,1
2014,24.3761,84.29614,1
2014,24.41096,88.96635,1
2014,24.41213,85.98134,1
2014,24.4157,87.30286,2
2014,24.42714,89.93112,3
2014,24.42974,93.71939,1
2014,24.4334,93.7213,1
2014,24.44313,84.3947,1
2014,24.44604,94.22208,1
2014,24.45272,86.685,1
2014,24.46049,90.86665,3
2014,24.46538,54.36635,1
2014,24.47322,93.74348,1
2014,24.47872,89.13604,2
2014,24.48042,93.73906,1
2014,24.49074,54.39617,1
2014,24.49892,93.76814,1
2014,24.5,93.7667,1
2014,24.5,93.77,2
2014,24.50249,85.00714,1
2014,24.50276,89.14239,1
2014,24.50977,93.75923,1
2014,24.51951,87.57159,1
2014,24.52339,92.56921,1
2014,24.5336,84.00022,1
2014,24.54167,91.33333,1
2014,24.54556,27.17353,1
2014,24.55374,92.61025,1
2014,24.56059,92.60772,1
2014,24.58096,90.3934,1
2014,24.59606,93.36823,1
2014,24.59739,93.77526,1
2014,24.60663,84.12888,1
2014,24.61497,84.22946,1
2014,24.61531,84.22888,1
2014,24.62628,84.65624,1
2014,24.63009,93.76559,1
2014,24.64562,93.88587,1
2014,24.64589,89.24801,1
2014,24.64978,93.95333,1
2014,24.65804,93.98008,1
2014,24.66372,93.90627,2
2014,24.67517,93.90008,1
2014,24.67603,93.89671,1
2014,24.67656,94.26266,1
2014,24.68211,93.92095,1
2014,24.68459,46.70267,1
2014,24.6909,94.16556,1
2014,24.69402,93.80684,1
2014,24.69635,93.93366,1
2014,24.70389,92.19138,1
2014,24.71634,93.83457,1
2014,24.72181,87.76425,1
2014,24.72957,93.37393,1
2014,24.72991,88.1706,1
2014,24.73181,93.90853,1
2014,24.73756,86.30016,2
2014,24.7377,93.46467,1
2014,24.74288,67.58379,1
2014,24.74371,93.41976,1
2014,24.74985,84.36997,1
2014,24.75009,84.36977,1
2014,24.75098,84.37478,3
2014,24.75126,86.13908,1
2014,24.75244,94.04366,1
2014,24.75919,89.39356,1
2014,24.76322,93.827,1
2014,24.76429,93.8289,1
2014,24.76497,86.33892,1
2014,24.76664,84.95097,1
2014,24.77549,84.91848,1
2014,24.78428,93.91595,1
2014,24.78576,94.47795,1
2014,24.78923,93.87109,1
2014,24.79008,67.51973,1
2014,24.79139,93.66156,1
2014,24.79543,84.99936,1
2014,24.79563,84.99946,1
2014,24.79792,93.94052,40
2014,24.8,93.12,1
2014,24.80157,93.0206,1
2014,24.80218,85.24378,1
2014,24.81233,92.90636,1
2014,24.81529,94.0882,1
2014,24.81766,93.93822,1
2014,24.82067,93.98789,1
2014,24.8435,89.3763,1
2014,24.85,89.36667,1
2014,24.8565,94.51108,1
2014,24.86015,88.01917,1
2014,24.86741,92.35655,1
2014,24.87543,85.50466,1
2014,24.87561,85.50466,1
2014,24.8817,93.80746,1
2014,24.88183,86.91805,2
2014,24.88394,90.79355,3
2014,24.88472,66.83202,3
2014,24.88539,93.92115,1
2014,24.88928,86.23269,1
2014,24.89038,85.74233,1
2014,24.89112,67.14331,361
2014,24.89831,93.87808,1
2014,24.90843,94.24733,1
2014,24.93444,94.28271,1
2014,24.94138,94.213,1
2014,24.94156,94.21322,1
2014,24.95544,94.17249,1
2014,24.95609,93.50119,1
2014,24.96206,10.17624,1
2014,24.96658,93.8808,1
2014,24.97362,86.72431,2
2014,24.97406,67.00605,1
2014,24.97591,66.94519,1
2014,24.97666,66.94666,1
2014,24.98638,93.50351,1
2014,24.98793,93.49529,1
2014,24.98975,93.50135,1
2014,25.01216,85.19329,1
2014,25.01531,102.722,1
2014,25.02713,67.17124,1
2014,25.029,66.882,1
2014,25.03333,121.63333,1
2014,25.04454,66.87468,6
2014,25.05258,61.74685,1
2014,25.06763,86.69558,1
2014,25.0888,94.35865,1
2014,25.09443,94.36104,1
2014,25.09453,94.3612,1
2014,25.096,94.35978,1
2014,25.10129,93.37335,1
2014,25.12283,68.53497,1
2014,25.13231,94.07773,1
2014,25.1458,62.32656,2
2014,25.17191,86.09349,1
2014,25.18015,86.26212,1
2014,25.18079,85.96539,1
2014,25.1818,93.11902,1
2014,25.19232,86.53662,1
2014,25.19656,62.07368,1
2014,25.20821,90.23086,1
2014,25.21304,90.76285,1
2014,25.21349,90.653,1
2014,25.21458,88.19389,1
2014,25.21467,83.94131,1
2014,25.21538,62.32595,1
2014,25.21574,90.56652,1
2014,25.22408,90.37666,1
2014,25.2242,90.37697,1
2014,25.22513,90.37666,1
2014,25.25008,86.99956,2
2014,25.25034,86.99706,1
2014,25.2661,94.02079,1
2014,25.26786,63.46099,7
2014,25.27375,94.02728,1
2014,25.2894,63.34336,1
2014,25.30741,89.52748,4
2014,25.31866,90.4408,1
2014,25.32098,90.43974,1
2014,25.32123,83.7592,1
2014,25.32168,94.15162,1
2014,25.32253,90.42098,1
2014,25.32384,90.41941,1
2014,25.32875,90.56106,1
2014,25.32978,90.57216,1
2014,25.3301,90.56361,1
2014,25.33922,93.13289,1
2014,25.34199,90.48094,1
2014,25.3478,93.01757,1
2014,25.35467,68.28357,3
2014,25.35824,90.66026,1
2014,25.38225,68.36994,1
2014,25.38419,97.40021,1
2014,25.38929,68.35734,10
2014,25.39673,90.47562,1
2014,25.40305,49.58979,1
2014,25.41038,90.57216,1
2014,25.41267,90.72628,1
2014,25.41398,89.84883,1
2014,25.4163,68.28672,2
2014,25.43062,90.48697,1
2014,25.44048,81.83848,1
2014,25.47899,94.13474,1
2014,25.49074,92.62684,1
2014,25.49503,90.61756,1
2014,25.5079,90.60389,1
2014,25.50872,90.61439,1
2014,25.51343,92.73706,1
2014,25.51488,90.20471,1
2014,25.51688,90.20288,1
2014,25.525,69.01583,1
2014,25.5292,90.42528,1
2014,25.53139,62.87528,1
2014,25.54122,90.03199,1
2014,25.5485,90.3266,1
2014,25.5485,90.32661,1
2014,25.56291,86.12855,1
2014,25.56348,89.89089,1
2014,25.56377,85.73949,1
2014,25.56482,90.24894,1
2014,25.56525,90.52672,1
2014,25.56598,90.52773,1
2014,25.56717,90.52578,1
2014,25.56794,90.22447,2
2014,25.58541,90.03566,1
2014,25.59357,85.94848,1
2014,25.59427,90.24926,1
2014,25.59454,90.25027,1
2014,25.64025,93.10198,1
2014,25.6498,90.26037,1
2014,25.65435,88.91567,1
2014,25.67921,85.35484,1
2014,25.75422,89.2508,1
2014,25.78355,84.75314,1
2014,25.7927,90.47408,1
2014,25.79926,62.54436,2
2014,25.79948,93.78353,1
2014,25.79977,93.78318,1
2014,25.8,93.78333,1
2014,25.80206,68.49193,1
2014,25.8078,90.19408,1
2014,25.81762,90.79264,1
2014,25.83196,62.69449,1
2014,25.83353,62.26478,1
2014,25.84652,93.42988,2
2014,25.86696,90.08161,1
2014,25.86849,90.55333,1
2014,25.8943,68.52472,1
2014,25.90164,90.77656,1
2014,25.91221,62.65195,3
2014,25.91572,90.64388,1
2014,25.91581,90.64416,1
2014,25.92281,68.62052,1
2014,25.92292,68.62134,1
2014,25.92485,90.89822,1
2014,25.93172,62.65377,1
2014,25.93449,14.45869,1
2014,25.94549,90.60098,1
2014,25.97458,63.02722,1
2014,25.9815,88.35733,1
2014,25.9951,62.95953,1
2014,25.99755,89.27743,1
2014,25.99941,63.04745,13
2014,26.00204,92.85187,1
2014,26.00228,63.04399,1
2014,26.00414,63.06056,2
2014,26.00415,63.06056,1
2014,26.00417,63.06056,1
2014,26.00418,63.06056,1
2014,26.00422,63.06048,1
2014,26.00532,63.0608,1
2014,26.00582,63.05869,2
2014,26.00862,63.89123,4
2014,26.02991,84.79613,1
2014,26.03522,90.30526,1
2014,26.03542,63.08006,1
2014,26.03778,63.37639,1
2014,26.09827,65.47574,1
2014,26.10075,62.37068,1
2014,26.10167,62.365,2
2014,26.10288,62.36894,8
2014,26.11201,62.03414,1
2014,26.11249,62.03459,1
2014,26.11389,50.48167,1
2014,26.11501,62.04134,1
2014,26.11563,62.03764,5
2014,26.1189,50.50221,3
2014,26.12089,85.36472,1
2014,26.12378,50.46959,1
2014,26.13382,50.56687,1
2014,26.13556,50.60017,1
2014,26.14182,64.44659,1
2014,26.14376,50.60405,2
2014,26.14448,91.64194,1
2014,26.14748,93.93175,1
2014,26.14787,50.49884,1
2014,26.14931,63.04046,1
2014,26.14979,91.76393,3
2014,26.15499,32.71643,1
2014,26.15506,32.71601,1
2014,26.15606,63.01476,2
2014,26.16908,50.61428,4
2014,26.17496,86.21722,1
2014,26.17714,78.44933,1
2014,26.18333,90.62634,1
2014,26.18379,93.59151,1
2014,26.18531,50.50348,1
2014,26.19179,50.48464,2
2014,26.20002,50.46327,2
2014,26.2006,92.93757,3
2014,26.21011,50.56401,1
2014,26.21038,50.46233,2
2014,26.21667,50.58333,1
2014,26.217,50.58742,3
2014,26.21879,50.53378,1
2014,26.21912,50.46448,5
2014,26.22264,50.51602,2
2014,26.2237,50.53663,7
2014,26.22568,85.42719,1
2014,26.22679,66.3111,1
2014,26.24196,68.39929,2
2014,26.25803,91.12739,1
2014,26.27826,32.05893,1
2014,26.28489,50.14404,1
2014,26.30028,91.4,1
2014,26.30103,68.1029,1
2014,26.3078,87.7787,1
2014,26.32204,94.51346,1
2014,26.32347,91.0018,1
2014,26.34674,92.69385,1
2014,26.34851,85.42844,1
2014,26.35038,92.67959,1
2014,26.35056,89.89333,1
2014,26.36083,89.90722,1
2014,26.36468,90.18345,1
2014,26.36684,84.33707,1
2014,26.37385,91.64389,1
2014,26.37425,65.61299,1
2014,26.38495,90.27641,1
2014,26.38669,90.70222,1
2014,26.40251,90.27095,1
2014,26.4061,90.27413,1
2014,26.43164,11.84947,1
2014,26.43241,90.27022,1
2014,26.43337,89.90254,1
2014,26.43706,89.97668,1
2014,26.45734,65.23111,2
2014,26.45839,65.2308,1
2014,26.47015,65.21878,2
2014,26.4789,90.55661,1
2014,26.47975,90.55992,1
2014,26.48726,91.73018,1
2014,26.49438,90.70103,2
2014,26.50296,94.22949,1
2014,26.50488,8.4781,1
2014,26.51996,93.96976,5
2014,26.52,93.97,1
2014,26.52432,8.49164,1
2014,26.53356,90.70256,1
2014,26.53866,90.69391,2
2014,26.54028,90.13312,1
2014,26.55521,92.20332,1
2014,26.56183,12.88087,5
2014,26.56819,90.2186,1
2014,26.58116,107.98119,1
2014,26.58367,49.9807,1
2014,26.58396,49.9847,1
2014,26.58735,49.98415,4
2014,26.60077,85.8435,1
2014,26.60527,93.63439,1
2014,26.61059,90.94295,1
2014,26.61381,90.95118,1
2014,26.61911,91.04186,1
2014,26.62414,93.791,1
2014,26.62696,63.35314,2
2014,26.63,92.8,2
2014,26.63358,63.33806,1
2014,26.64886,92.5458,1
2014,26.65,84.91667,1
2014,26.65153,94.32816,1
2014,26.65383,63.95536,1
2014,26.65486,90.98924,1
2014,26.65587,63.96802,1
2014,26.65795,87.56099,1
2014,26.65998,63.96752,1
2014,26.66053,91.35887,1
2014,26.66182,91.36345,1
2014,26.66667,64.25,1
2014,26.67349,92.85841,1
2014,26.67388,92.85771,6
2014,26.67754,93.93165,1
2014,26.6866,90.57544,1
2014,26.68667,90.57534,1
2014,26.69963,92.49965,1
2014,26.7,92.5,1
2014,26.70159,92.47784,1
2014,26.70234,64.27501,1
2014,26.70538,88.43123,1
2014,26.71597,64.17102,1
2014,26.73032,64.14782,6
2014,26.73335,64.11578,1
2014,26.73335,64.1405,1
2014,26.7358,64.14831,1
2014,26.74602,92.09594,1
2014,26.75604,14.02351,1
2014,26.75646,64.06456,1
2014,26.76779,86.26705,1
2014,26.77538,90.30398,1
2014,26.79289,92.29027,1
2014,26.79613,64.35694,1
2014,26.79893,84.62083,1
2014,26.80013,92.96717,1
2014,26.81858,92.68114,1
2014,26.8323,92.42647,1
2014,26.8463,68.12526,1
2014,26.84668,92.25576,1
2014,26.89722,68.40667,1
2014,26.90934,65.57202,1
2014,26.92476,84.62619,1
2014,26.9373,90.48799,1
2014,26.9424,64.04519,1
2014,26.9436,64.10234,1
2014,26.94905,68.44767,1
2014,26.95183,85.31768,1
2014,26.96269,95.44806,1
2014,26.96373,64.10019,1
2014,26.96628,64.10061,2
2014,26.96659,64.09974,1
2014,26.96667,64.1,6
2014,26.96674,64.1003,1
2014,26.96729,64.10448,1
2014,26.96776,64.12403,1
2014,26.97214,64.11457,17
2014,26.98045,66.12066,1
2014,26.98167,64.10167,2
2014,26.98199,93.88332,1
2014,26.98541,64.05509,3
2014,26.99772,64.11574,1
2014,26.99994,64.12083,1
2014,27.00207,94.22623,1
2014,27.02287,14.44122,13
2014,27.03003,68.48769,1
2014,27.03873,14.4262,1
2014,27.05356,64.81542,1
2014,27.05845,27.96992,1
2014,27.06969,65.55468,1
2014,27.09602,93.62562,1
2014,27.13303,81.96457,1
2014,27.13333,63.43333,1
2014,27.16767,63.425,1
2014,27.18211,95.11064,1
2014,27.19759,94.15116,1
2014,27.2025,60.68472,1
2014,27.2075,31.16673,2
2014,27.3268,66.39069,1
2014,27.33024,68.02006,1
2014,27.34054,66.37049,1
2014,27.34255,66.36792,7
2014,27.35217,68.52074,1
2014,27.36902,62.33125,1
2014,27.37043,62.335,1
2014,27.37079,62.33404,2
2014,27.39539,95.62174,1
2014,27.4023,66.39144,1
2014,27.41079,65.13435,2
2014,27.47697,14.36197,1
2014,27.49152,95.73081,1
2014,27.49235,95.34683,1
2014,27.49238,68.76061,1
2014,27.49477,67.95133,1
2014,27.4992,67.95758,1
2014,27.50822,66.42715,1
2014,27.51419,95.87767,1
2014,27.52776,60.64282,1
2014,27.52964,68.75825,1
2014,27.55498,109.99849,1
2014,27.58906,68.00286,1
2014,27.65516,83.00361,1
2014,27.68348,84.4333,1
2014,27.68662,66.19702,2
2014,27.70647,68.84822,1
2014,27.70815,68.84511,1
2014,27.70875,85.3295,1
2014,27.72436,64.80908,2
2014,27.76107,69.8175,1
2014,27.77701,67.77032,1
2014,27.79266,69.76444,1
2014,27.79613,66.60848,1
2014,27.79826,66.61393,1
2014,27.79965,66.61678,1
2014,27.79996,66.61666,1
2014,27.8,66.61667,3
2014,27.80039,66.61674,1
2014,27.80233,68.29016,1
2014,27.80992,66.62095,18
2014,27.8131,66.63555,3
2014,27.85639,60.18056,1
2014,27.88517,67.91924,1
2014,27.88738,65.43854,1
2014,27.89167,69.29111,1
2014,27.89286,65.80847,1
2014,27.90312,68.6648,1
2014,27.90454,68.66411,3
2014,27.9156,69.52157,1
2014,27.95452,62.82987,1
2014,28.00204,65.28571,2
2014,28.02176,67.90914,1
2014,28.0222,67.85013,1
2014,28.03129,33.78168,1
2014,28.0871,30.76184,5
2014,28.1009,68.93233,1
2014,28.15639,67.88472,2
2014,28.17654,68.04505,1
2014,28.19083,65.98194,1
2014,28.2,82.09,1
2014,28.2398,33.62292,1
2014,28.24517,69.1837,5
2014,28.24898,68.77708,3
2014,28.26058,63.58975,1
2014,28.26744,69.37742,1
2014,28.28199,68.4379,2
2014,28.29324,65.31019,2
2014,28.30111,70.12697,1
2014,28.30472,66.33333,1
2014,28.30633,65.59857,1
2014,28.31596,94.72405,1
2014,28.37974,68.35237,1
2014,28.38066,68.34314,3
2014,28.3898,68.19084,2
2014,28.39406,68.19102,1
2014,28.40696,77.84983,1
2014,28.41633,70.29975,1
2014,28.42039,70.30558,1
2014,28.42116,70.29887,4
2014,28.42232,70.30438,1
2014,28.42282,70.3032,1
2014,28.42448,69.91106,1
2014,28.43163,69.58111,1
2014,28.43177,69.58368,1
2014,28.43241,69.58207,1
2014,28.46575,67.29468,1
2014,28.46681,68.27408,1
2014,28.47543,77.5089,1
2014,28.49073,65.09578,1
2014,28.49125,66.26348,1
2014,28.51866,68.54268,11
2014,28.51879,68.54112,1
2014,28.51897,67.90467,1
2014,28.52889,68.24944,1
2014,28.54374,68.21844,15
2014,28.55,68.21667,1
2014,28.55118,68.21958,1
2014,28.55845,67.61854,1
2014,28.55896,67.62101,1
2014,28.57283,65.52904,1
2014,28.57793,68.05284,1
2014,28.58333,65.41667,1
2014,28.58678,68.04817,1
2014,28.5876,68.04775,1
2014,28.60816,66.31385,1
2014,28.6125,67.48528,1
2014,28.62015,69.02748,1
2014,28.62643,68.12925,2
2014,28.62655,68.06209,1
2014,28.63327,69.18442,1
2014,28.63331,69.19037,11
2014,28.63609,68.15536,1
2014,28.64502,68.41304,2
2014,28.67056,68.0988,1
2014,28.68646,69.95405,1
2014,28.68702,77.31772,1
2014,28.70226,77.10755,1
2014,28.72893,68.15285,1
2014,28.75009,68.07605,2
2014,28.75139,68.07722,1
2014,28.75168,68.07607,1
2014,28.77627,68.38284,1
2014,28.78378,70.39069,1
2014,28.85212,66.46362,1
2014,28.86641,68.33338,1
2014,28.86923,68.33442,2
2014,28.89374,64.40585,1
2014,28.91682,69.00744,1
2014,28.91932,69.0604,1
2014,28.92345,69.00165,1
2014,28.93773,68.19862,1
2014,28.94465,64.70609,1
2014,28.94724,61.58476,2
2014,28.95984,69.39012,2
2014,28.96142,70.3628,1
2014,28.9735,69.50541,1
2014,28.98915,68.01142,1
2014,29.01078,69.18387,1
2014,29.01674,68.94456,2
2014,29.02429,69.15121,1
2014,29.02586,66.5897,1
2014,29.02626,66.58908,1
2014,29.02654,66.59218,1
2014,29.02751,67.80678,1
2014,29.03062,69.16651,1
2014,29.03184,69.14599,1
2014,29.03245,69.15903,1
2014,29.0329,69.14473,1
2014,29.03291,69.15312,1
2014,29.03304,69.14947,1
2014,29.03305,69.15755,1
2014,29.03312,69.15002,1
2014,29.03324,69.14987,1
2014,29.03333,69.15,4
2014,29.03344,69.14995,1
2014,29.0338,69.14996,2
2014,29.03414,69.15127,1
2014,29.03441,69.15866,10
2014,29.03452,69.15504,2
2014,29.03494,69.16304,2
2014,29.03725,21.52082,1
2014,29.04351,69.15255,1
2014,29.04785,66.59332,5
2014,29.04824,66.56888,1
2014,29.07605,31.09477,1
2014,29.08009,31.09818,2
2014,29.08277,68.09545,1
2014,29.08639,68.85389,1
2014,29.10854,69.15354,1
2014,29.14387,69.09979,23
2014,29.15158,21.29232,1
2014,29.16429,67.84968,1
2014,29.22748,67.66722,1
2014,29.2293,67.66622,1
2014,29.2301,77.07084,1
2014,29.23847,71.06813,1
2014,29.23908,71.06461,1
2014,29.25738,67.80784,1
2014,29.26136,67.65753,1
2014,29.27771,68.9071,1
2014,29.28443,31.14813,1
2014,29.2926,77.94545,1
2014,29.29352,70.45244,1
2014,29.29439,70.44897,1
2014,29.30839,30.84284,1
2014,29.31018,34.15319,1
2014,29.31171,30.83881,2
2014,29.3341,31.20495,2
2014,29.34774,66.64077,2
2014,29.38929,33.83376,1
2014,29.39092,65.93577,2
2014,29.40874,67.18945,2
2014,29.41362,30.86575,1
2014,29.45946,67.82609,1
2014,29.48119,67.64383,1
2014,29.48358,60.8627,1
2014,29.49206,34.89523,1
2014,29.50957,65.79185,1
2014,29.52836,68.13498,1
2014,29.53955,67.87591,1
2014,29.54828,67.87919,8
2014,29.55231,66.02051,5
2014,29.55327,66.02406,1
2014,29.55434,66.02079,1
2014,29.55455,34.94753,5
2014,29.60213,67.05754,1
2014,29.67386,68.7155,9
2014,29.68823,68.78752,1
2014,29.70004,67.37588,1
2014,29.73259,31.30304,1
2014,29.74418,67.78384,1
2014,29.77415,67.77972,1
2014,29.79884,66.85285,1
2014,29.79889,67.09472,1
2014,29.8,66.85,2
2014,29.80148,66.84993,1
2014,29.80396,66.85099,7
2014,29.82925,31.25372,1
2014,29.85408,31.31768,6
2014,29.85428,77.88803,1
2014,29.85538,67.33993,4
2014,29.89609,69.25024,3
2014,29.89637,69.52947,1
2014,29.89724,69.52761,1
2014,29.89948,69.25078,1
2014,29.90257,30.63452,2
2014,29.90315,66.75189,1
2014,29.91667,67.1,2
2014,29.92702,69.77699,1
2014,29.93384,69.76444,1
2014,29.96449,32.52855,1
2014,29.96924,32.55602,1
2014,29.974,31.15628,1
2014,29.97616,48.47197,1
2014,29.99791,30.96303,15
2014,30.01278,68.64222,1
2014,30.02292,31.18519,28
2014,30.03055,31.11074,1
2014,30.03127,67.90411,1
2014,30.03244,70.64012,1
2014,30.03806,47.92579,1
2014,30.04005,70.64577,1
2014,30.04317,69.92411,1
2014,30.04328,69.92358,1
2014,30.04354,69.92382,1
2014,30.04455,31.23573,1
2014,30.04707,31.1305,1
2014,30.05942,69.80008,1
2014,30.06324,30.06324,1
2014,30.07037,71.1934,1
2014,30.07471,69.35556,1
2014,30.08452,66.98344,4
2014,30.08463,31.33431,48
2014,30.08682,31.94763,1
2014,30.09436,65.28571,1
2014,30.09826,66.94448,1
2014,30.0999,67.94355,1
2014,30.11212,71.39574,1
2014,30.11678,47.71924,1
2014,30.1195,65.18168,1
2014,30.12,67.01,1
2014,30.13452,62.26266,2
2014,30.13578,31.26964,4
2014,30.1368,63.7421,1
2014,30.13976,31.20667,1
2014,30.15294,31.31942,1
2014,30.15547,72.68143,1
2014,30.15566,68.57595,1
2014,30.16364,71.40204,1
2014,30.16476,66.46977,1
2014,30.16794,71.43333,1
2014,30.18297,66.99873,1
2014,30.18328,71.40585,1
2014,30.19254,71.39982,1
2014,30.19535,67.71322,1
2014,30.19659,63.96546,1
2014,30.20082,66.99435,94
2014,30.20632,35.72337,2
2014,30.22516,71.46407,1
2014,30.24382,66.04635,3
2014,30.24891,31.35452,1
2014,30.2715,68.32032,1
2014,30.28341,67.01603,1
2014,30.30021,71.93455,1
2014,30.30051,-97.75222,3
2014,30.3067,31.73076,3
2014,30.35493,66.94431,7
2014,30.36112,33.69486,1
2014,30.36661,68.60015,1
2014,30.37097,68.59932,2
2014,30.37414,47.26277,1
2014,30.37866,68.57865,1
2014,30.37992,67.72618,1
2014,30.38875,68.57648,1
2014,30.39775,68.89917,1
2014,30.41696,31.5633,1
2014,30.43159,67.01773,3
2014,30.44839,47.983,1
2014,30.44967,35.05359,1
2014,30.46598,30.93065,1
2014,30.46624,70.96677,1
2014,30.46632,33.64803,1
2014,30.47062,33.61363,5
2014,30.48319,67.2133,1
2014,30.49161,47.83192,1
2014,30.51005,47.77809,10
2014,30.51048,31.34551,1
2014,30.51284,31.34714,1
2014,30.54537,33.61128,1
2014,30.5502,63.78606,2
2014,30.55064,63.78141,1
2014,30.55503,33.77642,1
2014,30.56558,31.01308,1
2014,30.57654,31.50407,1
2014,30.57786,67.02863,1
2014,30.58333,66.99651,3
2014,30.58729,31.50302,1
2014,30.58848,33.58415,1
2014,30.58916,31.50393,2
2014,30.59471,32.30244,1
2014,30.59614,32.27143,1
2014,30.59649,32.27146,2
2014,30.60009,33.62597,1
2014,30.60847,33.61758,10
2014,30.62026,64.42852,1
2014,30.62207,67.35129,1
2014,30.62721,18.3382,6
2014,30.6582,73.162,1
2014,30.69292,33.82488,1
2014,30.69871,68.34944,1
2014,30.72278,76.7978,1
2014,30.72554,31.66991,1
2014,30.72715,31.66863,1
2014,30.72917,66.66083,1
2014,30.73003,31.71732,2
2014,30.7308,31.74224,1
2014,30.73266,31.71955,6
2014,30.74371,64.60394,1
2014,30.74731,31.13055,1
2014,30.75711,18.1958,2
2014,30.75713,20.23754,16
2014,30.7623,29.69627,1
2014,30.76232,20.233,1
2014,30.76596,30.59391,1
2014,30.77646,73.6985,1
2014,30.78768,30.99953,7
2014,30.7922,34.4724,1
2014,30.81091,63.76954,1
2014,30.81912,30.82336,1
2014,30.82468,34.92162,1
2014,30.82473,30.81896,1
2014,30.82956,35.03882,8
2014,30.86042,69.82206,1
2014,30.87536,31.03351,2
2014,30.88622,34.07608,1
2014,30.88749,34.36432,1
2014,30.89389,61.68028,1
2014,30.90883,30.29115,1
2014,30.91154,64.15059,1
2014,30.92211,66.45153,19
2014,30.92269,66.44609,1
2014,30.95993,61.86895,2
2014,30.96017,65.49916,3
2014,30.96498,66.43333,1
2014,30.96878,31.17067,6
2014,30.97418,66.43703,1
2014,30.9789,41.018,1
2014,30.99365,66.39705,1
2014,30.99607,65.47574,1
2014,31.00274,66.40561,2
2014,31.00403,66.39159,1
2014,31.00768,66.39832,1
2014,31.00788,66.39758,1
2014,31.00806,66.39806,1
2014,31.00818,66.39828,1
2014,31.01508,47.42962,1
2014,31.02708,28.43569,1
2014,31.02902,28.44638,1
2014,31.03425,62.46735,1
2014,31.03804,31.38212,1
2014,31.04264,30.47279,1
2014,31.04437,46.26145,2
2014,31.0696,33.53273,1
2014,31.0705,35.03053,2
2014,31.07809,33.83447,1
2014,31.07833,34.13167,1
2014,31.08287,34.14627,3
2014,31.0832,31.49132,1
2014,31.09833,34.74931,1
2014,31.11028,33.93225,1
2014,31.11196,30.94217,1
2014,31.11411,33.907,1
2014,31.1258,75.4733,1
2014,31.12665,33.80086,49
2014,31.12789,34.16325,1
2014,31.13095,65.2668,2
2014,31.13251,64.2129,1
2014,31.14626,33.85188,1
2014,31.14861,34.24139,1
2014,31.1566,34.1643,1
2014,31.17283,34.22235,1
2014,31.17307,34.21994,1
2014,31.17813,66.60616,1
2014,31.18051,29.89499,3
2014,31.19365,16.55388,20
2014,31.19931,34.83994,1
2014,31.20232,34.46418,1
2014,31.20266,34.46658,1
2014,31.20429,34.4659,1
2014,31.20495,34.46551,1
2014,31.20579,34.46373,1
2014,31.20583,34.46232,1
2014,31.20624,34.46434,3
2014,31.20652,34.46519,1
2014,31.20666,34.46471,1
2014,31.20681,34.46418,9
2014,31.20772,34.46533,1
2014,31.20798,34.46445,1
2014,31.21164,34.11042,2
2014,31.21222,34.11706,34
2014,31.21477,34.47893,3
2014,31.21548,16.28527,1
2014,31.21827,34.48279,4
2014,31.21889,34.18389,1
2014,31.22067,65.74979,1
2014,31.22508,34.27123,1
2014,31.2297,35.09281,1
2014,31.22992,62.40743,1
2014,31.23216,16.21076,1
2014,31.23526,34.28058,1
2014,31.24039,66.60792,1
2014,31.24108,32.24096,1
2014,31.24628,62.33619,1
2014,31.24848,34.78786,19
2014,31.2502,34.24128,19
2014,31.25712,65.6208,1
2014,31.2577,68.97976,1
2014,31.26621,32.30486,1
2014,31.27879,34.25644,1
2014,31.28027,34.24019,1
2014,31.29151,34.2638,1
2014,31.29668,34.24363,1
2014,31.29775,34.29272,1
2014,31.30354,30.0603,1
2014,31.30374,34.28535,1
2014,31.30736,-89.31695,1
2014,31.30776,34.49035,1
2014,31.31093,34.40206,2
2014,31.31207,34.62179,4
2014,31.3185,65.9534,1
2014,31.31942,34.27736,1
2014,31.32609,34.29607,1
2014,31.3262,63.97118,2
2014,31.32733,34.36495,1
2014,31.32804,72.35503,1
2014,31.33704,63.96999,1
2014,31.33785,69.32918,1
2014,31.33837,34.65192,2
2014,31.34312,69.45286,3
2014,31.34594,34.36111,1
2014,31.34696,34.30143,4
2014,31.34755,34.49104,6
2014,31.35275,75.58428,1
2014,31.35359,34.32354,1
2014,31.35364,63.93957,1
2014,31.35638,34.32861,2
2014,31.36247,-110.93367,1
2014,31.36365,63.95861,11
2014,31.36388,63.95861,2
2014,31.36568,63.96104,1
2014,31.3749,34.39802,2
2014,31.38532,34.45934,1
2014,31.39104,64.31779,1
2014,31.39355,65.83595,1
2014,31.39389,65.83667,1
2014,31.40091,34.35377,2
2014,31.41072,73.10841,1
2014,31.41251,34.35202,12
2014,31.41405,34.54195,1
2014,31.41419,34.54182,2
2014,31.41445,34.54176,2
2014,31.4163,34.54327,1
2014,31.41732,34.54466,1
2014,31.41754,31.81444,1
2014,31.41765,31.81431,1
2014,31.41897,34.34882,2
2014,31.41898,34.60734,8
2014,31.4198,64.21513,1
2014,31.42029,34.36396,1
2014,31.42521,34.59433,1
2014,31.42563,34.57906,10
2014,31.4315,34.37374,1
2014,31.43374,34.38824,1
2014,31.43522,34.43649,1
2014,31.4427,65.31637,1
2014,31.4446,35.09107,1
2014,31.45654,65.98397,1
2014,31.4616,66.52265,1
2014,31.46165,34.41317,1
2014,31.46746,64.09244,13
2014,31.47268,34.49768,1
2014,31.47724,64.28984,1
2014,31.4778,64.10961,1
2014,31.4983,65.00116,1
2014,31.49971,65.00085,2
2014,31.50241,34.45974,10
2014,31.50322,34.63267,1
2014,31.50547,74.34288,10
2014,31.50719,34.6341,1
2014,31.50773,34.63034,2
2014,31.51639,65.17167,1
2014,31.51654,65.40006,1
2014,31.51675,64.11309,1
2014,31.51716,64.11423,1
2014,31.51777,64.11423,3
2014,31.51839,64.1164,1
2014,31.51937,34.59903,1
2014,31.51956,65.52929,1
2014,31.52225,34.59731,2
2014,31.52643,45.20486,1
2014,31.5282,34.59638,20
2014,31.5296,64.23222,1
2014,31.53024,35.09416,2
2014,31.53311,65.18626,1
2014,31.53619,34.53957,2
2014,31.53783,34.48953,1
2014,31.53808,65.05506,1
2014,31.54227,65.36928,2
2014,31.54407,65.45962,1
2014,31.54412,65.01516,1
2014,31.54448,65.48457,1
2014,31.54567,65.46222,1
2014,31.55302,34.50635,2
2014,31.55338,64.04744,1
2014,31.5559,70.76251,1
2014,31.55812,64.11722,2
2014,31.56725,65.72559,1
2014,31.57154,66.5041,1
2014,31.57818,65.41165,1
2014,31.5802,67.02463,1
2014,31.58208,35.14642,1
2014,31.58306,64.36917,2
2014,31.58742,64.37336,1
2014,31.59017,74.57589,2
2014,31.60063,64.36965,27
2014,31.60067,65.02599,1
2014,31.60152,65.55182,1
2014,31.60278,72.46083,1
2014,31.60318,65.63576,1
2014,31.60557,34.77177,4
2014,31.60694,64.41327,1
2014,31.60821,34.52584,1
2014,31.60884,65.05229,1
2014,31.61215,65.70002,1
2014,31.61246,65.67952,1
2014,31.61266,65.70206,1
2014,31.61355,64.42118,1
2014,31.61781,65.09828,1
2014,31.61932,65.05016,1
2014,31.6194,65.05408,3
2014,31.62121,34.62036,1
2014,31.62144,34.61927,3
2014,31.62187,65.03788,1
2014,31.62304,65.05417,1
2014,31.62304,65.05425,8
2014,31.625,64.50528,1
2014,31.6267,35.10497,2
2014,31.62673,65.54261,1
2014,31.63008,65.06193,1
2014,31.63093,64.2587,1
2014,31.63108,65.74223,29
2014,31.63627,64.24324,1
2014,31.63996,64.24022,1
2014,31.64,64.24,1
2014,31.64001,64.24,1
2014,31.64012,64.24027,1
2014,31.64028,65.3975,3
2014,31.6404,64.23935,1
2014,31.64329,64.2401,1
2014,31.65192,64.20954,2
2014,31.65253,67.18555,1
2014,31.65344,35.12564,4
2014,31.65776,64.21472,1
2014,31.66267,63.01476,1
2014,31.66472,64.27722,1
2014,31.66892,70.82554,1
2014,31.67015,34.57515,34
2014,31.67546,34.59531,1
2014,31.67822,64.89982,1
2014,31.6883,64.41676,1
2014,31.69518,35.11448,3
2014,31.70163,70.57222,1
2014,31.70191,35.22699,1
2014,31.70456,35.19446,2
2014,31.71709,64.45414,1
2014,31.71754,71.33287,1
2014,31.7197,72.97821,1
2014,31.72,72.9789,1
2014,31.72241,35.16999,1
2014,31.72556,67.39,1
2014,31.73046,70.33672,2
2014,31.73212,34.74565,5
2014,31.73713,34.72557,3
2014,31.75265,34.71261,1
2014,31.75426,14.00796,2
2014,31.76147,64.62143,1
2014,31.76471,64.62255,1
2014,31.7716,35.2034,12
2014,31.77347,35.29891,3
2014,31.78314,34.6731,1
2014,31.7848,65.75523,1
2014,31.78484,35.22461,16
2014,31.78864,34.70676,3
2014,31.80262,66.32472,4
2014,31.80333,66.32361,3
2014,31.80428,66.32777,2
2014,31.81577,70.91428,1
2014,31.81611,70.91666,1
2014,31.81664,64.54989,1
2014,31.81666,64.54999,1
2014,31.81666,70.91665,1
2014,31.81667,64.55,2
2014,31.81667,70.91667,2
2014,31.8167,64.54975,1
2014,31.817,66.32669,1
2014,31.81701,70.91656,1
2014,31.81768,64.55125,1
2014,31.82083,64.57,1
2014,31.82144,34.66517,20
2014,31.8236,64.56409,1
2014,31.82587,64.57643,11
2014,31.8267,64.56407,1
2014,31.82946,35.20611,1
2014,31.82972,70.59778,1
2014,31.83433,70.90905,9
2014,31.83636,70.88611,1
2014,31.83637,70.88607,1
2014,31.8395,70.42688,1
2014,31.8489,70.866,1
2014,31.85102,64.51132,1
2014,31.85356,64.71236,1
2014,31.85897,20.19752,1
2014,31.85931,35.13119,1
2014,31.85958,64.201,1
2014,31.86624,64.53862,1
2014,31.8699,64.72704,1
2014,31.87792,34.73941,1
2014,31.88219,70.57552,1
2014,31.88857,64.75442,2
2014,31.88858,67.81619,1
2014,31.88939,34.8099,2
2014,31.88989,64.75094,1
2014,31.90034,35.22467,1
2014,31.92739,12.25163,1
2014,31.9285,70.45914,1
2014,31.92859,70.45915,1
2014,31.93272,70.46088,3
2014,31.9352,34.9079,1
2014,31.93927,34.92229,2
2014,31.94929,35.21284,1
2014,31.95161,35.21252,1
2014,31.96396,20.09223,1
2014,31.97054,34.79172,1
2014,31.97264,67.37566,3
2014,31.97917,67.05111,1
2014,31.9793,35.26195,1
2014,31.9796,67.05043,1
2014,31.98306,64.82806,1
2014,31.98611,65.4725,1
2014,31.98958,44.92377,11
2014,31.9902,44.9246,1
2014,31.99232,12.33185,1
2014,31.99837,35.17733,1
2014,32.01352,35.30239,1
2014,32.01829,65.91668,1
2014,32.01875,65.91326,1
2014,32.02501,44.31634,4
2014,32.03254,65.13536,1
2014,32.03333,65.13389,1
2014,32.0334,65.1339,1
2014,32.04298,42.25426,1
2014,32.04836,70.57344,1
2014,32.05161,69.65759,1
2014,32.06123,64.96891,1
2014,32.06134,64.85124,1
2014,32.06399,12.69149,2
2014,32.06417,64.82806,1
2014,32.06573,44.77261,1
2014,32.06929,20.15114,343
2014,32.07124,64.83788,1
2014,32.07138,20.34161,1
2014,32.07178,64.83825,1
2014,32.07258,73.68456,2
2014,32.07268,64.7905,1
2014,32.07282,34.8513,1
2014,32.07311,64.83415,1
2014,32.07318,64.8336,2
2014,32.07324,23.94485,7
2014,32.07326,64.83328,3
2014,32.07328,64.83336,1
2014,32.0733,64.83372,1
2014,32.07331,64.83387,2
2014,32.07333,64.83389,5
2014,32.07408,66.14153,3
2014,32.07409,66.14153,1
2014,32.07414,64.84332,1
2014,32.07446,45.05455,1
2014,32.0777,70.19023,2
2014,32.08117,72.67328,1
2014,32.08297,34.81189,19
2014,32.08374,64.80824,1
2014,32.08374,72.67107,1
2014,32.08374,72.67186,1
2014,32.08382,72.672,1
2014,32.08758,65.28908,1
2014,32.08831,70.20053,3
2014,32.0886,64.85348,1
2014,32.08916,34.88382,6
2014,32.09056,66.79861,1
2014,32.09259,34.84881,1
2014,32.09495,20.26887,8
2014,32.0962,64.88087,1
2014,32.09775,20.10867,1
2014,32.10021,66.90102,16
2014,32.10444,68.80417,1
2014,32.1047,70.97029,1
2014,32.10552,35.17576,1
2014,32.10611,66.90694,1
2014,32.10805,35.00706,1
2014,32.11151,70.15858,1
2014,32.11179,35.24039,1
2014,32.11194,61.38917,1
2014,32.11355,66.56969,1
2014,32.11427,34.97696,1
2014,32.11453,64.97904,1
2014,32.11556,65.21889,1
2014,32.11604,65.6095,1
2014,32.11609,12.40582,1
2014,32.11982,35.2498,2
2014,32.12108,64.95949,1
2014,32.12541,35.34648,2
2014,32.12611,64.80287,1
2014,32.13076,35.14014,1
2014,32.1419,61.22258,1
2014,32.14401,37.57276,1
2014,32.14631,35.24424,1
2014,32.15,67.53333,1
2014,32.15411,63.4278,1
2014,32.15452,35.25855,3
2014,32.15532,74.18244,1
2014,32.15659,63.4107,2
2014,32.16059,22.28369,1
2014,32.16476,35.06961,1
2014,32.165,63.4253,2
2014,32.16597,13.01642,1
2014,32.17183,35.30944,1
2014,32.17475,66.99742,1
2014,32.18038,63.06841,1
2014,32.18315,67.54287,1
2014,32.18511,35.01596,1
2014,32.18779,34.97438,1
2014,32.18833,73.02861,1
2014,32.19005,20.59634,1
2014,32.19188,67.18945,3
2014,32.19286,70.3569,1
2014,32.20411,35.10428,1
2014,32.20599,62.84501,1
2014,32.20864,70.38882,1
2014,32.20944,70.38354,1
2014,32.20958,70.388,1
2014,32.21014,70.38711,1
2014,32.21054,35.3321,1
2014,32.21174,35.15815,1
2014,32.21318,35.17069,1
2014,32.2143,70.37773,1
2014,32.21694,67.56778,1
2014,32.22227,35.25351,7
2014,32.23054,44.38157,1
2014,32.23401,35.33392,2
2014,32.23646,65.90992,1
2014,32.24169,62.94781,1
2014,32.24618,70.3564,1
2014,32.25226,63.85302,1
2014,32.25484,63.84712,1
2014,32.25493,70.42228,1
2014,32.26275,70.39468,1
2014,32.26351,35.18443,1
2014,32.26454,68.52472,3
2014,32.27005,65.05084,1
2014,32.27044,65.04932,1
2014,32.27088,65.05642,1
2014,32.27149,64.8069,1
2014,32.27219,61.86994,1
2014,32.28137,69.58022,1
2014,32.28531,72.27783,1
2014,32.29472,44.63972,1
2014,32.30451,64.98775,1
2014,32.30528,35.00494,1
2014,32.3061,69.57996,4
2014,32.31145,65.07917,2
2014,32.31156,35.03026,1
2014,32.31383,70.4812,1
2014,32.31745,35.34863,1
2014,32.32024,69.85974,4
2014,32.32222,74.38975,1
2014,32.32356,34.92861,1
2014,32.32466,35.22086,1
2014,32.3349,44.25429,1
2014,32.34121,68.70211,1
2014,32.34169,70.52649,1
2014,32.34722,20.30889,1
2014,32.34971,67.37425,1
2014,32.35016,64.77028,1
2014,32.3517,64.79069,2
2014,32.35332,64.787,1
2014,32.35441,67.25768,1
2014,32.35492,15.10552,1
2014,32.35821,64.52096,1
2014,32.36064,44.64515,1
2014,32.36196,64.78363,1
2014,32.36598,44.66556,1
2014,32.37001,62.12846,4
2014,32.37661,62.12138,1
2014,32.37676,62.12134,2
2014,32.38211,44.62074,1
2014,32.39156,64.47717,1
2014,32.39157,64.4741,2
2014,32.39376,72.25305,1
2014,32.3949,64.4831,1
2014,32.39738,64.47316,1
2014,32.40002,64.43189,1
2014,32.40023,67.47933,1
2014,32.40188,64.4852,1
2014,32.40306,64.46944,1
2014,32.40306,75.51465,1
2014,32.40357,64.47103,2
2014,32.40976,65.82878,1
2014,32.41391,64.49751,1
2014,32.41932,45.65199,2
2014,32.42202,20.4511,1
2014,32.42289,35.03576,1
2014,32.43083,47.17139,1
2014,32.43138,13.63833,1
2014,32.43483,69.00165,2
2014,32.44194,62.0625,1
2014,32.45,62.06667,2
2014,32.45362,62.07738,1
2014,32.45477,62.38314,2
2014,32.45602,75.27277,1
2014,32.46062,35.30125,2
2014,32.46086,44.67982,1
2014,32.4684,14.56723,1
2014,32.46924,44.41664,18
2014,32.47001,62.09998,1
2014,32.47406,62.05532,1
2014,32.47529,62.20212,1
2014,32.47552,62.53883,1
2014,32.47556,69.63606,1
2014,32.48084,62.03393,1
2014,32.48092,62.02824,3
2014,32.48492,62.04488,1
2014,32.48667,20.83389,1
2014,32.48722,69.19833,1
2014,32.48917,62.065,1
2014,32.48947,74.54096,1
2014,32.49139,62.25611,3
2014,32.49235,74.53186,1
2014,32.49514,62.0576,1
2014,32.49973,70.36945,1
2014,32.50307,67.41589,1
2014,32.5032,67.41589,3
2014,32.50368,67.47549,1
2014,32.50388,67.40836,2
2014,32.50798,35.31425,1
2014,32.51826,62.31752,1
2014,32.51922,74.79953,1
2014,32.51985,69.7897,1
2014,32.52021,35.15196,1
2014,32.52172,11.91686,1
2014,32.52335,69.4295,1
2014,32.52475,66.74917,1
2014,32.52528,67.2675,1
2014,32.52995,13.02537,1
2014,32.53329,45.82945,2
2014,32.53814,69.25156,1
2014,32.54445,12.69169,1
2014,32.54704,65.99949,1
2014,32.55476,67.04007,1
2014,32.55976,41.91965,9
2014,32.56699,69.83171,2
2014,32.56868,68.6947,1
2014,32.57123,34.95138,1
2014,32.57157,61.82241,1
2014,32.57972,62.75472,1
2014,32.5804,68.73933,1
2014,32.58402,22.76812,1
2014,32.58525,62.1009,1
2014,32.58551,71.54374,1
2014,32.5886,70.06252,1
2014,32.5927,69.46564,1
2014,32.6002,62.08351,1
2014,32.60043,74.80835,1
2014,32.60178,74.80941,1
2014,32.60439,44.00714,21
2014,32.60598,74.73078,1
2014,32.60738,69.83117,1
2014,32.61797,65.87237,16
2014,32.61993,63.6721,1
2014,32.62233,36.10376,1
2014,32.62283,12.36928,1
2014,32.62333,69.5058,1
2014,32.62374,65.45643,4
2014,32.62492,65.45571,2
2014,32.62515,62.47977,2
2014,32.62535,65.65617,1
2014,32.62645,65.87301,1
2014,32.62649,65.45077,1
2014,32.6277,44.04137,1
2014,32.62892,62.47395,1
2014,32.62929,65.46785,1
2014,32.62944,62.48944,1
2014,32.63179,65.46119,1
2014,32.6408,13.26635,1
2014,32.64225,65.93942,1
2014,32.64365,65.45425,1
2014,32.64379,65.45368,1
2014,32.64504,65.47767,1
2014,32.64593,44.61705,2
2014,32.64915,44.40874,1
2014,32.65123,67.62094,1
2014,32.65475,44.40899,3
2014,32.65958,62.11441,1
2014,32.66258,13.18531,3
2014,32.66667,44.58333,1
2014,32.66667,66.0,1
2014,32.66861,67.68333,1
2014,32.67437,36.05689,1
2014,32.67485,67.7167,1
2014,32.67573,67.71474,1
2014,32.67596,67.71882,1
2014,32.67726,61.98156,3
2014,32.67795,44.64763,1
2014,32.68605,41.08133,1
2014,32.68642,68.23828,1
2014,32.68917,69.83417,1
2014,32.69002,44.02182,1
2014,32.69018,62.73528,3
2014,32.69256,44.48047,1
2014,32.69371,62.71936,1
2014,32.69888,35.30407,1
2014,32.70474,67.69594,1
2014,32.70487,62.7372,1
2014,32.70488,62.7372,2
2014,32.70774,36.56482,2
2014,32.70976,36.56764,1
2014,32.71025,62.73839,1
2014,32.71107,36.02684,1
2014,32.71182,13.06943,1
2014,32.72444,44.44028,1
2014,32.72556,69.77389,1
2014,32.72802,62.76464,1
2014,32.72922,67.63598,1
2014,32.74,67.62509,1
2014,32.74028,22.64482,1
2014,32.74079,67.6245,1
2014,32.74338,13.1572,1
2014,32.74342,62.7303,1
2014,32.74343,39.01129,1
2014,32.74536,74.91846,1
2014,32.74779,44.61157,2
2014,32.7487,44.61486,1
2014,32.74899,67.71263,1
2014,32.75194,12.72784,1
2014,32.75196,22.38566,1
2014,32.75553,12.91993,1
2014,32.75574,12.72305,6
2014,32.76074,21.75721,11
2014,32.76554,22.62112,49
2014,32.76667,22.25,2
2014,32.76716,62.64998,1
2014,32.7691,74.801,1
2014,32.77167,62.75306,1
2014,32.77734,44.28935,9
2014,32.77917,66.49176,2
2014,32.78179,66.54609,1
2014,32.78751,44.28813,2
2014,32.78834,21.96728,6
2014,32.79156,12.48903,1
2014,32.79405,34.98957,1
2014,32.79568,12.88811,1
2014,32.80058,70.49556,3
2014,32.80294,13.28329,2
2014,32.80362,44.24083,1
2014,32.80429,21.86821,3
2014,32.80611,67.46389,1
2014,32.80612,67.77352,2
2014,32.80763,35.17158,1
2014,32.80828,44.4179,1
2014,32.80855,44.24488,1
2014,32.82,67.76917,1
2014,32.82224,13.01141,1
2014,32.82305,70.78375,2
2014,32.82361,70.0825,1
2014,32.82446,70.0819,1
2014,32.82778,21.86222,3
2014,32.82972,67.53056,1
2014,32.83414,36.15674,1
2014,32.83805,13.18259,170
2014,32.84036,44.23368,4
2014,32.8407,67.79922,1
2014,32.84172,70.92268,1
2014,32.84641,66.04986,1
2014,32.84748,66.05065,1
2014,32.85333,68.44972,1
2014,32.85707,13.33851,1
2014,32.8587,67.87075,1
2014,32.8657,44.21235,15
2014,32.86701,44.22045,22
2014,32.86729,44.21581,1
2014,32.87051,44.29695,1
2014,32.8713,66.37295,1
2014,32.87361,44.19361,1
2014,32.87621,67.78434,1
2014,32.87642,36.50617,1
2014,32.88018,44.38696,4
2014,32.88345,35.30782,1
2014,32.885,44.38917,1
2014,32.88706,70.11079,1
2014,32.88716,44.34164,12
2014,32.88853,44.34812,1
2014,32.88958,44.34734,1
2014,32.88968,44.34724,1
2014,32.89684,21.96568,1
2014,32.89942,74.74246,1
2014,32.90109,69.7494,5
2014,32.90218,44.15269,1
2014,32.90333,67.64972,1
2014,32.90382,70.53579,2
2014,32.90477,44.17796,3
2014,32.90487,70.72863,1
2014,32.90671,44.16847,1
2014,32.90941,45.06359,1
2014,32.91077,44.15154,1
2014,32.91118,44.15066,1
2014,32.91162,44.15058,1
2014,32.91293,66.13987,1
2014,32.91645,73.02799,1
2014,32.91672,66.83317,1
2014,32.91857,66.83376,1
2014,32.92,65.52631,1
2014,32.92016,65.55493,1
2014,32.92083,65.47389,1
2014,32.92084,70.62304,1
2014,32.92146,36.23691,1
2014,32.92179,65.549,1
2014,32.9225,65.62306,2
2014,32.9234,66.14001,1
2014,32.92567,44.77553,1
2014,32.92568,12.08631,1
2014,32.92713,66.14153,8
2014,32.92749,65.62798,1
2014,32.92985,66.6891,3
2014,32.92994,44.77956,1
2014,32.93022,66.22548,1
2014,32.93048,70.13441,1
2014,32.93241,44.17589,1
2014,32.93333,73.73333,1
2014,32.93717,68.64725,1
2014,32.93722,68.64611,1
2014,32.94134,69.17551,1
2014,32.9422,70.24692,1
2014,32.9433,69.18158,1
2014,32.94513,69.17421,1
2014,32.94526,69.17473,1
2014,32.94752,70.32454,1
2014,32.95108,65.53923,5
2014,32.95302,69.89346,3
2014,32.95318,65.63096,1
2014,32.9538,70.2672,1
2014,32.95528,70.64806,1
2014,32.95722,70.56992,1
2014,32.95779,70.6073,1
2014,32.96124,44.33909,1
2014,32.9624,36.07649,1
2014,32.96266,65.59727,1
2014,32.96475,70.08976,1
2014,32.96851,68.80975,1
2014,32.9698,65.67075,1
2014,32.97002,70.27758,2
2014,32.97222,70.65189,1
2014,32.97405,70.19741,1
2014,32.97464,70.14558,1
2014,32.97477,70.236,1
2014,32.9751,69.69926,1
2014,32.97543,70.27374,4
2014,32.97596,65.54885,1
2014,32.97621,35.33579,1
2014,32.98167,35.75083,1
2014,32.98229,70.60142,1
2014,32.98293,44.3616,13
2014,32.98333,67.96667,3
2014,32.98466,44.35663,1
2014,32.98466,65.49659,1
2014,32.98483,44.35696,2
2014,32.98499,44.35676,2
2014,32.98596,70.60427,2
2014,32.986,70.60417,1
2014,32.98611,70.60417,3
2014,32.98735,70.60253,18
2014,32.9879,70.05697,1
2014,32.98792,70.60841,1
2014,32.99079,44.83957,1
2014,32.99092,44.83621,1
2014,32.99178,44.83758,1
2014,32.99329,70.05363,1
2014,32.99356,70.05273,1
2014,32.99873,70.6135,1
2014,32.99983,70.06503,1
2014,33.0013,70.65253,1
2014,33.00583,44.36735,1
2014,33.00651,70.06825,10
2014,33.0075,67.99444,1
2014,33.00794,65.44898,1
2014,33.01161,73.48155,1
2014,33.01525,35.78418,1
2014,33.01558,35.78418,1
2014,33.01558,35.78435,1
2014,33.01596,44.17505,1
2014,33.034,35.75009,1
2014,33.03602,40.28816,3
2014,33.03769,66.70422,2
2014,33.03803,40.28461,1
2014,33.0409,66.70465,1
2014,33.0432,44.64195,1
2014,33.04742,44.35801,1
2014,33.05053,35.40852,1
2014,33.05292,35.89536,1
2014,33.05545,43.71425,1
2014,33.05748,44.41039,1
2014,33.05799,44.35484,27
2014,33.06056,69.03417,1
2014,33.06156,44.35417,1
2014,33.06163,44.35386,1
2014,33.06167,44.35417,5
2014,33.0617,44.35386,2
2014,33.06361,68.34444,1
2014,33.06761,68.06695,1
2014,33.07835,44.25472,27
2014,33.07891,44.25284,2
2014,33.07909,44.25306,2
2014,33.07917,44.25306,1
2014,33.07956,61.17744,1
2014,33.08234,44.64438,1
2014,33.08454,44.61696,2
2014,33.08807,68.35276,1
2014,33.09205,44.26938,1
2014,33.09959,44.58379,1
2014,33.09983,44.58346,1
2014,33.09991,44.58324,1
2014,33.09998,44.58351,1
2014,33.1,44.58333,1
2014,33.10001,44.5833,1
2014,33.10053,44.58449,26
2014,33.10118,68.3141,1
2014,33.10124,68.05051,1
2014,33.10771,44.6104,1
2014,33.11186,71.10313,1
2014,33.11656,44.59806,3
2014,33.11774,35.83497,1
2014,33.11784,44.36936,2
2014,33.11867,44.47716,2
2014,33.12228,63.29741,1
2014,33.12241,35.90371,1
2014,33.12528,67.9825,2
2014,33.12602,44.68522,1
2014,33.12904,44.37063,1
2014,33.12933,11.20247,1
2014,33.13131,75.33811,1
2014,33.13396,70.03498,3
2014,33.14236,68.38397,1
2014,33.14339,-97.06809,1
2014,33.14798,73.75367,1
2014,33.15011,44.61676,1
2014,33.15536,68.1349,1
2014,33.15611,69.70417,1
2014,33.15772,67.92588,1
2014,33.15806,69.31278,2
2014,33.16055,63.78344,1
2014,33.1621,43.87226,1
2014,33.16356,43.8631,13
2014,33.16715,44.5549,1
2014,33.16758,35.62063,1
2014,33.17023,44.558,7
2014,33.17375,70.40191,1
2014,33.17392,70.40214,3
2014,33.1782,68.75253,2
2014,33.18168,44.23542,8
2014,33.18867,68.09846,1
2014,33.1889,44.10422,6
2014,33.19064,44.59781,1
2014,33.19314,68.10185,2
2014,33.19361,68.10198,1
2014,33.19363,68.10205,1
2014,33.19367,68.102,2
2014,33.1937,68.1017,1
2014,33.19371,68.10163,1
2014,33.19392,44.40858,3
2014,33.19442,44.58724,1
2014,33.19444,70.36222,1
2014,33.19778,68.10778,1
2014,33.19905,68.08166,1
2014,33.20435,42.46226,1
2014,33.21721,67.99405,1
2014,33.21751,68.3571,1
2014,33.22311,44.54078,2
2014,33.2232,44.54081,1
2014,33.23028,63.27361,1
2014,33.23331,43.42953,1
2014,33.23427,35.77244,1
2014,33.23565,70.0265,1
2014,33.24154,69.82847,1
2014,33.24197,62.36342,1
2014,33.24218,69.82807,1
2014,33.24312,44.33287,1
2014,33.24326,65.46342,1
2014,33.24585,43.97293,1
2014,33.24637,44.02548,10
2014,33.24718,44.02545,3
2014,33.25341,44.60719,1
2014,33.25443,35.54246,1
2014,33.25524,62.25116,1
2014,33.26308,68.57241,1
2014,33.26505,62.81312,1
2014,33.26615,35.21406,1
2014,33.26772,35.77355,1
2014,33.26922,68.57624,2
2014,33.2693,67.85809,2
2014,33.26941,35.77212,1
2014,33.27225,71.18189,1
2014,33.27371,68.56145,1
2014,33.27676,35.57891,1
2014,33.27698,35.68698,2
2014,33.28,44.51958,1
2014,33.2824,35.79847,1
2014,33.28387,44.34888,1
2014,33.28405,62.31641,1
2014,33.28666,44.48095,1
2014,33.29125,44.06537,3
2014,33.29151,35.7234,1
2014,33.29156,44.06574,1
2014,33.29194,44.06556,4
2014,33.29204,44.06562,1
2014,33.29255,44.06498,1
2014,33.3,44.4,1
2014,33.30065,62.14312,1
2014,33.30164,43.65349,1
2014,33.3023,62.1637,1
2014,33.30357,44.37177,882
2014,33.30493,62.15701,1
2014,33.30494,62.15703,3
2014,33.30553,68.47195,1
2014,33.30563,62.1566,3
2014,33.30583,68.44694,2
2014,33.30585,62.15645,1
2014,33.30595,62.15684,1
2014,33.30597,62.15604,1
2014,33.30635,62.15695,1
2014,33.30705,62.13642,4
2014,33.30986,62.26981,1
2014,33.31065,44.03821,44
2014,33.31151,35.91856,1
2014,33.31408,44.09562,1
2014,33.31751,62.15707,1
2014,33.319,62.18403,1
2014,33.31963,68.45899,1
2014,33.32023,68.42637,1
2014,33.32032,44.43258,1
2014,33.32128,44.18757,1
2014,33.32172,36.21789,1
2014,33.3227,35.46645,1
2014,33.32483,43.7826,1
2014,33.32535,43.89489,1
2014,33.3261,68.41665,1
2014,33.32802,68.44214,2
2014,33.32865,68.51432,1
2014,33.33007,69.19239,1
2014,33.33102,44.12945,1
2014,33.33225,68.4134,1
2014,33.33239,43.71282,1
2014,33.33303,69.917,1
2014,33.33305,69.91702,1
2014,33.33306,69.91694,1
2014,33.33352,36.20303,1
2014,33.33526,69.92847,19
2014,33.34034,43.65905,1
2014,33.3432,69.92738,1
2014,33.34363,43.84347,1
2014,33.34616,43.95251,1
2014,33.34838,70.53988,1
2014,33.34867,67.97423,1
2014,33.34916,43.7842,119
2014,33.34964,62.33372,1
2014,33.35007,43.78324,1
2014,33.35487,68.21645,1
2014,33.35806,70.6459,1
2014,33.35851,69.85974,1
2014,33.36034,35.97659,1
2014,33.36126,43.80702,1
2014,33.36498,43.95908,1
2014,33.3656,43.7385,1
2014,33.36722,70.54768,6
2014,33.36724,69.84399,1
2014,33.3681,68.97013,1
2014,33.36948,35.99729,1
2014,33.37152,74.31517,1
2014,33.37165,74.31524,1
2014,33.37385,69.76124,1
2014,33.37481,43.56213,1
2014,33.37576,44.70287,12
2014,33.37682,44.7029,1
2014,33.37816,43.78257,1
2014,33.37858,43.76758,1
2014,33.37909,65.01652,1
2014,33.38243,43.58763,2
2014,33.38372,43.8794,1
2014,33.38444,43.52528,1
2014,33.38604,71.33759,1
2014,33.3875,43.78861,1
2014,33.38805,43.5317,7
2014,33.38806,68.32,1
2014,33.39052,68.3896,1
2014,33.39149,62.2584,1
2014,33.39157,43.85407,8
2014,33.39268,70.17035,1
2014,33.39364,42.84949,1
2014,33.39531,43.84582,3
2014,33.39562,66.22302,2
2014,33.39591,43.66739,2
2014,33.39617,43.2984,1
2014,33.39781,43.70628,13
2014,33.3993,43.04293,1
2014,33.40088,44.4913,1
2014,33.40179,44.67684,1
2014,33.40266,70.42485,1
2014,33.40289,72.99477,1
2014,33.40306,43.91187,16
2014,33.40403,43.91163,1
2014,33.40637,68.29594,1
2014,33.40705,43.55381,1
2014,33.41069,44.37259,1
2014,33.4124,74.20771,2
2014,33.41389,68.2075,2
2014,33.4152,67.80858,1
2014,33.41671,43.29975,2
2014,33.41703,43.29974,1
2014,33.41735,43.62386,1
2014,33.42095,43.29566,121
2014,33.42139,64.36667,1
2014,33.42167,68.385,1
2014,33.42231,43.5463,2
2014,33.4236,70.73635,1
2014,33.42361,70.73639,1
2014,33.42366,70.73648,1
2014,33.42382,70.7369,1
2014,33.42413,70.73691,1
2014,33.42489,43.37086,1
2014,33.42517,70.73625,1
2014,33.42517,70.73759,1
2014,33.42524,70.73572,1
2014,33.42549,70.73611,1
2014,33.42625,42.97708,1
2014,33.42707,70.78524,1
2014,33.42804,43.49407,1
2014,33.42831,44.34545,1
2014,33.42886,43.30553,1
2014,33.42888,44.34205,1
2014,33.42889,72.02,1
2014,33.4289,43.29294,1
2014,33.42902,66.21292,3
2014,33.43032,42.04683,1
2014,33.4315,43.38442,1
2014,33.43381,38.92288,1
2014,33.43589,69.03145,2
2014,33.43647,70.6633,1
2014,33.43695,68.97844,1
2014,33.43721,70.66311,1
2014,33.43728,70.66251,1
2014,33.43844,43.21015,1
2014,33.4387,70.90863,1
2014,33.43895,44.02069,1
2014,33.43938,44.01832,1
2014,33.43956,44.01981,1
2014,33.4397,70.91225,1
2014,33.4405,43.38983,1
2014,33.44384,70.90712,2
2014,33.44462,70.89673,1
2014,33.44596,43.35585,1
2014,33.44658,43.27471,1
2014,33.44752,69.06718,1
2014,33.44821,69.04197,1
2014,33.44844,43.26757,1
2014,33.44977,43.29578,2
2014,33.44986,43.60473,1
2014,33.45,43.83333,1
2014,33.45083,44.322,2
2014,33.45241,65.15073,1
2014,33.45432,44.3731,1
2014,33.45646,43.39287,2
2014,33.45712,43.47143,1
2014,33.45728,43.25038,1
2014,33.45753,43.25399,1
2014,33.45898,70.99204,1
2014,33.45998,70.8874,1
2014,33.46082,44.15743,17
2014,33.46271,44.15779,4
2014,33.4655,70.08941,1
2014,33.46576,70.09113,1
2014,33.46733,43.23251,1
2014,33.46856,68.76319,1
2014,33.47111,43.37417,1
2014,33.47293,68.65776,1
2014,33.47312,36.30483,1
2014,33.47472,68.65333,6
2014,33.48386,43.27887,1
2014,33.48444,36.37729,1
2014,33.48842,43.06246,1
2014,33.489,36.34688,3
2014,33.49112,44.48726,1
2014,33.49157,43.30714,1
2014,33.49215,68.58904,1
2014,33.4976,71.04762,1
2014,33.49823,67.7616,1
2014,33.4983,71.03416,2
2014,33.5011,68.42181,1
2014,33.50472,69.14,1
2014,33.50478,69.94834,1
2014,33.50643,44.38164,1
2014,33.50914,44.23419,2
2014,33.50917,44.23417,6
2014,33.50927,44.23548,1
2014,33.50932,43.22071,1
2014,33.50967,44.20168,1
2014,33.51147,43.22112,1
2014,33.51188,68.98084,1
2014,33.51374,70.12265,1
2014,33.51524,36.29208,39
2014,33.51627,69.92328,1
2014,33.51728,71.06861,1
2014,33.51945,68.62752,1
2014,33.52222,71.07611,1
2014,33.52667,68.11972,1
2014,33.52889,71.05612,20
2014,33.52889,71.05872,1
2014,33.52903,67.21829,2
2014,33.52938,71.05874,1
2014,33.52971,67.21626,2
2014,33.53,71.06,1
2014,33.53017,71.06024,2
2014,33.53287,70.35184,1
2014,33.53519,68.17059,1
2014,33.53906,36.36671,1
2014,33.53945,69.7464,1
2014,33.54008,71.46319,1
2014,33.54067,44.25127,27
2014,33.542,35.38115,3
2014,33.54235,44.36533,3
2014,33.54262,68.41533,26
2014,33.54736,69.74041,1
2014,33.54751,44.62456,1
2014,33.54831,44.41574,14
2014,33.54866,71.1056,1
2014,33.54916,69.72705,1
2014,33.54982,68.41671,1
2014,33.54989,68.41697,3
2014,33.54993,68.41665,1
2014,33.55,68.41667,3
2014,33.55,71.11,1
2014,33.55002,68.41661,1
2014,33.55014,42.89888,1
2014,33.55044,35.37096,4
2014,33.55216,71.08802,1
2014,33.55289,73.0224,1
2014,33.5538,71.15039,1
2014,33.55631,68.41515,1
2014,33.56142,69.93405,1
2014,33.56544,72.6429,1
2014,33.56656,69.87835,2
2014,33.5671,68.69916,1
2014,33.57158,36.40044,2
2014,33.57222,62.38194,1
2014,33.57349,44.54743,2
2014,33.58083,64.99528,2
2014,33.58336,43.93383,1
2014,33.58389,70.53778,1
2014,33.58896,71.12171,3
2014,33.58963,44.26708,1
2014,33.5906,71.44062,4
2014,33.59401,73.06908,10
2014,33.5949,69.21624,1
2014,33.59539,75.16272,1
2014,33.59613,44.39308,4
2014,33.59617,69.64398,1
2014,33.59629,44.67964,1
2014,33.59697,74.87514,1
2014,33.59748,71.35132,1
2014,33.5983,36.91883,1
2014,33.59863,69.229,15
2014,33.59993,42.86891,1
2014,33.6,69.21694,1
2014,33.60479,71.36407,1
2014,33.60502,74.14342,1
2014,33.60611,62.22417,1
2014,33.6069,44.66793,1
2014,33.60722,36.31433,1
2014,33.61568,44.27737,6
2014,33.62235,44.59332,1
2014,33.62242,71.19299,1
2014,33.63316,42.81658,1
2014,33.6333,42.81662,1
2014,33.63333,42.81667,2
2014,33.63344,42.81658,1
2014,33.63351,42.81662,2
2014,33.6339,42.83208,20
2014,33.63497,44.23529,2
2014,33.63591,62.26662,1
2014,33.63602,74.03236,1
2014,33.63913,70.11105,1
2014,33.64122,42.83706,1
2014,33.64178,44.61144,1
2014,33.6425,44.41912,1
2014,33.64449,42.83807,1
2014,33.64493,70.86358,1
2014,33.64556,62.26944,1
2014,33.64725,70.86229,1
2014,33.64997,44.26154,19
2014,33.65434,70.18386,1
2014,33.65667,69.77784,1
2014,33.66215,75.01364,1
2014,33.66408,44.37323,1
2014,33.66431,44.37378,1
2014,33.66435,44.37378,2
2014,33.66439,44.374,1
2014,33.66528,44.31747,1
2014,33.66537,69.78842,1
2014,33.66619,44.37548,1
2014,33.66628,69.78603,1
2014,33.66667,43.48333,1
2014,33.66812,44.53051,1
2014,33.66861,68.61167,1
2014,33.66969,44.38132,47
2014,33.67164,73.05606,17
2014,33.67231,69.78544,1
2014,33.67528,68.42167,1
2014,33.67783,73.95917,1
2014,33.6783,35.96525,3
2014,33.67861,68.66667,3
2014,33.68223,71.6482,1
2014,33.68283,71.01955,1
2014,33.68745,71.51604,1
2014,33.68806,44.41889,1
2014,33.68812,69.52612,1
2014,33.69055,-116.14306,1
2014,33.69166,68.39985,1
2014,33.69228,71.03192,2
2014,33.69341,44.79608,4
2014,33.69395,45.06742,3
2014,33.69597,70.33607,4
2014,33.69664,63.09277,1
2014,33.69696,63.09375,1
2014,33.69727,71.14485,8
2014,33.69827,45.0839,1
2014,33.7,45.08333,1
2014,33.70146,69.38799,1
2014,33.70146,71.0949,1
2014,33.70372,70.36755,1
2014,33.70394,70.32865,6
2014,33.7062,69.38311,3
2014,33.7096,70.34085,1
2014,33.71296,70.35062,1
2014,33.71689,74.83587,1
2014,33.717,44.67952,9
2014,33.71704,74.83605,1
2014,33.71711,74.83596,1
2014,33.72129,74.83107,4
2014,33.72428,75.08394,2
2014,33.72546,70.17505,1
2014,33.72662,75.09124,1
2014,33.72775,44.13002,2
2014,33.72897,71.05066,1
2014,33.72962,75.10856,1
2014,33.73101,75.14857,1
2014,33.73222,75.15792,4
2014,33.73576,74.8379,1
2014,33.73965,72.80207,2
2014,33.74103,68.93904,1
2014,33.74237,45.05907,1
2014,33.74324,44.62382,66
2014,33.74462,44.95907,1
2014,33.74529,44.64007,1
2014,33.74572,70.96507,1
2014,33.74582,70.96653,1
2014,33.74748,70.96265,1
2014,33.74778,70.96278,1
2014,33.74784,70.96204,1
2014,33.74927,44.63333,1
2014,33.74962,44.64466,1
2014,33.75154,44.41728,1
2014,33.75198,74.10146,1
2014,33.75862,44.39833,1
2014,33.75883,70.93571,1
2014,33.75917,70.96667,1
2014,33.76,44.67028,1
2014,33.76192,45.15691,1
2014,33.76447,45.13778,1
2014,33.76459,74.08683,1
2014,33.76915,72.32912,1
2014,33.77016,74.09316,1
2014,33.77084,68.3697,1
2014,33.77163,72.75149,1
2014,33.77171,74.09463,1
2014,33.77174,68.3696,1
2014,33.77305,69.89197,1
2014,33.77306,70.77833,1
2014,33.77335,45.14945,5
2014,33.77361,69.33972,2
2014,33.77486,35.89927,1
2014,33.77506,44.58035,3
2014,33.77552,71.29199,1
2014,33.77603,44.0181,1
2014,33.77631,44.55567,1
2014,33.77854,70.70723,1
2014,33.77954,44.59268,2
2014,33.78003,71.11169,1
2014,33.7801,70.70615,1
2014,33.78082,72.72516,1
2014,33.7809,74.78473,1
2014,33.78222,70.89528,1
2014,33.78425,44.50972,1
2014,33.78551,72.13041,1
2014,33.78689,70.70531,1
2014,33.7871,71.57493,1
2014,33.78861,71.57536,1
2014,33.7895,75.10338,1
2014,33.79152,44.6717,1
2014,33.79465,44.89258,4
2014,33.79583,44.67535,1
2014,33.79602,44.62609,1
2014,33.79646,71.55849,6
2014,33.79694,68.93457,1
2014,33.79694,68.93458,2
2014,33.79696,68.93458,1
2014,33.79742,68.93747,1
2014,33.79911,42.71352,1
2014,33.80203,72.90767,2
2014,33.80218,69.83294,1
2014,33.80264,69.83436,1
2014,33.80691,69.91181,1
2014,33.80882,35.59792,1
2014,33.80951,35.51907,1
2014,33.81075,35.76901,1
2014,33.81379,44.65724,3
2014,33.8148,68.94942,1
2014,33.81551,68.95155,1
2014,33.8182,70.6448,7
2014,33.81926,72.68912,1
2014,33.81961,44.76792,1
2014,33.82056,70.74806,1
2014,33.82111,70.6644,1
2014,33.82195,69.94161,1
2014,33.82578,63.38513,1
2014,33.82612,68.95384,1
2014,33.82898,44.6748,1
2014,33.83333,69.65,1
2014,33.83361,70.04194,1
2014,33.83563,44.24741,15
2014,33.83666,70.64181,1
2014,33.83702,70.64167,1
2014,33.83745,44.25061,1
2014,33.83964,35.52709,1
2014,33.84139,68.61444,1
2014,33.84304,70.76921,1
2014,33.84363,68.61235,1
2014,33.84374,36.54704,1
2014,33.84806,74.86972,1
2014,33.84862,44.52212,8
2014,33.85001,44.23334,1
2014,33.85011,44.23338,1
2014,33.85117,36.18773,1
2014,33.8516,35.51187,2
2014,33.85182,42.5605,1
2014,33.85184,75.04303,2
2014,33.85427,44.1668,1
2014,33.8558,72.39441,1
2014,33.8613,35.49024,2
2014,33.8648,42.53638,6
2014,33.86984,70.11955,1
2014,33.87042,45.15295,1
2014,33.87129,75.00641,1
2014,33.87194,44.81333,1
2014,33.87201,71.24158,1
2014,33.87253,36.16287,1
2014,33.87295,36.20241,1
2014,33.87339,74.90042,3
2014,33.8744,36.11212,3
2014,33.87722,44.95917,1
2014,33.87962,74.94857,1
2014,33.8798,44.85408,5
2014,33.87999,74.92795,1
2014,33.88245,71.37641,1
2014,33.88278,70.89528,3
2014,33.88348,68.63229,1
2014,33.88577,71.12043,2
2014,33.88776,71.3567,1
2014,33.88802,45.08719,1
2014,33.88852,35.50351,3
2014,33.88944,68.63056,1
2014,33.88956,42.62325,1
2014,33.88997,72.15479,1
2014,33.89076,42.62194,1
2014,33.89154,70.69806,1
2014,33.89694,70.82111,1
2014,33.89799,70.10753,5
2014,33.89921,70.10063,1
2014,33.90391,44.16286,1
2014,33.90409,44.85206,1
2014,33.90412,75.0854,1
2014,33.90451,36.11998,1
2014,33.90493,68.67248,1
2014,33.90605,44.72455,2
2014,33.90667,44.72444,1
2014,33.90678,71.50098,9
2014,33.90688,71.90887,1
2014,33.90771,42.54244,1
2014,33.90851,71.47313,1
2014,33.9098,44.16339,1
2014,33.91019,36.48806,1
2014,33.91083,71.3639,1
2014,33.91119,44.73594,1
2014,33.91145,45.02661,1
2014,33.91174,71.36195,1
2014,33.91294,68.67793,1
2014,33.9136,70.87933,1
2014,33.9138,68.64937,1
2014,33.91432,70.90287,1
2014,33.91523,71.45868,8
2014,33.91626,44.24665,3
2014,33.91758,71.56204,13
2014,33.91858,36.14131,1
2014,33.91883,68.9154,1
2014,33.92,75.02,1
2014,33.9211,71.48153,1
2014,33.92124,71.51138,1
2014,33.92204,36.15274,1
2014,33.92205,71.46259,3
2014,33.92215,75.01508,1
2014,33.92334,71.47432,1
2014,33.92506,75.01728,1
2014,33.92621,74.92822,1
2014,33.92659,44.77206,11
2014,33.92761,71.80784,2
2014,33.93097,44.92269,1
2014,33.93101,75.11421,6
2014,33.93145,71.51925,1
2014,33.93167,45.17889,1
2014,33.93175,71.37396,1
2014,33.9325,70.92667,2
2014,33.93268,74.64822,1
2014,33.93421,36.15075,8
2014,33.93573,71.48752,5
2014,33.93746,45.13354,1
2014,33.93844,70.09395,1
2014,33.93895,69.96099,2
2014,33.93967,70.01186,2
2014,33.94585,44.03182,1
2014,33.94672,68.96365,1
2014,33.94748,44.37094,1
2014,33.94787,74.92987,2
2014,33.94885,71.53799,1
2014,33.95002,44.98356,1
2014,33.95053,71.49673,1
2014,33.95109,43.97389,1
2014,33.95316,44.9219,21
2014,33.95347,71.54206,4
2014,33.95363,68.88525,1
2014,33.95587,71.4967,1
2014,33.95885,71.52846,1
2014,33.95917,71.57439,1
2014,33.96195,74.92644,1
2014,33.96356,71.51064,2
2014,33.96446,44.28066,1
2014,33.96516,71.19716,1
2014,33.96531,69.8058,1
2014,33.96556,71.46956,2
2014,33.96565,71.46709,1
2014,33.96722,68.94917,1
2014,33.96764,68.94838,4
2014,33.96784,68.94722,1
2014,33.96793,68.94989,1
2014,33.96917,68.94472,4
2014,33.96924,68.94463,1
2014,33.9749,71.69326,2
2014,33.97609,71.37211,1
2014,33.97631,71.43716,17
2014,33.97642,44.33631,4
2014,33.97677,69.02028,1
2014,33.97678,69.02022,1
2014,33.97756,44.93658,1
2014,33.97795,44.94026,1
2014,33.97804,44.93749,3
2014,33.97861,44.93694,3
2014,33.97888,45.0471,1
2014,33.97904,44.9366,1
2014,33.97906,44.93753,1
2014,33.97918,44.93654,1
2014,33.97988,44.93379,3
2014,33.98038,75.01614,1
2014,33.98189,75.01438,1
2014,33.98315,44.55581,1
2014,33.98333,45.04873,1
2014,33.98408,44.13752,1
2014,33.98779,74.92445,1
2014,33.98795,44.95325,1
2014,33.99108,71.25384,1
2014,33.99301,71.40059,1
2014,33.99459,44.35727,18
2014,33.998,44.06663,2
2014,33.99882,71.36199,1
2014,33.99964,71.34756,1
2014,33.99998,69.01983,1
2014,34.0,71.38333,2
2014,34.00002,71.3833,2
2014,34.00002,71.38335,1
2014,34.00064,72.93717,1
2014,34.00085,71.41138,1
2014,34.00135,71.41416,1
2014,34.00256,44.86563,1
2014,34.00256,71.40182,1
2014,34.00258,71.38248,42
2014,34.0026,71.34029,1
2014,34.00373,71.34858,1
2014,34.00402,71.33992,6
2014,34.00421,44.16902,1
2014,34.00458,44.15122,1
2014,34.00544,71.22794,1
2014,34.00554,71.40319,1
2014,34.0057,71.34358,1
2014,34.0059,71.64887,7
2014,34.006,71.53743,119
2014,34.00721,71.98308,5
2014,34.00771,68.71401,7
2014,34.00867,44.96281,1
2014,34.00886,71.88048,1
2014,34.00967,71.40228,1
2014,34.0101,44.06274,2
2014,34.01023,74.91726,2
2014,34.01047,44.14824,16
2014,34.0106,44.06274,1
2014,34.01074,71.20069,1
2014,34.01122,65.46336,2
2014,34.0118,71.93931,1
2014,34.01285,71.22386,1
2014,34.01365,44.19264,1
2014,34.01385,44.4477,1
2014,34.01386,71.35449,1
2014,34.01455,69.19239,2
2014,34.01466,44.14776,1
2014,34.0147,45.00188,1
2014,34.01597,71.58045,1
2014,34.016,36.17871,1
2014,34.01605,44.14535,1
2014,34.01614,44.14528,1
2014,34.01621,44.14528,1
2014,34.01622,44.9149,1
2014,34.01624,69.19055,2
2014,34.01639,44.14528,18
2014,34.01667,36.71667,1
2014,34.01698,69.21633,1
2014,34.01935,74.99922,1
2014,34.0211,71.28742,9
2014,34.02119,68.99954,11
2014,34.02182,44.93351,1
2014,34.02196,44.93491,1
2014,34.02357,44.03136,10
2014,34.02385,71.26664,4
2014,34.02482,71.36278,1
2014,34.025,72.04056,1
2014,34.02519,71.36277,1
2014,34.02689,44.92436,1
2014,34.02873,44.2259,1
2014,34.02915,71.47224,1
2014,34.02953,71.41865,4
2014,34.03492,36.22784,7
2014,34.03553,70.57409,2
2014,34.03564,45.44058,1
2014,34.03673,36.13635,1
2014,34.03798,69.02103,1
2014,34.03827,44.22148,1
2014,34.03861,71.33278,1
2014,34.03916,-84.35125,1
2014,34.04083,45.00556,1
2014,34.04347,44.22431,1
2014,34.04469,44.18268,2
2014,34.04542,43.98896,9
2014,34.04554,71.58388,1
2014,34.04672,71.5844,1
2014,34.0472,43.98482,1
2014,34.04727,74.38585,1
2014,34.04972,44.10056,1
2014,34.04974,72.36624,1
2014,34.04992,72.36744,1
2014,34.05112,71.69083,1
2014,34.05149,44.20892,1
2014,34.05267,44.93325,2
2014,34.05333,71.24972,1
2014,34.05711,44.21829,26
2014,34.05717,71.57637,1
2014,34.05755,44.26005,2
2014,34.05781,71.54308,1
2014,34.0581,44.14072,1
2014,34.05911,44.21591,2
2014,34.05998,73.50083,1
2014,34.06159,71.58834,1
2014,34.06945,44.89936,1
2014,34.06946,44.86226,3
2014,34.07009,72.62262,1
2014,34.07064,68.4759,1
2014,34.07074,72.45045,1
2014,34.07222,44.29139,1
2014,34.07546,71.6,4
2014,34.07784,44.06334,1
2014,34.07857,44.95929,1
2014,34.07889,71.17528,1
2014,34.07993,44.16728,1
2014,34.07996,71.19692,1
2014,34.08084,36.27507,1
2014,34.08374,74.7899,14
2014,34.08464,71.48006,1
2014,34.08819,43.89283,1
2014,34.09056,44.34278,1
2014,34.09156,64.92097,1
2014,34.09183,68.50674,1
2014,34.09263,70.46922,1
2014,34.09266,42.38547,3
2014,34.0928,74.58959,1
2014,34.09521,74.63679,1
2014,34.09556,43.95833,1
2014,34.09566,70.29632,1
2014,34.09583,70.98354,1
2014,34.09852,44.88088,1
2014,34.09958,64.90596,5
2014,34.10072,45.05196,4
2014,34.10084,74.10785,1
2014,34.10178,71.44609,1
2014,34.10207,71.47802,1
2014,34.10328,71.79627,2
2014,34.10477,64.89532,2
2014,34.10751,64.30573,1
2014,34.10877,65.25737,1
2014,34.10889,69.62444,1
2014,34.1091,71.41162,1
2014,34.10977,68.53771,1
2014,34.11032,71.16381,18
2014,34.11125,70.97892,1
2014,34.11148,43.87841,1
2014,34.1139,43.8912,1
2014,34.11568,70.46365,3
2014,34.11667,72.46667,1
2014,34.11681,72.46672,1
2014,34.11694,70.46111,1
2014,34.11791,64.85172,1
2014,34.1182,-118.40849,1
2014,34.11986,64.57706,1
2014,34.12151,70.26258,1
2014,34.12272,71.60874,1
2014,34.12311,72.46901,3
2014,34.12333,69.06282,1
2014,34.12573,45.00334,25
2014,34.12666,70.80987,1
2014,34.12731,69.1395,1
2014,34.12872,71.08582,3
2014,34.1294,71.5034,1
2014,34.13028,71.16222,1
2014,34.1306,72.45309,1
2014,34.13378,44.22101,2
2014,34.13444,70.80833,1
2014,34.13786,72.47019,2
2014,34.13857,74.79956,1
2014,34.13944,42.37826,2
2014,34.13969,42.37784,1
2014,34.13972,42.37806,1
2014,34.14333,70.24361,1
2014,34.14371,72.38013,1
2014,34.14422,72.37847,2
2014,34.14658,71.74354,4
2014,34.14903,71.73178,1
2014,34.14943,71.74278,1
2014,34.15,71.73333,2
2014,34.15001,72.03793,1
2014,34.15006,72.38928,1
2014,34.15012,71.74653,1
2014,34.15404,71.75069,1
2014,34.16059,42.37254,15
2014,34.16154,74.55309,1
2014,34.16376,72.08366,1
2014,34.1643,71.62794,1
2014,34.16692,71.5963,1
2014,34.16785,72.30513,2
2014,34.17132,69.63566,1
2014,34.17183,70.62168,23
2014,34.17223,44.44443,1
2014,34.17332,73.22787,1
2014,34.17333,69.64556,1
2014,34.17457,36.33487,1
2014,34.17516,36.42876,1
2014,34.17783,70.21547,1
2014,34.18047,36.42081,1
2014,34.18078,71.88724,1
2014,34.18083,71.88722,1
2014,34.18266,74.54728,2
2014,34.18316,36.44213,1
2014,34.18349,70.32043,1
2014,34.1846,36.42401,42
2014,34.18521,70.83578,1
2014,34.18611,45.12589,1
2014,34.18626,45.12633,5
2014,34.18633,45.12607,2
2014,34.18884,36.32948,1
2014,34.18912,74.53324,1
2014,34.19056,71.76538,1
2014,34.19068,43.88719,1
2014,34.19186,43.86917,1
2014,34.19231,43.88624,1
2014,34.19246,43.88616,1
2014,34.19246,43.88619,1
2014,34.19246,43.88689,1
2014,34.19254,43.88642,2
2014,34.19277,43.88652,1
2014,34.19472,70.79831,1
2014,34.19535,70.79964,1
2014,34.19575,70.78639,1
2014,34.196,43.88373,1
2014,34.19633,36.3576,11
2014,34.19761,71.6028,1
2014,34.19829,62.22162,1
2014,34.19958,72.16698,1
2014,34.2,70.27806,1
2014,34.2,70.28333,1
2014,34.20011,72.0508,1
2014,34.20059,72.04844,7
2014,34.20123,62.22365,1
2014,34.20241,45.19415,1
2014,34.20257,45.19426,1
2014,34.20395,44.5074,1
2014,34.2056,74.35386,1
2014,34.20643,-84.13379,1
2014,34.20757,74.35288,1
2014,34.20842,43.89071,58
2014,34.21015,71.47699,1
2014,34.21181,71.50689,1
2014,34.21185,71.50664,1
2014,34.21222,62.21222,1
2014,34.21257,71.44473,1
2014,34.21428,69.09961,1
2014,34.21471,69.09845,1
2014,34.21477,69.09855,2
2014,34.21478,69.09856,1
2014,34.2148,69.09851,2
2014,34.21574,71.55386,1
2014,34.21607,44.45261,1
2014,34.21626,69.09994,1
2014,34.21635,68.29517,1
2014,34.21646,71.71479,2
2014,34.21673,71.74843,1
2014,34.21722,71.55556,1
2014,34.21729,71.56104,27
2014,34.21732,74.4804,1
2014,34.21916,70.1548,1
2014,34.2218,36.37681,5
2014,34.22189,71.72021,1
2014,34.22273,74.37241,1
2014,34.22426,71.53622,1
2014,34.22694,70.14667,3
2014,34.22921,70.19321,5
2014,34.23227,62.21932,1
2014,34.23313,70.15614,1
2014,34.23354,70.18655,1
2014,34.23412,70.19002,1
2014,34.2347,71.72803,2
2014,34.23512,69.98379,2
2014,34.2357,70.96876,1
2014,34.23836,70.1833,1
2014,34.24133,44.51006,1
2014,34.24422,45.20701,1
2014,34.24483,36.40276,1
2014,34.24611,45.20882,1
2014,34.24729,74.55512,1
2014,34.24988,62.54915,1
2014,34.25,70.56667,1
2014,34.2523,70.80242,2
2014,34.25279,74.34921,1
2014,34.25528,70.86556,1
2014,34.25671,38.31701,1
2014,34.25729,35.66695,1
2014,34.25769,44.63879,1
2014,34.25941,69.12534,1
2014,34.26315,70.78821,3
2014,34.26648,71.69948,1
2014,34.26941,74.49948,1
2014,34.27025,68.84719,1
2014,34.27104,45.16357,52
2014,34.27176,44.68217,1
2014,34.27178,45.16642,1
2014,34.2737,45.16583,1
2014,34.27403,44.54254,50
2014,34.2752,44.53834,1
2014,34.27528,44.53834,1
2014,34.27594,70.35931,2
2014,34.27609,70.36025,3
2014,34.27615,44.53842,1
2014,34.27653,70.35937,1
2014,34.27677,70.35962,1
2014,34.27695,43.80131,1
2014,34.27695,62.61519,1
2014,34.27697,72.14579,1
2014,34.27722,70.375,1
2014,34.28139,69.77,1
2014,34.28334,70.74622,1
2014,34.28356,69.88356,1
2014,34.28528,70.38611,1
2014,34.28535,71.93212,1
2014,34.28688,70.37314,1
2014,34.28776,70.75612,1
2014,34.28826,70.78251,1
2014,34.28889,74.46371,12
2014,34.2897,70.7702,1
2014,34.2901,43.85259,1
2014,34.29069,70.52919,1
2014,34.29283,74.38937,1
2014,34.29288,69.80973,1
2014,34.29472,63.0625,1
2014,34.30068,71.65125,2
2014,34.3009,62.24605,1
2014,34.30096,69.8342,1
2014,34.30804,45.18116,2
2014,34.30822,72.0465,2
2014,34.30843,62.29855,1
2014,34.3162,43.86836,3
2014,34.31674,71.04977,1
2014,34.31917,74.37306,1
2014,34.32002,71.399,1
2014,34.32111,71.4,1
2014,34.32225,70.42422,1
2014,34.32564,62.21145,3
2014,34.32587,45.16548,2
2014,34.32701,45.01355,1
2014,34.32716,44.7266,1
2014,34.32898,70.40749,2
2014,34.32915,63.23244,1
2014,34.33072,62.24574,1
2014,34.33182,62.23945,1
2014,34.33259,73.20281,2
2014,34.33322,45.38329,1
2014,34.33333,45.38333,1
2014,34.33373,62.21042,1
2014,34.33824,63.74843,1
2014,34.34013,63.75288,1
2014,34.34077,63.7524,1
2014,34.34187,62.20297,2
2014,34.34194,62.20306,4
2014,34.34197,36.47803,2
2014,34.34222,71.70361,1
2014,34.3425,61.74667,1
2014,34.34275,45.38507,1
2014,34.34446,62.20329,1
2014,34.34453,71.36732,2
2014,34.34472,61.49306,1
2014,34.34473,71.78749,1
2014,34.34672,62.19732,18
2014,34.34734,45.38327,2
2014,34.35,68.71667,1
2014,34.35135,68.23853,3
2014,34.35301,36.51132,2
2014,34.35424,70.95468,1
2014,34.35539,61.90249,1
2014,34.36227,68.84206,1
2014,34.3635,41.116,4
2014,34.36452,74.38985,1
2014,34.36509,43.74522,1
2014,34.36767,69.20431,1
2014,34.36774,41.98528,1
2014,34.3695,63.17665,1
2014,34.36957,63.17603,1
2014,34.36972,63.17639,2
2014,34.37094,62.33012,2
2014,34.37327,43.76318,2
2014,34.37591,73.27951,1
2014,34.3764,71.40004,1
2014,34.37695,63.21359,2
2014,34.37839,41.03551,3
2014,34.38134,36.0674,1
2014,34.38287,36.06957,1
2014,34.38723,41.04797,1
2014,34.39028,71.33472,1
2014,34.39338,45.00297,1
2014,34.3942,71.90694,1
2014,34.39432,72.61512,1
2014,34.39515,36.38747,2
2014,34.39556,68.86611,1
2014,34.39625,64.51688,1
2014,34.39636,36.38662,1
2014,34.39694,36.38776,1
2014,34.39705,36.38717,6
2014,34.39749,36.39349,1
2014,34.39928,74.28127,1
2014,34.39944,70.24615,1
2014,34.39965,73.86249,1
2014,34.40038,73.86419,1
2014,34.40417,74.28249,1
2014,34.40492,72.5568,1
2014,34.40493,72.55893,1
2014,34.40932,74.35801,1
2014,34.41248,73.23145,1
2014,34.414,63.76058,1
2014,34.4146,-119.85811,2
2014,34.41667,71.54111,2
2014,34.41685,35.82627,1
2014,34.41712,70.44959,38
2014,34.41803,70.3057,1
2014,34.41994,72.06437,1
2014,34.42556,69.12611,1
2014,34.42564,72.0013,1
2014,34.42591,35.84215,1
2014,34.42694,62.04714,1
2014,34.4285,35.83796,1
2014,34.43082,44.0191,1
2014,34.43084,44.93409,7
2014,34.43099,35.83568,2
2014,34.43188,74.12598,1
2014,34.43192,74.124,1
2014,34.4329,71.41988,1
2014,34.4336,35.84588,2
2014,34.43406,71.36251,1
2014,34.43415,35.83749,1
2014,34.43426,35.84217,1
2014,34.43446,61.43911,1
2014,34.43608,35.83308,1
2014,34.4361,62.20792,1
2014,34.43622,35.84625,1
2014,34.43672,73.21869,1
2014,34.43738,35.85188,1
2014,34.43764,35.83602,1
2014,34.43806,35.83082,1
2014,34.43809,35.83078,2
2014,34.43809,35.83084,22
2014,34.43814,35.83068,7
2014,34.43828,35.83231,6
2014,34.43834,35.83257,1
2014,34.4387,35.831,1
2014,34.43886,35.8369,1
2014,34.43944,71.66861,1
2014,34.43948,35.83343,1
2014,34.43976,43.86899,4
2014,34.4399,35.848,4
2014,34.44606,35.82622,1
2014,34.44671,70.49832,1
2014,34.44901,70.49757,1
2014,34.44923,68.16273,1
2014,34.45193,40.91119,1
2014,34.45247,44.16774,1
2014,34.4528,71.36863,1
2014,34.45286,35.86463,1
2014,34.45308,70.48782,1
2014,34.45348,70.4844,1
2014,34.45373,70.48481,1
2014,34.45381,70.48484,2
2014,34.45446,70.48555,1
2014,34.45681,71.90638,1
2014,34.45725,43.79934,1
2014,34.45883,70.67846,1
2014,34.45889,43.79101,4
2014,34.45963,70.47927,1
2014,34.4607,44.84609,1
2014,34.46333,68.71694,1
2014,34.46451,44.48396,2
2014,34.46655,36.38997,1
2014,34.46796,70.49149,1
2014,34.46821,62.18561,1
2014,34.46954,70.88099,1
2014,34.47001,71.36509,1
2014,34.47191,72.55037,1
2014,34.47268,68.6678,1
2014,34.47324,43.73362,1
2014,34.47327,36.19579,1
2014,34.47413,68.63948,1
2014,34.47499,41.90562,1
2014,34.475,70.53222,1
2014,34.47515,70.36298,1
2014,34.47693,72.50834,1
2014,34.47762,41.92077,5
2014,34.47829,71.34738,1
2014,34.47968,35.93603,2
2014,34.48333,44.63333,1
2014,34.48444,71.24611,1
2014,34.48511,70.19321,2
2014,34.4878,44.17393,1
2014,34.48842,71.44351,1
2014,34.49112,62.6031,1
2014,34.49684,71.33336,1
2014,34.49823,35.95985,1
2014,34.49842,71.44587,1
2014,34.50018,44.04742,1
2014,34.50126,69.3434,1
2014,34.50163,62.65704,1
2014,34.50203,43.53247,1
2014,34.50203,70.1785,1
2014,34.50364,43.75717,1
2014,34.50389,35.95076,1
2014,34.50529,43.61446,1
2014,34.50754,68.24687,1
2014,34.50812,71.90916,1
2014,34.51118,72.08253,1
2014,34.51142,70.17369,1
2014,34.51248,62.66178,1
2014,34.51328,69.32814,1
2014,34.51338,69.67231,1
2014,34.51343,70.0523,1
2014,34.51345,74.41546,1
2014,34.51495,65.28571,1
2014,34.51547,71.32875,1
2014,34.51555,71.30784,1
2014,34.5169,69.14701,104
2014,34.51891,71.8807,1
2014,34.51931,43.72496,1
2014,34.51957,69.78848,2
2014,34.52057,71.38997,1
2014,34.52129,70.20288,1
2014,34.52132,65.24924,2
2014,34.52466,43.51599,1
2014,34.52467,69.19239,1
2014,34.52691,43.70854,3
2014,34.52919,43.51049,2
2014,34.52919,43.57641,1
2014,34.53155,70.29014,3
2014,34.53162,69.18006,1
2014,34.53288,36.13281,1
2014,34.53371,43.49402,2
2014,34.53375,43.48374,8
2014,34.53389,71.27,3
2014,34.53774,36.15257,1
2014,34.53861,71.32917,1
2014,34.53943,71.41534,1
2014,34.54163,69.03435,1
2014,34.54276,43.49402,1
2014,34.54276,43.55212,1
2014,34.54278,72.30806,1
2014,34.54393,36.08018,1
2014,34.54418,71.46857,1
2014,34.54682,71.45713,1
2014,34.5493,69.2629,1
2014,34.54955,43.63452,1
2014,34.55451,69.68997,1
2014,34.555,72.30219,1
2014,34.55542,71.2581,1
2014,34.5564,71.2575,2
2014,34.56515,71.4958,1
2014,34.56549,71.47743,7
2014,34.56551,71.47743,1
2014,34.5695,71.22669,1
2014,34.57135,71.3512,1
2014,34.57908,71.41282,1
2014,34.582,43.72495,2
2014,34.58246,44.64613,1
2014,34.5828,43.60635,2
2014,34.58369,36.11674,1
2014,34.59028,69.76106,1
2014,34.59114,68.95694,1
2014,34.59303,43.95445,1
2014,34.5997,71.33419,2
2014,34.59989,71.20826,2
2014,34.6,43.68333,2
2014,34.60298,37.08633,1
2014,34.60436,43.71904,1
2014,34.60815,38.43095,1
2014,34.60816,71.1364,1
2014,34.60856,43.65432,1
2014,34.61305,43.61245,1
2014,34.61306,69.89833,1
2014,34.61391,71.92901,1
2014,34.61519,43.59347,1
2014,34.61588,43.7172,1
2014,34.61773,43.70378,1
2014,34.61859,71.97362,1
2014,34.62152,43.66838,127
2014,34.62229,69.89418,1
2014,34.63049,69.88871,1
2014,34.63417,70.85987,1
2014,34.63448,36.2318,1
2014,34.63744,72.41544,1
2014,34.64314,71.02603,1
2014,34.64334,43.68773,1
2014,34.64805,70.18741,1
2014,34.64891,44.65483,1
2014,34.65026,72.03394,1
2014,34.65297,70.19426,1
2014,34.65382,61.20152,1
2014,34.65392,61.2015,1
2014,34.65425,61.1988,1
2014,34.65552,61.21017,1
2014,34.65687,61.10969,2
2014,34.6592,69.24526,1
2014,34.65974,72.03374,1
2014,34.66021,69.24007,1
2014,34.66222,71.29139,1
2014,34.66702,71.30852,3
2014,34.66816,61.10948,1
2014,34.66961,71.30423,1
2014,34.67041,70.76998,1
2014,34.67139,36.25916,2
2014,34.67175,44.16087,1
2014,34.67333,71.31083,1
2014,34.67469,70.7479,1
2014,34.67487,70.21344,4
2014,34.67605,71.34017,1
2014,34.6793,70.74668,1
2014,34.68013,70.21893,1
2014,34.68245,43.54993,1
2014,34.68328,71.21629,1
2014,34.68593,70.14072,1
2014,34.6872,70.14485,1
2014,34.68737,70.59727,1
2014,34.68944,44.96056,1
2014,34.68975,43.58555,1
2014,34.68977,70.14558,1
2014,34.69124,43.71824,3
2014,34.6929,70.2321,1
2014,34.69393,70.77173,1
2014,34.69398,70.91784,1
2014,34.69512,32.99983,1
2014,34.70444,70.23944,1
2014,34.70514,70.15405,1
2014,34.70595,43.69707,1
2014,34.70928,43.69508,3
2014,34.7177,36.72282,32
2014,34.71778,70.88639,1
2014,34.72299,37.04679,1
2014,34.72627,44.58491,1
2014,34.72833,71.01722,1
2014,34.72933,71.56786,1
2014,34.73083,36.70944,2
2014,34.73351,71.51966,7
2014,34.7355,71.52581,1
2014,34.73786,71.528,1
2014,34.73957,71.53014,1
2014,34.74,71.53,2
2014,34.74003,71.52985,1
2014,34.74327,43.66328,1
2014,34.74391,71.1314,1
2014,34.74417,71.33833,3
2014,34.74484,72.29115,1
2014,34.74826,70.17872,1
2014,34.74893,72.83471,1
2014,34.75,43.65,3
2014,34.75102,71.45968,1
2014,34.75702,71.51912,1
2014,34.75775,71.27968,2
2014,34.75857,72.35848,1
2014,34.76173,72.83955,1
2014,34.76228,44.3907,1
2014,34.76275,43.59641,1
2014,34.76576,71.28786,1
2014,34.76834,73.13496,1
2014,34.76979,43.55642,1
2014,34.76981,71.37168,1
2014,34.77005,73.13496,1
2014,34.77448,72.36405,5
2014,34.77568,71.50979,1
2014,34.7757,73.07291,1
2014,34.77889,71.44704,1
2014,34.78029,71.10968,1
2014,34.78111,43.13058,1
2014,34.78167,62.12278,1
2014,34.7819,72.82496,1
2014,34.78278,70.10917,1
2014,34.78325,70.108,3
2014,34.78327,70.05488,1
2014,34.78556,71.43194,1
2014,34.78642,71.58451,1
2014,34.7881,70.47889,3
2014,34.78915,72.26789,1
2014,34.78941,71.46608,2
2014,34.78968,-0.55342,1
2014,34.78975,71.11193,1
2014,34.79012,70.46002,1
2014,34.79066,44.66215,13
2014,34.79216,72.28428,2
2014,34.79269,44.66658,4
2014,34.79338,71.50318,1
2014,34.79358,71.39929,1
2014,34.79427,71.75483,1
2014,34.79547,44.66915,1
2014,34.79746,62.13654,1
2014,34.80027,70.37253,1
2014,34.80155,43.4247,1
2014,34.80184,71.51501,1
2014,34.80222,71.55778,1
2014,34.80311,72.76515,3
2014,34.80331,43.19113,1
2014,34.80407,62.62232,1
2014,34.80472,45.64667,1
2014,34.805,71.46778,1
2014,34.80647,44.49568,2
2014,34.80783,43.05796,1
2014,34.80793,61.94238,1
2014,34.80821,71.34571,1
2014,34.80833,63.43,1
2014,34.80965,71.50336,1
2014,34.81062,71.42387,1
2014,34.81151,71.45106,1
2014,34.81195,44.52201,2
2014,34.8125,71.39639,1
2014,34.81368,69.67181,2
2014,34.81547,71.31993,2
2014,34.81667,67.81667,1
2014,34.81667,70.35,4
2014,34.81667,71.31778,1
2014,34.81762,72.37551,1
2014,34.81872,71.01654,1
2014,34.82152,62.59127,1
2014,34.82167,71.11278,1
2014,34.82445,72.39452,2
2014,34.8246,70.35918,1
2014,34.82542,43.16903,1
2014,34.82695,71.1063,1
2014,34.82925,71.84145,1
2014,34.82987,43.51813,2
2014,34.83016,71.84278,1
2014,34.83192,36.85724,1
2014,34.83278,71.54639,1
2014,34.83319,72.44162,2
2014,34.834,36.85555,1
2014,34.83442,43.51513,6
2014,34.83453,70.36125,1
2014,34.83556,65.31694,2
2014,34.83694,71.32694,1
2014,34.83694,72.96222,1
2014,34.83827,70.38535,1
2014,34.84173,70.98045,1
2014,34.84412,69.15419,1
2014,34.84628,69.21623,1
2014,34.84749,71.58942,1
2014,34.84818,44.65677,1
2014,34.84918,36.88532,1
2014,34.85,63.64306,1
2014,34.85167,36.8691,1
2014,34.85382,69.64962,1
2014,34.85478,69.64797,1
2014,34.85509,63.4862,1
2014,34.85544,69.64931,1
2014,34.85556,69.64944,2
2014,34.85558,69.64937,2
2014,34.8557,71.4298,1
2014,34.85586,71.42984,2
2014,34.85614,44.56997,1
2014,34.85618,71.43029,2
2014,34.8569,71.42994,7
2014,34.85766,43.08371,1
2014,34.85891,71.49774,1
2014,34.85925,44.32206,1
2014,34.86069,72.50274,1
2014,34.86077,72.72878,1
2014,34.86144,69.65483,1
2014,34.86223,69.06785,1
2014,34.86364,63.64279,1
2014,34.86374,71.34048,1
2014,34.86375,69.65914,1
2014,34.86446,71.40032,1
2014,34.86902,71.90378,1
2014,34.87111,72.41056,1
2014,34.87151,44.62743,1
2014,34.87278,70.3755,1
2014,34.87283,71.21825,2
2014,34.87428,36.9195,1
2014,34.87448,62.17208,1
2014,34.87566,71.152,6
2014,34.87851,63.34024,1
2014,34.87917,69.67278,1
2014,34.87978,71.39428,1
2014,34.87999,44.62105,20
2014,34.88028,44.62064,1
2014,34.88105,44.6207,2
2014,34.8813,44.63057,1
2014,34.88132,44.6214,11
2014,34.88135,44.62513,60
2014,34.88314,44.62689,1
2014,34.88604,70.11082,1
2014,34.88888,71.24341,6
2014,34.88894,71.17688,1
2014,34.89,71.18,1
2014,34.89056,71.18111,1
2014,34.89197,63.47242,1
2014,34.89242,72.41102,1
2014,34.89288,43.10228,1
2014,34.89439,44.65914,1
2014,34.89489,71.73357,1
2014,34.89525,71.73264,1
2014,34.89576,43.54548,3
2014,34.89686,43.49893,1
2014,34.89727,69.71987,1
2014,34.89976,43.4901,1
2014,34.90095,44.48682,1
2014,34.90127,71.4695,1
2014,34.90902,43.42271,1
2014,34.91093,71.1274,3
2014,34.91264,62.16593,1
2014,34.91401,71.07958,1
2014,34.91414,43.40546,1
2014,34.91674,33.63336,1
2014,34.92018,70.76442,5
2014,34.92041,70.76376,1
2014,34.92413,69.2787,1
2014,34.92551,64.14782,1
2014,34.92665,68.84867,1
2014,34.92711,71.08931,2
2014,34.92828,71.27554,1
2014,34.92886,43.49292,3
2014,34.92909,43.49306,1
2014,34.92912,43.49306,1
2014,34.92914,69.34204,1
2014,34.92917,43.49306,1
2014,34.92955,43.49226,1
2014,34.93117,72.41694,1
2014,34.93154,72.8799,1
2014,34.93176,72.41458,1
2014,34.93245,43.48106,1
2014,34.93336,43.41255,19
2014,34.9345,70.69895,1
2014,34.93464,43.44455,1
2014,34.93885,69.25344,1
2014,34.93987,69.25935,3
2014,34.94025,69.25497,2
2014,34.94083,43.44973,1
2014,34.94098,69.25797,1
2014,34.94124,72.46981,1
2014,34.94228,69.26157,2
2014,34.94468,69.26603,1
2014,34.94538,69.25272,2
2014,34.9508,43.49454,65
2014,34.95152,36.58196,1
2014,34.95658,70.75413,1
2014,34.95796,70.38793,1
2014,34.95974,69.61673,1
2014,34.9618,63.62074,3
2014,34.9631,68.81088,3
2014,34.96667,69.56667,1
2014,34.96738,71.27032,1
2014,34.97464,36.50439,1
2014,34.97493,44.21583,1
2014,34.97541,70.90837,1
2014,34.97544,63.12896,1
2014,34.97667,71.85944,1
2014,34.97944,44.77528,1
2014,34.97991,70.91051,1
2014,34.98106,69.62146,1
2014,34.98613,69.65649,1
2014,34.98627,69.26106,1
2014,34.99,70.91278,1
2014,34.9967,68.85923,1
2014,34.99862,7.30815,1
2014,35.00078,71.41195,1
2014,35.00083,71.43791,1
2014,35.00219,71.40619,4
2014,35.00388,70.01602,1
2014,35.00545,72.37625,1
2014,35.0091,43.35616,1
2014,35.01279,37.05151,2
2014,35.01444,71.26516,1
2014,35.01578,40.45521,4
2014,35.01709,69.63078,1
2014,35.01816,69.16899,1
2014,35.02721,69.67452,1
2014,35.03787,69.00409,1
2014,35.04611,40.4875,1
2014,35.04847,71.23707,1
2014,35.04944,43.55804,1
2014,35.0508,43.55824,1
2014,35.05742,69.07707,1
2014,35.06806,36.88889,1
2014,35.07391,39.07229,1
2014,35.08098,40.59326,1
2014,35.0843,44.32397,2
2014,35.0845,44.32366,1
2014,35.08848,44.32105,1
2014,35.10028,69.22,1
2014,35.10532,-106.64642,1
2014,35.10551,65.10022,1
2014,35.11353,44.45826,1
2014,35.11361,71.79583,1
2014,35.11431,44.22244,1
2014,35.115,69.4125,1
2014,35.1177,71.22947,1
2014,35.11834,69.23411,2
2014,35.12031,69.25117,1
2014,35.12033,36.71751,1
2014,35.12871,71.37772,1
2014,35.12918,36.76074,3
2014,35.13128,63.4725,1
2014,35.13244,71.82614,2
2014,35.1353,44.08766,2
2014,35.13567,44.08662,1
2014,35.13574,72.07041,1
2014,35.13585,44.08771,2
2014,35.13663,44.08722,1
2014,35.13701,44.44664,1
2014,35.13967,44.13372,1
2014,35.14046,44.21166,1
2014,35.14217,44.44738,1
2014,35.14247,43.8739,1
2014,35.14317,44.4465,3
2014,35.15319,61.73938,1
2014,35.15331,61.73922,1
2014,35.16346,40.4261,1
2014,35.16636,8.83352,1
2014,35.16652,8.83326,1
2014,35.16667,8.83333,2
2014,35.16692,72.38211,1
2014,35.16713,63.76954,2
2014,35.18026,69.27998,1
2014,35.18333,70.98333,1
2014,35.18416,44.35004,1
2014,35.18879,37.21158,1
2014,35.18953,44.12083,1
2014,35.19624,44.19977,1
2014,35.19629,36.66892,1
2014,35.19715,44.89796,1
2014,35.19766,71.87492,1
2014,35.19903,71.87473,1
2014,35.20216,8.69557,1
2014,35.20472,63.06186,1
2014,35.2067,8.66158,1
2014,35.20843,61.64067,1
2014,35.20852,43.89499,1
2014,35.20986,8.66066,1
2014,35.21361,70.37333,1
2014,35.21465,44.15453,1
2014,35.22223,44.3629,1
2014,35.22537,71.52863,4
2014,35.22827,71.53784,1
2014,35.22895,71.34106,1
2014,35.22918,9.12621,2
2014,35.23361,71.33056,2
2014,35.23615,43.4391,1
2014,35.2378,40.31907,1
2014,35.24427,43.5668,1
2014,35.24462,44.27549,16
2014,35.25055,40.36052,1
2014,35.25253,43.90659,2
2014,35.25785,43.43678,1
2014,35.26026,43.40028,1
2014,35.26244,71.50372,1
2014,35.26481,62.9995,1
2014,35.26637,36.711,2
2014,35.26758,44.31338,1
2014,35.26775,44.16982,1
2014,35.26994,43.91267,1
2014,35.26994,43.91271,1
2014,35.27089,43.87922,1
2014,35.27102,43.45808,4
2014,35.27208,43.91504,15
2014,35.27226,43.46207,1
2014,35.27454,43.95288,1
2014,35.27611,43.59194,1
2014,35.27615,43.59217,1
2014,35.27843,43.56758,1
2014,35.27903,44.00018,3
2014,35.28309,40.17086,2
2014,35.2831,40.17086,1
2014,35.28654,40.18267,1
2014,35.29698,40.20231,1
2014,35.29783,71.53827,1
2014,35.30197,40.29462,1
2014,35.30254,43.52194,1
2014,35.30304,44.32993,6
2014,35.30444,71.54722,3
2014,35.30831,43.67231,1
2014,35.31022,71.54888,1
2014,35.31104,43.19893,2
2014,35.31667,43.76667,18
2014,35.3167,43.76645,3
2014,35.31925,67.63368,1
2014,35.32068,64.8105,1
2014,35.32502,70.90712,2
2014,35.32612,43.78081,3
2014,35.32626,43.7672,1
2014,35.3292,43.94368,1
2014,35.33134,44.19268,1
2014,35.33306,40.13874,1
2014,35.3344,40.1445,3
2014,35.336,40.145,3
2014,35.33614,40.14501,1
2014,35.33749,44.28518,1
2014,35.35144,64.58884,1
2014,35.35611,44.31167,1
2014,35.3577,43.95312,2
2014,35.3578,36.79552,1
2014,35.3595,43.66403,1
2014,35.36157,35.92716,1
2014,35.36442,44.08496,1
2014,35.36667,44.13333,3
2014,35.37213,36.69216,1
2014,35.3733,36.60266,1
2014,35.38457,65.945,1
2014,35.39225,68.22288,1
2014,35.39385,43.2594,1
2014,35.3963,44.36637,1
2014,35.39878,44.37074,1
2014,35.40307,65.9512,1
2014,35.4037,44.0014,1
2014,35.40551,37.43055,2
2014,35.40854,43.68436,1
2014,35.40987,71.33864,3
2014,35.41111,43.67839,2
2014,35.4115,63.39087,1
2014,35.41292,44.35113,2
2014,35.4133,36.33012,1
2014,35.41686,44.27281,1
2014,35.42157,43.12456,1
2014,35.42336,43.56534,1
2014,35.42869,44.08237,1
2014,35.43591,44.38203,1
2014,35.43809,73.93598,1
2014,35.43861,44.16444,1
2014,35.4432,43.7525,1
2014,35.45211,44.37546,107
2014,35.45509,42.39552,1
2014,35.45538,43.12124,1
2014,35.46667,44.31667,4
2014,35.46962,43.11838,1
2014,35.4699,44.12767,1
2014,35.47062,44.39575,1
2014,35.47308,44.39812,1
2014,35.47428,43.14648,1
2014,35.4807,43.14091,1
2014,35.48595,43.1256,1
2014,35.48677,43.11298,2
2014,35.48705,43.11393,1
2014,35.48832,43.26746,1
2014,35.49298,43.2426,1
2014,35.493,43.24248,4
2014,35.49375,43.09731,1
2014,35.49457,43.24237,1
2014,35.49485,43.09716,3
2014,35.49486,43.09716,1
2014,35.49543,44.40223,1
2014,35.49547,43.84084,1
2014,35.49673,43.13847,1
2014,35.49944,43.23489,26
2014,35.53694,44.28194,4
2014,35.53734,44.28167,1
2014,35.54267,43.2618,1
2014,35.5646,64.43189,1
2014,35.56701,45.3855,2
2014,35.56943,42.72302,3
2014,35.57278,42.73389,1
2014,35.57361,64.1125,1
2014,35.57764,43.25627,1
2014,35.57949,65.16137,1
2014,35.59416,64.76536,2
2014,35.59594,43.24268,2
2014,35.59821,64.76366,3
2014,35.60062,42.88443,1
2014,35.60507,64.12011,2
2014,35.60861,68.68583,1
2014,35.60864,68.6856,1
2014,35.61063,43.24892,2
2014,35.61528,68.65944,1
2014,35.61562,36.55839,1
2014,35.61625,36.65527,1
2014,35.61831,64.24956,1
2014,35.62241,65.2634,1
2014,35.62526,43.22324,8
2014,35.63167,65.27972,2
2014,35.63656,68.71424,1
2014,35.64134,64.27917,1
2014,35.64422,36.70191,1
2014,35.6478,36.67526,3
2014,35.66034,66.15869,2
2014,35.66176,66.04388,1
2014,35.66309,65.09908,1
2014,35.6688,9.82037,2
2014,35.67043,44.07395,3
2014,35.67251,44.07303,1
2014,35.67293,44.07014,2
2014,35.67328,44.07342,2
2014,35.6734,71.3431,1
2014,35.67341,71.34309,1
2014,35.67591,10.09192,1
2014,35.6773,44.07493,1
2014,35.67965,66.09572,1
2014,35.68579,44.09842,1
2014,35.68612,43.89792,1
2014,35.68742,64.2931,2
2014,35.68862,44.09934,1
2014,35.69112,43.87686,1
2014,35.69183,64.29575,1
2014,35.69206,64.29574,4
2014,35.7,44.1,1
2014,35.70459,43.89358,1
2014,35.70516,43.89928,1
2014,35.70839,65.3287,1
2014,35.70893,66.14836,1
2014,35.71816,71.31664,1
2014,35.73056,63.7825,1
2014,35.73585,65.35552,1
2014,35.74084,-81.70035,1
2014,35.75529,43.26446,1
2014,35.75745,63.80171,1
2014,35.75803,43.28545,1
2014,35.7633,64.43701,1
2014,35.76673,43.58579,1
2014,35.77862,43.26549,1
2014,35.78129,37.49922,2
2014,35.78583,36.03806,1
2014,35.79389,64.40028,1
2014,35.79813,43.29418,32
2014,35.8043,69.28775,2
2014,35.80648,65.10838,1
2014,35.80909,68.54957,1
2014,35.81053,63.13463,1
2014,35.81079,68.56834,1
2014,35.81432,36.61423,4
2014,35.81667,64.55528,1
2014,35.81782,42.41596,1
2014,35.81923,66.12753,1
2014,35.82111,64.765,1
2014,35.82543,35.95213,1
2014,35.82546,66.55244,1
2014,35.82874,14.47534,1
2014,35.83148,38.54541,1
2014,35.84622,64.53343,2
2014,35.8464,64.5333,1
2014,35.84712,65.23884,2
2014,35.84813,64.24248,1
2014,35.8587,64.7381,1
2014,35.86583,2.27028,1
2014,35.8672,68.6096,1
2014,35.86833,64.55417,1
2014,35.87097,43.29677,1
2014,35.88097,43.34021,3
2014,35.89528,36.63306,1
2014,35.89778,36.63417,1
2014,35.89878,36.63392,1
2014,35.90424,36.06347,2
2014,35.90858,67.42506,1
2014,35.90957,43.31661,1
2014,35.91489,68.54707,1
2014,35.9153,64.75075,1
2014,35.91572,64.49279,1
2014,35.91613,64.49359,1
2014,35.91975,74.30594,1
2014,35.92029,64.28761,1
2014,35.92033,64.28061,1
2014,35.92054,74.30215,1
2014,35.92105,64.77454,8
2014,35.92117,64.78466,1
2014,35.92139,64.78361,1
2014,35.92243,74.30753,2
2014,35.9248,6.69597,1
2014,35.92502,64.23718,1
2014,35.92522,35.98825,2
2014,35.92589,36.6519,1
2014,35.9288,36.63145,7
2014,35.93333,36.63333,2
2014,35.93333,36.63345,1
2014,35.93345,64.74997,1
2014,35.93384,43.03522,2
2014,35.93847,68.90704,1
2014,35.93853,68.71709,1
2014,35.94755,68.71033,10
2014,35.95,68.7,1
2014,35.95152,39.00956,7
2014,35.95236,42.35391,1
2014,35.95684,36.71404,1
2014,35.9588,38.99829,1
2014,35.95881,38.9994,1
2014,35.9592,38.99802,1
2014,35.96667,66.7025,1
2014,35.96759,70.71685,1
2014,35.9711,65.38344,1
2014,35.98846,39.03,1
2014,35.99353,43.21973,2
2014,35.99588,42.82914,4
2014,35.99646,65.35199,1
2014,35.99827,42.82655,1
2014,36.0014,65.363,1
2014,36.01313,36.67344,1
2014,36.01639,70.67667,1
2014,36.01884,72.00813,1
2014,36.03415,43.08153,1
2014,36.0353,36.8381,1
2014,36.03636,68.64231,1
2014,36.03833,65.3675,1
2014,36.03846,43.07764,1
2014,36.03926,41.78857,1
2014,36.04201,41.71535,1
2014,36.04351,43.48939,1
2014,36.04356,64.92629,1
2014,36.04506,41.71672,3
2014,36.04607,64.28207,1
2014,36.05208,43.12626,1
2014,36.05621,42.79633,1
2014,36.05944,64.84925,1
2014,36.06097,42.39808,1
2014,36.06413,69.10114,1
2014,36.07956,64.90596,2
2014,36.08034,64.90933,1
2014,36.08188,37.369,1
2014,36.0838,42.37732,1
2014,36.09388,38.01354,1
2014,36.09768,43.32837,1
2014,36.09846,64.86446,9
2014,36.09984,66.20771,1
2014,36.10125,64.94472,1
2014,36.10428,42.96804,1
2014,36.1044,42.9686,1
2014,36.10788,42.45638,1
2014,36.11617,43.09097,1
2014,36.12244,43.19109,1
2014,36.13456,8.76111,1
2014,36.14231,43.02478,1
2014,36.1444,43.31009,1
2014,36.15653,37.70788,1
2014,36.15856,43.2551,23
2014,36.16067,65.44785,1
2014,36.16538,66.09094,1
2014,36.17158,42.29449,1
2014,36.1719,68.75245,1
2014,36.17734,41.91016,1
2014,36.1789,68.74531,1
2014,36.18014,40.91678,1
2014,36.18142,43.2338,1
2014,36.19259,44.00462,3
2014,36.19333,65.3525,1
2014,36.19474,65.42477,1
2014,36.20172,37.14352,36
2014,36.20196,42.2983,1
2014,36.20403,37.00354,1
2014,36.20439,42.26355,1
2014,36.20513,8.49254,1
2014,36.20637,42.74994,1
2014,36.21112,69.1684,1
2014,36.21208,37.14638,1
2014,36.21283,65.37528,1
2014,36.21325,42.28552,1
2014,36.21607,69.14265,1
2014,36.21749,65.93173,1
2014,36.21759,65.93187,1
2014,36.21766,65.93304,2
2014,36.21782,65.93388,1
2014,36.2199,37.47394,1
2014,36.22008,42.24174,2
2014,36.2229,8.35537,1
2014,36.22294,8.35538,1
2014,36.22624,37.46814,3
2014,36.22957,42.23624,1
2014,36.23028,36.69293,2
2014,36.2305,43.12749,1
2014,36.2317,36.69624,1
2014,36.23335,-115.26541,1
2014,36.23398,43.10697,1
2014,36.23828,64.86444,2
2014,36.23838,64.86442,1
2014,36.23853,64.86418,1
2014,36.23853,64.86846,1
2014,36.23944,64.86394,1
2014,36.24783,68.77814,1
2014,36.25852,43.10813,1
2014,36.2587,43.28142,1
2014,36.26246,42.28057,1
2014,36.26383,42.70767,1
2014,36.26535,42.70394,1
2014,36.2667,37.20334,1
2014,36.26693,68.01969,1
2014,36.26946,43.3744,2
2014,36.2703,4.84628,1
2014,36.27083,43.3775,1
2014,36.27311,43.15937,7
2014,36.2748,68.80248,1
2014,36.27993,42.94599,2
2014,36.2807,43.14749,1
2014,36.2819,69.17634,1
2014,36.28345,42.78629,1
2014,36.28667,64.87218,1
2014,36.29137,37.15876,1
2014,36.2947,43.5047,1
2014,36.29972,8.76833,1
2014,36.30214,65.48266,1
2014,36.30383,65.48208,1
2014,36.31044,36.68916,2
2014,36.31131,42.63484,1
2014,36.31195,43.54571,1
2014,36.3152,43.1311,1
2014,36.3152,44.14973,1
2014,36.31714,43.16158,1
2014,36.3175,41.75222,1
2014,36.31939,41.86148,9
2014,36.31989,41.85964,1
2014,36.32,41.86,3
2014,36.32297,41.87458,1
2014,36.32505,42.84099,4
2014,36.32824,43.0841,1
2014,36.33245,68.76319,2
2014,36.33273,43.08281,2
2014,36.33402,43.06179,1
2014,36.33695,43.1378,1
2014,36.33767,43.13037,3
2014,36.33833,43.08831,1
2014,36.34114,8.58584,1
2014,36.34409,43.32732,1
2014,36.34726,43.12918,1
2014,36.34966,43.25643,1
2014,36.35415,43.14357,286
2014,36.35502,42.44754,1
2014,36.36266,37.01265,1
2014,36.3662,37.51228,2
2014,36.36744,43.18894,1
2014,36.37045,42.43621,1
2014,36.37306,42.93139,1
2014,36.37417,42.45,1
2014,36.37667,42.4795,1
2014,36.37682,42.44888,5
2014,36.37728,36.99361,1
2014,36.38055,41.82291,1
2014,36.38552,41.68405,1
2014,36.39169,41.83376,1
2014,36.39392,43.12417,1
2014,36.40306,42.13778,1
2014,36.40734,42.37884,1
2014,36.40739,42.96462,5
2014,36.41147,43.12613,1
2014,36.41191,43.04293,2
2014,36.41964,64.90209,2
2014,36.42102,64.89675,1
2014,36.42142,64.89622,1
2014,36.42778,70.79778,3
2014,36.43247,37.56614,1
2014,36.43369,43.27508,1
2014,36.43511,42.63146,1
2014,36.4372,64.9228,1
2014,36.44391,42.95183,2
2014,36.45056,67.89611,1
2014,36.45344,70.84745,1
2014,36.48039,42.45353,1
2014,36.48115,4.29231,1
2014,36.4825,67.22056,1
2014,36.48258,37.1971,1
2014,36.48864,66.64071,1
2014,36.48944,43.11917,1
2014,36.49833,68.88917,1
2014,36.50102,42.43974,1
2014,36.50359,40.74063,6
2014,36.50787,40.74627,1
2014,36.51217,43.26891,1
2014,36.51222,68.87599,1
2014,36.51685,69.168,1
2014,36.51829,4.23962,1
2014,36.5231,65.05435,1
2014,36.52571,65.08167,1
2014,36.52856,37.95409,2
2014,36.539,37.21323,1
2014,36.54377,43.02407,1
2014,36.545,42.88361,1
2014,36.5525,64.91357,1
2014,36.56039,8.76537,1
2014,36.56527,69.70584,1
2014,36.56778,69.94333,1
2014,36.57004,42.6022,1
2014,36.57409,69.86337,1
2014,36.59122,36.96185,1
2014,36.59157,42.704,1
2014,36.59553,37.14913,1
2014,36.61279,37.44903,1
2014,36.61606,101.77914,1
2014,36.61796,38.78285,1
2014,36.61858,37.07624,2
2014,36.62021,42.79183,2
2014,36.62552,38.75404,1
2014,36.62631,42.83387,1
2014,36.63061,68.81088,1
2014,36.63652,37.47561,1
2014,36.64061,68.5593,1
2014,36.64188,38.69255,1
2014,36.64536,67.13814,1
2014,36.64639,68.55944,1
2014,36.64674,38.78416,1
2014,36.65042,68.60549,1
2014,36.65863,38.75878,1
2014,36.6609,42.60528,2
2014,36.66474,66.01438,1
2014,36.665,65.752,1
2014,36.66528,43.97833,1
2014,36.66539,69.78548,1
2014,36.66717,68.69318,1
2014,36.66735,69.09741,2
2014,36.66952,69.13038,1
2014,36.6698,69.47845,1
2014,36.67467,65.7484,4
2014,36.67606,44.37324,1
2014,36.67806,66.80306,1
2014,36.67972,69.06194,1
2014,36.68049,38.74878,1
2014,36.68145,69.1149,1
2014,36.68152,69.11481,1
2014,36.68155,69.12168,1
2014,36.68356,69.11808,1
2014,36.68434,38.80289,1
2014,36.69451,68.80158,4
2014,36.69544,38.41506,1
2014,36.70578,68.87706,29
2014,36.70917,71.57389,1
2014,36.70993,67.1157,10
2014,36.71664,38.94499,1
2014,36.72511,68.7879,1
2014,36.72847,68.86332,1
2014,36.72847,68.8682,1
2014,36.73194,68.70611,1
2014,36.73289,68.87852,1
2014,36.73322,68.86721,1
2014,36.73333,68.86667,1
2014,36.73346,69.53776,1
2014,36.7335,43.09758,1
2014,36.73477,70.812,1
2014,36.73884,65.70412,1
2014,36.74068,3.72119,1
2014,36.75021,71.20959,1
2014,36.75264,68.75495,1
2014,36.75506,66.89754,1
2014,36.75765,66.90161,1
2014,36.7604,71.20543,2
2014,36.76321,42.60254,2
2014,36.76376,3.05541,1
2014,36.76483,42.63605,1
2014,36.76496,68.94528,1
2014,36.78718,66.15324,1
2014,36.79442,70.82736,1
2014,36.79709,42.10465,1
2014,36.79938,5.76701,1
2014,36.8,66.5,1
2014,36.80077,71.16777,1
2014,36.80356,-114.13238,1
2014,36.80398,42.09394,1
2014,36.8063,70.10425,1
2014,36.81863,38.01113,3
2014,36.82014,68.68209,1
2014,36.82874,69.40175,1
2014,36.83988,64.45982,1
2014,36.84222,66.27444,1
2014,36.84513,65.07495,1
2014,36.84532,65.07501,1
2014,36.84642,68.76038,1
2014,36.84795,40.07062,1
2014,36.85306,40.0474,1
2014,36.85307,40.04738,1
2014,36.85492,68.73287,1
2014,36.855,68.70583,1
2014,36.85639,6.05194,1
2014,36.86522,70.83514,1
2014,36.86667,70.83444,4
2014,36.86745,70.83389,1
2014,36.87867,65.66176,1
2014,36.87995,68.72697,1
2014,36.88167,70.27667,1
2014,36.8865,38.3502,33
2014,36.89078,38.35291,1
2014,36.89203,66.09837,1
2014,36.89697,65.66586,4
2014,36.89896,66.08876,1
2014,36.90275,68.62539,1
2014,36.90315,66.19054,1
2014,36.90463,38.34531,1
2014,36.91139,66.18583,3
2014,36.92342,69.18759,1
2014,36.92691,66.2502,1
2014,36.92948,42.22103,1
2014,36.93417,66.11389,1
2014,36.95403,69.17493,1
2014,36.95616,69.17133,2
2014,36.95897,69.14732,1
2014,36.96983,35.2618,1
2014,36.97472,70.9075,1
2014,36.97512,38.42429,1
2014,36.97559,38.4264,2
2014,36.98218,65.63972,1
2014,36.98719,69.18575,1
2014,36.98918,70.90635,2
2014,36.9925,66.29639,1
2014,37.0,68.41667,1
2014,37.00083,65.22389,1
2014,37.00196,70.93895,1
2014,37.00979,69.18499,1
2014,37.02459,69.13136,1
2014,37.02524,69.17459,1
2014,37.02782,69.24021,1
2014,37.05336,41.22734,2
2014,37.05533,71.18087,1
2014,37.05852,79.45697,1
2014,37.06583,69.42111,4
2014,37.06623,69.42276,1
2014,37.06762,69.42596,1
2014,37.06962,69.42095,1
2014,37.08018,41.22019,1
2014,37.08333,69.21667,1
2014,37.09039,41.21163,1
2014,37.10611,69.16528,1
2014,37.10783,70.56756,1
2014,37.11416,79.92221,1
2014,37.11606,9.74417,1
2014,37.14167,69.80444,1
2014,37.15915,38.79691,1
2014,37.18072,70.49352,1
2014,37.18177,68.9113,2
2014,37.18318,68.91814,1
2014,37.18399,68.9144,1
2014,37.18816,68.90525,1
2014,37.20708,70.83274,1
2014,37.23582,39.76206,1
2014,37.24637,42.4787,1
2014,37.24855,42.47055,1
2014,37.25026,42.47123,1
2014,37.2775,79.72932,1
2014,37.29002,43.66982,1
2014,37.31168,44.56934,1
2014,37.32962,43.38471,1
2014,37.33126,42.18178,4
2014,37.33146,42.18278,3
2014,37.34666,69.53389,1
2014,37.37386,44.08505,1
2014,37.41278,66.04722,1
2014,37.41667,70.68333,1
2014,37.44487,43.75025,1
2014,37.4456,42.85293,1
2014,37.4456,42.85302,1
2014,37.44764,43.76275,1
2014,37.48263,43.11685,1
2014,37.50011,71.55061,1
2014,37.51639,42.46111,1
2014,37.524,65.74299,1
2014,37.54618,41.71962,1
2014,37.54706,34.48651,1
2014,37.5471,41.71838,1
2014,37.56477,44.29632,3
2014,37.56514,42.04158,1
2014,37.56889,44.29862,1
2014,37.57811,43.73866,2
2014,37.64631,120.47815,1
2014,37.74941,42.17923,1
2014,37.8806,77.41729,1
2014,37.88313,77.41411,1
2014,37.92222,40.18438,2
2014,37.93296,42.55041,1
2014,37.93361,41.9454,1
2014,37.98102,23.64974,1
2014,37.98582,40.61693,1
2014,37.99749,23.76273,21
2014,38.0539,40.37549,1
2014,38.05997,42.03246,1
2014,38.10172,40.43421,1
2014,38.1046,40.541,1
2014,38.12685,23.78731,1
2014,38.14274,41.00662,1
2014,38.23884,21.7595,1
2014,38.2906,40.50398,1
2014,38.32098,43.3897,1
2014,38.36848,43.71188,1
2014,38.37331,40.07558,1
2014,38.41422,77.24576,2
2014,38.41423,77.24581,4
2014,38.41953,40.0185,1
2014,38.43249,22.42596,1
2014,38.43783,40.51214,1
2014,38.45494,40.64681,1
2014,38.45562,40.64734,1
2014,38.45566,40.6474,1
2014,38.45721,40.64746,1
2014,38.45733,40.64447,1
2014,38.49417,43.38,1
2014,38.50055,42.19504,1
2014,38.50126,43.37554,1
2014,38.65337,44.17149,2
2014,38.69297,40.4987,1
2014,38.70988,77.37047,1
2014,38.73556,41.48814,1
2014,38.88535,40.49829,1
2014,38.88698,-94.68704,2
2014,38.88845,40.50115,2
2014,38.95279,41.9017,1
2014,39.11527,39.56902,1
2014,39.12394,-94.55414,1
2014,39.15342,39.56338,1
2014,39.30736,39.43878,1
2014,39.35833,39.21611,1
2014,39.46941,75.99007,1
2014,39.48625,39.8979,1
2014,39.51953,75.94243,1
2014,39.54111,43.68598,1
2014,39.79516,78.56193,1
2014,39.93077,32.76754,2
2014,40.14148,43.11783,1
2014,40.14195,43.11988,1
2014,40.4061,-80.56704,1
2014,40.41724,49.90346,2
2014,40.46484,19.48708,1
2014,40.4656,-3.69626,1
2014,40.62066,22.952,1
2014,40.69426,-73.93068,3
2014,40.79859,-74.2384,1
2014,40.93984,24.41452,1
2014,41.10618,28.68986,6
2014,41.16813,80.26679,1
2014,41.18426,79.1454,1
2014,41.24477,79.34283,1
2014,41.24477,81.5946,4
2014,41.35974,48.51235,1
2014,41.37012,-75.15407,1
2014,41.38804,9.15924,1
2014,41.47993,19.71872,1
2014,41.60741,-87.86191,1
2014,41.7153,44.78252,1
2014,41.77639,84.25096,4
2014,41.89096,12.49007,1
2014,41.99612,21.39997,1
2014,41.99709,21.42808,1
2014,42.00313,20.96602,1
2014,42.13631,8.59577,1
2014,42.30977,9.14909,1
2014,42.34636,44.04925,1
2014,42.34851,47.60616,1
2014,42.38453,46.96456,1
2014,42.3994,20.65266,1
2014,42.43214,46.52473,1
2014,42.44348,46.54767,1
2014,42.46042,76.17615,1
2014,42.65935,21.161,1
2014,42.68243,23.36702,1
2014,42.68788,46.87021,1
2014,42.7,9.44732,1
2014,42.83329,75.28347,1
2014,42.87735,20.86125,1
2014,42.89309,-7.24976,1
2014,42.91165,20.84039,1
2014,42.98542,47.45067,11
2014,43.09074,141.34073,2
2014,43.09075,141.3402,1
2014,43.09098,141.34222,1
2014,43.09648,141.34284,1
2014,43.12784,45.33029,1
2014,43.15904,46.96546,1
2014,43.201,46.86386,1
2014,43.2267,44.77057,1
2014,43.24855,46.59784,5
2014,43.26967,46.91809,1
2014,43.27499,-2.97278,1
2014,43.30653,46.86069,1
2014,43.30658,-2.89443,1
2014,43.32023,45.65449,5
2014,43.33214,44.98248,2
2014,43.47562,44.29324,1
2014,43.49298,43.60293,1
2014,43.52987,5.44769,1
2014,43.68333,43.53333,1
2014,43.71992,6.97934,1
2014,43.76955,11.25848,1
2014,43.77103,11.248,1
2014,43.79985,1.60622,2
2014,43.8011,87.59583,1
2014,43.80899,18.571,1
2014,43.82543,87.61776,1
2014,43.82559,87.61685,1
2014,43.87778,43.48333,1
2014,43.9292,43.14007,1
2014,44.49452,11.34305,1
2014,44.60633,33.52472,1
2014,44.69889,10.65918,1
2014,44.74571,33.85957,1
2014,44.94862,34.10641,1
2014,44.95168,34.1046,1
2014,44.95201,34.10285,1
2014,44.95222,34.10252,1
2014,44.95463,34.11547,1
2014,45.18396,15.82834,2
2014,45.28381,34.32586,1
2014,45.31319,-73.25931,1
2014,45.42357,-75.70091,1
2014,45.67553,-118.82091,1
2014,45.89096,11.04014,1
2014,45.8917,11.04031,1
2014,46.08782,-64.77823,1
2014,46.1159,33.68868,2
2014,46.26605,-0.01146,1
2014,46.41216,125.3316,1
2014,46.43766,30.73088,1
2014,46.46943,30.72792,1
2014,46.47726,30.65646,1
2014,46.47985,30.73579,2
2014,46.47991,30.73812,1
2014,46.48002,30.73172,2
2014,46.48144,30.72331,1
2014,46.48153,30.72315,1
2014,46.48204,30.72905,1
2014,46.48231,30.72331,1
2014,46.48252,30.72331,2
2014,46.48274,30.72268,1
2014,46.63542,32.61687,1
2014,46.95967,37.38873,1
2014,46.96479,142.72534,1
2014,46.96536,30.16612,1
2014,46.97173,32.0006,1
2014,47.084,37.53409,1
2014,47.08876,37.54792,1
2014,47.08999,37.56381,1
2014,47.0933,37.54388,1
2014,47.09448,37.68065,1
2014,47.09697,37.54337,1
2014,47.09713,37.54337,1
2014,47.09729,37.54384,1
2014,47.09738,37.54857,1
2014,47.09794,37.5429,1
2014,47.09826,37.54897,1
2014,47.09863,38.18567,1
2014,47.09881,38.19168,1
2014,47.09899,38.19164,1
2014,47.09935,37.5443,1
2014,47.09937,37.55684,1
2014,47.10026,37.8169,1
2014,47.10159,37.56031,5
2014,47.1016,37.54201,1
2014,47.10184,37.54284,2
2014,47.10306,37.54282,1
2014,47.1038,37.54397,1
2014,47.10898,37.62148,1
2014,47.10914,37.55045,5
2014,47.11885,38.06707,1
2014,47.11898,38.06691,1
2014,47.11902,38.06704,1
2014,47.11907,38.06685,3
2014,47.168,37.7178,1
2014,47.16944,37.71611,1
2014,47.17878,37.69411,2
2014,47.18578,37.72099,3
2014,47.18584,37.72167,1
2014,47.19101,37.72738,1
2014,47.23606,37.77588,1
2014,47.25785,37.74398,1
2014,47.26208,37.78281,1
2014,47.2623,37.78597,2
2014,47.27543,37.98403,1
2014,47.28954,37.40616,1
2014,47.32205,5.04148,1
2014,47.3524,0.66361,1
2014,47.39046,37.75063,1
2014,47.42141,37.69644,1
2014,47.42162,37.70028,1
2014,47.44803,37.86319,1
2014,47.45401,37.87094,1
2014,47.45413,37.8682,1
2014,47.45556,37.86679,1
2014,47.45578,37.8678,1
2014,47.45586,37.86802,1
2014,47.45793,37.871,2
2014,47.49494,19.04332,1
2014,47.495,-122.24109,1
2014,47.54134,38.12182,1
2014,47.5439,37.78,1
2014,47.55206,35.81602,1
2014,47.57745,37.67694,1
2014,47.58662,37.66185,1
2014,47.59511,37.48314,1
2014,47.62152,-122.32408,1
2014,47.64032,38.07695,1
2014,47.66112,37.16611,1
2014,47.66282,38.06458,1
2014,47.66656,38.0667,1
2014,47.6976,37.50337,1
2014,47.70066,38.65933,2
2014,47.70071,38.67942,1
2014,47.72573,38.70752,1
2014,47.72715,38.11624,1
2014,47.73152,38.70429,1
2014,47.74721,37.6786,1
2014,47.75317,38.03163,1
2014,47.75417,38.03111,1
2014,47.75603,39.93345,1
2014,47.76864,37.58144,1
2014,47.76929,37.58227,1
2014,47.771,37.57969,1
2014,47.78048,38.48882,1
2014,47.78328,38.48305,1
2014,47.78333,38.48333,1
2014,47.78621,38.48051,1
2014,47.78784,38.48416,1
2014,47.78836,38.48175,1
2014,47.79195,38.48224,1
2014,47.80883,38.02195,1
2014,47.81296,38.28878,1
2014,47.81833,38.90833,2
2014,47.81861,38.74889,1
2014,47.82035,38.74779,1
2014,47.82417,38.29784,1
2014,47.85674,39.75466,2
2014,47.8577,39.75758,1
2014,47.85778,39.7475,1
2014,47.85805,38.22188,1
2014,47.85833,39.75472,2
2014,47.85918,39.75842,3
2014,47.8599,39.75567,1
2014,47.87459,38.06738,1
2014,47.8774,38.9027,1
2014,47.87833,38.90389,1
2014,47.88362,38.78149,1
2014,47.89742,38.13511,1
2014,47.90268,39.04156,1
2014,47.90486,38.84652,1
2014,47.9055,38.84353,1
2014,47.90938,33.39113,1
2014,47.9151,39.48885,1
2014,47.92056,37.67472,1
2014,47.92168,39.48626,1
2014,47.9229,38.741,1
2014,47.92444,38.80056,1
2014,47.92483,38.80204,1
2014,47.92556,38.19532,1
2014,47.92556,38.19567,1
2014,47.92725,38.81115,1
2014,47.92785,38.80215,1
2014,47.92795,37.37164,4
2014,47.93413,38.93784,1
2014,47.93441,38.93497,1
2014,47.94009,38.94057,1
2014,47.94229,37.50403,1
2014,47.94296,37.50554,1
2014,47.94348,37.62259,1
2014,47.94404,37.61703,1
2014,47.94436,37.50791,1
2014,47.94581,37.50944,1
2014,47.94714,37.57363,1
2014,47.94799,37.6888,1
2014,47.9484,37.62062,1
2014,47.94944,39.14,1
2014,47.94952,39.14026,1
2014,47.95006,39.1377,1
2014,47.95202,37.93599,1
2014,47.95258,39.74028,1
2014,47.95375,39.14922,1
2014,47.9579,37.59096,1
2014,47.95892,37.7712,1
2014,47.95931,37.59363,1
2014,47.95963,37.58649,1
2014,47.96455,37.60612,1
2014,47.96714,37.59044,1
2014,47.96721,37.59804,1
2014,47.96836,37.80577,1
2014,47.97118,37.39632,1
2014,47.97127,37.81495,1
2014,47.97135,37.71688,1
2014,47.9733,38.78999,1
2014,47.98581,37.27199,1
2014,47.99948,37.80369,1
2014,47.99983,37.51599,1
2014,48.00044,37.80741,1
2014,48.00158,37.80872,1
2014,48.0016,37.84396,1
2014,48.00171,37.79883,1
2014,48.00172,37.85842,5
2014,48.0034,37.7953,1
2014,48.00426,37.8025,1
2014,48.00576,37.81391,1
2014,48.00589,37.79853,1
2014,48.0084,37.73396,1
2014,48.00861,38.56323,1
2014,48.00916,37.79399,1
2014,48.00917,37.73355,1
2014,48.00918,37.81604,1
2014,48.00983,37.73341,1
2014,48.00988,37.52024,1
2014,48.01052,37.74239,1
2014,48.01069,37.80594,1
2014,48.01101,37.50825,1
2014,48.01177,37.7389,1
2014,48.01206,37.80529,1
2014,48.01266,37.80278,1
2014,48.01271,37.81067,2
2014,48.01306,37.80653,1
2014,48.01332,37.80146,2
2014,48.01353,37.80982,1
2014,48.01358,37.80055,1
2014,48.01366,37.80244,1
2014,48.01366,37.80299,1
2014,48.0138,37.80421,1
2014,48.01412,37.80037,1
2014,48.01435,37.80285,1
2014,48.01479,37.80219,1
2014,48.0151,37.73923,1
2014,48.0153,37.80169,2
2014,48.01535,37.80086,1
2014,48.01535,37.80329,1
2014,48.01544,37.81214,1
2014,48.01572,37.80293,1
2014,48.01583,37.80285,8
2014,48.01588,37.80285,10
2014,48.01596,37.80295,1
2014,48.01604,37.83837,1
2014,48.01605,37.80227,2
2014,48.01605,37.80301,1
2014,48.0161,37.80351,1
2014,48.01667,38.63333,1
2014,48.01698,37.80036,1
2014,48.01754,38.63341,1
2014,48.01766,37.8046,1
2014,48.01901,38.63491,1
2014,48.02052,38.62841,1
2014,48.02133,38.62619,1
2014,48.02168,38.76246,1
2014,48.02442,37.80902,1
2014,48.02506,37.81371,1
2014,48.02776,37.82971,1
2014,48.03596,37.79268,1
2014,48.04288,38.1423,1
2014,48.04292,37.78182,2
2014,48.0432,38.1394,1
2014,48.04392,37.78557,2
2014,48.04431,37.74616,1
2014,48.0448,37.77724,1
2014,48.04575,37.778,1
2014,48.04599,37.96664,1
2014,48.0461,37.78041,1
2014,48.0462,37.7859,1
2014,48.04673,37.96896,1
2014,48.04709,37.96745,1
2014,48.04712,37.77954,1
2014,48.04723,37.76071,1
2014,48.04766,37.96736,1
2014,48.04773,37.96715,1
2014,48.04925,37.74787,1
2014,48.05274,39.93735,1
2014,48.0568,37.73419,1
2014,48.0584,37.73039,1
2014,48.06016,38.43289,1
2014,48.06221,37.68048,1
2014,48.06222,37.675,1
2014,48.06223,37.675,2
2014,48.06239,38.41667,1
2014,48.06251,37.7525,1
2014,48.06276,38.41657,1
2014,48.06352,38.4176,1
2014,48.0638,37.78022,1
2014,48.06393,37.67692,1
2014,48.06428,37.6764,3
2014,48.06851,37.74271,2
2014,48.06858,37.74159,3
2014,48.06879,37.74201,13
2014,48.06896,37.74158,1
2014,48.06908,37.74144,1
2014,48.06912,37.74157,1
2014,48.06928,37.74192,7
2014,48.06957,37.74165,3
2014,48.06996,37.74216,11
2014,48.06996,37.74239,2
2014,48.07006,37.74171,1
2014,48.0702,37.74188,5
2014,48.07026,37.74163,2
2014,48.07055,37.74367,1
2014,48.07147,37.73621,1
2014,48.07886,39.64741,1
2014,48.07911,39.64796,1
2014,48.08058,37.85782,1
2014,48.08123,39.65273,1
2014,48.08302,37.76946,1
2014,48.08314,39.78194,1
2014,48.0833,39.7833,1
2014,48.09667,37.59358,1
2014,48.11061,37.48805,1
2014,48.11102,37.48802,1
2014,48.11793,38.16041,1
2014,48.11823,39.09231,1
2014,48.12165,37.87196,1
2014,48.12265,37.83063,1
2014,48.12972,38.56556,1
2014,48.13278,39.80056,1
2014,48.13333,38.93333,1
2014,48.13738,37.64194,1
2014,48.13916,38.63934,1
2014,48.14085,37.63897,2
2014,48.14394,37.74651,3
2014,48.14444,37.74791,1
2014,48.14528,37.745,1
2014,48.14529,37.745,2
2014,48.14606,37.75408,4
2014,48.14608,37.74765,1
2014,48.1464,38.25426,1
2014,48.14785,37.75055,1
2014,48.14981,38.36028,1
2014,48.14985,38.36051,1
2014,48.15,38.36667,1
2014,48.164,38.374,1
2014,48.16522,39.85698,1
2014,48.17048,38.22064,1
2014,48.17289,37.91725,1
2014,48.17386,37.78885,1
2014,48.17922,37.35042,1
2014,48.18028,37.46889,1
2014,48.1809,37.34794,1
2014,48.18111,37.35056,1
2014,48.18134,37.34927,1
2014,48.18684,37.44318,1
2014,48.18949,38.35219,1
2014,48.19015,38.34314,1
2014,48.19032,38.35256,1
2014,48.19053,38.34417,2
2014,48.20111,37.33917,1
2014,48.20111,39.11667,1
2014,48.21653,39.77491,1
2014,48.21672,38.19992,1
2014,48.21677,38.20237,1
2014,48.21755,39.77596,1
2014,48.21904,38.202,1
2014,48.23718,38.52504,1
2014,48.23866,38.52298,2
2014,48.23996,38.52278,1
2014,48.23997,38.52278,2
2014,48.23999,38.52278,1
2014,48.24041,38.5212,1
2014,48.24154,38.52329,1
2014,48.24456,37.7416,1
2014,48.24481,37.74158,1
2014,48.26613,38.52087,3
2014,48.26705,38.52213,1
2014,48.26728,38.52038,1
2014,48.27393,38.6101,1
2014,48.2804,-2.84097,1
2014,48.28441,39.35057,1
2014,48.28528,38.54611,1
2014,48.28675,38.54462,1
2014,48.28693,39.89128,1
2014,48.28916,39.89177,1
2014,48.29035,37.95692,1
2014,48.29079,39.89273,1
2014,48.29114,39.89279,1
2014,48.29205,39.90993,1
2014,48.29722,39.47944,1
2014,48.29931,37.77425,1
2014,48.29936,38.03521,1
2014,48.30083,38.02575,1
2014,48.30174,39.73328,1
2014,48.30441,39.73543,1
2014,48.30638,38.02691,1
2014,48.30644,38.034,1
2014,48.30691,38.02907,1
2014,48.30696,38.02977,5
2014,48.3071,38.02963,2
2014,48.30726,38.03262,1
2014,48.30729,38.02852,1
2014,48.30796,38.03141,4
2014,48.30836,38.03328,2
2014,48.31729,38.27065,1
2014,48.31858,38.27412,1
2014,48.32107,38.63737,1
2014,48.32616,38.50074,1
2014,48.32705,38.50033,2
2014,48.32782,38.5044,2
2014,48.32943,38.49056,2
2014,48.33084,39.93598,1
2014,48.331,38.49287,1
2014,48.3312,38.50093,1
2014,48.33334,38.4,4
2014,48.33339,38.39983,1
2014,48.33378,38.39977,1
2014,48.33435,38.39626,3
2014,48.33645,38.40675,1
2014,48.33735,38.39549,5
2014,48.33749,38.40134,2
2014,48.33756,38.40523,1
2014,48.33946,38.4123,1
2014,48.34491,39.65819,2
2014,48.36432,-3.7464,1
2014,48.36666,38.41726,1
2014,48.38083,37.93361,1
2014,48.38368,37.92974,1
2014,48.38861,37.90667,1
2014,48.39749,37.9758,1
2014,48.39828,39.47936,1
2014,48.39927,37.9707,1
2014,48.3994,37.96914,1
2014,48.3998,37.96623,1
2014,48.40264,38.08616,1
2014,48.40622,39.208,1
2014,48.41361,33.70278,1
2014,48.41996,37.05224,1
2014,48.42075,39.37484,1
2014,48.42213,39.38123,3
2014,48.42251,39.3749,1
2014,48.4226,39.38091,1
2014,48.42304,39.38,1
2014,48.42366,39.37922,1
2014,48.42367,39.38002,1
2014,48.42553,37.21668,1
2014,48.42958,39.27336,1
2014,48.43876,38.81958,1
2014,48.44126,38.27884,1
2014,48.45907,37.78914,1
2014,48.46472,35.04618,1
2014,48.46743,38.20736,1
2014,48.47028,35.03337,1
2014,48.47533,38.79586,1
2014,48.47805,38.79803,1
2014,48.48298,39.38331,1
2014,48.49247,39.27262,1
2014,48.49276,39.50283,1
2014,48.50819,39.46945,1
2014,48.51667,38.58333,1
2014,48.52134,37.73693,1
2014,48.52484,39.37238,1
2014,48.52803,37.70542,1
2014,48.53285,39.31082,1
2014,48.53334,37.71667,1
2014,48.53378,37.71662,1
2014,48.54741,39.7287,1
2014,48.55716,38.01652,1
2014,48.5596,39.00135,1
2014,48.56162,39.31535,3
2014,48.56364,39.31198,1
2014,48.5657,39.3199,1
2014,48.56627,39.30815,1
2014,48.56667,38.65,1
2014,48.56776,39.31504,1
2014,48.56846,39.31213,1
2014,48.56904,39.32228,4
2014,48.5715,38.64396,1
2014,48.57222,39.31119,1
2014,48.57235,39.31439,1
2014,48.57269,39.30668,1
2014,48.57359,39.30827,1
2014,48.57374,39.30816,1
2014,48.57393,39.30759,3
2014,48.57404,39.30782,7
2014,48.57422,39.30929,1
2014,48.57435,38.88975,1
2014,48.57467,39.30705,1
2014,48.57555,39.30629,2
2014,48.57569,39.33385,1
2014,48.57643,39.31486,1
2014,48.57646,39.31017,1
2014,48.57656,39.30629,1
2014,48.57662,39.29736,1
2014,48.57766,39.30468,1
2014,48.5782,39.30499,1
2014,48.57869,39.14573,1
2014,48.58227,39.31913,1
2014,48.58521,39.18438,1
2014,48.58635,39.19078,2
2014,48.58829,39.32316,1
2014,48.59075,39.19441,1
2014,48.59279,38.00683,1
2014,48.59527,37.69933,1
2014,48.59632,37.99697,1
2014,48.59649,37.99962,1
2014,48.59769,37.99812,2
2014,48.59828,37.99683,1
2014,48.59867,37.99804,1
2014,48.59873,37.99794,1
2014,48.60466,38.01189,1
2014,48.60551,38.00316,1
2014,48.60791,39.37822,1
2014,48.61091,38.00766,1
2014,48.62281,38.84716,1
2014,48.62296,39.28178,1
2014,48.62859,38.69224,1
2014,48.62875,39.21589,1
2014,48.63084,38.52041,1
2014,48.63251,38.38186,3
2014,48.63333,38.38,3
2014,48.63554,38.65102,1
2014,48.63575,38.376,1
2014,48.64064,38.38984,2
2014,48.64097,38.37787,1
2014,48.64298,39.29801,1
2014,48.64552,39.2241,1
2014,48.64559,39.22469,1
2014,48.65699,39.49426,1
2014,48.66003,39.47137,3
2014,48.66495,39.46878,1
2014,48.66863,38.74988,1
2014,48.66874,39.46746,2
2014,48.66921,39.47027,1
2014,48.67202,39.57064,1
2014,48.67404,38.76175,1
2014,48.67454,38.75991,1
2014,48.67527,38.91844,1
2014,48.6766,38.91565,7
2014,48.67722,38.91667,2
2014,48.67781,38.91715,1
2014,48.67991,39.51796,1
2014,48.68861,39.71045,1
2014,48.69281,38.5198,1
2014,48.69286,38.51464,1
2014,48.69287,38.51464,3
2014,48.69288,38.51464,1
2014,48.69289,38.51464,1
2014,48.69512,38.98415,1
2014,48.69639,38.98167,1
2014,48.69758,38.67698,1
2014,48.70508,37.62826,1
2014,48.70554,37.62747,1
2014,48.71133,39.25025,1
2014,48.71172,37.62251,1
2014,48.71241,39.25067,1
2014,48.71349,38.7017,1
2014,48.71458,38.70213,1
2014,48.72528,38.6325,1
2014,48.72819,37.57318,3
2014,48.7333,39.2333,1
2014,48.73363,39.23331,3
2014,48.73419,39.23392,1
2014,48.7344,39.23511,2
2014,48.73479,39.23609,5
2014,48.7348,39.23119,2
2014,48.73628,39.23224,2
2014,48.73751,39.57515,1
2014,48.73836,39.23265,1
2014,48.73867,37.58435,1
2014,48.73897,37.58435,2
2014,48.73898,39.23388,1
2014,48.74038,37.59093,2
2014,48.74379,37.57654,1
2014,48.74809,38.86863,1
2014,48.74841,38.82065,1
2014,48.74878,38.87206,1
2014,48.74962,39.25955,1
2014,48.7497,38.49456,1
2014,48.74983,38.49507,1
2014,48.75024,39.26219,1
2014,48.75167,38.7875,1
2014,48.75195,38.495,1
2014,48.75208,38.78746,2
2014,48.75221,38.79155,2
2014,48.75222,37.49561,1
2014,48.75264,39.55152,1
2014,48.75267,38.78734,1
2014,48.75605,38.9705,1
2014,48.75691,38.96182,1
2014,48.75702,38.96196,4
2014,48.75825,38.96351,2
2014,48.75914,38.97539,1
2014,48.77528,38.6239,1
2014,48.78197,38.55942,1
2014,48.78541,37.59908,1
2014,48.80187,38.7376,1
2014,48.80312,38.73963,1
2014,48.80353,38.73579,1
2014,48.81178,38.64246,1
2014,48.81251,39.28346,1
2014,48.81402,37.53787,1
2014,48.83155,38.77596,1
2014,48.84724,37.60869,1
2014,48.84973,37.6069,1
2014,48.85069,37.60808,1
2014,48.85089,37.69109,1
2014,48.85136,37.60833,1
2014,48.85228,37.60774,3
2014,48.85289,37.60552,1
2014,48.85293,37.60503,1
2014,48.85311,37.6053,1
2014,48.85311,37.68288,1
2014,48.8532,37.6053,21
2014,48.85323,37.6065,1
2014,48.85327,37.6053,1
2014,48.85329,37.60448,1
2014,48.85355,39.84575,1
2014,48.85365,37.60475,7
2014,48.85472,37.60556,1
2014,48.85475,37.67872,1
2014,48.85486,37.61192,2
2014,48.85486,37.77429,1
2014,48.85493,37.76934,1
2014,48.85641,37.67553,1
2014,48.85664,2.34233,1
2014,48.85776,39.8473,1
2014,48.8579,39.81949,1
2014,48.86304,37.67039,1
2014,48.86713,39.05208,2
2014,48.8675,39.04194,1
2014,48.87195,37.90411,1
2014,48.87394,38.11282,1
2014,48.87526,38.11526,1
2014,48.89059,36.30939,1
2014,48.90211,37.93705,1
2014,48.93333,38.5,1
2014,48.93639,24.15472,3
2014,48.9428,38.7239,1
2014,48.94288,38.49869,1
2014,48.96594,39.00611,1
2014,48.96663,38.34989,1
2014,48.97272,38.45995,1
2014,48.97306,39.00306,1
2014,48.97333,39.00289,1
2014,48.98742,37.80773,1
2014,48.98958,37.80528,1
2014,49.00093,38.30041,1
2014,49.00982,38.37111,1
2014,49.01,38.37139,2
2014,49.01055,38.37233,1
2014,49.01106,38.37808,1
2014,49.01287,38.37507,1
2014,49.01507,33.6465,1
2014,49.02104,38.37535,1
2014,49.02125,37.32532,1
2014,49.04794,39.11187,1
2014,49.05049,38.21711,1
2014,49.06582,33.41093,1
2014,49.0707,37.6906,1
2014,49.09531,39.82294,1
2014,49.1,37.7175,1
2014,49.11396,36.89904,1
2014,49.15799,37.28149,1
2014,49.18184,37.27858,1
2014,49.18667,37.79694,1
2014,49.20577,40.07838,1
2014,49.21278,37.25694,1
2014,49.37814,40.13212,1
2014,49.41504,31.2636,1
2014,49.55742,11.49295,1
2014,49.58827,34.55142,1
2014,49.6135,36.22968,1
2014,49.6385,36.48283,1
2014,49.67791,38.41595,1
2014,49.68826,13.94776,1
2014,49.69549,36.36144,1
2014,49.8306,36.55376,1
2014,49.83974,24.02972,1
2014,49.84178,24.03121,1
2014,49.89937,28.57439,1
2014,49.91907,30.42431,1
2014,49.93708,36.23817,1
2014,49.97578,36.26819,2
2014,49.97806,36.33052,1
2014,49.9834,36.185,1
2014,49.98737,36.24118,1
2014,49.9909,36.2439,1
2014,49.99119,36.23675,1
2014,49.99121,36.23675,1
2014,49.9914,36.2256,1
2014,49.99332,36.23149,3
2014,49.9935,36.23038,2
2014,49.99381,36.23038,1
2014,49.99673,36.24611,2
2014,50.00831,36.26134,1
2014,50.00947,36.25276,1
2014,50.06565,14.42432,1
2014,50.07542,14.43762,2
2014,50.35264,30.96133,1
2014,50.3595,33.27666,1
2014,50.43129,30.53379,1
2014,50.43385,30.47194,1
2014,50.44295,30.62935,1
2014,50.44778,30.52095,1
2014,50.44789,30.52884,1
2014,50.44798,30.51959,1
2014,50.44855,30.52904,1
2014,50.44915,30.52439,1
2014,50.44915,30.52539,1
2014,50.4501,30.5234,4
2014,50.45316,30.52692,1
2014,50.51293,30.6166,1
2014,50.62435,26.25604,1
2014,50.66056,14.05297,1
2014,50.82463,-0.14033,1
2014,50.82638,-0.14216,1
2014,50.83643,4.36742,2
2014,51.24544,-0.75601,1
2014,51.25686,7.15157,1
2014,51.27898,1.08123,1
2014,51.38083,0.52256,1
2014,51.41502,-2.50252,1
2014,51.43211,-2.64907,1
2014,51.45363,-0.97683,1
2014,51.45982,-2.53608,1
2014,51.46239,-2.61328,1
2014,51.4695,-2.52839,1
2014,51.49846,31.28839,1
2014,51.50961,-0.59532,1
2014,51.54159,-2.41432,1
2014,51.75846,-1.26085,1
2014,51.87921,-8.4915,1
2014,51.90012,-0.20215,1
2014,51.90804,-8.4945,1
2014,52.00218,-0.75014,1
2014,52.02915,8.53261,1
2014,52.06014,-1.33751,1
2014,52.0603,-1.33953,1
2014,52.06114,-1.33713,1
2014,52.06327,-1.33932,1
2014,52.07586,8.76031,1
2014,52.25504,-7.12308,1
2014,52.37002,4.89496,1
2014,52.50153,13.40185,7
2014,52.65342,-8.6142,2
2014,52.66016,-8.60232,1
2014,53.14345,8.21455,1
2014,53.14572,-6.7323,1
2014,53.20298,-6.1108,1
2014,53.25094,-6.18928,1
2014,53.2849,-6.36717,3
2014,53.32412,-6.37538,1
2014,53.33574,-6.97318,1
2014,53.33794,-6.40526,1
2014,53.35696,-6.45018,1
2014,53.36167,-6.24548,5
2014,53.43198,-2.9501,1
2014,53.46787,-2.16644,1
2014,53.49956,-2.18467,1
2014,53.62009,10.68913,1
2014,53.71608,-6.35016,3
2014,53.85727,-9.28418,1
2014,53.92183,-7.86531,1
2014,54.07096,12.33887,1
2014,54.0725,-7.08235,1
2014,54.10281,-6.25941,1
2014,54.11549,-7.58245,1
2014,54.18305,-6.34139,1
2014,54.19432,-8.16705,1
2014,54.25004,-6.70362,1
2014,54.30954,-7.73198,1
2014,54.40099,-5.66937,1
2014,54.42071,-6.44377,1
2014,54.45578,-6.36,1
2014,54.46284,-7.02694,2
2014,54.51569,-6.05572,3
2014,54.55269,-6.01631,1
2014,54.60771,-5.95621,21
2014,54.60848,-5.95583,1
2014,54.63747,-5.83694,1
2014,54.65815,-5.92158,1
2014,54.66067,-5.91669,1
2014,54.66348,-5.91829,1
2014,54.66418,-5.9197,1
2014,54.68528,-5.9645,2
2014,54.68529,-5.96446,1
2014,54.68552,-5.96453,1
2014,54.69377,-5.95077,1
2014,54.70911,-6.18173,1
2014,54.75433,-6.61116,1
2014,54.81142,-6.70512,1
2014,54.81916,-7.46791,5
2014,54.82346,-6.38999,1
2014,54.85949,-7.6657,1
2014,54.86206,-7.66316,1
2014,54.86509,-6.27247,1
2014,54.87407,-6.47586,1
2014,54.97245,-7.35217,1
2014,55.01156,-7.31204,21
2014,55.02999,-7.77709,1
2014,55.07114,-6.51315,1
2014,55.15323,-6.66351,1
2014,55.19648,-7.83294,1
2014,55.20167,-6.25397,1
2014,55.56032,13.02018,4
2014,55.74847,37.99894,1
2014,55.75138,37.57991,1
2014,55.839,13.30352,1
2014,65.68337,-18.10008,1
2015,-38.09418,144.3571,1
2015,-38.09142,144.35758,1
2015,-38.04765,144.17003,1
2015,-37.98898,145.21745,1
2015,-37.89822,144.99555,1
2015,-37.85868,144.99634,1
2015,-37.78992,145.17078,1
2015,-34.61768,-58.44444,1
2015,-33.89296,18.59349,2
2015,-33.81513,151.00328,1
2015,-33.36624,-70.5053,1
2015,-33.28301,149.10015,2
2015,-30.30783,30.66435,1
2015,-29.31112,27.48323,1
2015,-27.58156,151.93383,1
2015,-27.56424,151.94727,1
2015,-26.16344,27.82524,1
2015,-25.97141,32.58676,1
2015,-25.96685,32.58293,1
2015,-25.68455,27.53784,1
2015,-24.50244,-54.85637,1
2015,-24.19487,-56.56165,5
2015,-24.19393,-56.55855,2
2015,-24.08633,-57.08441,1
2015,-24.01416,33.16936,1
2015,-23.80084,-56.5028,1
2015,-23.58273,-46.61142,1
2015,-23.56507,-46.65283,1
2015,-23.46261,-56.74191,1
2015,-23.45752,-56.73871,1
2015,-23.43903,-56.50136,1
2015,-23.31885,-56.4881,2
2015,-23.26656,-56.45029,1
2015,-23.12453,-56.69482,1
2015,-22.81193,-57.10132,1
2015,-19.41058,34.43715,1
2015,-19.09994,33.26663,1
2015,-18.90257,34.79005,1
2015,-18.51218,-44.55503,1
2015,-16.11706,33.72383,1
2015,-15.12571,39.26703,1
2015,-14.08663,-72.10218,1
2015,-14.05045,-73.08775,1
2015,-14.02194,-75.21778,2
2015,-13.91822,-71.90457,1
2015,-12.93208,-73.74779,1
2015,-12.50828,-38.99818,1
2015,-11.96737,-76.97846,2
2015,-11.73932,-76.70394,1
2015,-11.44732,-74.02468,1
2015,-10.49639,22.81083,1
2015,-8.88511,26.41939,1
2015,-8.18751,21.99482,1
2015,-8.0582,29.46667,1
2015,-7.8348,110.36646,1
2015,-7.78433,109.89758,1
2015,-7.70389,36.95651,1
2015,-6.81355,39.23942,1
2015,-6.6555,25.29502,1
2015,-6.39271,106.82343,1
2015,-6.29661,107.02536,1
2015,-6.22678,106.90018,1
2015,-6.20246,106.6527,1
2015,-6.1874,39.22365,4
2015,-5.94764,28.02015,1
2015,-5.13086,119.41653,1
2015,-5.05581,39.05414,1
2015,-4.9729,23.4367,1
2015,-4.47245,136.83497,1
2015,-4.28888,29.8938,1
2015,-4.09142,137.11746,1
2015,-4.04118,39.67761,3
2015,-3.94621,29.6197,1
2015,-3.93097,136.37596,1
2015,-3.83986,29.09654,1
2015,-3.83375,28.72714,1
2015,-3.79824,137.78349,1
2015,-3.69723,29.73425,1
2015,-3.68402,138.479,3
2015,-3.68219,137.49314,1
2015,-3.61217,29.6073,1
2015,-3.54752,29.45606,1
2015,-3.54153,29.35149,1
2015,-3.48121,29.55171,1
2015,-3.46542,29.54427,1
2015,-3.45833,30.50072,1
2015,-3.45408,29.41564,1
2015,-3.44083,30.57389,1
2015,-3.37583,29.36411,68
2015,-3.34479,29.39181,4
2015,-3.34375,29.39124,1
2015,-3.34082,29.30868,1
2015,-3.28593,29.32381,1
2015,-3.26751,29.61614,1
2015,-3.24175,29.6918,1
2015,-3.09528,29.38167,1
2015,-3.08387,29.39226,1
2015,-2.94554,140.97375,1
2015,-2.90835,29.82655,1
2015,-2.90636,29.05181,1
2015,-2.90627,-40.79279,1
2015,-2.88867,29.12005,1
2015,-2.88865,29.12,1
2015,-2.88818,29.12122,2
2015,-2.88716,29.11995,1
2015,-2.88557,30.3071,1
2015,-2.88504,32.23135,1
2015,-2.83266,30.34643,1
2015,-2.72764,30.01327,1
2015,-2.62139,28.66944,1
2015,-2.59623,29.99724,1
2015,-2.58203,30.09625,1
2015,-2.58161,30.11686,1
2015,-2.53313,137.76376,1
2015,-2.38865,40.43805,1
2015,-2.32738,40.65118,1
2015,-2.26958,40.9006,1
2015,-2.26956,40.90061,2
2015,-2.26956,40.90064,1
2015,-2.26944,40.90222,1
2015,-2.26936,40.90068,1
2015,-2.26892,40.90147,1
2015,-2.19173,31.47654,1
2015,-2.18983,-79.88771,1
2015,-2.13737,40.79776,1
2015,-2.09687,28.90482,1
2015,-2.09662,28.90586,1
2015,-1.74969,41.19295,1
2015,-1.7496,41.193,1
2015,-1.74516,41.4888,2
2015,-1.71878,40.96759,1
2015,-1.71672,40.96693,1
2015,-1.71671,40.96659,1
2015,-1.66833,29.23862,1
2015,-1.6585,29.22046,1
2015,-1.63972,29.02781,1
2015,-1.61926,20.65633,1
2015,-1.5952,40.51485,2
2015,-1.55136,31.70387,1
2015,-1.5387,29.30863,1
2015,-1.48222,29.34583,1
2015,-1.47586,31.74281,1
2015,-1.42967,28.07422,1
2015,-1.42837,28.07464,1
2015,-1.40981,29.37512,1
2015,-1.40273,41.51201,1
2015,-1.39843,28.81598,1
2015,-1.39827,28.0606,1
2015,-1.39796,28.81662,1
2015,-1.39582,120.75453,1
2015,-1.39456,120.75406,1
2015,-1.34212,121.65516,1
2015,-1.34033,29.36278,1
2015,-1.33276,31.80612,3
2015,-1.30523,28.67519,1
2015,-1.29292,36.84524,1
2015,-1.27436,36.90573,1
2015,-1.2677,120.57633,1
2015,-1.26012,28.37112,1
2015,-1.2584,36.84464,1
2015,-1.2441,28.13695,1
2015,-1.23239,36.8792,1
2015,-1.20423,40.91656,1
2015,-1.18916,29.20488,1
2015,-1.18752,29.44512,1
2015,-1.18566,29.447,1
2015,-1.17645,29.45094,1
2015,-1.17459,36.83022,1
2015,-1.16478,29.42815,1
2015,-1.15,41.06667,1
2015,-1.14988,41.06552,1
2015,-1.06232,120.36683,1
2015,-1.0537,28.99091,1
2015,-1.05333,120.44956,1
2015,-1.05139,28.99106,1
2015,-1.03016,120.27403,1
2015,-1.01148,28.70249,1
2015,-1.01083,28.70346,1
2015,-0.996,29.44435,1
2015,-0.99389,29.44556,1
2015,-0.89923,28.93831,1
2015,-0.87801,29.57062,1
2015,-0.79177,29.04599,7
2015,-0.73964,29.62384,1
2015,-0.68333,28.98333,1
2015,-0.63171,28.86368,1
2015,-0.57352,37.32528,1
2015,-0.45302,39.64443,1
2015,-0.45218,39.66103,1
2015,-0.45179,39.64376,1
2015,-0.42498,29.19178,1
2015,-0.36497,29.20141,1
2015,-0.35785,42.54665,17
2015,-0.22611,29.21361,1
2015,-0.188,40.3828,1
2015,-0.18754,40.38204,1
2015,-0.18549,40.38152,1
2015,-0.15802,29.23836,1
2015,-0.1515,29.23939,1
2015,-0.11746,42.56381,2
2015,-0.09969,42.55374,1
2015,-0.0172,29.37374,1
2015,0.00013,40.36925,1
2015,0.05318,40.30967,1
2015,0.06631,41.80157,1
2015,0.07063,42.74972,1
2015,0.14013,29.28733,1
2015,0.14526,33.78439,1
2015,0.22402,41.60118,1
2015,0.28319,41.71717,1
2015,0.30258,32.58604,1
2015,0.33545,32.6447,1
2015,0.35813,32.66674,1
2015,0.36169,-76.90097,1
2015,0.3653,32.62492,1
2015,0.41212,41.00811,2
2015,0.42233,32.54152,1
2015,0.42338,-76.905,1
2015,0.43595,-75.52767,5
2015,0.4528,29.42809,1
2015,0.48572,29.46104,4
2015,0.48816,29.44905,1
2015,0.48927,29.45038,1
2015,0.48939,29.44943,1
2015,0.48973,29.44978,1
2015,0.48992,29.45114,1
2015,0.4901,29.45049,1
2015,0.49011,29.44995,1
2015,0.49192,42.77844,1
2015,0.49594,29.45961,10
2015,0.49919,-76.89443,1
2015,0.50103,29.45419,1
2015,0.50493,-76.50019,1
2015,0.51554,42.07333,1
2015,0.58156,120.80354,1
2015,0.58555,29.48433,5
2015,0.60458,33.47198,1
2015,0.6449,29.9089,1
2015,0.65188,29.49766,6
2015,0.66738,29.53176,1
2015,0.67688,-76.88016,1
2015,0.69688,29.5197,2
2015,0.73368,29.55326,1
2015,0.75043,29.56415,2
2015,0.77251,29.5687,1
2015,0.77626,29.56787,1
2015,0.78126,29.60065,1
2015,0.83362,32.49932,1
2015,0.85317,29.61072,3
2015,0.8533,-77.51845,1
2015,0.86532,29.83416,1
2015,0.86989,-73.84191,2
2015,0.87284,-75.61994,1
2015,0.91091,-77.54991,1
2015,1.01551,33.94991,1
2015,1.02728,29.95373,1
2015,1.03382,-75.92077,1
2015,1.08799,-77.61931,1
2015,1.11423,44.0287,1
2015,1.2474,-78.09161,1
2015,1.31351,-74.03001,1
2015,1.3369,-77.59232,1
2015,1.3608,29.03612,1
2015,1.37876,24.38922,1
2015,1.38559,24.40104,1
2015,1.41608,-75.87266,1
2015,1.43915,29.84391,3
2015,1.44005,29.8441,1
2015,1.44061,29.84392,1
2015,1.44922,44.32887,1
2015,1.47888,-75.43724,1
2015,1.61539,-75.60424,1
2015,1.63916,44.52645,2
2015,1.63999,42.45233,1
2015,1.64063,26.41939,1
2015,1.64433,42.4511,1
2015,1.6596,-78.79243,1
2015,1.68458,-75.28622,2
2015,1.71634,44.76869,21
2015,1.73631,40.05618,1
2015,1.74683,40.05345,6
2015,1.78333,44.53333,1
2015,1.7864,36.78607,1
2015,1.78964,44.52998,4
2015,1.7983,44.90788,1
2015,1.80798,-78.7684,4
2015,1.8083,44.69514,7
2015,1.85,29.96667,2
2015,1.85262,-76.04607,1
2015,1.85508,-76.0486,1
2015,1.87665,44.2479,2
2015,1.88874,44.74664,1
2015,1.89127,-77.19658,1
2015,1.91805,44.7733,2
2015,1.95846,-72.65231,1
2015,1.96718,-77.11946,1
2015,1.97894,44.83206,3
2015,2.01151,-77.12487,1
2015,2.0256,-75.75405,1
2015,2.02806,44.85944,1
2015,2.03877,45.24197,2
2015,2.04763,44.89763,1
2015,2.05982,45.32611,95
2015,2.08206,45.20749,1
2015,2.09968,45.15723,3
2015,2.10389,45.46556,1
2015,2.12362,45.0262,1
2015,2.13002,45.03751,1
2015,2.13509,45.05683,2
2015,2.14244,45.09039,1
2015,2.14262,45.11672,1
2015,2.14383,45.11806,15
2015,2.20482,41.61965,1
2015,2.20708,42.30694,1
2015,2.2086,-76.49673,1
2015,2.21674,41.72346,1
2015,2.25007,44.69232,2
2015,2.25575,-77.24933,1
2015,2.28727,111.83057,2
2015,2.32965,41.50502,1
2015,2.32982,42.31141,1
2015,2.33275,-77.23457,1
2015,2.33905,42.28801,1
2015,2.34071,-77.23162,1
2015,2.34931,42.28034,10
2015,2.34996,-76.70002,1
2015,2.35164,97.86391,1
2015,2.35703,44.71834,1
2015,2.35895,97.87216,1
2015,2.35913,45.38367,1
2015,2.37447,42.07662,1
2015,2.40368,42.9786,1
2015,2.40582,42.97707,2
2015,2.40769,42.97077,2
2015,2.41002,42.97672,1
2015,2.51931,-74.75389,1
2015,2.52413,-75.31616,2
2015,2.54427,27.41272,1
2015,2.57129,-77.88547,1
2015,2.6013,45.03394,1
2015,2.61974,44.89368,3
2015,2.62419,-72.76097,1
2015,2.65583,41.41083,1
2015,2.65759,46.00942,1
2015,2.66698,44.69376,2
2015,2.70498,-76.82596,2
2015,2.71581,44.51184,6
2015,2.77248,-77.66283,1
2015,2.77726,45.50064,3
2015,2.79817,44.07856,3
2015,2.80909,40.92744,4
2015,2.86667,30.85,1
2015,2.86876,43.0053,1
2015,2.87211,43.00425,1
2015,2.88327,45.54091,1
2015,2.94244,44.18169,1
2015,2.95409,-76.69285,1
2015,3.02739,30.90896,1
2015,3.03626,41.86716,2
2015,3.03739,43.79696,1
2015,3.06735,-75.13811,1
2015,3.07254,41.55478,1
2015,3.07325,101.51842,1
2015,3.11058,43.65741,1
2015,3.11538,-76.62609,1
2015,3.11564,43.64658,14
2015,3.11667,43.65,1
2015,3.13894,101.69132,1
2015,3.15046,24.11527,1
2015,3.15168,-75.05421,2
2015,3.15172,-75.05405,1
2015,3.15196,41.18548,1
2015,3.15329,41.33532,3
2015,3.16231,42.49377,1
2015,3.16862,42.49332,2
2015,3.17124,43.40321,1
2015,3.20266,45.34798,1
2015,3.20434,45.34736,1
2015,3.2166,42.01594,1
2015,3.25153,-76.22903,2
2015,3.27061,26.89759,1
2015,3.27199,-73.08775,2
2015,3.31229,43.47213,2
2015,3.32728,42.21856,2
2015,3.35139,44.12222,1
2015,3.38158,45.59839,2
2015,3.38515,45.59563,1
2015,3.40294,-73.95593,1
2015,3.45497,42.24751,1
2015,3.48277,42.1745,1
2015,3.50392,42.23624,6
2015,3.50777,42.23563,1
2015,3.51694,42.23389,1
2015,3.52721,-74.02371,1
2015,3.52994,-76.29799,1
2015,3.5738,40.95869,1
2015,3.57561,28.30275,1
2015,3.58452,28.29944,2
2015,3.59529,32.07185,1
2015,3.61095,28.56218,2
2015,3.61613,28.56669,1
2015,3.61667,28.56667,2
2015,3.74798,47.29752,1
2015,3.79947,41.71089,1
2015,3.80417,45.49222,1
2015,3.80833,43.2475,1
2015,3.81095,43.2465,3
2015,3.81311,42.54606,1
2015,3.81647,23.69783,1
2015,3.81695,23.68653,2
2015,3.82172,-76.52047,1
2015,3.83853,43.59572,1
2015,3.85,45.56667,2
2015,3.85325,45.56523,2
2015,3.86533,31.66425,1
2015,3.86734,31.95659,1
2015,3.88661,-77.07023,1
2015,3.89055,-77.07886,2
2015,3.89229,41.96295,1
2015,3.92686,41.87717,5
2015,3.93555,41.85485,1
2015,3.93564,41.85512,1
2015,3.93566,41.85502,1
2015,3.93753,41.84982,1
2015,3.93872,41.84471,10
2015,4.02845,25.84618,1
2015,4.02852,25.84672,1
2015,4.02862,25.84637,1
2015,4.03035,42.29398,1
2015,4.05339,43.244,2
2015,4.0617,46.13436,3
2015,4.09667,45.51889,1
2015,4.10398,42.12336,1
2015,4.11994,43.88772,1
2015,4.1206,43.89053,2
2015,4.16667,29.5,1
2015,4.17485,73.50844,1
2015,4.1755,73.50935,1
2015,4.19162,43.6424,1
2015,4.21053,45.56049,4
2015,4.21127,45.56206,1
2015,4.21187,45.56313,1
2015,4.32238,32.01389,1
2015,4.34379,43.16435,1
2015,4.37474,18.55129,23
2015,4.38963,46.0872,1
2015,4.39588,28.57396,1
2015,4.397,28.57396,1
2015,4.48444,45.17528,1
2015,4.4845,7.4147,1
2015,4.49861,32.29861,1
2015,4.5315,47.14717,1
2015,4.53281,6.40374,1
2015,4.53385,6.40513,1
2015,4.53828,7.86957,1
2015,4.55452,45.25036,1
2015,4.57555,28.39506,1
2015,4.57757,28.39878,2
2015,4.60636,24.83966,1
2015,4.64436,20.81488,1
2015,4.65354,20.80761,2
2015,4.65604,47.85524,1
2015,4.66558,18.20804,1
2015,4.66713,-74.10605,7
2015,4.68333,46.61667,2
2015,4.68489,46.6228,5
2015,4.69014,6.32128,1
2015,4.69988,7.42277,1
2015,4.72294,6.77885,1
2015,4.72708,7.15209,1
2015,4.73372,24.66659,1
2015,4.73538,45.2024,17
2015,4.73594,45.20349,1
2015,4.74,7.083,1
2015,4.74029,6.8619,1
2015,4.74159,7.08488,1
2015,4.7418,7.08392,1
2015,4.74688,22.81478,1
2015,4.74917,24.63139,2
2015,4.75661,6.76648,1
2015,4.76142,-76.22195,1
2015,4.77444,-7.52944,1
2015,4.78994,6.99324,1
2015,4.80737,8.2377,3
2015,4.81555,7.04984,4
2015,4.83996,7.0501,1
2015,4.84744,6.93022,1
2015,4.84823,6.92269,1
2015,4.84995,6.91587,1
2015,4.85535,31.56778,4
2015,4.86778,5.89871,2
2015,4.87491,18.67179,1
2015,4.9073,6.30105,1
2015,4.90913,29.45069,1
2015,4.91036,29.45205,1
2015,4.91063,29.45198,1
2015,4.92116,6.27477,1
2015,4.92644,-7.49478,1
2015,4.92662,-7.49495,2
2015,4.95554,6.63846,1
2015,4.9559,18.69922,1
2015,4.95893,29.57895,1
2015,4.97309,6.10897,1
2015,4.97408,8.34245,1
2015,5.01022,119.74748,1
2015,5.04371,6.50975,1
2015,5.05676,6.9236,1
2015,5.09308,97.17183,1
2015,5.10863,18.35484,1
2015,5.11021,7.40697,1
2015,5.15412,7.45735,1
2015,5.17077,6.51589,1
2015,5.17839,6.29822,1
2015,5.18501,46.82528,2
2015,5.19742,46.81904,1
2015,5.19929,7.96052,1
2015,5.2528,-76.82596,1
2015,5.2648,-76.55984,1
2015,5.30801,45.88036,1
2015,5.34203,6.65577,1
2015,5.34813,30.32625,2
2015,5.37237,-76.60846,1
2015,5.39496,6.67177,1
2015,5.39507,26.4918,1
2015,5.39526,6.66847,1
2015,5.3979,95.36272,1
2015,5.43981,47.97004,1
2015,5.49996,5.9832,1
2015,5.52361,5.99028,1
2015,5.53702,46.38905,5
2015,5.54011,46.39717,1
2015,5.55392,120.91323,1
2015,5.55828,5.4896,1
2015,5.58737,5.86217,1
2015,5.63652,5.96484,1
2015,5.76355,20.67404,3
2015,5.76464,20.67195,1
2015,5.76624,20.67534,2
2015,5.77622,6.10222,1
2015,5.80466,14.83135,3
2015,5.85668,-76.18562,1
2015,5.85689,125.00619,1
2015,5.86027,118.10429,1
2015,5.89149,14.5521,2
2015,5.91589,101.86036,1
2015,5.91762,125.6464,1
2015,5.92788,101.88481,1
2015,5.93192,101.18359,1
2015,5.93271,101.36342,1
2015,5.9331,121.02511,1
2015,5.93364,121.03347,1
2015,5.93954,101.77022,1
2015,5.94255,121.02086,1
2015,5.95214,101.7127,2
2015,5.96624,125.28526,1
2015,5.96654,125.28556,1
2015,5.96938,121.04402,1
2015,5.97341,120.96983,1
2015,5.9852,101.77949,1
2015,5.98626,121.04135,1
2015,5.98704,101.57028,1
2015,5.98914,120.95321,1
2015,5.98985,101.57056,1
2015,6.01392,101.95024,6
2015,6.01544,101.95203,2
2015,6.02216,101.95364,1
2015,6.02326,121.09112,1
2015,6.02349,124.64422,1
2015,6.02393,101.91104,4
2015,6.02393,101.91107,1
2015,6.0262,101.94862,1
2015,6.03084,121.04641,1
2015,6.03482,101.76378,1
2015,6.03717,121.03041,1
2015,6.03748,121.03125,1
2015,6.03871,101.98371,9
2015,6.04343,120.99426,3
2015,6.04745,121.00131,1
2015,6.05046,121.01224,10
2015,6.05256,121.14649,1
2015,6.0539,121.00286,1
2015,6.05709,101.69544,1
2015,6.06302,121.10182,1
2015,6.06302,121.10229,2
2015,6.06403,121.15906,1
2015,6.06653,121.10007,1
2015,6.06712,121.10036,1
2015,6.0678,-77.16499,1
2015,6.06801,121.10043,1
2015,6.06808,121.05992,2
2015,6.06823,101.66129,1
2015,6.0684,121.09953,1
2015,6.06859,121.03467,1
2015,6.07599,101.29773,1
2015,6.07791,80.56329,1
2015,6.08336,125.28252,1
2015,6.08522,101.87916,1
2015,6.08822,121.10933,1
2015,6.09185,6.75743,1
2015,6.09438,125.41894,1
2015,6.09833,101.69333,1
2015,6.0992,101.18439,1
2015,6.10731,101.87955,1
2015,6.11756,101.85907,1
2015,6.11888,125.16953,1
2015,6.12167,101.19096,1
2015,6.13413,46.6317,1
2015,6.14704,101.49119,2
2015,6.16275,101.18962,1
2015,6.16486,101.18566,1
2015,6.16566,101.18354,1
2015,6.1666,101.91236,2
2015,6.1772,101.5092,1
2015,6.17848,102.05215,1
2015,6.1805,101.51062,1
2015,6.18324,101.99709,1
2015,6.19155,124.79373,1
2015,6.19837,124.83211,1
2015,6.21041,101.82076,1
2015,6.21107,101.50821,1
2015,6.21173,101.28639,1
2015,6.2125,31.56083,1
2015,6.21253,31.56079,2
2015,6.21364,124.82263,1
2015,6.21524,101.8182,1
2015,6.21652,124.20007,1
2015,6.21702,7.08707,1
2015,6.21776,102.05945,1
2015,6.22302,101.65512,1
2015,6.22451,125.06084,1
2015,6.2327,101.80573,1
2015,6.24192,101.80936,1
2015,6.24219,101.80984,1
2015,6.24327,101.28765,1
2015,6.24577,101.14704,1
2015,6.24749,101.86119,1
2015,6.24792,102.0033,1
2015,6.25047,102.00066,1
2015,6.2519,102.05837,2
2015,6.25415,101.7296,1
2015,6.25482,101.73211,1
2015,6.25532,101.82492,1
2015,6.25716,124.67412,1
2015,6.26062,101.25368,1
2015,6.26369,101.76437,1
2015,6.26556,101.26306,2
2015,6.27543,101.75348,1
2015,6.28583,101.6901,1
2015,6.29352,101.71617,1
2015,6.29422,101.73118,1
2015,6.29483,101.7199,1
2015,6.29564,101.72159,1
2015,6.2957,101.7237,3
2015,6.29612,101.72813,1
2015,6.30158,120.584,1
2015,6.3129,125.55179,1
2015,6.314,31.61571,1
2015,6.31402,125.29512,1
2015,6.31682,20.71225,1
2015,6.32454,101.79272,1
2015,6.32537,101.80936,1
2015,6.33116,8.10716,1
2015,6.33335,8.1,2
2015,6.3346,101.473,1
2015,6.33576,124.77408,1
2015,6.35288,101.51336,1
2015,6.35296,101.51344,2
2015,6.35308,101.51314,1
2015,6.35451,101.29908,1
2015,6.36864,124.74461,1
2015,6.37169,101.5572,1
2015,6.37361,101.81282,1
2015,6.37378,124.63818,1
2015,6.37499,101.13993,1
2015,6.38458,101.50208,2
2015,6.3854,101.70105,1
2015,6.38986,101.23443,1
2015,6.39146,101.5173,2
2015,6.39426,101.53617,1
2015,6.41217,101.67266,1
2015,6.41228,101.21009,1
2015,6.41694,121.9835,1
2015,6.41871,121.97244,7
2015,6.42227,101.68406,3
2015,6.42441,101.8164,1
2015,6.42483,101.81503,1
2015,6.42541,101.82533,1
2015,6.42546,101.82531,1
2015,6.42577,38.27882,1
2015,6.42687,122.01124,1
2015,6.436,124.67294,1
2015,6.43715,124.67444,1
2015,6.43747,101.00331,1
2015,6.44069,121.95873,1
2015,6.4419,121.96307,2
2015,6.44275,101.45131,1
2015,6.44328,101.45095,1
2015,6.44379,124.92775,1
2015,6.44412,7.50262,1
2015,6.44974,3.26711,1
2015,6.45171,101.10463,1
2015,6.45189,101.10411,1
2015,6.45267,7.51033,1
2015,6.45386,101.67148,1
2015,6.45929,-71.73628,1
2015,6.46303,-72.41204,1
2015,6.4647,101.19572,1
2015,6.46642,3.28355,1
2015,6.46667,16.06667,1
2015,6.47367,125.00601,1
2015,6.47442,122.10508,1
2015,6.47841,101.4256,1
2015,6.48006,101.13273,1
2015,6.48018,101.44338,1
2015,6.48218,122.16529,1
2015,6.48677,101.05998,1
2015,6.48772,101.05986,1
2015,6.48866,101.05986,1
2015,6.48958,122.06992,1
2015,6.48967,125.08682,1
2015,6.49133,122.14344,1
2015,6.49182,101.3885,2
2015,6.49206,101.38921,1
2015,6.49212,-71.55888,1
2015,6.49491,101.38841,1
2015,6.49722,122.10514,2
2015,6.49766,124.84965,1
2015,6.49772,101.37845,1
2015,6.4979,101.11644,1
2015,6.50694,124.41982,2
2015,6.51635,101.63761,1
2015,6.51698,101.65249,1
2015,6.51724,101.65295,1
2015,6.5252,101.64968,1
2015,6.53228,121.99802,1
2015,6.5339,122.16657,1
2015,6.5357,8.02325,2
2015,6.53586,122.14598,1
2015,6.53646,101.24578,1
2015,6.53667,122.16724,2
2015,6.53796,121.89041,1
2015,6.53976,101.27932,1
2015,6.54065,101.28102,1
2015,6.54114,101.2804,4
2015,6.54115,101.2804,2
2015,6.54134,101.27882,1
2015,6.5454,121.87375,1
2015,6.5455,101.2799,25
2015,6.54658,101.28222,1
2015,6.547,121.88042,1
2015,6.54811,101.30571,2
2015,6.55044,122.10647,1
2015,6.55916,101.53417,1
2015,6.56224,101.24432,1
2015,6.56359,122.11686,1
2015,6.57472,101.20138,1
2015,6.57526,101.63271,1
2015,6.5753,101.63284,1
2015,6.57562,4.63729,1
2015,6.58197,101.19819,1
2015,6.58217,124.06302,1
2015,6.58854,101.56223,1
2015,6.58906,101.26372,1
2015,6.5979,101.56436,1
2015,6.60057,124.84975,1
2015,6.60068,125.39906,1
2015,6.60184,121.90697,1
2015,6.60308,29.97405,1
2015,6.60647,122.19225,3
2015,6.60767,22.57237,1
2015,6.61769,101.42652,1
2015,6.63211,124.59776,1
2015,6.63437,-71.57786,1
2015,6.6349,125.08286,1
2015,6.63575,101.26974,1
2015,6.6435,122.27463,1
2015,6.64982,122.13345,1
2015,6.64997,122.13353,1
2015,6.65062,101.55323,1
2015,6.6549,122.12413,1
2015,6.65493,124.97975,1
2015,6.6569,122.14467,1
2015,6.65877,122.13411,1
2015,6.6605,122.13899,4
2015,6.6606,122.14483,1
2015,6.66442,122.1854,1
2015,6.66657,122.11054,1
2015,6.66714,100.32316,1
2015,6.67888,101.146,1
2015,6.67922,101.14633,1
2015,6.67958,101.14236,4
2015,6.68078,101.1315,1
2015,6.68231,101.5425,1
2015,6.68239,101.54186,2
2015,6.68467,124.96165,1
2015,6.68547,101.14003,1
2015,6.68571,101.38139,1
2015,6.68932,124.67411,1
2015,6.69074,101.63284,1
2015,6.69294,101.3023,1
2015,6.69747,121.98454,1
2015,6.6989,124.54488,1
2015,6.7001,124.73288,1
2015,6.70041,121.97256,5
2015,6.7006,101.62548,1
2015,6.70139,101.6175,1
2015,6.71645,101.60176,1
2015,6.71687,101.41688,1
2015,6.71695,101.30057,1
2015,6.71796,101.59303,2
2015,6.71821,101.41204,1
2015,6.72112,31.43705,1
2015,6.723,124.52,2
2015,6.72322,124.5197,1
2015,6.72346,125.23185,1
2015,6.7283,101.08428,7
2015,6.72866,101.09736,1
2015,6.72949,101.09611,1
2015,6.72956,101.09623,2
2015,6.73306,100.9852,1
2015,6.7387,100.94053,1
2015,6.74327,124.8017,1
2015,6.7443,125.35563,1
2015,6.75151,101.0948,1
2015,6.75427,101.35671,1
2015,6.7563,101.44997,1
2015,6.76399,101.31254,1
2015,6.76485,101.57931,1
2015,6.76745,124.39,1
2015,6.77305,101.08709,1
2015,6.7744,47.42903,10
2015,6.77954,101.19306,1
2015,6.78275,101.35579,1
2015,6.78305,101.05986,3
2015,6.78354,9.06955,1
2015,6.79085,125.20557,1
2015,6.79437,-71.77155,3
2015,6.79903,101.15288,2
2015,6.80162,101.15193,1
2015,6.80229,124.67701,1
2015,6.80428,101.50208,1
2015,6.80554,29.67613,1
2015,6.80597,124.53068,1
2015,6.81338,124.4135,2
2015,6.81543,125.3769,1
2015,6.8171,101.40719,1
2015,6.8194,101.30907,1
2015,6.81988,101.30904,1
2015,6.82364,101.12777,1
2015,6.82457,101.08261,2
2015,6.82469,101.08249,2
2015,6.82632,101.23511,1
2015,6.82773,101.17872,1
2015,6.82806,101.3885,2
2015,6.8282,101.17972,1
2015,6.82833,-75.51306,1
2015,6.82843,101.23419,1
2015,6.82882,101.38926,2
2015,6.8309,100.96225,1
2015,6.83162,124.8835,1
2015,6.83338,124.45846,1
2015,6.83462,9.54777,1
2015,6.83664,125.4143,1
2015,6.84144,79.90218,1
2015,6.85399,101.40553,1
2015,6.86023,124.44501,1
2015,6.86266,101.48483,2
2015,6.86281,124.44365,7
2015,6.86439,101.49034,1
2015,6.86542,124.44056,1
2015,6.86755,124.43645,1
2015,6.86786,101.25207,4
2015,6.86798,124.47639,2
2015,6.86927,101.31758,1
2015,6.87395,101.23471,4
2015,6.87395,125.44952,1
2015,6.8748,101.41688,1
2015,6.87509,124.8964,1
2015,6.87899,101.27492,1
2015,6.8795,101.26738,1
2015,6.88165,124.48401,1
2015,6.88565,-75.33583,1
2015,6.89148,9.23244,1
2015,6.89375,31.36775,1
2015,6.89638,126.01058,1
2015,6.89871,9.49711,1
2015,6.90145,11.26825,1
2015,6.90816,124.5503,1
2015,6.91222,124.4531,2
2015,6.91324,-75.67556,1
2015,6.92096,124.45652,1
2015,6.92245,124.40202,1
2015,6.92323,123.9697,1
2015,6.92595,124.41541,1
2015,6.92625,124.41498,2
2015,6.92626,124.41501,3
2015,6.92665,124.41494,1
2015,6.92909,122.07885,8
2015,6.92931,124.45553,1
2015,6.93005,124.48718,1
2015,6.93112,124.51112,1
2015,6.93329,125.47354,1
2015,6.93333,124.33333,1
2015,6.9349,124.42738,1
2015,6.9366,124.47058,1
2015,6.93697,126.18454,1
2015,6.94165,126.05852,1
2015,6.94184,79.86169,1
2015,6.94226,124.41982,8
2015,6.94985,124.42723,1
2015,6.95074,125.09852,2
2015,6.95188,126.21617,2
2015,6.95351,125.09572,1
2015,6.95482,125.09399,2
2015,6.95515,124.4466,1
2015,6.95611,-71.8726,1
2015,6.9568,124.24256,1
2015,6.95732,-71.86983,1
2015,6.96308,125.0839,1
2015,6.96504,-75.41625,1
2015,6.966,124.34954,1
2015,6.96924,124.75207,1
2015,6.978,124.3874,1
2015,6.98085,124.48292,2
2015,6.98214,124.36828,2
2015,6.99778,19.18097,1
2015,7.00016,124.4858,1
2015,7.0036,-75.61075,1
2015,7.01259,125.50675,1
2015,7.01667,-73.91667,1
2015,7.0178,124.49751,1
2015,7.01801,124.49747,1
2015,7.0209,125.09147,1
2015,7.02115,-72.06127,1
2015,7.02533,124.49847,2
2015,7.02806,124.49845,1
2015,7.02933,-71.42948,2
2015,7.02934,-71.4295,1
2015,7.04459,124.46998,1
2015,7.0467,-72.16996,1
2015,7.05197,124.72417,1
2015,7.05283,124.67488,1
2015,7.05372,124.67359,1
2015,7.054,124.672,1
2015,7.05467,124.67448,1
2015,7.05494,124.67688,2
2015,7.05772,124.6768,1
2015,7.05902,124.50308,1
2015,7.06417,125.46861,1
2015,7.07142,124.67044,1
2015,7.07397,-73.16926,1
2015,7.07457,124.66873,1
2015,7.07839,-75.14731,1
2015,7.08324,125.601,2
2015,7.08339,124.89995,1
2015,7.08491,-70.75534,1
2015,7.09221,126.40238,1
2015,7.10017,125.11673,1
2015,7.1046,125.41264,1
2015,7.10469,125.12445,1
2015,7.10653,125.11981,1
2015,7.10728,124.82703,1
2015,7.10737,124.82597,1
2015,7.10756,124.82551,1
2015,7.10854,124.8259,1
2015,7.10932,-75.55089,1
2015,7.11412,124.8089,2
2015,7.11506,125.34513,1
2015,7.12539,125.61944,1
2015,7.12563,125.9634,1
2015,7.12816,125.89638,1
2015,7.13475,125.89392,2
2015,7.14178,124.38202,1
2015,7.15268,125.05418,1
2015,7.15857,126.16162,1
2015,7.16061,125.09423,1
2015,7.1607,3.34824,1
2015,7.16403,9.34136,1
2015,7.16574,124.51751,2
2015,7.16686,9.28949,1
2015,7.16918,125.89304,1
2015,7.16979,9.28401,1
2015,7.18109,124.21273,1
2015,7.18231,32.35614,1
2015,7.18441,125.69968,1
2015,7.18567,125.49241,1
2015,7.18888,124.63159,1
2015,7.18894,124.63034,1
2015,7.19031,124.53491,1
2015,7.19951,124.79698,2
2015,7.20129,35.42077,3
2015,7.20959,124.24197,19
2015,7.21389,125.11725,1
2015,7.21528,125.1348,1
2015,7.21621,126.01325,1
2015,7.21631,125.39584,1
2015,7.21722,8.98039,1
2015,7.23753,125.48262,1
2015,7.24382,125.38228,1
2015,7.24797,125.63288,1
2015,7.24885,125.05537,1
2015,7.25082,126.16817,1
2015,7.25492,126.15652,1
2015,7.25522,126.1562,1
2015,7.25723,126.15609,1
2015,7.26221,124.30883,2
2015,7.26798,9.29884,1
2015,7.27733,125.48915,1
2015,7.27843,124.4247,1
2015,7.27852,124.4242,1
2015,7.28213,125.8574,3
2015,7.28566,124.41088,1
2015,7.28589,125.99765,1
2015,7.28877,124.26983,2
2015,7.29129,124.78602,1
2015,7.29554,126.00011,1
2015,7.29683,126.00758,1
2015,7.3008,18.28817,1
2015,7.31369,125.48069,1
2015,7.31729,122.87518,1
2015,7.32178,125.46268,1
2015,7.3232,125.0574,2
2015,7.33939,125.1106,1
2015,7.34589,125.53295,1
2015,7.35184,125.46724,1
2015,7.35219,126.15454,1
2015,7.35347,125.14779,1
2015,7.36068,125.85734,1
2015,7.37097,125.03612,1
2015,7.37441,124.26877,1
2015,7.38261,124.81826,1
2015,7.39035,126.02977,1
2015,7.39198,125.32468,1
2015,7.40806,10.0759,1
2015,7.41794,9.22371,1
2015,7.42031,6.17194,1
2015,7.42571,8.82536,1
2015,7.42705,125.88232,1
2015,7.43282,125.11983,1
2015,7.43825,9.18487,1
2015,7.44623,125.95858,1
2015,7.44814,125.80883,1
2015,7.45123,123.31377,1
2015,7.46911,125.04245,1
2015,7.47673,15.60167,1
2015,7.48337,80.36708,1
2015,7.4941,125.82611,1
2015,7.49472,126.10108,1
2015,7.50057,9.6063,1
2015,7.50152,122.36622,1
2015,7.50185,122.3675,1
2015,7.5061,9.35066,1
2015,7.50645,9.6059,1
2015,7.50918,9.35162,1
2015,7.50958,9.34899,1
2015,7.51183,9.3494,1
2015,7.51219,9.35199,1
2015,7.51252,126.17626,1
2015,7.51483,124.37105,1
2015,7.51944,125.23709,1
2015,7.51951,126.21608,1
2015,7.52659,27.77124,1
2015,7.53187,9.64741,1
2015,7.53545,123.19473,1
2015,7.54857,126.13706,1
2015,7.55,6.2333,1
2015,7.55,6.23333,1
2015,7.56078,9.09157,1
2015,7.5613,6.57164,1
2015,7.56131,6.23806,1
2015,7.56142,6.2429,1
2015,7.56189,6.57834,1
2015,7.57583,79.79528,1
2015,7.58022,8.20591,1
2015,7.58319,-75.39997,2
2015,7.58495,125.02764,1
2015,7.58506,8.20393,1
2015,7.58514,123.01896,1
2015,7.59015,122.40142,1
2015,7.59578,125.10512,1
2015,7.59728,8.09293,1
2015,7.60152,125.16993,1
2015,7.60275,125.16953,2
2015,7.60568,-74.80626,1
2015,7.60938,126.12583,1
2015,7.60969,125.11312,1
2015,7.62446,5.21627,3
2015,7.6246,125.62049,1
2015,7.63288,125.01625,1
2015,7.63311,125.017,1
2015,7.63373,125.01643,1
2015,7.63838,125.00995,1
2015,7.63993,125.00916,1
2015,7.64002,125.00844,1
2015,7.64314,10.2108,1
2015,7.65129,124.82464,1
2015,7.65706,9.77246,1
2015,7.6595,122.46939,1
2015,7.66114,125.55897,2
2015,7.66176,8.4828,1
2015,7.66597,126.0847,1
2015,7.66803,10.31072,1
2015,7.67065,126.08562,1
2015,7.67105,126.08561,1
2015,7.67488,126.08153,1
2015,7.67561,124.86785,1
2015,7.67771,126.08822,1
2015,7.6868,123.94295,1
2015,7.68827,9.25132,2
2015,7.68917,9.25028,26
2015,7.68999,9.25127,1
2015,7.69198,7.04716,1
2015,7.69951,27.99853,1
2015,7.69975,28.00156,1
2015,7.70174,28.00251,1
2015,7.70461,125.98829,1
2015,7.70563,126.10555,1
2015,7.70919,27.98347,1
2015,7.70931,125.22285,1
2015,7.7151,9.23005,1
2015,7.72975,125.10023,1
2015,7.73124,125.99262,1
2015,7.7348,125.51262,2
2015,7.74754,123.14646,1
2015,7.76068,9.75953,1
2015,7.7618,122.58251,1
2015,7.77658,4.56514,1
2015,7.78417,122.58328,2
2015,7.80251,6.73254,1
2015,7.80398,122.6223,1
2015,7.80753,122.70112,1
2015,7.81861,9.24528,1
2015,7.82307,126.05537,2
2015,7.8252,123.43738,3
2015,7.83258,7.86918,3
2015,7.83312,124.81374,1
2015,7.83624,124.83083,1
2015,7.83648,123.30307,1
2015,7.84203,125.99299,2
2015,7.85386,123.32817,1
2015,7.86797,8.09553,1
2015,7.87218,123.88578,1
2015,7.87304,9.77803,1
2015,7.8751,9.77855,1
2015,7.87757,9.77936,1
2015,7.88505,124.16621,1
2015,7.88778,9.55639,1
2015,7.89148,8.81127,1
2015,7.8944,7.78507,1
2015,7.90311,81.52398,1
2015,7.90583,7.85472,1
2015,7.90829,8.79391,1
2015,7.91373,125.3137,1
2015,7.91518,8.76887,1
2015,7.92105,123.44956,1
2015,7.92211,125.84682,1
2015,7.95715,-73.9464,1
2015,7.9674,124.34984,1
2015,7.98446,124.96169,1
2015,7.98483,117.06326,1
2015,7.98649,80.28788,1
2015,7.98688,10.9807,1
2015,7.99122,124.96931,1
2015,7.99876,124.29208,1
2015,7.99968,124.29981,1
2015,7.9999,125.00024,1
2015,8.00025,124.29986,2
2015,8.00102,124.29462,1
2015,8.00103,124.29196,1
2015,8.00127,124.34769,1
2015,8.00288,124.28636,1
2015,8.01138,124.28529,1
2015,8.05,126.06667,1
2015,8.05053,125.87222,1
2015,8.05891,125.86138,1
2015,8.07595,124.25144,1
2015,8.08184,-72.79952,1
2015,8.08972,122.59285,1
2015,8.09158,125.32182,1
2015,8.11327,125.60783,3
2015,8.1158,124.21416,1
2015,8.12382,123.43407,1
2015,8.13093,125.12709,1
2015,8.1474,125.02174,1
2015,8.15781,123.84675,1
2015,8.15838,8.80186,1
2015,8.16685,125.99968,1
2015,8.18316,9.74889,1
2015,8.21299,-73.23838,1
2015,8.22093,28.85968,1
2015,8.22932,124.61183,1
2015,8.2348,-73.35416,2
2015,8.25104,125.7162,1
2015,8.26114,125.60955,1
2015,8.2621,-73.33353,1
2015,8.26864,125.73967,1
2015,8.29985,-72.88991,1
2015,8.32206,-73.14493,1
2015,8.32215,-73.14586,1
2015,8.32809,-73.14624,1
2015,8.33124,77.09544,1
2015,8.34056,126.18699,1
2015,8.34068,126.01004,1
2015,8.36472,33.17389,1
2015,8.38615,-72.59794,1
2015,8.4016,-73.209,1
2015,8.40272,-73.20727,1
2015,8.40331,48.48802,2
2015,8.41224,-72.45797,1
2015,8.43721,-73.28706,1
2015,8.43752,-73.28694,1
2015,8.45759,126.15764,1
2015,8.47,25.68,1
2015,8.47015,-73.33701,1
2015,8.47709,47.36321,1
2015,8.48158,125.74437,1
2015,8.48549,126.04692,1
2015,8.4882,126.08398,1
2015,8.50438,124.6192,1
2015,8.51085,-73.44744,1
2015,8.54049,126.11448,2
2015,8.54747,7.7118,1
2015,8.57345,12.38018,1
2015,8.58278,123.34289,1
2015,8.59674,-73.22737,1
2015,8.5979,-72.81923,1
2015,8.60787,125.91601,1
2015,8.61731,125.98413,1
2015,8.62291,33.07042,1
2015,8.63274,126.09501,1
2015,8.63298,126.09432,1
2015,8.63383,126.09448,1
2015,8.63662,126.0676,1
2015,8.64236,-72.73773,4
2015,8.65626,117.5105,1
2015,8.66187,125.65418,1
2015,8.67481,126.13777,1
2015,8.67914,10.3652,1
2015,8.69693,125.13187,1
2015,8.72474,80.377,1
2015,8.74389,125.0666,1
2015,8.74583,123.22222,1
2015,8.75782,80.48791,1
2015,8.80034,126.30001,1
2015,8.8005,126.30002,1
2015,8.81667,125.7,1
2015,8.82231,125.69332,1
2015,8.82703,126.29454,1
2015,8.85551,8.06112,1
2015,8.859,124.789,1
2015,8.87656,7.24403,2
2015,8.88299,125.99735,1
2015,8.89258,126.30031,1
2015,8.90306,29.79329,2
2015,8.9238,29.79178,1
2015,8.92772,29.78892,1
2015,8.94754,125.54062,1
2015,8.95296,125.54746,1
2015,8.95967,-73.62627,1
2015,8.96609,125.76252,1
2015,8.96896,125.33664,1
2015,8.97149,125.35182,3
2015,9.03015,38.73726,1
2015,9.0616,7.48628,1
2015,9.06433,125.6673,1
2015,9.07561,7.40535,1
2015,9.08556,7.49759,1
2015,9.1584,123.4996,1
2015,9.15963,7.33861,1
2015,9.2035,12.49539,3
2015,9.20396,12.48527,1
2015,9.20405,12.49523,1
2015,9.2091,126.17658,1
2015,9.21682,125.9667,1
2015,9.21694,125.96527,1
2015,9.22809,8.46046,1
2015,9.22886,126.01654,1
2015,9.23465,126.16705,1
2015,9.23487,126.16552,1
2015,9.25973,29.8,1
2015,9.26,29.8,1
2015,9.28282,125.94219,1
2015,9.28482,12.42372,1
2015,9.32505,12.43806,1
2015,9.33338,-75.54108,1
2015,9.34655,8.26723,1
2015,9.36175,12.55149,1
2015,9.41021,9.21093,1
2015,9.42282,125.67749,1
2015,9.45167,28.40167,1
2015,9.45221,125.57482,1
2015,9.45278,125.57452,1
2015,9.46556,8.38489,1
2015,9.48742,9.14017,1
2015,9.50369,8.9281,1
2015,9.50917,-13.71222,1
2015,9.51667,8.83333,1
2015,9.51744,-13.69332,1
2015,9.52692,8.71404,1
2015,9.52792,31.66819,1
2015,9.52846,31.66716,2
2015,9.52999,31.65548,2
2015,9.5309,100.06084,1
2015,9.53785,8.89328,1
2015,9.53954,8.89985,1
2015,9.53955,8.8997,2
2015,9.54223,8.89967,6
2015,9.54261,8.89616,2
2015,9.5455,8.89568,1
2015,9.54632,122.51944,1
2015,9.54962,31.65154,1
2015,9.55,31.65,1
2015,9.55114,8.90056,1
2015,9.55694,44.07414,1
2015,9.5667,9.0833,1
2015,9.57384,125.73275,1
2015,9.58421,8.71371,1
2015,9.58851,8.8967,1
2015,9.59531,125.69853,1
2015,9.599,8.71539,1
2015,9.63687,8.49962,1
2015,9.63936,123.85556,1
2015,9.64012,-63.67055,1
2015,9.6664,80.02048,1
2015,9.69806,8.95139,1
2015,9.71199,8.55852,1
2015,9.71822,125.47618,1
2015,9.75513,8.87518,1
2015,9.75605,9.55622,1
2015,9.75664,8.87466,1
2015,9.78472,125.48969,1
2015,9.81667,80.2,1
2015,9.82939,76.45554,1
2015,9.83746,8.40448,1
2015,9.83855,28.4864,1
2015,9.85808,-66.38207,1
2015,9.86992,78.47967,1
2015,9.88208,9.68148,1
2015,9.90891,31.89091,1
2015,9.92559,78.11947,1
2015,9.93065,76.26693,1
2015,9.93297,43.18191,1
2015,9.93333,8.88333,4
2015,9.93603,78.10333,2
2015,9.94298,122.58252,1
2015,9.94299,122.58252,1
2015,9.97101,122.62413,1
2015,9.97131,122.62351,1
2015,9.97223,78.56378,1
2015,10.01639,12.33167,2
2015,10.03371,123.21922,1
2015,10.0575,123.43695,1
2015,10.07163,122.8474,1
2015,10.12869,49.67995,1
2015,10.13344,12.38116,1
2015,10.1402,11.92039,1
2015,10.16056,12.74224,1
2015,10.16139,12.73972,1
2015,10.21807,12.06492,1
2015,10.22194,9.39889,1
2015,10.22389,9.8625,1
2015,10.25797,123.84883,1
2015,10.2713,10.33014,2
2015,10.28325,11.16742,1
2015,10.28607,79.20049,1
2015,10.28665,11.16386,16
2015,10.28944,11.49944,1
2015,10.29789,7.3414,1
2015,10.30393,9.82375,1
2015,10.30417,11.49889,1
2015,10.31639,11.35472,1
2015,10.31779,9.84688,1
2015,10.31921,-6.07677,1
2015,10.31947,123.0198,1
2015,10.32637,6.65649,1
2015,10.37209,122.8682,1
2015,10.39417,10.53222,2
2015,10.40773,12.56944,1
2015,10.41361,123.98529,1
2015,10.43116,13.00486,2
2015,10.43306,12.24667,1
2015,10.44306,11.99083,1
2015,10.44633,12.11848,1
2015,10.45683,-66.7823,1
2015,10.46208,32.5401,1
2015,10.48491,12.38031,1
2015,10.49117,12.41873,1
2015,10.51828,7.43316,1
2015,10.54993,-6.91576,1
2015,10.55,34.28333,1
2015,10.59065,12.20726,2
2015,10.592,12.20766,1
2015,10.59253,14.32101,3
2015,10.59649,14.31513,1
2015,10.60299,13.03214,1
2015,10.61101,12.19509,2
2015,10.6111,12.195,2
2015,10.61219,12.19397,1
2015,10.61242,12.19304,1
2015,10.61243,12.19478,1
2015,10.61285,12.19458,1
2015,10.61966,7.2316,1
2015,10.61969,13.38658,1
2015,10.62209,13.38998,1
2015,10.6223,13.39646,1
2015,10.62971,13.53888,1
2015,10.63017,13.4316,1
2015,10.63156,14.65878,2
2015,10.63338,13.48664,1
2015,10.63697,30.38019,2
2015,10.6379,-61.40559,1
2015,10.64667,13.45252,1
2015,10.64699,122.59552,1
2015,10.64862,12.90691,2
2015,10.65518,12.90741,1
2015,10.65653,12.90283,1
2015,10.65738,12.90614,3
2015,10.65806,12.16278,1
2015,10.66412,6.54045,1
2015,10.66737,6.53829,1
2015,10.66806,12.54557,1
2015,10.67124,12.54321,1
2015,10.68823,122.54434,1
2015,10.69003,12.97106,1
2015,10.69243,12.97315,1
2015,10.69488,122.54273,1
2015,10.71648,122.26624,1
2015,10.72275,13.07357,1
2015,10.72442,122.45509,1
2015,10.72775,122.55762,1
2015,10.73778,13.13056,3
2015,10.74444,13.3325,1
2015,10.74947,12.15112,2
2015,10.75098,13.22035,1
2015,10.75111,13.2,1
2015,10.76933,13.14621,1
2015,10.78044,122.38304,1
2015,10.78106,12.23249,1
2015,10.7836,122.30005,1
2015,10.78617,122.20638,1
2015,10.79417,13.65361,1
2015,10.80632,13.45809,1
2015,10.81,13.65417,1
2015,10.81046,12.4563,1
2015,10.81722,12.08833,1
2015,10.82296,10.77328,4
2015,10.82815,12.42175,1
2015,10.83333,30.75,1
2015,10.83519,13.4006,1
2015,10.86245,124.88112,1
2015,10.86794,12.84833,1
2015,10.86834,13.8825,1
2015,10.8692,12.84762,3
2015,10.86972,13.53991,1
2015,10.87299,13.53934,1
2015,10.87453,13.45599,1
2015,10.88089,12.50308,1
2015,10.89074,13.6277,1
2015,10.89075,13.628,1
2015,10.89093,13.62759,3
2015,10.89103,13.62724,1
2015,10.89155,13.63036,1
2015,10.8916,13.62732,1
2015,10.89171,13.62624,1
2015,10.89244,13.62766,1
2015,10.89505,13.62782,1
2015,10.89805,11.60796,1
2015,10.90018,13.38289,1
2015,10.90596,12.08896,1
2015,10.90604,12.08859,1
2015,10.90666,12.08911,1
2015,10.90759,12.0885,4
2015,10.91051,11.2804,1
2015,10.91056,11.29194,1
2015,10.91394,11.27193,1
2015,10.91431,11.27374,1
2015,10.91722,13.97972,1
2015,10.92333,49.25806,2
2015,10.9478,79.42407,1
2015,10.97339,12.03524,1
2015,10.98978,12.15369,1
2015,10.98998,49.05688,4
2015,10.9965,10.40875,1
2015,10.99954,13.94132,1
2015,11.0,13.83333,1
2015,11.0016,122.5167,1
2015,11.00222,13.83194,1
2015,11.00471,77.56316,1
2015,11.00498,122.53727,1
2015,11.01649,29.71711,1
2015,11.01667,29.71667,3
2015,11.01677,29.71615,2
2015,11.02005,13.5453,1
2015,11.03375,13.9431,1
2015,11.0413,76.0828,1
2015,11.04309,13.97661,1
2015,11.04674,14.14046,2
2015,11.04968,14.15016,1
2015,11.05,14.14998,1
2015,11.06658,7.69999,1
2015,11.0672,7.69951,1
2015,11.08398,13.69309,2
2015,11.08579,13.69248,1
2015,11.08623,13.69132,1
2015,11.08972,13.68837,1
2015,11.08972,13.68838,1
2015,11.09152,14.20343,2
2015,11.09395,25.79464,1
2015,11.09522,13.61245,1
2015,11.09576,11.33595,1
2015,11.10143,76.64723,1
2015,11.10227,76.647,1
2015,11.10618,14.17376,1
2015,11.10644,11.37431,1
2015,11.1071,11.37418,1
2015,11.1104,14.03857,2
2015,11.11177,14.03841,1
2015,11.1158,13.9007,1
2015,11.11659,76.33333,1
2015,11.11887,11.51566,1
2015,11.13142,13.88046,1
2015,11.13378,12.95188,1
2015,11.13469,122.50063,1
2015,11.14579,122.51464,1
2015,11.15092,122.65176,1
2015,11.1519,12.7587,1
2015,11.15505,14.07269,1
2015,11.15608,12.75661,6
2015,11.15623,12.75682,1
2015,11.15664,12.75633,1
2015,11.15691,12.7566,1
2015,11.15745,12.75557,1
2015,11.15789,14.09157,1
2015,11.16254,14.01398,6
2015,11.16942,14.09227,1
2015,11.17275,13.42955,1
2015,11.17515,14.03752,1
2015,11.18386,13.91706,1
2015,11.18417,13.91417,1
2015,11.1842,13.91428,2
2015,11.18528,13.88417,1
2015,11.1856,14.12816,1
2015,11.18954,125.01399,1
2015,11.21698,122.43428,1
2015,11.23652,14.1262,2
2015,11.24053,-74.21104,1
2015,11.2422,122.69555,1
2015,11.24707,12.01246,1
2015,11.25975,14.24377,1
2015,11.2705,25.15148,6
2015,11.27387,11.99982,1
2015,11.27389,13.85206,1
2015,11.2748,49.17966,18
2015,11.27718,25.14139,1
2015,11.27813,25.14445,1
2015,11.28024,7.41755,1
2015,11.28803,11.30953,1
2015,11.29101,23.1918,1
2015,11.3,24.18333,1
2015,11.30002,14.38335,1
2015,11.3149,12.47504,1
2015,11.33986,27.0029,1
2015,11.34942,13.76174,1
2015,11.387,122.78199,1
2015,11.38936,-4.93329,1
2015,11.39086,122.64812,1
2015,11.39271,79.69574,1
2015,11.39836,14.56844,1
2015,11.40306,14.56784,1
2015,11.43312,122.10647,1
2015,11.44861,12.35667,1
2015,11.4599,13.77197,1
2015,11.46865,31.2283,1
2015,11.48502,12.31189,2
2015,11.50106,11.93338,1
2015,11.50303,14.66035,2
2015,11.50443,12.98579,1
2015,11.50681,122.79432,1
2015,11.50684,30.05925,1
2015,11.50975,12.97891,7
2015,11.50977,12.97884,1
2015,11.51204,7.86486,1
2015,11.51889,13.68417,1
2015,11.52685,13.69271,2
2015,11.56212,11.91629,1
2015,11.58601,34.15319,1
2015,11.58749,13.21461,1
2015,11.58856,43.14509,1
2015,11.61139,11.91916,1
2015,11.61312,124.9865,1
2015,11.6266,13.45139,1
2015,11.63554,14.10522,1
2015,11.64003,11.33505,1
2015,11.64586,13.34764,2
2015,11.64853,13.41939,2
2015,11.64886,24.90422,2
2015,11.64893,13.42015,1
2015,11.64955,7.69222,1
2015,11.65034,13.41832,2
2015,11.65039,13.41841,1
2015,11.65541,13.41293,6
2015,11.66436,78.14632,1
2015,11.665,14.04083,1
2015,11.68589,11.61916,1
2015,11.69947,76.0798,1
2015,11.7044,11.08854,13
2015,11.71478,14.71116,1
2015,11.73392,75.93732,1
2015,11.74464,11.97026,10
2015,11.747,11.96619,2
2015,11.74884,11.96535,1
2015,11.7502,13.18321,1
2015,11.75783,12.23185,1
2015,11.75898,75.57861,1
2015,11.75919,75.63681,1
2015,11.76319,32.84042,1
2015,11.76394,12.26313,6
2015,11.76535,75.64848,1
2015,11.77877,124.88451,1
2015,11.78139,11.22833,1
2015,11.78544,12.41574,1
2015,11.78606,14.53706,1
2015,11.79664,13.23685,1
2015,11.80873,12.49579,3
2015,11.81194,12.8225,1
2015,11.8263,13.19613,3
2015,11.82721,13.15391,1
2015,11.8296,13.15347,1
2015,11.82998,12.63018,3
2015,11.8305,13.16054,1
2015,11.8311,13.15097,7
2015,11.83167,13.16875,1
2015,11.83442,13.16814,1
2015,11.83445,13.14444,1
2015,11.83465,13.15862,1
2015,11.83732,13.15928,1
2015,11.84079,13.14139,48
2015,11.8463,75.62954,1
2015,11.84643,12.93546,1
2015,11.86522,31.04846,1
2015,11.88596,12.80189,1
2015,11.8909,75.46876,1
2015,11.89944,14.44028,1
2015,11.89992,13.46694,1
2015,11.90168,13.2919,1
2015,11.90583,14.24833,1
2015,11.90955,13.5884,2
2015,11.91689,75.33681,1
2015,11.91778,14.64306,1
2015,11.91841,14.64554,3
2015,11.92371,13.04625,1
2015,11.92466,13.60131,4
2015,11.93023,13.24217,1
2015,11.93967,125.02359,1
2015,11.94038,30.01996,3
2015,11.94854,14.51802,1
2015,11.94938,30.01887,1
2015,11.95608,14.84785,1
2015,11.95985,5.98698,1
2015,11.97433,8.50026,3
2015,11.97952,124.82537,1
2015,11.98112,13.75496,1
2015,11.99096,14.38088,1
2015,12.00218,8.59196,3
2015,12.01683,124.8165,1
2015,12.02524,123.27845,1
2015,12.03279,123.68289,1
2015,12.03338,123.20046,1
2015,12.03658,13.91724,2
2015,12.04013,13.25051,1
2015,12.04841,14.30792,1
2015,12.05074,29.6602,3
2015,12.05719,24.8787,5
2015,12.06667,124.6,1
2015,12.08143,124.58676,1
2015,12.08178,14.46796,2
2015,12.1,125.16667,1
2015,12.10507,75.20583,1
2015,12.10745,11.75464,1
2015,12.12669,15.0284,3
2015,12.148,124.88011,1
2015,12.15218,123.599,1
2015,12.15466,11.77422,1
2015,12.15988,124.86565,1
2015,12.16151,31.30398,1
2015,12.16462,6.68326,2
2015,12.16472,31.30278,1
2015,12.16637,75.33421,1
2015,12.16815,123.77412,1
2015,12.17008,123.36171,1
2015,12.17154,75.27719,1
2015,12.1718,75.27664,1
2015,12.17565,123.7302,1
2015,12.19103,13.09196,1
2015,12.22585,123.28331,1
2015,12.2339,123.28291,1
2015,12.23535,14.63584,4
2015,12.24918,13.86624,1
2015,12.2518,75.29886,1
2015,12.257,13.10752,1
2015,12.29275,125.13779,1
2015,12.33102,14.57123,1
2015,12.338,123.659,2
2015,12.33926,125.03151,1
2015,12.3422,14.18597,1
2015,12.34449,6.86593,1
2015,12.34626,14.18469,1
2015,12.35947,14.21093,5
2015,12.36009,14.46032,1
2015,12.36018,14.45991,1
2015,12.36591,13.82953,1
2015,12.37368,-1.53698,1
2015,12.37774,14.22504,1
2015,12.37903,14.22436,6
2015,12.38184,123.52493,1
2015,12.38535,23.13885,1
2015,12.40027,14.215,3
2015,12.43778,14.53444,1
2015,12.44039,14.53444,1
2015,12.46272,124.64334,1
2015,12.47927,123.73908,1
2015,12.48274,123.71824,1
2015,12.492,12.78155,1
2015,12.49646,123.7171,1
2015,12.49693,12.78172,2
2015,12.50561,24.28891,3
2015,12.51092,124.28335,1
2015,12.51118,123.39798,1
2015,12.51599,123.66622,2
2015,12.53083,6.88917,1
2015,12.53232,125.12052,1
2015,12.55556,14.2725,1
2015,12.56244,10.92561,1
2015,12.56302,10.00713,1
2015,12.58323,123.69999,1
2015,12.59168,25.27222,1
2015,12.59227,7.49924,1
2015,12.59255,14.50404,1
2015,12.60972,13.29583,1
2015,12.62284,123.66821,1
2015,12.6355,-8.03096,1
2015,12.63589,14.47182,1
2015,12.63604,13.68692,2
2015,12.643,-7.9944,1
2015,12.64574,-7.99827,2
2015,12.65067,-7.99774,1
2015,12.66577,-7.97291,1
2015,12.66623,123.87625,1
2015,12.67302,13.61505,4
2015,12.67409,13.61115,4
2015,12.67865,14.29046,1
2015,12.68323,22.56318,1
2015,12.70039,124.03324,1
2015,12.70273,124.03412,1
2015,12.70333,13.21788,1
2015,12.75026,124.1361,1
2015,12.7507,123.92658,1
2015,12.7525,123.93372,1
2015,12.75999,123.9304,1
2015,12.76007,44.89027,4
2015,12.76812,14.55676,1
2015,12.77969,6.78239,1
2015,12.78173,44.98698,1
2015,12.7853,123.86155,1
2015,12.78773,12.72918,1
2015,12.79018,44.98152,1
2015,12.8,45.03333,1
2015,12.80557,-16.23212,1
2015,12.82469,124.08836,1
2015,12.82575,44.79438,3
2015,12.83421,124.1043,1
2015,12.83463,44.92198,1
2015,12.83627,23.01566,2
2015,12.83672,44.92206,2
2015,12.84353,22.94459,1
2015,12.84642,44.97857,1
2015,12.84721,13.6663,1
2015,12.84906,44.97202,1
2015,12.84908,45.03728,101
2015,12.85003,123.98328,1
2015,12.85676,123.89475,1
2015,12.86714,44.98396,23
2015,12.87229,124.00902,1
2015,12.87342,44.90676,1
2015,12.88369,-15.59434,1
2015,12.88461,23.46586,1
2015,12.89349,11.9291,1
2015,12.89985,23.47687,1
2015,12.903,123.247,1
2015,12.91517,44.97638,1
2015,12.91549,23.47828,3
2015,12.91709,35.98373,1
2015,12.91958,124.12361,1
2015,12.92018,124.12278,2
2015,12.92044,124.12287,1
2015,12.92296,13.56394,15
2015,12.92338,123.67502,1
2015,12.92394,13.5641,1
2015,12.925,13.57077,2
2015,12.92767,25.48465,1
2015,12.93455,123.7811,1
2015,12.9358,22.40292,3
2015,12.93796,24.42424,2
2015,12.94432,13.17662,1
2015,12.94469,24.45359,2
2015,12.94752,24.40875,1
2015,12.95006,123.88042,1
2015,12.9514,123.88084,1
2015,12.95159,24.24782,1
2015,12.95414,36.15945,1
2015,12.9598,24.03983,2
2015,12.96309,13.60899,1
2015,12.9817,77.62855,1
2015,12.99271,124.01475,1
2015,12.99277,13.72156,1
2015,12.99372,44.91944,1
2015,13.00304,14.73804,4
2015,13.00861,24.86083,1
2015,13.01408,124.07101,1
2015,13.02248,80.20319,1
2015,13.02542,124.02839,1
2015,13.02995,123.66515,1
2015,13.03459,122.98868,1
2015,13.03542,123.44782,1
2015,13.03651,123.45003,1
2015,13.03799,80.27197,1
2015,13.03939,80.22287,1
2015,13.04241,12.54414,1
2015,13.05,44.88333,1
2015,13.05768,44.88376,1
2015,13.05784,44.88328,4
2015,13.05875,6.66496,1
2015,13.0634,44.88088,14
2015,13.06667,24.53333,2
2015,13.07704,123.70147,1
2015,13.08213,23.89005,1
2015,13.08265,80.27066,1
2015,13.09463,13.82042,1
2015,13.09476,13.8188,1
2015,13.09512,13.81873,4
2015,13.10176,12.50984,1
2015,13.10707,123.76853,1
2015,13.1086,23.03266,3
2015,13.12072,13.86245,2
2015,13.1209,13.8761,2
2015,13.12902,45.02027,1
2015,13.12973,45.38557,7
2015,13.13056,22.02417,1
2015,13.13906,123.7438,1
2015,13.14452,11.97882,1
2015,13.14896,44.85055,3
2015,13.16056,43.73093,1
2015,13.16194,-0.81492,1
2015,13.1702,123.52763,1
2015,13.17748,123.52801,1
2015,13.18136,43.72856,1
2015,13.1831,22.67538,1
2015,13.18385,123.41377,1
2015,13.20138,79.0934,1
2015,13.207,44.7583,2
2015,13.21015,13.90608,1
2015,13.21139,12.02389,2
2015,13.21272,44.12413,1
2015,13.2186,44.82067,1
2015,13.2194,45.30784,2
2015,13.23123,22.78389,1
2015,13.23196,24.55745,1
2015,13.23973,13.87686,1
2015,13.24136,13.78832,1
2015,13.25607,14.48529,1
2015,13.27582,12.57395,1
2015,13.28766,24.86513,1
2015,13.28888,24.86463,1
2015,13.31306,24.84972,1
2015,13.31489,12.6047,8
2015,13.31717,12.60422,1
2015,13.31806,24.90111,1
2015,13.31892,123.31493,1
2015,13.31962,43.25563,1
2015,13.33027,14.10013,3
2015,13.34739,24.98404,2
2015,13.3576,45.69648,4
2015,13.36683,12.4456,2
2015,13.36907,44.49096,1
2015,13.3694,22.88977,1
2015,13.38115,43.63907,1
2015,13.38613,-3.82694,2
2015,13.38769,44.19459,1
2015,13.411,43.62737,2
2015,13.41156,43.63146,1
2015,13.41231,43.61562,1
2015,13.41312,43.63753,5
2015,13.41332,43.62751,1
2015,13.41642,43.64688,2
2015,13.42278,24.69028,1
2015,13.43274,24.71014,1
2015,13.43333,14.38333,1
2015,13.44089,22.44173,1
2015,13.44302,44.61564,1
2015,13.44389,14.59472,1
2015,13.44828,24.81534,1
2015,13.45073,22.4449,1
2015,13.45182,38.0599,1
2015,13.45329,14.72697,1
2015,13.46667,44.99,2
2015,13.46732,23.29372,2
2015,13.46778,24.76472,2
2015,13.46969,43.81449,1
2015,13.47183,123.35142,1
2015,13.48806,13.85667,1
2015,13.48975,43.86032,1
2015,13.49304,12.90712,1
2015,13.5,43.96667,1
2015,13.50001,24.89973,1
2015,13.5077,12.92882,1
2015,13.50848,24.90289,1
2015,13.51334,24.86045,1
2015,13.51383,24.86908,4
2015,13.515,44.05167,2
2015,13.51754,24.86064,1
2015,13.52266,24.85099,1
2015,13.52269,24.85101,1
2015,13.5227,24.851,5
2015,13.52271,24.851,1
2015,13.52272,24.85099,1
2015,13.52827,14.01809,2
2015,13.52941,43.94986,1
2015,13.52994,123.45445,1
2015,13.5305,44.85262,1
2015,13.53253,44.84967,2
2015,13.53318,13.00608,1
2015,13.53358,14.31718,1
2015,13.53368,14.31709,1
2015,13.53806,14.63697,1
2015,13.54639,43.99833,1
2015,13.54842,44.05218,1
2015,13.54923,14.05294,1
2015,13.55412,43.96309,1
2015,13.55528,43.96278,1
2015,13.55592,44.01696,1
2015,13.56966,44.01463,1
2015,13.5747,44.01039,3
2015,13.57556,15.42694,1
2015,13.57889,44.02194,4
2015,13.57897,44.02203,2
2015,13.58083,123.44216,1
2015,13.58389,123.05976,1
2015,13.58451,44.01802,1
2015,13.58648,44.0241,96
2015,13.59545,124.09957,1
2015,13.60652,25.85715,1
2015,13.62111,44.7025,1
2015,13.6242,25.34498,5
2015,13.62618,13.25186,1
2015,13.62621,123.19849,1
2015,13.62639,13.25139,1
2015,13.62698,25.34958,1
2015,13.63333,24.96667,1
2015,13.63434,46.05632,4
2015,13.63476,46.05722,1
2015,13.64767,24.09633,6
2015,13.65,14.05,1
2015,13.65003,24.05261,1
2015,13.65171,24.10314,1
2015,13.66373,45.91068,1
2015,13.665,13.88056,1
2015,13.6741,46.13305,1
2015,13.67686,12.71351,2
2015,13.69355,123.06037,1
2015,13.69446,123.06005,1
2015,13.69667,44.73083,3
2015,13.6978,123.4892,1
2015,13.69861,13.30944,1
2015,13.69888,13.31173,1
2015,13.7,123.06638,1
2015,13.7,123.06667,1
2015,13.7008,13.309,7
2015,13.70266,44.73357,8
2015,13.70326,44.73345,3
2015,13.70447,24.71413,1
2015,13.7081,46.02809,1
2015,13.71648,44.73655,1
2015,13.71807,44.75547,1
2015,13.71898,44.73434,1
2015,13.73333,44.66667,1
2015,13.7335,123.51688,1
2015,13.73493,13.29296,1
2015,13.7365,121.19817,1
2015,13.73664,123.86903,1
2015,13.74557,45.68637,1
2015,13.75116,-2.97092,1
2015,13.76207,44.14032,3
2015,13.76844,123.53319,1
2015,13.77379,22.71061,1
2015,13.77475,43.88272,1
2015,13.78579,100.56085,4
2015,13.79515,122.25196,1
2015,13.79626,121.067,1
2015,13.80498,44.77564,1
2015,13.805,45.77556,1
2015,13.80702,122.91012,1
2015,13.81024,43.24831,2
2015,13.81227,44.16247,1
2015,13.81233,44.16175,1
2015,13.81934,124.17544,1
2015,13.82073,122.79179,1
2015,13.82138,122.79268,1
2015,13.82752,44.06603,1
2015,13.82819,44.70996,1
2015,13.83194,122.878,1
2015,13.83202,122.87781,2
2015,13.84308,44.17381,1
2015,13.85,44.7,1
2015,13.85069,44.70279,1
2015,13.8622,11.0818,1
2015,13.87967,23.65322,1
2015,13.88335,45.86666,1
2015,13.88365,45.86663,1
2015,13.88578,13.95407,1
2015,13.8874,45.86365,3
2015,13.89367,24.64653,1
2015,13.89501,45.74705,1
2015,13.90735,45.7325,1
2015,13.91725,122.68848,1
2015,13.92167,122.59583,1
2015,13.93535,44.75109,1
2015,13.94678,45.67271,1
2015,13.94892,44.40069,1
2015,13.95835,45.44743,1
2015,13.96083,45.66222,1
2015,13.96179,44.17321,1
2015,13.96256,45.46747,1
2015,13.96294,45.46548,1
2015,13.96463,45.46729,1
2015,13.96664,44.16675,4
2015,13.96695,44.00226,1
2015,13.96738,43.99963,1
2015,13.96832,121.10434,1
2015,13.96848,44.17288,2
2015,13.96878,120.79317,1
2015,13.96914,44.17016,1
2015,13.9707,44.16955,1
2015,13.97123,43.99588,1
2015,13.97209,44.16253,1
2015,13.97221,44.1829,1
2015,13.97228,44.16655,1
2015,13.97596,44.15541,1
2015,13.97868,45.4292,2
2015,13.97889,44.1525,1
2015,13.98501,45.55848,15
2015,13.98892,45.5771,3
2015,13.99729,121.9192,1
2015,13.99779,25.60348,1
2015,14.015,13.37846,1
2015,14.02431,35.36857,1
2015,14.02747,44.17684,1
2015,14.04633,121.87495,1
2015,14.0475,45.38111,1
2015,14.06164,46.91492,1
2015,14.06212,46.91498,2
2015,14.06438,121.20826,1
2015,14.06611,122.96454,1
2015,14.07222,45.42167,1
2015,14.07426,121.19335,1
2015,14.07463,121.32452,1
2015,14.07944,44.18556,1
2015,14.08632,44.66797,1
2015,14.10914,44.19468,1
2015,14.11111,44.19931,2
2015,14.12118,44.42113,1
2015,14.12642,44.19813,1
2015,14.1319,13.25927,1
2015,14.13889,-5.01889,1
2015,14.13917,-5.01844,1
2015,14.13935,-5.01708,1
2015,14.14157,44.2479,1
2015,14.14804,122.65088,1
2015,14.15285,122.67295,1
2015,14.15369,120.6092,1
2015,14.15861,45.47278,1
2015,14.16285,43.94371,1
2015,14.20215,24.66428,1
2015,14.20252,24.66382,2
2015,14.20252,24.66383,1
2015,14.20979,24.6574,2
2015,14.21474,121.14989,1
2015,14.22612,-5.97533,1
2015,14.23331,44.58393,2
2015,14.23342,44.58382,1
2015,14.25278,13.11077,3
2015,14.25888,120.91608,1
2015,14.27398,122.5974,1
2015,14.27574,122.64358,1
2015,14.27677,122.70535,3
2015,14.27778,43.21667,1
2015,14.28559,122.46937,1
2015,14.29912,44.3768,2
2015,14.29937,120.95736,1
2015,14.29984,45.21967,1
2015,14.30644,44.0793,7
2015,14.30947,44.07345,1
2015,14.32666,47.44721,1
2015,14.33,46.87278,1
2015,14.33169,-4.09566,1
2015,14.33357,120.95752,1
2015,14.33985,44.91587,1
2015,14.34339,121.06659,1
2015,14.3568,45.02229,1
2015,14.35887,45.44981,4
2015,14.37787,46.83739,1
2015,14.3946,120.96518,1
2015,14.41399,44.83742,5
2015,14.41583,44.84222,1
2015,14.42021,120.93967,1
2015,14.44114,120.90156,1
2015,14.4563,-4.91942,4
2015,14.46044,79.99689,1
2015,14.46634,75.92384,1
2015,14.47361,43.94806,1
2015,14.47475,49.03429,1
2015,14.48143,44.48463,1
2015,14.48979,-4.18476,1
2015,14.5147,121.06605,1
2015,14.51532,44.85259,1
2015,14.52416,-4.09075,2
2015,14.53138,49.12751,1
2015,14.53613,46.83324,1
2015,14.53639,46.83306,4
2015,14.53647,46.83322,1
2015,14.54397,49.12458,23
2015,14.54554,44.40874,1
2015,14.54784,44.40386,3
2015,14.54969,44.3978,2
2015,14.55,44.40167,4
2015,14.55046,44.39771,4
2015,14.56972,44.77444,1
2015,14.58643,121.15926,1
2015,14.59935,120.98477,2
2015,14.62548,121.12448,1
2015,14.63516,43.70469,1
2015,14.64718,121.10301,1
2015,14.67204,120.95772,2
2015,14.67428,121.0575,2
2015,14.67873,-0.46203,1
2015,14.68333,-6.01667,1
2015,14.69442,120.53874,1
2015,14.72449,121.03331,1
2015,14.73355,120.96095,1
2015,14.74433,45.72429,1
2015,14.75463,46.51626,3
2015,14.76273,49.60573,1
2015,14.76612,44.53215,1
2015,14.76976,49.37427,1
2015,14.77173,121.3387,1
2015,14.78111,0.0136,1
2015,14.78129,42.97285,16
2015,14.79499,44.29466,4
2015,14.79748,45.71871,1
2015,14.79753,45.71903,1
2015,14.80196,42.95121,2
2015,14.80222,42.95111,2
2015,14.81028,121.04771,1
2015,14.92865,-3.3742,1
2015,15.01227,-10.94098,1
2015,15.05,23.71667,1
2015,15.05528,45.15667,1
2015,15.06241,43.28599,1
2015,15.0625,43.2859,2
2015,15.08786,26.1611,1
2015,15.13405,120.96939,1
2015,15.13673,43.37934,1
2015,15.14227,10.07399,1
2015,15.14837,120.61877,1
2015,15.16849,-4.43108,1
2015,15.16941,-7.29004,1
2015,15.19,46.73361,1
2015,15.19583,46.21028,1
2015,15.2102,-2.36004,1
2015,15.22308,43.19336,1
2015,15.22496,0.29222,1
2015,15.2353,120.8223,1
2015,15.26298,-5.58523,1
2015,15.27902,-5.55139,2
2015,15.29162,44.46311,1
2015,15.29558,43.03972,1
2015,15.29933,74.124,1
2015,15.30531,43.01949,4
2015,15.31689,44.4748,5
2015,15.32544,44.2119,125
2015,15.35311,121.01668,1
2015,15.36667,120.96667,1
2015,15.36944,44.19101,1
2015,15.37737,78.92494,1
2015,15.38524,2.10218,1
2015,15.3856,2.09987,1
2015,15.39167,44.27997,1
2015,15.4,44.8,1
2015,15.41018,44.14097,1
2015,15.41166,12.7659,3
2015,15.42134,3.02122,1
2015,15.42939,121.3504,1
2015,15.45033,45.01982,1
2015,15.45548,44.37798,1
2015,15.45639,45.32487,9
2015,15.45897,75.00786,1
2015,15.46495,45.32281,1
2015,15.46844,43.54589,1
2015,15.47005,45.32278,1
2015,15.47618,120.96068,2
2015,15.4765,44.04397,2
2015,15.48213,44.07465,1
2015,15.48213,44.07872,1
2015,15.48712,121.03226,1
2015,15.50396,45.4091,3
2015,15.50739,48.34382,1
2015,15.51182,43.90322,1
2015,15.51555,32.58907,2
2015,15.51589,45.44981,6
2015,15.52028,44.14111,1
2015,15.55005,120.81598,1
2015,15.55889,44.97028,2
2015,15.55951,44.97146,1
2015,15.56665,45.78714,1
2015,15.57989,32.56609,1
2015,15.58301,121.18397,1
2015,15.58798,1.78433,1
2015,15.62083,44.1935,1
2015,15.64131,74.5148,1
2015,15.6486,120.77956,1
2015,15.66667,43.95,1
2015,15.66682,0.50853,4
2015,15.67098,0.50287,1
2015,15.67739,121.12882,1
2015,15.69068,120.98763,1
2015,15.69306,44.20528,1
2015,15.70972,44.78861,1
2015,15.71704,-4.90009,1
2015,15.76127,44.72115,1
2015,15.7662,24.90422,5
2015,15.76717,24.92099,1
2015,15.76976,1.15014,1
2015,15.77181,48.31338,1
2015,15.79694,1.16444,1
2015,15.79806,46.08167,1
2015,15.79944,44.24639,4
2015,15.80034,73.73278,1
2015,15.80077,120.41272,1
2015,15.80585,35.56579,1
2015,15.81406,120.32064,1
2015,15.8151,120.33991,1
2015,15.81965,45.08479,1
2015,15.83377,24.91563,1
2015,15.8402,48.45438,4
2015,15.84099,48.48377,1
2015,15.84138,48.45814,1
2015,15.8422,48.45579,1
2015,15.8501,-2.784,1
2015,15.85091,-0.84165,1
2015,15.86877,1.52765,1
2015,15.87056,1.51972,1
2015,15.90325,48.45716,1
2015,15.9129,79.73999,4
2015,15.91443,2.39737,2
2015,15.91492,48.65074,4
2015,15.91658,48.73332,1
2015,15.92126,48.63638,3
2015,15.94001,48.78975,5
2015,15.94444,48.78886,1
2015,15.95952,48.33176,1
2015,15.98404,121.0453,1
2015,15.98778,43.95361,1
2015,15.99396,0.13228,1
2015,15.99449,48.84766,1
2015,16.00564,43.1925,1
2015,16.02588,43.38047,1
2015,16.02947,120.47385,1
2015,16.03966,80.83916,1
2015,16.04901,120.3522,1
2015,16.05,49.0,1
2015,16.05191,48.99941,1
2015,16.06352,121.14789,1
2015,16.11806,43.32947,3
2015,16.13333,47.23333,1
2015,16.1603,0.86101,1
2015,16.17574,0.06505,1
2015,16.22479,-0.03649,1
2015,16.22991,120.48684,1
2015,16.25692,43.94368,2
2015,16.26398,-0.02799,2
2015,16.26414,-0.02821,1
2015,16.26551,-0.02698,1
2015,16.26617,-3.40442,1
2015,16.26667,43.31667,1
2015,16.26734,-3.39838,1
2015,16.26814,-0.04035,1
2015,16.27423,-0.04284,1
2015,16.27708,-0.04655,1
2015,16.27897,44.49901,1
2015,16.28989,-0.04462,1
2015,16.30019,0.00483,1
2015,16.33178,-96.59436,1
2015,16.33539,-96.59438,1
2015,16.4021,43.05595,1
2015,16.41752,-3.66507,1
2015,16.4176,-3.66486,2
2015,16.41848,-3.6658,1
2015,16.51795,121.1815,1
2015,16.52426,42.9679,3
2015,16.52937,43.01342,1
2015,16.57337,-3.37329,1
2015,16.57657,43.09352,1
2015,16.60169,42.94059,2
2015,16.6715,121.5318,1
2015,16.69148,74.24433,1
2015,16.69596,122.22001,1
2015,16.7035,120.97485,1
2015,16.71558,121.55365,1
2015,16.72994,120.36859,1
2015,16.73743,-3.7307,2
2015,16.75775,-2.99936,6
2015,16.77028,-3.0059,1
2015,16.77058,43.15092,1
2015,16.77759,-3.00762,1
2015,16.78018,-3.00686,1
2015,16.78238,-2.40062,1
2015,16.80001,43.15,2
2015,16.80072,-2.29348,1
2015,16.83228,75.7214,1
2015,16.83561,-2.5242,2
2015,16.85681,120.79367,1
2015,16.86361,-99.88314,1
2015,16.87818,-1.92104,1
2015,16.88073,-1.92412,1
2015,16.88269,42.55974,1
2015,16.88387,42.56235,1
2015,16.88653,48.01913,1
2015,16.88729,42.56598,5
2015,16.88778,96.14956,1
2015,16.88917,42.56111,7
2015,16.88929,42.57066,1
2015,16.8893,42.57066,1
2015,16.88936,42.57057,2
2015,16.88959,42.56082,1
2015,16.89221,42.56892,3
2015,16.89319,42.57526,3
2015,16.89539,1.45913,1
2015,16.90115,43.18384,1
2015,16.90652,1.52142,1
2015,16.90866,43.25894,1
2015,16.90917,43.26222,1
2015,16.91472,43.31778,1
2015,16.91749,43.76241,1
2015,16.93041,49.36531,1
2015,16.93041,49.36532,4
2015,16.93486,47.01542,1
2015,16.98952,43.77671,1
2015,16.99211,120.7338,1
2015,17.00081,121.8259,1
2015,17.00571,81.77867,1
2015,17.00891,45.80861,1
2015,17.02192,120.45757,1
2015,17.02262,45.79556,1
2015,17.03333,-1.40361,1
2015,17.03426,-1.40178,1
2015,17.08439,120.90053,1
2015,17.12744,120.70045,1
2015,17.14024,79.62732,1
2015,17.15447,120.6696,1
2015,17.15622,121.49132,1
2015,17.24725,80.15144,1
2015,17.2901,49.92045,1
2015,17.34025,-98.01108,1
2015,17.36,0.08,1
2015,17.3647,102.81589,1
2015,17.38752,78.48655,1
2015,17.42802,120.46025,1
2015,17.44137,120.76315,1
2015,17.44382,120.82505,1
2015,17.46529,78.37656,1
2015,17.47514,42.70761,5
2015,17.50133,121.20078,1
2015,17.53161,121.32352,1
2015,17.54537,44.2225,1
2015,17.55494,44.23236,13
2015,17.5656,44.22894,5
2015,17.5679,44.23356,1
2015,17.57334,121.36577,1
2015,17.57667,120.642,1
2015,17.61414,121.40887,1
2015,17.65178,43.52619,5
2015,17.68092,120.73151,1
2015,17.69368,81.99558,1
2015,17.69658,83.24478,4
2015,17.69976,120.6957,1
2015,17.71098,83.23928,1
2015,17.81208,81.38304,1
2015,17.9301,81.07685,1
2015,17.93725,120.64096,1
2015,17.95295,81.01802,1
2015,17.97566,120.48391,1
2015,17.9852,81.58252,1
2015,18.00113,79.46823,1
2015,18.0151,81.05106,1
2015,18.02222,81.30694,1
2015,18.03098,81.32204,1
2015,18.05632,81.76225,1
2015,18.06009,120.53193,1
2015,18.0677,121.63165,1
2015,18.10822,82.10903,2
2015,18.11304,82.42832,1
2015,18.11412,82.42668,1
2015,18.12202,80.89272,1
2015,18.14192,82.68667,1
2015,18.15345,81.50895,2
2015,18.16947,81.44893,1
2015,18.1696,82.4714,1
2015,18.17181,81.14348,1
2015,18.1789,80.955,1
2015,18.18454,81.41142,3
2015,18.19683,120.5989,1
2015,18.21012,80.85031,1
2015,18.22346,42.52605,1
2015,18.23429,42.65757,1
2015,18.24292,81.92232,1
2015,18.2457,81.31865,2
2015,18.25229,81.24482,1
2015,18.25573,81.24183,1
2015,18.25601,81.5033,1
2015,18.25726,81.299,3
2015,18.28459,81.21432,1
2015,18.28702,81.28073,1
2015,18.30674,82.48784,1
2015,18.31475,42.72516,1
2015,18.32533,81.42905,1
2015,18.32846,80.81865,1
2015,18.33244,120.61797,1
2015,18.33264,120.61731,1
2015,18.34021,81.18182,1
2015,18.34037,81.18164,2
2015,18.34359,81.88253,3
2015,18.35002,45.50929,1
2015,18.35014,81.8874,1
2015,18.35147,45.60071,3
2015,18.35519,81.68146,1
2015,18.3571,26.43119,1
2015,18.35763,-4.72525,1
2015,18.39101,81.65693,2
2015,18.39113,81.65927,15
2015,18.39138,81.65955,1
2015,18.39186,81.65783,2
2015,18.39198,81.65819,1
2015,18.39302,81.66005,1
2015,18.39883,81.55733,1
2015,18.43729,82.02635,1
2015,18.43902,1.40836,1
2015,18.4427,1.41133,12
2015,18.49625,81.29455,1
2015,18.50519,81.27941,1
2015,18.50882,81.35513,1
2015,18.52028,45.69972,5
2015,18.52043,73.85674,1
2015,18.53666,82.20127,1
2015,18.56111,80.9204,1
2015,18.56999,80.80905,1
2015,18.57483,82.37493,1
2015,18.58375,80.76966,1
2015,18.60405,80.74267,1
2015,18.61426,80.35369,1
2015,18.61737,81.39492,1
2015,18.62655,81.33826,1
2015,18.62978,73.79971,1
2015,18.64296,80.76912,1
2015,18.6466,81.54313,1
2015,18.67926,82.25713,1
2015,18.67947,82.12902,1
2015,18.70019,80.99749,1
2015,18.70343,80.97385,1
2015,18.70831,80.9955,4
2015,18.71667,81.23333,1
2015,18.75393,81.03055,1
2015,18.76332,82.5818,1
2015,18.7693,82.03681,1
2015,18.76949,82.03677,1
2015,18.78187,80.75499,1
2015,18.78274,81.68568,1
2015,18.78974,80.81754,1
2015,18.7906,80.81612,1
2015,18.79076,80.8195,1
2015,18.7914,80.81664,1
2015,18.7926,80.81356,1
2015,18.79326,81.62415,1
2015,18.79771,80.81286,4
2015,18.79799,80.81433,2
2015,18.79868,1.83183,2
2015,18.80331,80.80891,2
2015,18.81162,103.08959,1
2015,18.82054,80.35941,1
2015,18.83298,80.77664,1
2015,18.85032,80.72028,1
2015,18.85207,80.69967,1
2015,18.85606,82.73471,1
2015,18.85824,80.72059,1
2015,18.86066,80.72604,1
2015,18.86083,80.72144,5
2015,18.86512,-2.95582,1
2015,18.86515,79.94379,1
2015,18.87296,80.71573,2
2015,18.87592,80.70984,1
2015,18.87754,81.69663,1
2015,18.88319,81.34868,1
2015,18.88354,81.26437,1
2015,18.88861,81.35056,1
2015,18.89473,80.19372,1
2015,18.89992,81.35002,1
2015,18.9,81.35,2
2015,18.9057,103.092,1
2015,18.92401,81.4224,1
2015,18.93071,82.68862,1
2015,18.93929,81.2678,1
2015,18.97226,82.32077,1
2015,18.9739,81.3991,1
2015,19.00783,81.05793,3
2015,19.01814,80.27349,1
2015,19.02247,42.81289,1
2015,19.0587,-96.15845,1
2015,19.08122,80.8086,1
2015,19.08698,84.28497,1
2015,19.08732,82.0269,1
2015,19.09691,42.86379,3
2015,19.10713,81.95348,1
2015,19.10741,81.95298,1
2015,19.11721,81.52124,1
2015,19.11807,42.86235,1
2015,19.13232,80.67032,1
2015,19.14332,81.57609,1
2015,19.16135,74.28249,1
2015,19.16678,73.23679,1
2015,19.17505,81.24638,2
2015,19.1788,79.27052,1
2015,19.17895,79.27079,1
2015,19.18677,81.92359,1
2015,19.19229,80.19309,1
2015,19.19734,84.18915,1
2015,19.20368,81.93439,1
2015,19.20515,81.93236,2
2015,19.20914,81.99166,1
2015,19.21894,72.97788,1
2015,19.23666,80.36029,1
2015,19.26016,-96.57834,1
2015,19.28373,84.16066,1
2015,19.29994,80.70342,1
2015,19.31173,84.69106,1
2015,19.38801,80.29327,1
2015,19.39502,1.24753,1
2015,19.41125,80.00458,1
2015,19.41334,80.36392,1
2015,19.45295,81.32611,1
2015,19.45597,81.2381,1
2015,19.46485,0.85639,1
2015,19.47136,81.25325,1
2015,19.49453,80.28692,1
2015,19.50288,81.25933,1
2015,19.53202,84.71951,1
2015,19.56326,-99.03838,9
2015,19.5755,84.64001,2
2015,19.5948,80.22892,1
2015,19.59585,81.66378,2
2015,19.59856,84.0022,1
2015,19.59862,80.22658,1
2015,19.6,81.67,2
2015,19.60162,81.66951,1
2015,19.60252,-99.05142,1
2015,19.62672,83.48917,2
2015,19.62687,83.49032,1
2015,19.62902,81.40209,1
2015,19.66225,83.40786,1
2015,19.72353,81.24241,4
2015,19.72434,81.24232,1
2015,19.72875,79.68415,1
2015,19.75148,75.71389,1
2015,19.86028,97.01028,1
2015,19.89492,80.95734,1
2015,19.91374,83.1649,1
2015,19.92752,80.56329,1
2015,19.92842,80.47668,1
2015,19.98439,80.71915,1
2015,19.98845,85.48388,1
2015,19.99793,73.78994,1
2015,20.01132,81.04743,1
2015,20.02392,80.33753,1
2015,20.03494,85.68265,1
2015,20.04012,80.62759,1
2015,20.09313,80.27534,1
2015,20.10119,81.06719,1
2015,20.12913,-4.3389,2
2015,20.14263,84.03915,1
2015,20.14869,79.80761,1
2015,20.18184,80.00684,1
2015,20.18487,79.9948,1
2015,20.18677,81.08107,1
2015,20.19881,81.07429,1
2015,20.19901,81.07547,2
2015,20.19916,81.07645,1
2015,20.19951,85.95958,1
2015,20.20043,81.07296,1
2015,20.20808,81.22971,1
2015,20.20993,1.00731,2
2015,20.225,85.41841,1
2015,20.25103,85.98252,1
2015,20.26823,81.49091,1
2015,20.27,81.49,2
2015,20.27031,80.31006,1
2015,20.27076,81.49097,1
2015,20.27148,81.49023,1
2015,20.27204,80.31181,1
2015,20.32807,80.47117,1
2015,20.37637,82.66476,1
2015,20.39656,78.12313,1
2015,20.42889,83.89,1
2015,20.43194,98.165,1
2015,20.48025,83.98768,1
2015,20.48802,80.37406,1
2015,20.53936,85.9151,1
2015,20.58556,86.56606,1
2015,20.65434,82.79672,1
2015,20.86342,81.54044,1
2015,20.88306,83.33611,1
2015,20.93773,85.08908,1
2015,21.02073,-101.25762,1
2015,21.03597,82.10068,1
2015,21.09688,81.03034,1
2015,21.09699,81.03022,1
2015,21.0971,81.03022,1
2015,21.09783,81.03155,1
2015,21.098,81.0303,1
2015,21.1193,80.77963,1
2015,21.18032,100.35725,1
2015,21.18116,100.35834,1
2015,21.26919,40.41915,1
2015,21.27866,81.86614,3
2015,21.54326,39.17618,1
2015,21.78574,92.50647,1
2015,21.98314,92.49962,1
2015,21.98977,98.20589,1
2015,22.01575,98.1402,1
2015,22.02165,98.13645,1
2015,22.02361,83.20501,1
2015,22.0362,98.13386,4
2015,22.11965,84.03014,1
2015,22.11994,84.03034,1
2015,22.17044,83.66011,1
2015,22.29409,91.98175,1
2015,22.33167,90.8294,1
2015,22.33255,90.82817,1
2015,22.3419,91.81512,31
2015,22.34995,89.19432,1
2015,22.36509,85.43756,1
2015,22.37088,86.50258,1
2015,22.37484,91.91866,1
2015,22.39856,91.85903,1
2015,22.4228,85.49852,1
2015,22.44498,86.67676,1
2015,22.44994,89.85294,2
2015,22.45903,85.54106,1
2015,22.475,90.71604,1
2015,22.48604,87.32522,1
2015,22.48893,86.51272,1
2015,22.49125,92.33815,1
2015,22.51692,92.0841,1
2015,22.52053,91.1353,1
2015,22.54274,88.26254,1
2015,22.55173,88.35234,6
2015,22.57658,85.46447,1
2015,22.58307,88.40616,2
2015,22.5831,88.42161,1
2015,22.58726,86.47443,1
2015,22.59494,88.26133,1
2015,22.61011,91.66373,1
2015,22.61774,91.65948,1
2015,22.63218,88.35556,1
2015,22.63338,90.2706,1
2015,22.63874,90.20169,1
2015,22.63982,90.19844,1
2015,22.65735,92.17327,1
2015,22.66639,90.66306,1
2015,22.6925,88.46545,1
2015,22.69472,90.35071,1
2015,22.6999,90.36605,1
2015,22.6999,90.36674,1
2015,22.7227,90.33916,1
2015,22.73938,88.48376,1
2015,22.75544,46.20916,1
2015,22.77268,91.57339,1
2015,22.77304,91.57415,1
2015,22.7763,91.57128,1
2015,22.79822,91.98815,1
2015,22.80412,86.20336,1
2015,22.80657,86.18591,1
2015,22.8139,89.56374,1
2015,22.81466,89.55669,2
2015,22.81772,89.55535,1
2015,22.82017,89.5558,1
2015,22.82268,89.55297,1
2015,22.82778,91.10316,1
2015,22.84264,89.53325,1
2015,22.84998,91.39116,1
2015,22.85613,86.01216,1
2015,22.85905,85.72634,1
2015,22.86458,85.32653,1
2015,22.86671,91.09693,1
2015,22.89368,88.24769,1
2015,22.89907,89.50252,1
2015,22.93329,97.75,1
2015,22.94272,88.75421,1
2015,22.94368,90.83659,1
2015,22.94456,90.83747,2
2015,22.94539,91.24939,1
2015,22.96346,91.34344,1
2015,22.96646,97.75254,4
2015,22.97236,90.22214,1
2015,22.97342,78.65689,2
2015,22.97608,90.698,1
2015,22.98254,91.41202,1
2015,23.01105,91.40344,1
2015,23.01427,91.39852,2
2015,23.01502,91.39851,1
2015,23.02282,85.18064,1
2015,23.02464,89.23325,1
2015,23.04175,85.28262,1
2015,23.04413,84.53795,1
2015,23.04528,84.53808,1
2015,23.0622,91.36124,1
2015,23.09434,89.1706,1
2015,23.09473,89.07588,1
2015,23.09916,77.57842,1
2015,23.09919,89.09777,1
2015,23.12919,113.26421,1
2015,23.15947,89.23242,1
2015,23.16013,85.5871,1
2015,23.1606,89.21866,1
2015,23.16478,91.20184,1
2015,23.16549,89.20892,8
2015,23.17165,89.21206,2
2015,23.17872,75.78491,1
2015,23.18648,89.59149,1
2015,23.21502,84.22769,1
2015,23.22075,84.24632,1
2015,23.22562,91.31366,1
2015,23.23047,90.65798,1
2015,23.2321,90.66308,1
2015,23.25993,77.41275,1
2015,23.26064,90.7225,1
2015,23.27784,89.22229,1
2015,23.30167,89.37517,1
2015,23.30461,90.931,1
2015,23.32572,84.86993,1
2015,23.33208,86.36521,1
2015,23.35,91.25,1
2015,23.36183,85.3173,1
2015,23.36525,93.38551,1
2015,23.3681,85.32563,1
2015,23.38461,84.65188,1
2015,23.38961,88.94508,1
2015,23.42951,84.67964,1
2015,23.42984,84.67964,1
2015,23.45581,91.1979,1
2015,23.48665,89.42179,1
2015,23.48893,91.00613,1
2015,23.5142,89.17872,1
2015,23.53287,88.85511,1
2015,23.53926,84.52484,1
2015,23.54352,89.17837,1
2015,23.54531,89.17228,2
2015,23.54972,90.525,1
2015,23.55422,90.49285,1
2015,23.56,90.29139,1
2015,23.5762,88.65208,1
2015,23.58055,90.92117,1
2015,23.58415,84.05355,2
2015,23.5937,83.9903,1
2015,23.60238,89.83655,1
2015,23.60611,89.84056,1
2015,23.61018,85.27994,1
2015,23.61667,90.5,1
2015,23.6179,90.50074,1
2015,23.62906,87.09239,1
2015,23.63322,85.51487,1
2015,23.63873,88.83371,1
2015,23.6441,88.84795,1
2015,23.65237,85.56121,1
2015,23.661,86.93675,1
2015,23.66353,85.97132,1
2015,23.66457,88.60469,1
2015,23.66598,85.9633,1
2015,23.66752,83.84098,1
2015,23.66841,87.68246,1
2015,23.67394,86.9524,2
2015,23.67645,90.50949,1
2015,23.68581,84.73572,1
2015,23.69194,85.67203,1
2015,23.69328,98.77232,3
2015,23.70607,87.07741,1
2015,23.70855,87.08401,2
2015,23.70864,90.40616,2
2015,23.7261,90.84636,1
2015,23.74419,84.50443,1
2015,23.75558,84.3542,1
2015,23.75656,90.4644,1
2015,23.78007,90.40914,1
2015,23.79128,90.4182,209
2015,23.80614,85.8265,1
2015,23.80809,85.82302,1
2015,23.81509,84.1997,1
2015,23.81959,86.87847,1
2015,23.83085,98.53875,1
2015,23.83145,98.46176,1
2015,23.83232,85.95888,1
2015,23.83416,97.68008,2
2015,23.83796,85.28712,1
2015,23.844,75.50702,1
2015,23.84621,86.13675,1
2015,23.8481,90.67019,3
2015,23.84988,90.25054,1
2015,23.85008,90.25907,1
2015,23.85065,86.04023,1
2015,23.85107,91.91055,1
2015,23.85968,89.99974,1
2015,23.87611,94.15361,1
2015,23.87999,90.27312,1
2015,23.88992,90.40583,1
2015,23.89966,90.32293,1
2015,23.90777,85.51359,1
2015,23.91927,90.71765,1
2015,23.92409,91.13905,1
2015,23.92944,92.49057,1
2015,23.93646,86.07407,1
2015,23.93737,84.54581,1
2015,23.94857,84.61128,1
2015,23.95676,94.0423,1
2015,23.95849,84.42895,1
2015,23.97316,85.65516,2
2015,23.97444,91.11222,1
2015,23.97888,97.90478,1
2015,23.97945,97.90468,1
2015,23.98826,85.62105,1
2015,23.99474,93.12655,1
2015,23.99628,90.38543,1
2015,23.99758,97.90145,1
2015,24.00854,86.09117,1
2015,24.0113,84.04647,1
2015,24.01359,86.07099,1
2015,24.01498,84.02599,2
2015,24.01574,89.21674,1
2015,24.02168,89.24814,1
2015,24.02591,84.05639,1
2015,24.0313,89.40681,1
2015,24.03571,84.47764,1
2015,24.08809,32.90103,1
2015,24.08886,32.89965,1
2015,24.08894,32.89983,2
2015,24.09131,90.38527,1
2015,24.09226,90.388,1
2015,24.11323,84.19534,2
2015,24.12758,84.21623,1
2015,24.12861,84.18571,6
2015,24.17084,84.65749,1
2015,24.1766,91.35416,1
2015,24.18,86.3,1
2015,24.184,94.14951,1
2015,24.18763,23.28338,1
2015,24.19609,84.87345,1
2015,24.19748,88.8371,2
2015,24.21191,94.10495,1
2015,24.21475,94.26881,1
2015,24.22734,88.75196,1
2015,24.24608,85.21241,1
2015,24.25128,94.3013,1
2015,24.27864,88.75166,1
2015,24.29499,93.28975,1
2015,24.3081,91.73321,1
2015,24.31917,89.56927,1
2015,24.32532,94.29194,1
2015,24.34224,93.69649,10
2015,24.34234,93.69783,1
2015,24.3427,87.44518,1
2015,24.34641,93.70009,1
2015,24.34846,93.70143,1
2015,24.35187,87.1398,1
2015,24.3599,90.70543,1
2015,24.36359,88.62414,1
2015,24.36598,88.64283,1
2015,24.36611,88.5974,1
2015,24.36662,88.59996,1
2015,24.36669,88.60019,1
2015,24.36677,88.59991,2
2015,24.36715,88.602,1
2015,24.36826,88.63761,4
2015,24.36878,88.64032,1
2015,24.3702,88.63668,1
2015,24.37042,109.3796,1
2015,24.37225,88.8942,1
2015,24.37345,88.64498,1
2015,24.37469,93.69592,1
2015,24.37476,88.58377,1
2015,24.37596,88.5994,1
2015,24.38379,94.14817,1
2015,24.3854,93.77713,1
2015,24.41089,88.98217,1
2015,24.41596,91.43888,2
2015,24.42969,93.7196,1
2015,24.43273,90.7837,1
2015,24.43405,84.49441,1
2015,24.43444,93.72119,1
2015,24.43477,84.49501,1
2015,24.44001,90.19957,1
2015,24.4416,84.39888,1
2015,24.44842,89.70556,3
2015,24.45026,89.70405,1
2015,24.45265,93.97909,1
2015,24.45375,84.58434,1
2015,24.45685,88.61569,1
2015,24.45801,88.33724,1
2015,24.47632,86.69132,1
2015,24.47997,87.86619,1
2015,24.48105,87.75923,1
2015,24.48338,93.52365,1
2015,24.49702,84.60745,1
2015,24.5,93.77,1
2015,24.50847,94.14184,1
2015,24.52298,92.03693,1
2015,24.53436,84.71458,1
2015,24.57934,88.2673,3
2015,24.57972,88.27045,1
2015,24.57972,88.27073,1
2015,24.59033,88.82844,1
2015,24.59121,88.27715,1
2015,24.59696,88.8311,1
2015,24.5989,88.28044,1
2015,24.60887,88.23163,1
2015,24.61164,32.90416,1
2015,24.61689,93.88877,1
2015,24.63036,93.75983,1
2015,24.63265,90.2683,1
2015,24.63306,88.3981,1
2015,24.63445,93.76033,1
2015,24.63861,93.99639,1
2015,24.64492,93.99929,2
2015,24.65606,84.43565,1
2015,24.66372,93.90627,4
2015,24.68095,92.56359,1
2015,24.6811,92.5638,1
2015,24.68459,46.70267,3
2015,24.69016,94.27566,1
2015,24.69635,93.93366,2
2015,24.70522,92.19126,1
2015,24.706,93.93302,1
2015,24.70851,92.874,1
2015,24.71058,88.94139,1
2015,24.72642,68.26078,1
2015,24.73994,69.79846,1
2015,24.74041,84.64006,1
2015,24.74668,84.37808,1
2015,24.74996,93.3855,1
2015,24.75034,84.37039,1
2015,24.75389,90.40306,1
2015,24.75979,90.56476,1
2015,24.76002,90.56886,1
2015,24.76614,86.34361,1
2015,24.77036,86.85128,1
2015,24.77337,86.82453,1
2015,24.77932,93.96891,1
2015,24.78008,93.91159,1
2015,24.78065,93.96744,1
2015,24.78147,84.98641,1
2015,24.78244,93.96443,1
2015,24.79528,84.99929,1
2015,24.79545,84.99943,5
2015,24.79792,93.94052,33
2015,24.81149,84.84206,1
2015,24.82,93.95,1
2015,24.83192,88.14256,1
2015,24.83311,89.3547,1
2015,24.83833,89.34306,1
2015,24.85,89.36667,1
2015,24.85036,89.36738,1
2015,24.85185,93.98378,1
2015,24.8565,94.51108,2
2015,24.85704,94.51337,1
2015,24.85704,94.51346,1
2015,24.86596,94.06526,1
2015,24.86962,67.24414,1
2015,24.86964,93.80607,1
2015,24.87701,94.03131,1
2015,24.87971,91.88978,1
2015,24.8832,93.68413,1
2015,24.88654,85.5429,1
2015,24.88674,85.54253,1
2015,24.8869,89.36209,1
2015,24.88737,85.54236,1
2015,24.89032,91.87147,1
2015,24.89112,67.14331,143
2015,24.89147,91.87209,1
2015,24.89721,91.88398,1
2015,24.89778,91.87139,1
2015,24.89784,91.87152,2
2015,24.9025,94.16,1
2015,24.90382,91.85927,1
2015,24.91209,91.85012,1
2015,24.92049,93.93225,1
2015,24.92316,86.22593,1
2015,24.9282,91.96901,1
2015,24.93145,94.04658,1
2015,24.93232,14.61866,1
2015,24.94242,89.08055,1
2015,24.95436,93.92346,1
2015,24.95819,93.50034,1
2015,24.97565,66.94522,1
2015,24.97591,66.94519,1
2015,24.97646,66.94555,2
2015,24.98793,93.49529,1
2015,24.98839,93.49534,2
2015,24.99277,93.50646,1
2015,24.99628,93.50821,1
2015,25.02238,89.15841,1
2015,25.03801,89.10865,1
2015,25.04454,66.87468,4
2015,25.04523,67.01444,1
2015,25.05258,61.74685,2
2015,25.0529,66.91291,1
2015,25.06557,84.97395,1
2015,25.06595,84.01663,1
2015,25.09394,94.36289,1
2015,25.0944,85.28365,1
2015,25.09443,94.36104,1
2015,25.09453,94.3612,2
2015,25.09474,89.09449,1
2015,25.09539,94.36165,1
2015,25.09607,85.31312,1
2015,25.10015,93.9459,1
2015,25.10119,89.02991,1
2015,25.10343,94.35972,1
2015,25.10389,89.18833,1
2015,25.10842,89.03204,1
2015,25.11198,93.95508,1
2015,25.12103,90.67666,1
2015,25.12488,86.14401,1
2015,25.12611,62.32241,1
2015,25.13584,89.39134,1
2015,25.1423,10.14232,1
2015,25.1458,62.32656,8
2015,25.15192,93.96996,2
2015,25.17234,86.09494,1
2015,25.1736,62.31838,1
2015,25.18856,89.47241,1
2015,25.19349,90.63463,1
2015,25.19418,90.6336,1
2015,25.19511,62.3245,1
2015,25.19764,62.3143,1
2015,25.20839,90.23095,1
2015,25.20851,90.23062,1
2015,25.21306,91.75114,1
2015,25.2192,93.33338,1
2015,25.22423,83.64286,1
2015,25.22442,83.64315,1
2015,25.22533,64.62532,1
2015,25.23931,64.61868,1
2015,25.2528,84.62306,1
2015,25.25354,81.99987,1
2015,25.26786,63.46099,8
2015,25.27263,94.02649,1
2015,25.2727,94.0265,1
2015,25.30206,90.04896,1
2015,25.30338,89.43444,1
2015,25.30359,51.47128,1
2015,25.31626,85.49459,1
2015,25.31781,90.43994,1
2015,25.32033,94.15138,1
2015,25.32655,90.55425,2
2015,25.32974,89.55577,1
2015,25.3301,90.56361,2
2015,25.33268,90.56661,1
2015,25.34131,83.41289,1
2015,25.34506,90.2157,1
2015,25.34525,89.34306,1
2015,25.37153,88.55653,1
2015,25.38903,61.13841,1
2015,25.38929,68.35734,4
2015,25.39803,63.44832,1
2015,25.40081,63.45374,1
2015,25.40305,49.58979,1
2015,25.40922,85.07367,1
2015,25.4358,81.84631,2
2015,25.43584,81.84624,1
2015,25.45704,68.72146,1
2015,25.46703,91.36622,1
2015,25.46869,90.12461,1
2015,25.48014,91.38934,2
2015,25.5,90.33333,1
2015,25.50247,89.95687,1
2015,25.50894,92.99686,1
2015,25.5097,90.40941,1
2015,25.51205,90.65375,1
2015,25.51407,90.20321,1
2015,25.52836,90.86234,1
2015,25.53139,90.592,1
2015,25.53491,91.30829,1
2015,25.53549,89.8622,1
2015,25.55205,87.57186,1
2015,25.56135,84.6668,1
2015,25.56246,91.2891,1
2015,25.56342,90.52674,1
2015,25.56604,91.29061,1
2015,25.56794,90.22447,1
2015,25.57173,89.27594,1
2015,25.5757,94.87628,1
2015,25.57616,90.49508,1
2015,25.57853,91.89325,1
2015,25.57877,91.89325,1
2015,25.58587,90.02332,1
2015,25.59415,91.88229,1
2015,25.59454,90.25027,1
2015,25.59676,90.71891,1
2015,25.59814,89.36304,1
2015,25.59929,81.84293,1
2015,25.60845,62.70817,1
2015,25.61411,85.48654,1
2015,25.61655,96.31667,2
2015,25.61662,96.31658,1
2015,25.61667,96.31664,4
2015,25.62106,88.64498,1
2015,25.62603,94.10789,1
2015,25.63246,96.37247,1
2015,25.63792,62.18788,1
2015,25.64189,90.34713,1
2015,25.65034,88.77704,1
2015,25.65094,90.33456,1
2015,25.65175,90.80322,1
2015,25.65391,94.11428,2
2015,25.6586,94.10533,1
2015,25.66986,94.10779,1
2015,25.6701,94.1077,1
2015,25.67012,94.10763,1
2015,25.67142,94.10682,1
2015,25.70319,94.46174,1
2015,25.7106,62.6266,1
2015,25.71468,32.7175,1
2015,25.72852,89.29118,1
2015,25.74389,89.27523,1
2015,25.74842,89.254,2
2015,25.75041,89.25437,1
2015,25.75163,93.17288,1
2015,25.75184,88.7109,2
2015,25.75422,89.2508,1
2015,25.75704,89.62516,1
2015,25.76136,89.24012,1
2015,25.77234,89.42416,1
2015,25.78008,90.4079,1
2015,25.78295,88.89827,1
2015,25.79037,88.66665,1
2015,25.79661,93.0467,1
2015,25.80579,66.62311,1
2015,25.81085,90.1541,1
2015,25.82069,90.78604,1
2015,25.84281,66.53189,1
2015,25.84316,91.98562,1
2015,25.84632,90.6293,1
2015,25.85211,-97.50563,1
2015,25.85405,90.92116,1
2015,25.85768,69.47845,1
2015,25.86299,93.75367,1
2015,25.86993,90.74001,1
2015,25.87062,-97.50543,1
2015,25.88656,90.79454,1
2015,25.88875,90.01397,1
2015,25.8943,68.52472,1
2015,25.89694,90.5044,1
2015,25.89818,90.48788,1
2015,25.9038,93.74023,1
2015,25.90513,90.48672,1
2015,25.90603,93.73391,2
2015,25.92538,49.66834,1
2015,25.93681,62.93318,1
2015,25.942,90.7319,1
2015,25.94952,90.21297,1
2015,25.96743,63.10982,1
2015,25.9778,91.23566,1
2015,25.99533,62.96014,1
2015,25.99941,63.04745,15
2015,26.00018,63.05446,1
2015,26.00169,63.04137,1
2015,26.00278,63.10333,1
2015,26.00531,63.03355,1
2015,26.00862,63.89123,5
2015,26.00905,63.03692,1
2015,26.00943,63.0366,1
2015,26.02004,94.52084,1
2015,26.02615,63.71556,2
2015,26.02736,88.46461,1
2015,26.02795,62.92314,1
2015,26.04446,68.95405,1
2015,26.04795,32.24041,2
2015,26.05151,91.86964,1
2015,26.06582,85.51936,1
2015,26.06656,32.22166,1
2015,26.07348,62.72052,4
2015,26.09094,94.25895,1
2015,26.09163,89.96552,1
2015,26.09827,65.47574,1
2015,26.10171,62.52974,1
2015,26.10288,62.36894,5
2015,26.107,62.0705,3
2015,26.10783,94.29533,1
2015,26.10902,65.47679,1
2015,26.11254,94.29521,1
2015,26.11458,85.39154,1
2015,26.11563,62.03764,3
2015,26.11667,68.73333,1
2015,26.12089,85.36472,1
2015,26.1239,50.46971,1
2015,26.12873,90.61568,1
2015,26.13883,50.47774,1
2015,26.1403,14.73618,1
2015,26.14376,50.60405,3
2015,26.14436,91.64207,1
2015,26.14854,62.01362,3
2015,26.15498,32.71601,1
2015,26.15519,50.48252,1
2015,26.15606,63.01476,1
2015,26.16238,94.56628,1
2015,26.16908,50.61428,1
2015,26.17169,91.7432,1
2015,26.17934,63.06974,1
2015,26.19179,50.48464,1
2015,26.20688,50.5567,1
2015,26.217,50.58742,1
2015,26.22264,50.51602,2
2015,26.22352,60.75049,2
2015,26.22692,84.96007,1
2015,26.23172,50.50952,4
2015,26.24196,68.39929,1
2015,26.25386,50.6137,2
2015,26.26137,90.17546,1
2015,26.26624,63.00488,1
2015,26.27294,95.07371,1
2015,26.30483,65.57738,1
2015,26.31021,63.1573,2
2015,26.33617,91.64935,1
2015,26.33631,88.55176,1
2015,26.33766,64.91934,1
2015,26.34008,88.64799,1
2015,26.37425,65.61299,3
2015,26.3925,62.90909,1
2015,26.40305,86.89738,1
2015,26.41025,91.9747,1
2015,26.42013,95.01999,1
2015,26.42081,95.0136,1
2015,26.4286,50.06652,3
2015,26.4286,62.90816,1
2015,26.4441,90.36423,1
2015,26.44428,65.22428,1
2015,26.45248,87.27178,3
2015,26.45308,87.27197,1
2015,26.45476,87.27925,1
2015,26.46638,67.84632,1
2015,26.47608,90.55522,1
2015,26.49203,89.52721,1
2015,26.499,91.5979,1
2015,26.51973,91.40172,1
2015,26.53866,90.69391,3
2015,26.54057,86.74862,1
2015,26.54195,86.75672,1
2015,26.54232,86.7571,2
2015,26.55478,50.00452,1
2015,26.556,49.996,1
2015,26.55852,31.69548,1
2015,26.55955,31.69428,1
2015,26.56096,87.7223,1
2015,26.56413,83.8168,1
2015,26.57016,86.88997,1
2015,26.57649,49.99824,1
2015,26.57927,95.09873,1
2015,26.59113,68.30112,1
2015,26.59118,94.89927,1
2015,26.59707,87.16775,1
2015,26.61011,85.8501,1
2015,26.61726,86.70139,1
2015,26.62006,91.58142,1
2015,26.62696,63.35314,3
2015,26.62717,65.68042,1
2015,26.63307,85.77471,1
2015,26.64003,87.89039,1
2015,26.64911,84.93626,1
2015,26.6519,87.90416,1
2015,26.65337,87.44992,1
2015,26.66053,91.35887,1
2015,26.67182,87.66796,1
2015,26.68456,92.53036,1
2015,26.68972,91.90992,1
2015,26.70159,92.47784,1
2015,26.71284,88.41494,1
2015,26.71512,92.20893,1
2015,26.72665,64.17967,1
2015,26.73032,64.14782,1
2015,26.73035,64.14785,1
2015,26.74435,92.09651,1
2015,26.74583,94.54524,1
2015,26.74602,92.09594,1
2015,26.77041,82.1504,1
2015,26.77325,82.14416,1
2015,26.77484,91.93191,1
2015,26.78852,95.43454,1
2015,26.81251,92.69355,1
2015,26.81949,92.77159,1
2015,26.83007,86.26607,1
2015,26.84143,86.21445,1
2015,26.84669,80.94617,2
2015,26.84671,80.94616,3
2015,26.86278,85.55633,1
2015,26.86676,92.78047,1
2015,26.87619,85.80766,1
2015,26.8857,85.63578,1
2015,26.89649,65.57188,1
2015,26.9174,61.00202,1
2015,26.92013,85.80993,2
2015,26.92102,80.95118,1
2015,26.92239,64.07708,1
2015,26.9494,65.49224,4
2015,26.95827,64.13224,1
2015,26.96243,64.12804,1
2015,26.96271,85.56121,1
2015,26.96645,67.68704,1
2015,26.96667,64.1,2
2015,26.96675,64.10054,1
2015,26.96686,64.1011,1
2015,26.97214,64.11457,3
2015,26.97524,64.11234,1
2015,26.98,94.63,1
2015,26.98261,94.64245,1
2015,26.9836,94.63659,2
2015,26.98541,64.05509,2
2015,26.98852,73.27495,1
2015,26.99048,64.08931,1
2015,26.99427,95.54073,1
2015,26.99772,64.11574,2
2015,26.99895,95.50139,1
2015,27.00052,84.86648,1
2015,27.02287,14.44122,5
2015,27.02968,79.69511,1
2015,27.03238,85.00307,1
2015,27.04694,85.31908,1
2015,27.10634,84.47501,1
2015,27.10884,94.84972,1
2015,27.12367,65.57233,1
2015,27.12887,61.67565,1
2015,27.18112,31.17943,1
2015,27.18358,95.34686,1
2015,27.22833,65.70667,1
2015,27.24115,94.10604,1
2015,27.24538,95.91895,1
2015,27.2579,33.81161,1
2015,27.38002,67.91644,1
2015,27.38056,68.51667,1
2015,27.38261,79.59405,1
2015,27.40614,95.6095,1
2015,27.40659,95.60938,1
2015,27.42971,82.1768,1
2015,27.49183,95.34547,1
2015,27.50651,83.43768,1
2015,27.51141,41.72082,1
2015,27.52464,83.68609,1
2015,27.52913,84.3542,1
2015,27.52999,60.58207,1
2015,27.54197,85.3343,1
2015,27.54503,14.27771,1
2015,27.55299,95.69315,1
2015,27.56008,68.21572,2
2015,27.56752,95.6254,1
2015,27.56774,95.55724,1
2015,27.633,95.66355,1
2015,27.64933,85.30587,1
2015,27.64983,65.98019,2
2015,27.65119,83.89017,1
2015,27.65892,22.49511,1
2015,27.70658,68.8482,1
2015,27.7066,68.8482,1
2015,27.70875,85.3295,2
2015,27.72436,64.80908,1
2015,27.77584,65.61621,1
2015,27.80609,66.62543,1
2015,27.80992,66.62095,1
2015,27.81306,66.61185,1
2015,27.84896,68.69987,1
2015,27.85992,30.73091,1
2015,27.87005,84.84011,1
2015,27.87671,82.57276,1
2015,27.88852,85.20569,1
2015,27.89007,78.09225,1
2015,27.89286,65.80847,1
2015,27.9003,78.08026,1
2015,27.90199,68.66627,1
2015,27.93286,65.38318,1
2015,27.94575,65.36354,1
2015,27.95694,68.63778,1
2015,27.98351,16.91225,1
2015,27.98749,84.29173,1
2015,28.00918,67.84906,2
2015,28.0256,64.58467,1
2015,28.03882,65.49744,1
2015,28.04316,69.41742,1
2015,28.05606,81.62802,1
2015,28.0868,30.76202,3
2015,28.10433,43.01553,2
2015,28.10753,-80.66828,1
2015,28.12194,66.29028,1
2015,28.12779,82.29501,1
2015,28.13887,69.08299,1
2015,28.17654,68.04505,1
2015,28.24253,69.18345,1
2015,28.24517,69.1837,3
2015,28.24786,61.25189,1
2015,28.24898,68.77708,2
2015,28.2491,69.19234,1
2015,28.26226,69.41518,1
2015,28.27696,68.9994,1
2015,28.2787,68.99719,1
2015,28.28235,68.43661,1
2015,28.28266,68.4336,2
2015,28.28294,68.43649,2
2015,28.29764,68.20196,1
2015,28.30979,30.70869,1
2015,28.33205,70.16977,1
2015,28.33253,65.29328,1
2015,28.37356,67.56565,2
2015,28.37639,69.36389,1
2015,28.37775,68.18146,1
2015,28.38066,68.34314,5
2015,28.3898,68.19084,1
2015,28.39967,67.57825,1
2015,28.41122,68.21969,1
2015,28.41581,67.57092,1
2015,28.4181,65.05672,1
2015,28.42722,68.67083,1
2015,28.48727,68.1898,1
2015,28.49073,65.09578,4
2015,28.49125,66.26348,2
2015,28.49389,70.09861,1
2015,28.49417,68.17907,1
2015,28.51866,68.54268,8
2015,28.54374,68.21844,8
2015,28.54691,17.53586,1
2015,28.55942,68.16519,1
2015,28.56222,121.42861,1
2015,28.57373,77.32269,1
2015,28.58345,65.41709,1
2015,28.58493,68.39101,1
2015,28.5876,68.04775,3
2015,28.6066,76.99126,1
2015,28.6123,67.48589,1
2015,28.61319,67.48498,1
2015,28.62092,68.52729,1
2015,28.62879,68.61666,1
2015,28.62916,68.61638,2
2015,28.63331,69.19037,12
2015,28.63544,69.20132,1
2015,28.6393,81.14164,1
2015,28.64488,68.40638,2
2015,28.68284,69.17612,1
2015,28.74192,69.23036,1
2015,28.75168,68.07607,5
2015,28.76662,29.23208,3
2015,28.80584,78.68801,1
2015,28.86762,68.33299,1
2015,28.86873,68.33416,1
2015,28.86923,68.33442,13
2015,28.86935,69.37845,1
2015,28.89374,64.40585,1
2015,28.91844,66.42715,1
2015,28.92144,30.98375,1
2015,28.92343,69.0015,2
2015,28.92345,69.00165,1
2015,28.94016,68.71979,1
2015,28.94659,69.0894,1
2015,28.95,67.88333,1
2015,28.95,69.06667,3
2015,28.95547,69.38438,1
2015,28.95984,69.39012,1
2015,28.97132,68.95237,1
2015,28.98915,68.01142,1
2015,28.99566,17.49081,2
2015,29.03036,66.58788,1
2015,29.03074,69.16295,1
2015,29.03319,69.15003,1
2015,29.0332,69.15005,1
2015,29.03327,69.14996,1
2015,29.03333,69.15,1
2015,29.03349,69.14996,1
2015,29.03441,69.15866,11
2015,29.03516,69.15961,1
2015,29.03525,69.15833,1
2015,29.03533,69.1588,1
2015,29.03635,69.15294,1
2015,29.04103,67.82389,1
2015,29.04785,66.59332,2
2015,29.06613,31.09938,1
2015,29.07605,31.09477,1
2015,29.07861,65.79194,1
2015,29.08009,31.09818,8
2015,29.08922,68.84885,1
2015,29.09088,15.78021,1
2015,29.09583,71.01028,1
2015,29.10494,71.27609,1
2015,29.14387,69.09979,14
2015,29.17806,66.29417,1
2015,29.18192,68.21156,3
2015,29.19528,67.64389,1
2015,29.23816,30.79791,3
2015,29.23935,70.83875,1
2015,29.25751,31.20083,1
2015,29.26296,77.93876,1
2015,29.28654,30.61523,1
2015,29.29584,13.0213,1
2015,29.30694,65.95694,1
2015,29.30732,30.84601,1
2015,29.30833,30.84426,1
2015,29.30836,30.84287,2
2015,29.3084,30.84285,1
2015,29.31053,30.84229,1
2015,29.31153,30.8365,2
2015,29.31171,30.83881,27
2015,29.31174,30.83781,1
2015,29.3119,30.84297,1
2015,29.31229,30.84213,1
2015,29.3477,47.94912,1
2015,29.34774,66.64077,1
2015,29.35045,64.71371,1
2015,29.361,30.68244,1
2015,29.36823,32.1746,1
2015,29.3715,18.00966,1
2015,29.37846,67.16627,1
2015,29.38816,70.91901,1
2015,29.39092,65.93577,1
2015,29.39572,71.68333,1
2015,29.39928,71.67378,1
2015,29.47115,17.92794,1
2015,29.47412,30.95915,2
2015,29.47545,67.65139,1
2015,29.48119,67.64383,1
2015,29.54828,67.87919,4
2015,29.55231,66.02051,2
2015,29.5558,66.01959,2
2015,29.55715,30.93095,1
2015,29.60836,67.05162,1
2015,29.65333,68.70778,4
2015,29.691,33.8657,1
2015,29.73527,66.45672,1
2015,29.73869,17.2932,1
2015,29.73875,17.29125,1
2015,29.78603,-95.38848,1
2015,29.78918,17.55329,1
2015,29.79842,66.84691,2
2015,29.8001,66.85004,1
2015,29.80396,66.85099,1
2015,29.80539,67.40041,4
2015,29.80884,67.39863,1
2015,29.82723,31.37117,1
2015,29.82925,31.25372,1
2015,29.83075,17.28815,1
2015,29.83408,67.93462,2
2015,29.84056,68.01528,1
2015,29.8498,31.33528,1
2015,29.85042,31.26683,1
2015,29.85408,31.31768,8
2015,29.85538,67.33993,1
2015,29.87545,67.65228,1
2015,29.89609,69.25024,6
2015,29.89611,69.25194,1
2015,29.89852,69.25105,1
2015,29.89965,69.52476,1
2015,29.90531,31.28714,1
2015,29.91321,66.4956,1
2015,29.96676,32.54963,2
2015,29.96683,32.54963,1
2015,29.96683,32.54972,1
2015,29.96683,32.54981,1
2015,29.97746,32.53668,1
2015,29.98639,63.68298,1
2015,29.99791,30.96303,8
2015,30.01091,-90.25494,1
2015,30.01306,31.20885,1
2015,30.01419,31.28793,1
2015,30.02292,31.18519,19
2015,30.03055,31.11074,2
2015,30.03226,70.64019,1
2015,30.03806,47.92579,1
2015,30.04194,72.35278,1
2015,30.04278,69.40417,1
2015,30.04424,31.23584,1
2015,30.0582,67.42562,1
2015,30.06871,-89.92835,1
2015,30.07684,31.1583,4
2015,30.08017,69.35249,1
2015,30.08452,66.98344,6
2015,30.08463,31.33431,41
2015,30.09477,71.18718,1
2015,30.09826,66.94448,2
2015,30.11385,46.10881,1
2015,30.11765,67.28395,1
2015,30.12134,16.8561,1
2015,30.12294,31.13595,1
2015,30.12536,69.38532,1
2015,30.12543,31.32061,1
2015,30.13247,62.26085,1
2015,30.13578,31.26964,2
2015,30.14974,68.56784,1
2015,30.15003,16.92152,1
2015,30.15058,16.91225,11
2015,30.1555,62.59493,1
2015,30.15566,68.57595,1
2015,30.16816,16.49065,1
2015,30.16985,34.17318,1
2015,30.17156,16.48112,1
2015,30.17434,71.50883,1
2015,30.18297,66.99873,1
2015,30.18328,66.99848,1
2015,30.19311,31.1368,1
2015,30.19535,67.71322,2
2015,30.20082,66.99435,79
2015,30.20758,31.46715,1
2015,30.20841,-92.03228,1
2015,30.21055,71.47042,1
2015,30.21612,67.5882,1
2015,30.24205,16.98764,1
2015,30.2715,68.32032,1
2015,30.28146,34.95757,1
2015,30.28417,62.04472,1
2015,30.29108,66.9571,1
2015,30.30051,-97.75222,1
2015,30.30543,61.89585,1
2015,30.32924,31.21685,5
2015,30.35493,66.94431,1
2015,30.35578,16.87663,1
2015,30.36628,68.59964,1
2015,30.36667,68.6,2
2015,30.36674,68.60017,1
2015,30.37097,68.59932,3
2015,30.37692,47.71446,1
2015,30.38333,47.7,1
2015,30.38881,36.43644,1
2015,30.40053,19.60605,2
2015,30.42639,33.14861,1
2015,30.43778,30.19472,1
2015,30.46568,31.18465,1
2015,30.46599,31.18483,3
2015,30.47509,69.36568,1
2015,30.47801,69.36285,1
2015,30.48073,16.8207,1
2015,30.49179,18.54712,5
2015,30.49804,69.51416,1
2015,30.51005,47.77809,4
2015,30.5375,31.67861,1
2015,30.54321,33.63957,1
2015,30.544,31.13525,1
2015,30.5502,63.78606,2
2015,30.55115,31.01343,1
2015,30.55126,63.78153,1
2015,30.56046,31.00795,1
2015,30.56881,63.70768,1
2015,30.57644,31.50393,1
2015,30.57649,31.50418,1
2015,30.57654,31.50407,3
2015,30.57687,31.50358,1
2015,30.57737,31.50464,1
2015,30.57767,31.50394,1
2015,30.58221,15.40797,1
2015,30.58236,71.23794,1
2015,30.58333,66.99651,3
2015,30.58499,66.99974,1
2015,30.58729,31.50302,4
2015,30.58847,31.48283,1
2015,30.58855,31.48263,1
2015,30.59724,30.98763,3
2015,30.60847,33.61758,20
2015,30.60895,33.6181,1
2015,30.62207,67.35129,1
2015,30.62721,18.3382,3
2015,30.64735,32.25309,3
2015,30.65202,33.64503,1
2015,30.65881,33.71745,1
2015,30.66669,34.36858,1
2015,30.66764,31.69267,1
2015,30.67165,33.88896,1
2015,30.68313,66.71262,1
2015,30.68377,33.62408,1
2015,30.68816,67.0119,1
2015,30.69871,68.34944,2
2015,30.70311,67.0808,1
2015,30.70599,70.64845,2
2015,30.70638,67.0808,1
2015,30.71864,31.56354,1
2015,30.72086,31.67165,1
2015,30.72542,31.66993,1
2015,30.72552,31.73029,1
2015,30.72768,31.72487,2
2015,30.73266,31.71955,2
2015,30.7391,16.55867,1
2015,30.74731,31.13055,1
2015,30.7537,31.44343,1
2015,30.75713,20.23754,21
2015,30.77988,17.83365,1
2015,30.78021,17.83741,7
2015,30.78333,34.05,1
2015,30.78768,30.99953,2
2015,30.795,31.89667,1
2015,30.80162,18.08622,2
2015,30.80549,66.71291,1
2015,30.80905,73.45082,1
2015,30.80927,76.74846,1
2015,30.81108,31.92772,1
2015,30.81214,34.17275,1
2015,30.81912,30.82336,1
2015,30.82556,67.7448,1
2015,30.82956,35.03882,4
2015,30.8481,30.34355,3
2015,30.8588,69.05512,1
2015,30.87536,31.03351,1
2015,30.8866,30.66567,1
2015,30.92211,66.45153,9
2015,30.94173,31.29351,1
2015,30.94494,64.12738,1
2015,30.95993,61.86895,2
2015,30.96092,61.85958,1
2015,30.96521,70.93867,1
2015,30.96878,31.17067,3
2015,30.97627,41.01874,1
2015,30.99675,66.41543,1
2015,31.00274,66.40561,2
2015,31.01678,33.00859,1
2015,31.02314,31.64635,1
2015,31.02431,65.19073,1
2015,31.02615,62.45042,1
2015,31.04246,30.47275,3
2015,31.04359,31.33423,1
2015,31.05238,16.66196,2
2015,31.05397,17.28497,4
2015,31.0705,35.03053,1
2015,31.08287,34.14627,3
2015,31.0832,31.49132,1
2015,31.09171,31.48846,1
2015,31.09701,30.31143,1
2015,31.09764,65.68499,1
2015,31.10396,33.90149,1
2015,31.10632,30.94198,1
2015,31.10637,30.942,1
2015,31.11028,33.93225,2
2015,31.11196,30.94217,1
2015,31.1163,65.69343,1
2015,31.11655,33.72472,1
2015,31.12417,69.46333,1
2015,31.12588,33.82006,1
2015,31.12649,65.75378,1
2015,31.12665,33.80086,107
2015,31.12694,34.00806,1
2015,31.1293,65.7651,1
2015,31.12993,64.19502,1
2015,31.13111,30.13,1
2015,31.13169,33.80328,1
2015,31.13194,33.80323,1
2015,31.13209,33.80328,6
2015,31.13264,64.20787,1
2015,31.14568,33.88015,1
2015,31.15266,34.02221,1
2015,31.15639,34.16417,1
2015,31.15679,34.12306,1
2015,31.15765,62.5278,1
2015,31.16371,33.95593,1
2015,31.16983,34.08742,3
2015,31.17222,34.19667,2
2015,31.17407,34.14131,1
2015,31.1754,33.98559,1
2015,31.18051,29.89499,33
2015,31.18606,34.00856,3
2015,31.19131,34.12218,1
2015,31.19365,16.55388,69
2015,31.2,16.6,1
2015,31.20009,29.91874,1
2015,31.20144,34.0805,1
2015,31.2018,73.17005,1
2015,31.20516,16.58912,1
2015,31.20531,16.58894,2
2015,31.20788,34.06887,3
2015,31.20876,34.11958,1
2015,31.21068,34.12338,1
2015,31.21164,34.11042,7
2015,31.21179,34.15104,7
2015,31.21188,34.12416,1
2015,31.21222,34.11706,84
2015,31.24848,34.78786,1
2015,31.2502,34.24128,68
2015,31.26339,32.26442,1
2015,31.26529,32.30187,3
2015,31.27879,34.25644,1
2015,31.28795,64.61022,1
2015,31.30361,30.05751,1
2015,31.31414,62.30184,1
2015,31.3185,65.9534,1
2015,31.32989,68.98004,1
2015,31.33206,41.44449,1
2015,31.33288,73.41758,1
2015,31.34755,34.49104,1
2015,31.34862,69.45273,1
2015,31.35004,69.45009,1
2015,31.35372,69.45004,1
2015,31.3546,34.32599,1
2015,31.35607,34.32824,1
2015,31.36365,63.95861,2
2015,31.3925,41.46084,2
2015,31.40074,30.41707,1
2015,31.4021,64.30305,1
2015,31.41009,73.1082,1
2015,31.41096,74.36341,1
2015,31.41294,74.36355,1
2015,31.41452,73.07666,1
2015,31.41595,34.36587,1
2015,31.41754,31.81444,3
2015,31.41871,73.07911,3
2015,31.42899,34.46087,1
2015,31.42913,72.74336,1
2015,31.43881,35.02816,1
2015,31.44037,73.11452,1
2015,31.44141,31.5368,1
2015,31.44584,12.98923,1
2015,31.44891,15.25601,1
2015,31.44992,73.69985,1
2015,31.44997,34.39291,2
2015,31.45833,66.30139,1
2015,31.46075,67.21928,1
2015,31.46122,66.52239,1
2015,31.46746,64.09244,6
2015,31.47681,64.09402,1
2015,31.47771,64.28982,1
2015,31.48365,64.10844,1
2015,31.48876,64.05106,2
2015,31.4963,65.00148,1
2015,31.49714,65.83867,1
2015,31.49809,60.8746,1
2015,31.50224,34.46641,1
2015,31.50241,34.45974,22
2015,31.50306,65.56194,1
2015,31.50547,74.34288,10
2015,31.51655,65.87056,1
2015,31.51777,64.11423,1
2015,31.52256,34.45359,1
2015,31.52495,65.15815,1
2015,31.5282,34.59638,1
2015,31.52933,35.11562,3
2015,31.52973,35.11823,2
2015,31.53024,35.09416,33
2015,31.53148,65.20495,1
2015,31.53783,34.48953,1
2015,31.54778,65.45417,1
2015,31.55302,34.50635,1
2015,31.55388,64.11706,1
2015,31.56411,35.12692,2
2015,31.5667,34.99071,1
2015,31.5673,35.11926,1
2015,31.57276,67.04262,6
2015,31.57841,35.10207,4
2015,31.57857,67.03999,1
2015,31.58306,64.36917,1
2015,31.58354,64.34896,1
2015,31.58968,64.37456,1
2015,31.58983,64.33795,3
2015,31.59167,64.37299,1
2015,31.59416,66.94281,1
2015,31.59731,63.84827,1
2015,31.60063,64.36965,19
2015,31.60352,65.70744,1
2015,31.60468,64.36894,1
2015,31.60557,34.77177,2
2015,31.60594,65.70864,1
2015,31.61031,64.96053,1
2015,31.61191,65.68117,1
2015,31.61284,65.70216,2
2015,31.61338,65.71031,1
2015,31.61463,65.69366,1
2015,31.61765,62.75901,1
2015,31.62228,65.05454,2
2015,31.62284,65.05442,1
2015,31.62304,65.05425,7
2015,31.6267,35.10497,2
2015,31.62875,65.72746,3
2015,31.62887,65.73717,3
2015,31.63108,65.74223,35
2015,31.63308,74.87829,1
2015,31.63957,64.23983,1
2015,31.64003,64.24,1
2015,31.64008,64.24021,1
2015,31.65144,65.64992,1
2015,31.65344,35.12564,10
2015,31.65677,35.02565,1
2015,31.65728,64.26805,1
2015,31.65743,68.40481,1
2015,31.66153,63.0055,1
2015,31.66242,62.93513,1
2015,31.66267,63.01476,3
2015,31.66423,63.00307,1
2015,31.66584,64.26758,1
2015,31.66666,65.65083,1
2015,31.6672,64.3544,1
2015,31.67015,34.57515,1
2015,31.67822,64.89982,1
2015,31.6802,64.31221,2
2015,31.68586,35.12107,2
2015,31.69292,35.17175,1
2015,31.69314,66.73478,1
2015,31.701,35.11192,1
2015,31.70191,35.22699,2
2015,31.70456,35.19446,4
2015,31.7055,35.1693,1
2015,31.70689,70.1348,1
2015,31.71666,73.98502,1
2015,31.74153,34.98861,1
2015,31.75426,14.00796,1
2015,31.76147,64.62143,2
2015,31.76174,35.26504,2
2015,31.76786,70.44646,1
2015,31.7716,35.2034,16
2015,31.77304,63.00502,1
2015,31.77347,35.29891,2
2015,31.78484,35.22461,43
2015,31.7963,36.21108,1
2015,31.799,66.36613,1
2015,31.79984,65.06227,1
2015,31.80207,35.20312,1
2015,31.80262,66.32472,2
2015,31.80336,66.32361,1
2015,31.80539,66.32405,1
2015,31.80604,66.32443,1
2015,31.81376,64.63205,3
2015,31.81667,70.91667,1
2015,31.81718,64.57675,1
2015,31.82083,64.57,2
2015,31.82144,34.66517,1
2015,31.82342,64.56727,1
2015,31.82459,70.88071,1
2015,31.82587,64.57643,5
2015,31.82722,35.33719,2
2015,31.82863,44.43659,1
2015,31.83328,70.90864,1
2015,31.83395,15.03973,1
2015,31.83433,70.90905,14
2015,31.83528,64.5903,1
2015,31.84612,12.22972,2
2015,31.84889,66.43833,1
2015,31.8532,35.23117,1
2015,31.85356,64.71236,2
2015,31.85643,65.66668,1
2015,31.85703,65.52264,1
2015,31.86147,35.20843,1
2015,31.86454,35.22754,2
2015,31.86558,35.26164,1
2015,31.86672,64.73395,2
2015,31.87254,35.17839,1
2015,31.87959,35.12418,1
2015,31.88074,20.30323,1
2015,31.89891,35.009,1
2015,31.90034,35.22467,3
2015,31.90406,65.89056,1
2015,31.90714,35.19822,1
2015,31.90861,67.64611,1
2015,31.91397,65.51498,1
2015,31.91525,35.23241,1
2015,31.91724,35.21859,1
2015,31.91864,22.42915,1
2015,31.91883,22.59922,1
2015,31.91936,22.39844,1
2015,31.91972,67.15611,1
2015,31.92602,41.25448,1
2015,31.9268,35.13261,1
2015,31.92739,12.25163,9
2015,31.92768,34.79767,1
2015,31.93272,70.46088,1
2015,31.94001,75.24791,1
2015,31.9416,35.22238,1
2015,31.9416,35.22273,1
2015,31.94657,35.30272,2
2015,31.9551,35.26032,3
2015,31.96026,35.34942,1
2015,31.96607,65.53099,1
2015,31.97054,34.79172,1
2015,31.97354,35.14043,1
2015,31.97506,74.2233,1
2015,31.97606,66.68543,1
2015,31.97709,35.11548,2
2015,31.9782,22.51826,1
2015,31.9793,35.26195,3
2015,31.986,35.27913,2
2015,31.98684,35.27993,1
2015,31.98754,65.47608,1
2015,31.98845,35.33576,1
2015,31.98958,44.92377,1
2015,31.98998,70.3586,1
2015,31.99428,12.08156,1
2015,31.99736,63.29867,1
2015,32.00282,35.11373,1
2015,32.00375,65.94753,1
2015,32.00606,35.12593,1
2015,32.01301,65.94722,1
2015,32.01622,35.12453,1
2015,32.01654,35.06881,1
2015,32.01867,35.34415,1
2015,32.03126,65.13509,1
2015,32.03127,65.13509,1
2015,32.03188,65.13488,1
2015,32.03273,35.28838,1
2015,32.03386,75.39944,1
2015,32.03608,35.03828,1
2015,32.04298,42.25426,4
2015,32.04999,35.28976,1
2015,32.05516,35.31045,1
2015,32.05697,35.2991,1
2015,32.05956,35.36773,4
2015,32.06214,64.84078,1
2015,32.06416,66.88064,1
2015,32.06754,72.68813,1
2015,32.06929,20.15114,150
2015,32.06932,64.85396,1
2015,32.06965,35.24752,1
2015,32.07005,66.13297,1
2015,32.0707,64.85282,8
2015,32.0711,64.85259,1
2015,32.07154,64.85488,1
2015,32.07206,64.83648,1
2015,32.07265,64.83389,3
2015,32.07324,23.94485,10
2015,32.07333,64.83389,2
2015,32.07345,64.84069,1
2015,32.0736,64.83429,1
2015,32.07403,64.83282,1
2015,32.07408,66.14153,1
2015,32.0744,66.14094,1
2015,32.07566,64.83648,10
2015,32.0767,65.17381,1
2015,32.08297,34.81189,3
2015,32.08374,72.67186,1
2015,32.08916,34.88382,1
2015,32.09495,20.26887,6
2015,32.09611,66.86417,1
2015,32.10021,66.90102,12
2015,32.10344,70.20677,1
2015,32.10384,70.7903,1
2015,32.10464,35.17451,2
2015,32.10891,67.35081,1
2015,32.10915,68.38131,1
2015,32.11231,63.87072,1
2015,32.11604,35.25734,1
2015,32.11665,35.25714,1
2015,32.11673,70.15751,3
2015,32.11982,35.2498,4
2015,32.12257,65.87634,1
2015,32.12668,75.46346,6
2015,32.12702,75.46353,1
2015,32.13467,35.25296,1
2015,32.13486,65.00505,4
2015,32.13944,66.97225,1
2015,32.1423,35.28639,1
2015,32.14367,65.03977,1
2015,32.1443,68.26329,1
2015,32.14511,-95.31962,1
2015,32.14589,61.4475,1
2015,32.14983,35.11463,1
2015,32.15452,35.25855,8
2015,32.16358,63.42419,1
2015,32.1637,61.88484,1
2015,32.1641,63.4246,2
2015,32.16421,63.42427,2
2015,32.16476,35.06961,1
2015,32.16866,35.2362,1
2015,32.17183,35.30944,1
2015,32.17194,65.45194,1
2015,32.17262,70.01834,1
2015,32.17284,65.47419,2
2015,32.17462,35.01343,1
2015,32.17553,35.33632,1
2015,32.17611,66.5125,1
2015,32.18089,63.06842,1
2015,32.18284,34.87132,3
2015,32.18466,35.24923,1
2015,32.18482,35.01606,1
2015,32.18584,67.01755,3
2015,32.1862,67.1832,2
2015,32.18779,34.97438,2
2015,32.19188,67.18945,2
2015,32.19235,67.18674,2
2015,32.19294,68.36114,4
2015,32.19326,35.26488,1
2015,32.20334,20.17018,1
2015,32.20752,68.33333,1
2015,32.20829,68.33873,1
2015,32.20944,70.38354,2
2015,32.20958,70.388,2
2015,32.21332,69.68485,1
2015,32.2143,70.37773,2
2015,32.21451,70.37773,1
2015,32.21665,70.38333,1
2015,32.21667,35.17679,1
2015,32.21667,70.38333,1
2015,32.22227,35.25351,1
2015,32.22504,35.26097,1
2015,32.22847,67.16578,1
2015,32.23419,34.95439,1
2015,32.24301,35.4561,2
2015,32.24374,62.94792,1
2015,32.24431,62.91554,1
2015,32.24484,13.3703,1
2015,32.25245,68.51357,1
2015,32.25599,63.84506,1
2015,32.26056,64.815,1
2015,32.26351,35.18443,1
2015,32.26454,68.52472,3
2015,32.26706,65.05035,1
2015,32.27012,65.04968,2
2015,32.275,69.51167,1
2015,32.28385,65.05669,1
2015,32.28457,65.06488,1
2015,32.29096,35.13574,1
2015,32.29881,69.57249,1
2015,32.30136,69.57898,1
2015,32.30241,69.57803,1
2015,32.30267,65.0791,1
2015,32.30288,68.28478,1
2015,32.30512,69.55173,1
2015,32.3061,69.57996,4
2015,32.30773,64.80748,1
2015,32.30991,67.20311,1
2015,32.31444,12.57105,1
2015,32.31604,10.40033,1
2015,32.31629,69.89302,1
2015,32.31687,65.08459,1
2015,32.31748,64.80254,1
2015,32.3187,69.89426,1
2015,32.32024,69.85974,2
2015,32.32319,69.85927,1
2015,32.32649,-106.78928,3
2015,32.32677,34.85834,2
2015,32.33356,62.10342,1
2015,32.33747,69.84371,1
2015,32.34169,70.82853,1
2015,32.34287,66.68543,1
2015,32.3432,69.84728,1
2015,32.3451,64.77218,2
2015,32.34849,64.77225,4
2015,32.35196,64.77927,1
2015,32.35399,64.78259,1
2015,32.35462,64.78656,1
2015,32.35492,15.10552,12
2015,32.35655,64.77973,1
2015,32.35799,64.77724,1
2015,32.35889,70.41528,1
2015,32.36196,64.78363,1
2015,32.36235,62.12995,2
2015,32.3629,15.02834,1
2015,32.36722,69.68694,1
2015,32.37001,62.12846,6
2015,32.37096,62.12127,1
2015,32.37342,62.11025,1
2015,32.37661,62.12138,2
2015,32.37662,62.1214,1
2015,32.37713,65.0756,1
2015,32.3775,75.52176,1
2015,32.37806,66.33583,1
2015,32.38308,48.42358,1
2015,32.38354,62.11975,2
2015,32.38648,75.51727,1
2015,32.38818,69.83624,1
2015,32.39199,68.94252,1
2015,32.39253,14.94614,1
2015,32.39569,65.7163,1
2015,32.39738,64.47316,6
2015,32.40002,64.43189,1
2015,32.40306,64.46944,1
2015,32.40894,69.6694,1
2015,32.42667,65.63694,1
2015,32.43138,13.63833,5
2015,32.43239,68.99814,1
2015,32.4376,64.47941,1
2015,32.43802,62.15061,1
2015,32.43823,67.41754,1
2015,32.44386,62.14774,1
2015,32.44454,62.1461,1
2015,32.44646,62.14541,2
2015,32.44662,62.14486,1
2015,32.44807,69.94436,1
2015,32.45304,34.9493,1
2015,32.45379,62.03114,3
2015,32.45786,62.06527,1
2015,32.46062,35.30125,3
2015,32.46114,70.49107,1
2015,32.46819,44.55019,1
2015,32.4684,14.56723,2
2015,32.46861,62.21738,1
2015,32.46924,44.41664,1
2015,32.47996,62.02808,1
2015,32.48092,62.02824,1
2015,32.48101,62.02817,1
2015,32.48131,62.03385,1
2015,32.48161,62.02866,1
2015,32.48218,62.02844,1
2015,32.48246,62.0311,1
2015,32.48431,62.03471,1
2015,32.48441,36.57314,1
2015,32.48681,62.04039,1
2015,32.48769,20.83146,1
2015,32.49214,36.71254,1
2015,32.49553,11.91174,1
2015,32.49787,67.39496,1
2015,32.49988,67.42326,2
2015,32.50016,67.42394,1
2015,32.50084,74.56244,1
2015,32.50146,62.0321,2
2015,32.50254,67.40032,1
2015,32.5032,67.41589,2
2015,32.50323,67.41594,1
2015,32.50779,35.30634,1
2015,32.50798,35.31425,5
2015,32.50932,62.15155,1
2015,32.51191,62.1333,1
2015,32.51577,69.28948,3
2015,32.51782,36.47732,1
2015,32.51834,70.0252,1
2015,32.51857,62.11368,1
2015,32.51893,67.44072,1
2015,32.51919,70.02552,1
2015,32.52912,13.21932,1
2015,32.52995,13.02537,1
2015,32.53328,62.32408,4
2015,32.54495,36.19588,1
2015,32.55345,75.11344,1
2015,32.55346,75.11034,1
2015,32.55391,65.39346,1
2015,32.55624,69.84362,1
2015,32.55861,41.92309,1
2015,32.55906,67.03788,1
2015,32.55908,75.09852,1
2015,32.55976,41.91965,18
2015,32.56111,75.12472,1
2015,32.56667,43.48806,1
2015,32.56699,69.83171,1
2015,32.5685,41.91878,1
2015,32.56889,36.31528,1
2015,32.57111,74.07473,1
2015,32.5754,36.0489,1
2015,32.57969,36.57635,1
2015,32.58363,14.03632,1
2015,32.5886,70.06252,1
2015,32.59083,67.53806,1
2015,32.59549,69.7991,1
2015,32.60052,69.61514,1
2015,32.60439,44.00714,1
2015,32.60528,70.91444,1
2015,32.60704,69.86585,1
2015,32.60888,35.28996,2
2015,32.6124,62.52518,1
2015,32.61389,65.81,1
2015,32.61705,65.45333,1
2015,32.61797,65.87237,11
2015,32.62233,36.10376,2
2015,32.62333,69.5058,3
2015,32.62347,62.51008,1
2015,32.62362,62.42789,2
2015,32.62374,65.45643,2
2015,32.62388,65.45937,1
2015,32.62414,65.87133,1
2015,32.62515,62.47977,2
2015,32.62659,65.87289,1
2015,32.62823,65.87576,1
2015,32.62945,65.45298,1
2015,32.62975,62.49081,2
2015,32.63333,66.76667,1
2015,32.63646,65.89359,1
2015,32.64076,65.57078,1
2015,32.64215,69.71778,1
2015,32.64699,14.26097,2
2015,32.65164,65.46074,1
2015,32.65552,69.96488,1
2015,32.65958,62.11441,1
2015,32.66382,69.25514,1
2015,32.66611,67.755,1
2015,32.66765,65.90106,1
2015,32.66938,62.16025,1
2015,32.67426,67.71581,1
2015,32.67545,61.98091,1
2015,32.67785,61.98139,1
2015,32.67837,67.71357,1
2015,32.68023,67.70698,1
2015,32.68083,35.24456,1
2015,32.68446,66.19296,1
2015,32.68472,68.23841,2
2015,32.68504,62.73524,1
2015,32.68567,68.23801,1
2015,32.68951,68.32763,1
2015,32.68984,62.73808,1
2015,32.69319,69.55674,1
2015,32.69698,36.39843,1
2015,32.70651,36.4178,1
2015,32.70976,36.56764,2
2015,32.72727,67.6359,2
2015,32.72975,68.39012,1
2015,32.73333,66.26778,1
2015,32.74788,69.86178,2
2015,32.74815,39.02797,4
2015,32.75196,22.38566,2
2015,32.75272,44.61294,1
2015,32.75301,74.27947,1
2015,32.75574,12.72305,6
2015,32.75677,68.41003,1
2015,32.76065,22.63635,1
2015,32.76073,68.39332,1
2015,32.76074,21.75721,5
2015,32.76162,67.72257,1
2015,32.76224,22.24119,4
2015,32.763,12.7476,1
2015,32.76322,68.30728,1
2015,32.76537,43.39166,1
2015,32.76554,22.62112,37
2015,32.77131,69.07318,1
2015,32.78067,12.44931,1
2015,32.78291,22.14447,5
2015,32.78721,22.41276,2
2015,32.78834,21.96728,3
2015,32.79156,12.48903,3
2015,32.79457,62.75781,1
2015,32.8,12.9,1
2015,32.80058,70.49556,3
2015,32.80294,13.28329,1
2015,32.80556,70.64691,1
2015,32.80612,67.77352,1
2015,32.80617,67.46393,1
2015,32.8065,-83.69742,1
2015,32.80677,13.21534,1
2015,32.80914,35.11977,1
2015,32.81029,75.55011,1
2015,32.81399,-79.96698,1
2015,32.81493,67.76671,1
2015,32.82224,13.01141,1
2015,32.82287,70.11321,1
2015,32.8229,12.14032,1
2015,32.82305,70.78375,1
2015,32.82665,22.16213,1
2015,32.83414,36.15674,1
2015,32.83805,13.18259,63
2015,32.83926,36.33956,1
2015,32.84127,74.46233,1
2015,32.84722,66.05,1
2015,32.84947,35.069,1
2015,32.8502,66.04648,10
2015,32.85082,68.19084,1
2015,32.85227,12.24245,1
2015,32.85707,13.33851,4
2015,32.86055,67.10705,1
2015,32.86556,70.44833,1
2015,32.86701,44.22045,1
2015,32.87022,67.17994,1
2015,32.87082,66.09752,1
2015,32.87184,70.5368,1
2015,32.87217,22.23664,2
2015,32.87317,35.54906,1
2015,32.88018,44.38696,1
2015,32.88115,13.18766,1
2015,32.88185,13.18974,1
2015,32.88195,70.91658,1
2015,32.88216,66.1272,5
2015,32.88394,13.19202,1
2015,32.88716,44.34164,1
2015,32.88721,13.19134,1
2015,32.88918,70.58211,1
2015,32.88998,68.82223,1
2015,32.89008,36.04185,1
2015,32.89431,65.56492,1
2015,32.90055,74.74228,1
2015,32.90087,67.51743,1
2015,32.90109,69.7494,3
2015,32.90268,66.13938,1
2015,32.90783,45.08607,1
2015,32.90838,44.2633,1
2015,32.90863,69.74806,1
2015,32.90878,69.7488,1
2015,32.91001,-96.6305,1
2015,32.9103,68.88242,4
2015,32.91095,68.86899,1
2015,32.91123,68.86918,1
2015,32.91247,69.2608,1
2015,32.91442,75.14174,1
2015,32.9178,66.71964,1
2015,32.91821,66.13441,1
2015,32.92057,65.53684,2
2015,32.92083,65.47389,1
2015,32.92204,68.64984,1
2015,32.92278,66.19294,1
2015,32.92389,65.53889,1
2015,32.92705,70.66202,1
2015,32.92713,66.14153,4
2015,32.92852,66.68876,9
2015,32.92876,68.51996,1
2015,32.92985,66.6891,1
2015,32.9302,66.13441,1
2015,32.93717,68.64725,1
2015,32.93771,66.68769,1
2015,32.93828,66.12771,1
2015,32.93845,66.63806,1
2015,32.94056,70.65833,1
2015,32.94102,65.50266,1
2015,32.94111,71.06778,1
2015,32.94618,69.1763,1
2015,32.94644,70.60843,1
2015,32.94837,69.17131,1
2015,32.9529,65.536,1
2015,32.95664,70.53249,1
2015,32.95695,69.90163,1
2015,32.95898,68.66553,1
2015,32.96072,70.60458,1
2015,32.9636,65.4759,1
2015,32.96971,70.15927,1
2015,32.97049,68.81274,1
2015,32.9725,70.59389,1
2015,32.97279,65.66424,1
2015,32.97464,70.14558,2
2015,32.97543,70.27374,2
2015,32.98156,35.74946,1
2015,32.98293,44.3616,20
2015,32.98492,67.96688,1
2015,32.98715,70.60402,1
2015,32.98735,70.60253,5
2015,32.98797,70.62242,1
2015,32.98818,70.60252,1
2015,32.9897,70.60381,1
2015,32.98972,70.60383,2
2015,32.99586,70.68707,1
2015,33.00422,35.09257,1
2015,33.00651,70.06825,1
2015,33.01529,70.61806,1
2015,33.01554,70.61811,1
2015,33.02507,66.71291,1
2015,33.03133,70.24588,1
2015,33.03222,66.70341,1
2015,33.03367,68.33117,1
2015,33.03602,40.28816,3
2015,33.0362,66.71386,1
2015,33.04098,66.71291,1
2015,33.0432,44.64195,3
2015,33.04784,44.58515,1
2015,33.05286,70.76162,1
2015,33.05419,44.35653,1
2015,33.05545,43.71425,1
2015,33.05799,44.35484,56
2015,33.06583,68.23333,1
2015,33.07084,36.18279,1
2015,33.07101,36.5462,1
2015,33.07223,44.56785,1
2015,33.07515,68.68281,1
2015,33.07835,44.25472,40
2015,33.08234,44.64438,2
2015,33.08301,74.2286,1
2015,33.08454,44.61696,1
2015,33.09171,45.97743,1
2015,33.09462,68.99161,1
2015,33.09917,44.26099,1
2015,33.1,44.58333,1
2015,33.10002,44.58331,1
2015,33.10008,44.58328,4
2015,33.1003,44.58314,3
2015,33.10053,44.58449,65
2015,33.10057,44.58135,1
2015,33.1171,69.01742,1
2015,33.11718,35.14406,1
2015,33.11736,71.10289,1
2015,33.11774,35.83497,1
2015,33.11784,44.36936,6
2015,33.12068,35.82536,1
2015,33.12187,67.46631,1
2015,33.12306,63.295,1
2015,33.12602,44.68522,13
2015,33.12859,44.17677,1
2015,33.13396,70.03498,1
2015,33.14156,63.86011,1
2015,33.15074,69.3194,1
2015,33.15214,44.20524,1
2015,33.15636,69.32233,1
2015,33.1592,36.12636,1
2015,33.16316,35.92688,1
2015,33.16356,43.8631,17
2015,33.16449,43.86493,1
2015,33.16506,69.31908,1
2015,33.17023,44.558,8
2015,33.17109,35.87036,1
2015,33.17375,70.40191,2
2015,33.17384,70.40176,1
2015,33.1782,68.75253,4
2015,33.17865,35.944,1
2015,33.17982,35.89428,1
2015,33.18168,44.23542,3
2015,33.18395,68.13784,1
2015,33.18824,40.04233,13
2015,33.1889,44.10422,1
2015,33.19118,68.08948,2
2015,33.19352,68.1024,1
2015,33.19367,68.102,2
2015,33.19392,44.40858,14
2015,33.19408,68.09741,1
2015,33.19408,68.09934,1
2015,33.19498,68.1053,1
2015,33.19556,43.90667,1
2015,33.19612,68.03107,1
2015,33.1962,68.09993,1
2015,33.19705,68.10121,1
