year,lat,long,count
1970,-37.81319,144.96298,1
1970,-34.89115,-56.18721,32
1970,-34.86482,-57.90852,1
1970,-34.61768,-58.44444,12
1970,-34.42244,-58.73776,1
1970,-32.95105,-60.66636,1
1970,-31.63237,-60.69936,1
1970,-31.3993,-64.18213,2
1970,-30.03411,-51.21784,1
1970,-27.58325,-56.68333,1
1970,-26.80828,-65.21759,1
1970,-25.28277,-57.63561,1
1970,-23.55071,-46.63348,1
1970,-22.90828,-43.19703,3
1970,-8.04802,-34.87634,1
1970,5.0591,-75.50596,1
1970,10.06351,-69.33472,1
1970,10.48283,-66.96213,1
1970,11.58656,122.75372,1
1970,12.10382,-86.26701,1
1970,14.59605,120.97867,1
1970,14.62287,-90.52907,3
1970,14.67428,121.0575,2
1970,15.153,120.59194,1
1970,15.18592,120.54187,1
1970,15.67505,120.33162,1
1970,18.37963,-67.18842,4
1970,18.38,-65.83095,1
1970,18.38693,-66.06113,10
1970,18.44196,-66.02632,1
1970,18.45679,-69.95116,2
1970,18.46079,-66.26488,1
1970,19.37189,-99.08662,1
1970,24.89112,67.14331,1
1970,25.72085,-80.27786,2
1970,25.77459,-80.2142,2
1970,26.0112,-80.14949,1
1970,27.19999,-80.25536,1
1970,27.77118,-82.63932,2
1970,27.8074,-82.68977,1
1970,28.53824,-81.37739,2
1970,28.94956,-95.34437,1
1970,29.64766,-82.34846,1
1970,29.81382,-95.3653,5
1970,30.44334,-91.18699,4
1970,30.49392,-90.13251,1
1970,30.58814,-84.58093,1
1970,31.19806,29.91917,1
1970,31.53024,35.09416,1
1970,31.95,35.93333,7
1970,32.22223,-110.92575,1
1970,32.3575,-84.95623,1
1970,32.50064,-94.74108,2
1970,32.71569,-117.16172,3
1970,33.44826,-112.07577,1
1970,33.58041,130.39636,1
1970,33.60651,-88.65042,3
1970,33.62905,-117.69125,1
1970,33.65597,-84.44896,1
1970,33.68373,-117.79461,3
1970,33.73787,-118.28466,1
1970,33.74557,-117.86783,1
1970,33.76672,-118.1924,1
1970,33.78382,-118.11409,2
1970,33.83651,-86.25475,1
1970,33.87112,-117.8614,1
1970,33.88292,-117.9291,2
1970,33.88716,-118.41084,1
1970,33.88852,35.50351,1
1970,33.89528,-118.22433,1
1970,33.94615,-118.08295,1
1970,33.948,-83.37732,1
1970,33.94832,-86.47294,1
1970,33.96307,-118.23257,1
1970,34.06268,-117.16318,1
1970,34.06857,-118.02761,1
1970,34.09787,-118.40738,12
1970,34.10524,-117.29412,1
1970,34.41217,-119.85704,1
1970,34.41926,-119.69887,1
1970,35.04644,-85.30946,1
1970,35.08432,-106.61978,1
1970,35.14968,-90.04893,1
1970,35.22076,-97.4466,1
1970,35.2225,-80.83754,1
1970,35.72453,51.40519,3
1970,35.76625,-117.37067,6
1970,35.90491,-79.04691,1
1970,35.9482,-77.79521,1
1970,36.312,-78.5882,5
1970,36.74068,-119.78573,2
1970,37.0051,-89.17627,9
1970,37.00532,-89.17616,1
1970,37.02368,-94.7355,1
1970,37.26489,-81.24027,1
1970,37.33848,-121.88579,1
1970,37.4243,-122.14391,2
1970,37.4328,-121.89726,1
1970,37.54703,-122.31483,1
1970,37.54815,-121.98857,1
1970,37.75536,-122.44335,11
1970,37.77442,-122.27548,1
1970,37.79193,-122.22591,8
1970,37.83146,-122.28516,1
1970,37.87404,-122.28002,17
1970,37.90118,-122.06163,2
1970,37.93781,-122.34271,1
1970,37.97457,-122.53247,2
1970,37.99749,23.76273,2
1970,38.0193,-122.13406,1
1970,38.10083,-122.25495,1
1970,38.23247,-122.64445,1
1970,38.39565,27.13564,1
1970,38.55024,-90.33272,1
1970,38.5513,-121.47107,1
1970,38.56312,-76.07806,1
1970,38.57906,-121.49101,1
1970,38.62442,-90.1506,1
1970,38.62774,-90.19951,1
1970,38.7881,-90.49748,1
1970,38.86428,-104.77841,1
1970,38.90864,-77.01538,12
1970,38.95434,-95.2558,1
1970,38.97306,-95.23653,2
1970,39.07859,-84.17941,1
1970,39.16261,-76.62469,1
1970,39.17609,-94.57413,8
1970,39.22684,-84.45331,1
1970,39.26931,-76.50352,1
1970,39.30834,-76.6161,3
1970,39.33482,-77.43165,1
1970,39.46479,-76.8292,1
1970,39.53894,-76.34848,1
1970,39.6404,-86.86162,1
1970,39.64504,-79.18313,1
1970,39.75897,-104.8763,8
1970,39.93077,32.76754,10
1970,39.93345,-75.10674,1
1970,40.00758,-105.26594,3
1970,40.00817,-75.13549,2
1970,40.01499,-105.27055,1
1970,40.10195,-88.22716,1
1970,40.10241,-88.22716,2
1970,40.1142,-88.2435,2
1970,40.11675,-88.23927,1
1970,40.20119,-77.18917,1
1970,40.33658,-75.92784,1
1970,40.34746,-94.87291,1
1970,40.5894,-73.66635,1
1970,40.61762,-74.41706,1
1970,40.69713,-73.93135,81
1970,40.71789,-74.06747,1
1970,40.73197,-74.17418,1
1970,40.7595,-111.88823,1
1970,40.81898,-73.59572,1
1970,40.85122,-90.86437,1
1970,40.94691,-90.36466,1
1970,41.00185,-80.34724,1
1970,41.0842,-81.51406,2
1970,41.10618,28.68986,1
1970,41.18188,-73.19127,2
1970,41.242,-82.61524,1
1970,41.26068,-95.94047,3
1970,41.31206,-72.92829,1
1970,41.31632,-72.92234,1
1970,41.35644,-72.09647,1
1970,41.47956,-81.67546,3
1970,41.52494,-88.08459,1
1970,41.57966,-93.62151,4
1970,41.63768,-70.93087,1
1970,41.65783,-91.52653,1
1970,41.67086,-83.54385,1
1970,41.76332,-72.67407,1
1970,41.80774,-72.25398,1
1970,41.82277,-90.53897,1
1970,41.8426,-87.68123,10
1970,41.89096,12.49007,3
1970,42.02534,-93.6202,2
1970,42.03927,-87.85998,1
1970,42.05646,-87.67527,1
1970,42.26341,-83.66528,1
1970,42.27804,-83.73822,1
1970,42.30163,-71.0676,3
1970,42.33168,-83.04792,7
1970,42.3501,-71.15644,1
1970,42.3505,-71.1054,1
1970,42.36679,-71.10602,2
1970,42.377,-71.11666,1
1970,42.45523,-76.47585,3
1970,42.45717,-71.06405,1
1970,42.46634,-96.41405,1
1970,42.47031,-96.41395,5
1970,42.48,-96.41305,1
1970,42.50583,-71.19376,1
1970,42.58176,-71.79226,1
1970,42.7375,-84.48378,4
1970,42.81198,-70.87264,1
1970,42.81537,-1.65362,1
1970,42.83836,-88.74322,1
1970,42.91988,-3.06007,1
1970,43.06439,-87.9662,5
1970,43.07295,-89.38669,3
1970,43.07659,-89.41249,1
1970,43.11126,-87.89863,1
1970,43.11366,-87.90029,1
1970,43.11846,-87.90229,1
1970,43.28705,-89.72436,1
1970,43.29162,-1.9779,1
1970,43.4685,-89.7443,1
1970,43.93914,-90.82037,3
1970,44.04483,-123.07261,4
1970,44.26029,-88.39746,1
1970,44.2686,-88.42844,1
1970,44.94383,-93.09333,3
1970,44.9466,-93.13645,1
1970,44.96498,-93.26019,2
1970,45.03181,-93.33655,1
1970,45.5118,-122.67563,7
1970,45.78398,-108.50579,1
1970,46.14358,-122.92564,1
1970,46.19839,6.1423,1
1970,46.40497,-117.00934,1
1970,46.73196,-117.1626,1
1970,46.80314,-71.2413,2
1970,47.36865,8.53918,2
1970,47.61079,-122.33131,18
1970,48.13913,11.58019,6
1970,48.77711,9.18077,1
1970,49.29464,8.69774,1
1970,50.11797,8.64419,4
1970,50.83643,4.36742,1
1970,51.50439,-0.14004,2
1970,52.37022,4.89517,2
1970,52.50153,13.40185,20
1970,53.36168,-6.24548,1
1970,54.07731,-6.60879,1
1970,54.60771,-5.95621,7
1970,55.01156,-7.31204,2
1971,-34.9213,-57.95433,1
1971,-34.89115,-56.18721,8
1971,-34.68631,-58.52847,1
1971,-34.45872,-58.90725,1
1971,-33.87365,151.20689,1
1971,-31.3993,-64.18213,4
1971,-23.55071,-46.63348,3
1971,-16.50932,-68.10434,1
1971,9.93333,-84.08333,1
1971,10.48283,-66.96213,4
1971,11.58351,37.39702,1
1971,12.82565,44.84642,1
1971,14.59605,120.97867,2
1971,18.38693,-66.06113,8
1971,18.44216,-66.0263,2
1971,18.45679,-69.95116,3
1971,21.3,-157.81897,2
1971,23.58333,119.58333,1
1971,25.77459,-80.2142,1
1971,26.71439,-80.05269,3
1971,27.94653,-82.45927,1
1971,28.50502,-16.19265,1
1971,29.59132,52.58361,1
1971,29.81382,-95.3653,1
1971,30.08463,31.33431,1
1971,30.33138,-81.6558,1
1971,31.28551,48.64342,1
1971,31.53034,-83.83535,1
1971,31.7716,35.2034,1
1971,31.95,35.93333,2
1971,32.46292,-84.98763,1
1971,32.71569,-117.16172,1
1971,33.42551,-111.93742,1
1971,33.42558,-94.04825,4
1971,33.44865,-84.45456,1
1971,33.74502,-84.39167,4
1971,33.78359,-118.35388,1
1971,33.88852,35.50351,1
1971,33.95335,-117.39616,1
1971,33.97371,-117.32806,1
1971,34.01515,-118.1229,1
1971,34.02242,-118.16706,1
1971,34.02244,-118.16697,1
1971,34.03825,-117.75211,1
1971,34.04231,-118.14151,1
1971,34.05483,-117.75003,1
1971,34.0551,-117.74999,2
1971,34.08107,-118.39408,1
1971,34.0961,-117.7164,2
1971,34.09772,-117.70945,1
1971,34.09787,-118.40738,31
1971,34.10607,-117.7164,1
1971,34.13149,-118.10157,1
1971,34.18653,-118.14578,1
1971,34.20034,-119.18044,1
1971,34.22553,-118.87891,1
1971,34.25064,-118.61481,1
1971,34.41926,-119.69887,2
1971,35.07801,-78.96365,1
1971,35.20589,-97.44571,3
1971,35.2149,-80.00123,1
1971,35.2225,-80.83754,1
1971,35.48747,-80.622,1
1971,35.72453,51.40519,5
1971,36.06899,-79.7947,1
1971,36.73642,-119.7892,1
1971,36.74068,-119.78573,3
1971,36.97402,-122.03095,4
1971,36.99928,-122.00348,1
1971,37.00244,-89.17183,1
1971,37.08918,-122.08676,2
1971,37.14679,49.5361,1
1971,37.23581,-121.96242,2
1971,37.32236,-122.03213,1
1971,37.33848,-121.88579,5
1971,37.4243,-122.14391,4
1971,37.4547,-122.17791,1
1971,37.54703,-122.31483,2
1971,37.57788,-122.34811,1
1971,37.62551,-122.43256,2
1971,37.74258,20.8965,1
1971,37.75536,-122.44335,13
1971,37.79193,-122.22591,4
1971,37.87404,-122.28002,5
1971,37.90118,-122.06163,1
1971,37.90603,-122.54817,1
1971,37.90603,-122.54505,2
1971,37.95032,27.37327,1
1971,38.23247,-122.64445,1
1971,38.35588,38.29647,1
1971,38.39565,27.13564,4
1971,38.52526,-118.62463,1
1971,38.57906,-121.49101,1
1971,38.62774,-90.19951,2
1971,38.90864,-77.01538,2
1971,38.9516,-0.13876,1
1971,39.11379,-94.76536,1
1971,39.30834,-76.6161,2
1971,39.72835,-121.84198,1
1971,39.72835,-121.83735,2
1971,39.75897,-104.8763,1
1971,39.93077,32.76754,23
1971,39.93345,-75.10674,2
1971,40.07961,-104.81291,1
1971,40.09762,-74.85727,1
1971,40.43834,-79.99746,1
1971,40.4656,-3.69626,5
1971,40.61762,-74.41706,1
1971,40.65461,-73.55941,1
1971,40.65845,-73.58722,1
1971,40.69713,-73.93135,37
1971,40.74617,-74.03281,6
1971,40.75815,-73.32774,1
1971,40.86396,-73.63079,1
1971,41.0842,-81.51406,2
1971,41.0981,-80.65079,1
1971,41.10618,28.68986,6
1971,41.40064,2.15091,5
1971,41.47956,-81.67546,2
1971,41.58319,-87.49974,1
1971,41.61415,0.62578,1
1971,41.65783,-91.52653,1
1971,41.77033,-87.81852,1
1971,41.82388,-71.41199,1
1971,41.8426,-87.68123,1
1971,41.89096,12.49007,2
1971,42.20639,-71.00482,1
1971,42.24088,-83.61309,1
1971,42.29776,-71.28974,1
1971,42.33168,-83.04792,1
1971,42.35864,-71.0567,1
1971,42.35914,-83.06655,1
1971,42.36529,-71.10436,1
1971,42.36679,-71.10602,2
1971,42.40748,-71.11902,1
1971,42.45523,-76.47585,1
1971,42.63688,-83.28842,1
1971,42.65144,-73.75525,1
1971,42.76162,-72.5115,1
1971,42.81537,-1.65362,2
1971,43.18418,-2.47329,2
1971,43.2482,-1.99052,1
1971,43.29162,-1.9779,2
1971,43.61852,-116.21462,1
1971,44.79808,-93.52666,1
1971,44.88318,-93.28301,1
1971,45.46921,9.17451,1
1971,45.5118,-122.67563,2
1971,46.19839,6.1423,1
1971,48.13913,11.58019,6
1971,49.4019,8.68028,1
1971,50.11797,8.64419,1
1971,50.66667,17.93333,1
1971,51.50439,-0.14004,1
1971,51.92422,4.48178,1
1971,52.50153,13.40185,9
1971,53.36168,-6.24548,1
1971,54.07731,-6.60879,2
1971,54.18305,-6.34139,2
1971,54.22641,-7.64905,1
1971,54.35132,-6.83746,1
1971,54.45222,-7.48612,1
1971,54.46337,-6.3286,2
1971,54.53099,-6.02939,1
1971,54.53171,-6.73714,1
1971,54.55225,-6.08683,1
1971,54.60771,-5.95621,53
1971,54.63797,-6.14485,1
1971,54.79488,-7.53738,2
1971,54.81916,-7.46791,3
1971,55.01156,-7.31204,8
1971,57.69699,11.9865,1
1971,59.33279,18.06449,1
1972,-34.89115,-56.18721,1
1972,-34.68631,-58.52847,2
1972,-34.61768,-58.44444,14
1972,-34.09881,-59.03229,1
1972,-33.86882,151.2093,1
1972,-32.95105,-60.66636,1
1972,-31.3993,-64.18213,1
1972,-27.47093,153.0235,2
1972,-26.80828,-65.21759,1
1972,-22.90828,-43.19703,1
1972,-4.38917,15.33762,3
1972,-4.22536,15.25106,1
1972,4.59464,-74.09374,1
1972,8.99427,-79.51879,1
1972,10.22772,-67.33348,1
1972,11.55637,104.92821,1
1972,11.55883,104.91744,1
1972,13.69288,-89.19916,2
1972,13.78579,100.56085,1
1972,14.67428,121.0575,1
1972,15.153,120.59194,2
1972,15.18592,120.54187,2
1972,17.09201,121.96526,1
1972,18.38693,-66.06113,1
1972,18.46079,-66.26488,1
1972,25.67321,-100.3092,1
1972,25.69907,-80.26698,1
1972,25.77459,-80.2142,2
1972,28.58584,77.15334,1
1972,29.59132,52.58361,1
1972,29.81382,-95.3653,1
1972,29.95999,-90.09519,1
1972,30.08463,31.33431,1
1972,30.346,48.28714,1
1972,31.50241,34.45974,1
1972,31.7716,35.2034,14
1972,31.94537,35.92837,4
1972,31.95,35.93333,3
1972,32.00436,34.88823,1
1972,32.30209,-90.18537,1
1972,32.71569,-117.16172,2
1972,33.87616,-117.86926,1
1972,33.88852,35.50351,3
1972,33.88933,-118.1253,1
1972,34.06857,-118.02761,1
1972,34.09787,-118.40738,3
1972,35.72453,51.40519,13
1972,36.76376,3.05541,1
1972,37.33848,-121.88579,2
1972,37.4243,-122.14391,3
1972,37.4547,-122.17791,1
1972,37.75536,-122.44335,2
1972,37.99749,23.76273,2
1972,38.72225,-9.13934,1
1972,38.87874,-77.10001,1
1972,38.90864,-77.01538,2
1972,39.93077,32.76754,5
1972,40.4656,-3.69626,5
1972,40.69713,-73.93135,29
1972,40.71789,-74.06747,1
1972,40.791,-73.53813,2
1972,41.10618,28.68986,3
1972,41.1271,37.28712,1
1972,41.30317,2.00321,1
1972,41.40064,2.15091,3
1972,41.56095,2.01044,2
1972,41.65628,-0.87653,1
1972,41.73544,1.97792,1
1972,41.8426,-87.68123,3
1972,41.89096,12.49007,1
1972,42.88544,-78.87846,1
1972,42.99118,-71.46309,1
1972,43.06693,-2.16739,1
1972,43.15,-2.61028,1
1972,43.17438,-2.77526,1
1972,43.23056,-2.84583,2
1972,45.42094,-75.69894,5
1972,45.42153,-75.69719,2
1972,45.46368,9.18817,1
1972,45.46921,9.17451,1
1972,45.50867,-73.55399,2
1972,45.65363,13.77841,1
1972,46.19807,6.14244,1
1972,46.22372,6.14818,2
1972,47.61079,-122.33131,1
1972,48.13913,11.58019,3
1972,48.20817,16.37382,2
1972,48.23065,16.34142,5
1972,48.85664,2.34233,11
1972,49.00808,8.40376,1
1972,49.4019,8.68028,1
1972,50.11797,8.64419,2
1972,50.17968,8.5086,1
1972,50.73267,7.0963,1
1972,50.83643,4.36742,4
1972,51.21392,6.78069,1
1972,51.24843,-0.75598,2
1972,51.50439,-0.14004,8
1972,51.79429,5.64916,1
1972,52.50153,13.40185,6
1972,53.36168,-6.24548,3
1972,53.55381,9.99159,7
1972,54.07731,-6.60879,4
1972,54.10153,-6.52644,1
1972,54.10191,-7.44967,1
1972,54.12318,-7.47894,1
1972,54.1314,-6.58639,2
1972,54.15161,-7.39232,1
1972,54.18305,-6.34139,3
1972,54.18401,-7.36021,3
1972,54.19068,-7.56295,1
1972,54.19293,-6.57605,1
1972,54.20114,-6.36113,1
1972,54.23863,-7.17091,1
1972,54.25004,-6.70362,2
1972,54.25372,-7.44106,1
1972,54.2557,-5.9488,1
1972,54.29324,-6.84235,1
1972,54.33857,-6.65828,2
1972,54.34542,-7.63636,2
1972,54.34754,-6.65611,2
1972,54.36517,-8.03637,1
1972,54.42071,-6.44377,6
1972,54.44697,-6.39292,1
1972,54.46337,-6.3286,5
1972,54.47988,-6.22845,1
1972,54.48206,-8.08824,1
1972,54.4833,-6.6408,1
1972,54.50853,-6.76313,1
1972,54.53671,-6.70361,1
1972,54.57739,-6.67734,1
1972,54.59546,-5.79776,1
1972,54.60771,-5.95621,189
1972,54.65548,-5.67482,1
1972,54.66904,-7.68166,2
1972,54.68482,-5.96587,1
1972,54.69212,-5.86326,1
1972,54.71364,-5.80823,1
1972,54.77811,-6.55922,1
1972,54.78772,-6.49231,3
1972,54.81898,-6.6634,1
1972,54.81916,-7.46791,3
1972,54.91086,-7.15523,2
1972,54.92795,-6.92587,1
1972,55.00951,-6.50456,1
1972,55.01156,-7.31204,23
1972,55.04362,-7.02393,1
1972,55.07114,-6.51315,1
1972,57.69699,11.9865,1
1972,59.33279,18.06449,2
1973,-43.53205,172.63622,1
1973,-34.9213,-57.95433,4
1973,-34.68631,-58.52847,3
1973,-34.61768,-58.44444,33
1973,-33.96742,-59.20588,1
1973,-33.36624,-70.5053,7
1973,-32.95105,-60.66636,4
1973,-31.3993,-64.18213,11
1973,-27.45163,-58.9862,1
1973,-23.55071,-46.63348,1
1973,-22.90828,-43.19703,1
1973,-15.41539,28.28435,1
1973,-11.96737,-76.97846,3
1973,-4.38917,15.33762,1
1973,-2.17083,-79.92236,1
1973,3.13894,101.69132,1
1973,4.81428,-75.69456,1
1973,7.59417,-74.8119,1
1973,8.31293,-75.14256,1
1973,9.3125,-70.60694,1
1973,10.48283,-66.96213,1
1973,10.63281,-71.63298,1
1973,13.69288,-89.19916,1
1973,14.0833,-87.2167,1
1973,15.02734,39.78269,1
1973,15.50075,32.56008,1
1973,18.38693,-66.06113,4
1973,18.45679,-69.95116,2
1973,18.52772,-72.33284,1
1973,19.37189,-99.08662,1
1973,19.45,-70.7,1
1973,20.67334,-103.34418,5
1973,25.77459,-80.2142,1
1973,29.95103,-90.07142,1
1973,29.95465,-90.07498,1
1973,31.7716,35.2034,1
1973,31.95,35.93333,1
1973,33.28551,35.5001,1
1973,33.42957,35.45704,1
1973,33.55043,35.37096,1
1973,33.59,-7.61,2
1973,33.88852,35.50351,8
1973,33.9962,-85.97828,1
1973,34.09787,-118.40738,1
1973,34.5169,69.14701,1
1973,35.16672,33.36757,3
1973,35.28134,139.6722,1
1973,35.3292,25.13867,1
1973,35.68912,139.74774,1
1973,35.72453,51.40519,3
1973,37.75536,-122.44335,12
1973,37.79193,-122.22591,1
1973,37.94284,23.64692,1
1973,37.99749,23.76273,9
1973,38.01112,46.45596,1
1973,38.26386,-104.61237,1
1973,38.7253,-9.15004,1
1973,38.89086,-90.18383,1
1973,38.90864,-77.01538,4
1973,38.98637,-77.09692,1
1973,40.4656,-3.69626,3
1973,40.52804,-74.38463,1
1973,40.69611,-74.26851,1
1973,40.69713,-73.93135,22
1973,40.69961,-74.20089,1
1973,40.73197,-74.17418,1
1973,40.91246,-73.83828,1
1973,41.40064,2.15091,8
1973,41.73324,12.27894,1
1973,41.89096,12.49007,8
1973,42.81537,-1.65362,2
1973,43.0542,-2.17812,1
1973,43.07295,-89.38669,1
1973,43.14851,-102.3719,1
1973,43.18418,-2.47329,1
1973,43.29648,5.36978,1
1973,43.62773,10.29171,1
1973,44.10674,9.82922,1
1973,44.40706,8.93399,1
1973,44.49419,11.34652,1
1973,44.81861,20.46806,1
1973,45.07273,7.67954,1
1973,45.46921,9.17451,1
1973,47.36865,8.53918,2
1973,48.13913,11.58019,1
1973,48.20817,16.37382,1
1973,48.56214,2.24649,1
1973,48.68567,9.01525,2
1973,48.79833,2.3099,1
1973,48.83658,2.23914,1
1973,48.85664,2.34233,9
1973,49.4447,7.769,2
1973,49.45052,11.08048,2
1973,49.84594,7.8602,1
1973,50.11797,8.64419,5
1973,50.83643,4.36742,1
1973,51.19126,6.44207,1
1973,51.45794,7.01483,1
1973,51.48292,7.21181,2
1973,51.50439,-0.14004,13
1973,52.37022,4.89517,1
1973,52.37207,9.73569,2
1973,52.48296,-1.89359,1
1973,52.50153,13.40185,5
1973,53.36168,-6.24548,1
1973,53.55381,9.99159,1
1973,54.06149,-6.64436,1
1973,54.07731,-6.60879,3
1973,54.08164,-6.44878,1
1973,54.12247,-6.38886,1
1973,54.18401,-7.36021,1
1973,54.19293,-6.57605,3
1973,54.19404,-6.14414,1
1973,54.20842,-5.89174,2
1973,54.25004,-6.70362,1
1973,54.2964,-7.87146,2
1973,54.34542,-7.63636,1
1973,54.34754,-6.65611,6
1973,54.35104,-6.26702,1
1973,54.37177,-5.55598,1
1973,54.40993,-7.17256,2
1973,54.41442,-6.97664,2
1973,54.42071,-6.44377,2
1973,54.44661,-6.69075,1
1973,54.45644,-5.44895,1
1973,54.46284,-7.02694,1
1973,54.46337,-6.3286,3
1973,54.47988,-6.22845,1
1973,54.48851,-6.07024,1
1973,54.50853,-6.76313,2
1973,54.51569,-6.05572,1
1973,54.53671,-6.70361,2
1973,54.54296,-6.92629,1
1973,54.54762,-7.81769,1
1973,54.59546,-5.79776,1
1973,54.6003,-7.2984,2
1973,54.60771,-5.95621,96
1973,54.62069,-6.21176,1
1973,54.6718,-5.95718,1
1973,54.67325,-7.62748,1
1973,54.68482,-5.96587,2
1973,54.70333,-6.09558,1
1973,54.71338,-6.21676,1
1973,54.72,-7.6134,1
1973,54.79488,-7.53738,1
1973,54.81916,-7.46791,2
1973,54.83279,-7.48127,1
1973,54.86312,-6.27834,1
1973,54.89299,-7.02081,1
1973,54.95395,8.34226,1
1973,55.01156,-7.31204,16
1973,55.06844,-7.35558,1
1973,55.12934,-6.66344,1
1974,-36.77497,-59.85404,2
1974,-34.9213,-57.95433,1
1974,-34.68631,-58.52847,3
1974,-34.61768,-58.44444,40
1974,-33.87365,151.20689,1
1974,-33.13271,-64.34952,3
1974,-32.95645,-69.19554,1
1974,-32.95105,-60.66636,2
1974,-32.89027,-68.84403,1
1974,-31.3993,-64.18213,16
1974,-27.11981,-65.46848,1
1974,-26.18411,28.03323,1
1974,-24.7829,-65.41216,1
1974,-24.65806,25.91222,1
1974,-16.4095,-71.53738,1
1974,-11.96737,-76.97846,2
1974,-0.21119,-78.52263,3
1974,1.27986,103.84899,1
1974,6.86948,101.25048,1
1974,10.48283,-66.96213,3
1974,12.10382,-86.26701,1
1974,13.69288,-89.19916,2
1974,14.62287,-90.52907,1
1974,14.83879,120.28502,1
1974,15.32544,44.2119,1
1974,15.33351,38.93365,2
1974,16.86344,-99.8816,1
1974,17.05435,-96.71295,1
1974,18.01109,-66.61418,1
1974,18.02143,-76.79828,2
1974,18.05629,-66.72162,1
1974,18.22083,-66.59015,5
1974,18.23872,-66.03523,1
1974,18.3575,-66.11114,1
1974,18.3692,-66.16597,1
1974,18.38078,-65.95739,2
1974,18.38693,-66.06113,6
1974,18.4317,-66.48638,1
1974,18.45679,-69.95116,2
1974,18.52772,-72.33284,2
1974,18.93402,-99.23148,1
1974,19.37189,-99.08662,5
1974,20.67334,-103.34418,6
1974,20.97,-89.62,1
1974,21.43608,17.11229,1
1974,24.89112,67.14331,1
1974,25.2508,55.3581,1
1974,25.77459,-80.2142,7
1974,29.08919,-110.96133,1
1974,29.3477,47.94912,1
1974,31.7716,35.2034,4
1974,32.08297,34.81189,1
1974,32.49609,35.49835,1
1974,33.00422,35.09257,1
1974,33.0148,35.2758,1
1974,33.04924,35.4882,1
1974,33.08568,35.11318,1
1974,33.16681,35.65996,1
1974,33.20851,35.57035,1
1974,33.26278,35.61944,1
1974,33.58041,130.39636,1
1974,33.88852,35.50351,10
1974,34.006,71.53743,1
1974,34.09787,-118.40738,7
1974,34.78431,135.40095,1
1974,35.68912,139.74774,1
1974,35.72453,51.40519,10
1974,36.20172,37.14352,4
1974,37.33848,-121.88579,1
1974,37.37966,-122.13746,1
1974,37.38308,-122.11415,1
1974,37.56654,126.97797,1
1974,37.57788,-122.34811,1
1974,37.59339,-122.04383,1
1974,37.71496,24.05712,1
1974,37.72495,-122.15613,1
1974,37.75536,-122.44335,14
1974,37.87404,-122.28002,1
1974,37.99749,23.76273,5
1974,38.90864,-77.01538,5
1974,39.09917,-76.84846,1
1974,39.14076,-121.6194,2
1974,39.56011,-76.07134,1
1974,39.89114,-75.2836,1
1974,39.93077,32.76754,1
1974,40.00817,-75.13549,1
1974,40.00832,-105.28505,1
1974,40.43834,-79.99746,1
1974,40.4656,-3.69626,2
1974,40.69713,-73.93135,20
1974,40.73197,-74.17418,1
1974,40.8401,14.25164,2
1974,41.30713,-72.92498,1
1974,41.40064,2.15091,3
1974,41.8426,-87.68123,2
1974,41.89096,12.49007,8
1974,42.0,21.43333,1
1974,42.7,9.44732,1
1974,43.0,-2.16667,1
1974,43.01209,-7.55585,1
1974,43.04708,-2.2046,1
1974,43.06647,-2.48915,1
1974,43.09146,-0.04573,2
1974,43.1839,-2.26547,1
1974,43.25843,-2.92182,2
1974,43.29162,-1.9779,2
1974,43.29648,5.36978,1
1974,43.60465,1.44421,5
1974,43.76873,11.2569,2
1974,43.8367,4.36005,1
1974,44.40706,8.93399,1
1974,44.49419,11.34652,1
1974,45.07273,7.67954,1
1974,45.42153,-75.69719,1
1974,45.46921,9.17451,5
1974,45.5118,-122.67563,1
1974,45.53984,10.22296,1
1974,46.30688,4.82873,1
1974,47.36865,8.53918,2
1974,48.20817,16.37382,1
1974,48.4161,-3.83224,1
1974,48.85664,2.34233,15
1974,48.88521,2.43768,1
1974,49.48468,8.47673,2
1974,49.59994,11.0063,1
1974,49.87242,8.65086,1
1974,50.11797,8.64419,3
1974,50.17968,8.5086,1
1974,50.63256,5.57967,1
1974,50.83643,4.36742,3
1974,50.94066,6.95991,2
1974,51.19288,0.06626,1
1974,51.21906,4.40289,1
1974,51.23642,-0.57029,1
1974,51.31539,-0.16457,1
1974,51.45362,-2.60162,1
1974,51.45531,-2.5919,1
1974,51.45794,7.01483,1
1974,51.48292,7.21181,1
1974,51.50439,-0.14004,25
1974,51.5326,9.92844,1
1974,51.6693,-0.56314,1
1974,51.86788,0.26639,1
1974,52.06986,4.29111,1
1974,52.40584,-1.51266,1
1974,52.48296,-1.89359,3
1974,52.50153,13.40185,12
1974,53.07498,8.80708,1
1974,53.36168,-6.24548,1
1974,53.48071,-2.23438,1
1974,53.55381,9.99159,3
1974,53.71706,-1.63503,1
1974,54.07731,-6.60879,6
1974,54.08164,-6.44878,2
1974,54.10344,-6.19359,1
1974,54.13878,-1.52421,1
1974,54.183,-7.23371,1
1974,54.18305,-6.34139,2
1974,54.19068,-7.56295,3
1974,54.19293,-6.57605,2
1974,54.20842,-5.89174,1
1974,54.24853,-6.96916,1
1974,54.25372,-7.44106,1
1974,54.25788,-5.79142,1
1974,54.31781,-7.53655,1
1974,54.40993,-7.17256,1
1974,54.41114,-6.60015,1
1974,54.41442,-6.97664,1
1974,54.42071,-6.44377,2
1974,54.44697,-6.39292,3
1974,54.45222,-7.48612,1
1974,54.46337,-6.3286,1
1974,54.50853,-6.76313,5
1974,54.51863,-5.88813,1
1974,54.53072,-6.81101,2
1974,54.53671,-6.70361,1
1974,54.54296,-6.92629,1
1974,54.57739,-6.67734,2
1974,54.59456,-6.93139,1
1974,54.59502,-5.70311,2
1974,54.6003,-7.2984,2
1974,54.60771,-5.95621,83
1974,54.65548,-5.67482,1
1974,54.6718,-5.95718,1
1974,54.68482,-5.96587,6
1974,54.69201,-6.6703,1
1974,54.69212,-5.86326,1
1974,54.70333,-6.09558,1
1974,54.70776,-6.53233,1
1974,54.71364,-5.80823,2
1974,54.7554,-6.60603,1
1974,54.81916,-7.46791,2
1974,54.8551,-5.81125,1
1974,54.86312,-6.27834,1
1974,54.9801,-7.27634,1
1974,54.98108,-6.68238,1
1974,55.01156,-7.31204,12
1974,55.23218,-2.18336,1
1975,-37.99757,-57.54823,1
1975,-34.97538,-58.38073,1
1975,-34.85042,-57.90205,1
1975,-34.68631,-58.52847,4
1975,-34.61768,-58.44444,15
1975,-33.22721,-60.32987,1
1975,-32.95105,-60.66636,7
1975,-31.3993,-64.18213,3
1975,-26.1849,-58.17542,2
1975,-17.90698,15.97565,1
1975,-15.41539,28.28435,1
1975,-11.96737,-76.97846,2
1975,-4.04118,39.67761,1
1975,-1.28518,36.82111,2
1975,2.05982,45.32612,1
1975,2.75674,-76.62993,1
1975,3.13894,101.69132,3
1975,4.66713,-74.10606,4
1975,4.87817,-72.89519,1
1975,5.65712,-74.18078,1
1975,6.70578,121.97211,1
1975,7.62975,123.03166,1
1975,9.6664,80.02048,1
1975,10.48283,-66.96213,1
1975,12.10382,-86.26701,1
1975,13.69288,-89.19916,3
1975,14.59605,120.97867,1
1975,14.62287,-90.52907,3
1975,14.8,-89.55,1
1975,15.33351,38.93365,3
1975,17.05435,-96.71295,1
1975,18.38693,-66.06113,8
1975,19.37189,-99.08662,8
1975,19.6,-99.05,1
1975,25.77459,-80.2142,20
1975,25.86304,85.781,1
1975,26.12367,-80.14356,1
1975,26.33443,127.80558,1
1975,28.29156,-16.62913,1
1975,29.3477,47.94912,1
1975,31.7716,35.2034,1
1975,32.08297,34.81189,1
1975,33.26615,35.21406,1
1975,33.44826,-112.07577,1
1975,33.80284,35.58965,1
1975,33.88852,35.50351,13
1975,34.006,71.53743,1
1975,34.01156,-118.49229,1
1975,34.06857,-118.02761,1
1975,34.09787,-118.40738,11
1975,34.70733,33.0234,1
1975,35.04644,-85.30946,1
1975,35.18145,136.9064,1
1975,35.68912,139.74774,7
1975,35.71401,139.40786,1
1975,35.72453,51.40519,9
1975,36.20172,37.14352,2
1975,36.32396,59.55696,4
1975,36.35415,43.14357,1
1975,36.6844,-121.80217,1
1975,37.33848,-121.88579,5
1975,37.38264,-5.9963,1
1975,37.42994,-122.25386,1
1975,37.48418,-122.2271,1
1975,37.50216,-122.46999,1
1975,37.51834,-122.27621,2
1975,37.62551,-122.43256,7
1975,37.75536,-122.44335,9
1975,37.77442,-122.27548,1
1975,37.79193,-122.22591,5
1975,37.87404,-122.28002,3
1975,37.9418,-122.48835,1
1975,37.97457,-122.53247,1
1975,37.99749,23.76273,4
1975,38.57906,-121.49101,5
1975,38.7253,-9.15004,4
1975,38.90864,-77.01538,6
1975,39.47024,-0.3768,8
1975,39.75897,-104.8763,5
1975,39.75988,-84.18998,1
1975,39.93077,32.76754,3
1975,39.96196,-83.00298,1
1975,40.4656,-3.69626,39
1975,40.66352,-74.21147,1
1975,40.69713,-73.93135,22
1975,40.7595,-111.88823,1
1975,40.96497,-5.66302,1
1975,41.10618,28.68986,7
1975,41.31648,-73.09337,1
1975,41.40064,2.15091,16
1975,41.47956,-81.67546,1
1975,41.65294,-4.72838,3
1975,41.65628,-0.87653,2
1975,41.8426,-87.68123,7
1975,41.89096,12.49007,7
1975,41.93061,8.74291,1
1975,42.23136,-8.71245,1
1975,42.35864,-71.0567,1
1975,42.81537,-1.65362,3
1975,42.84964,-2.69236,1
1975,42.97782,-2.64272,1
1975,43.02744,-102.55625,4
1975,43.03289,-2.41135,2
1975,43.04708,-2.2046,1
1975,43.05436,-2.33364,2
1975,43.06693,-2.16739,1
1975,43.13039,-2.54216,1
1975,43.18994,-2.05245,1
1975,43.19287,-3.19694,1
1975,43.23056,-2.84583,1
1975,43.23692,-2.14901,1
1975,43.25843,-2.92182,10
1975,43.26755,-1.97581,1
1975,43.27138,-2.04993,1
1975,43.27832,-2.1266,1
1975,43.28036,-2.17159,2
1975,43.29162,-1.9779,3
1975,43.29556,-2.35389,1
1975,43.31137,-3.05595,1
1975,43.31707,-2.67898,5
1975,43.32066,-3.02025,1
1975,43.3594,-1.76615,1
1975,43.49295,-1.47484,1
1975,43.60465,1.44421,1
1975,43.65914,-70.25665,1
1975,43.69604,7.26559,1
1975,43.87858,-103.45906,1
1975,44.31052,-69.77965,1
1975,45.76404,4.83566,3
1975,46.19839,6.1423,2
1975,46.4892,7.21237,1
1975,47.03922,-122.89143,1
1975,47.25514,-122.44165,1
1975,47.6021,-122.1563,1
1975,47.61079,-122.33131,4
1975,47.91471,7.53763,1
1975,47.97658,-122.20642,1
1975,47.99754,-4.0979,1
1975,48.11348,-1.67571,1
1975,48.13913,11.58019,2
1975,48.20817,16.37382,2
1975,48.21888,-4.16436,1
1975,48.3533,-3.8722,1
1975,48.77711,9.18077,1
1975,48.85664,2.34233,23
1975,49.00808,8.40376,2
1975,49.4019,8.68028,1
1975,49.4447,7.769,1
1975,49.45052,11.08048,1
1975,49.47761,8.44509,2
1975,49.49437,0.10793,1
1975,49.89881,10.90276,1
1975,49.99304,8.24725,3
1975,50.11797,8.64419,5
1975,50.24005,11.32338,1
1975,50.55386,9.67434,1
1975,50.6927,3.17785,1
1975,50.73267,7.0963,1
1975,50.94066,6.95991,4
1975,51.21392,6.78069,1
1975,51.27034,0.52384,1
1975,51.50439,-0.14004,19
1975,51.90335,-8.48825,1
1975,52.06986,4.29111,1
1975,52.37022,4.89517,1
1975,52.50153,13.40185,4
1975,52.85949,6.51769,1
1975,53.25217,-6.66546,1
1975,53.36168,-6.24548,3
1975,53.55381,9.99159,3
1975,53.99385,-6.39659,2
1975,54.05966,-6.57688,1
1975,54.07731,-6.60879,1
1975,54.08164,-6.44878,3
1975,54.10153,-6.52644,1
1975,54.18305,-6.34139,1
1975,54.19293,-6.57605,4
1975,54.22303,-6.48678,1
1975,54.25004,-6.70362,1
1975,54.2557,-5.9488,1
1975,54.29116,-6.73232,1
1975,54.34754,-6.65611,3
1975,54.37352,-6.35951,2
1975,54.4013,-5.6494,1
1975,54.41114,-6.60015,1
1975,54.41195,-6.74573,1
1975,54.41442,-6.97664,1
1975,54.41888,-8.08805,1
1975,54.42071,-6.44377,6
1975,54.44226,-6.60368,1
1975,54.44661,-6.69075,2
1975,54.46337,-6.3286,5
1975,54.47077,-6.68526,1
1975,54.47174,-7.63564,1
1975,54.50853,-6.76313,2
1975,54.53072,-6.81101,1
1975,54.54296,-6.92629,1
1975,54.54345,-6.03996,2
1975,54.55649,-7.11966,1
1975,54.59456,-6.93139,2
1975,54.60771,-5.95621,93
1975,54.65548,-5.67482,1
1975,54.66323,-6.2767,1
1975,54.6718,-5.95718,2
1975,54.67325,-7.62748,1
1975,54.71338,-6.21676,1
1975,54.71364,-5.80823,1
1975,54.7171,-6.00324,1
1975,54.71744,-7.23257,1
1975,54.7512,-5.71626,1
1975,54.78772,-6.49231,1
1975,54.81898,-6.6634,1
1975,54.8551,-5.81125,2
1975,54.92795,-6.92587,1
1975,55.01156,-7.31204,4
1975,55.04219,-6.68438,1
1975,55.05085,-6.95054,1
1975,55.12934,-6.66344,1
1975,55.86563,-4.25722,1
1975,56.20821,-3.14952,1
1975,56.38662,-3.34775,1
1975,56.55163,-5.30471,1
1975,59.33279,18.06449,1
1976,-37.99757,-57.54823,1
1976,-34.9213,-57.95433,1
1976,-34.68631,-58.52847,2
1976,-34.61768,-58.44444,39
1976,-33.36624,-70.5053,2
1976,-32.95105,-60.66636,3
1976,-31.3993,-64.18213,5
1976,-27.47147,-58.83996,1
1976,-26.80828,-65.21759,1
1976,-25.47665,30.97889,1
1976,-25.28277,-57.63561,1
1976,-23.55071,-46.63348,1
1976,-22.90828,-43.19703,3
1976,-22.75662,-43.46074,1
1976,-22.56734,17.08327,1
1976,-21.97565,16.91245,1
1976,-16.50932,-68.10434,1
1976,-1.28518,36.82111,1
1976,-0.21119,-78.52263,2
1976,1.70085,-76.57288,1
1976,3.24114,-74.35539,1
1976,3.42934,-76.51604,1
1976,4.66713,-74.10606,13
1976,6.17346,-75.59278,1
1976,6.24203,-75.56477,1
1976,6.26326,-74.299,1
1976,6.45233,3.41904,1
1976,6.70578,121.97211,1
1976,7.08324,125.601,1
1976,8.4499,-75.99784,1
1976,8.48254,124.6474,1
1976,8.88164,-64.23312,1
1976,8.97715,38.77323,1
1976,8.99427,-79.51879,1
1976,9.08702,-79.38464,1
1976,9.93333,-84.08333,12
1976,10.48283,-66.96213,3
1976,10.66667,-61.51667,1
1976,10.98141,-74.77832,1
1976,13.07733,-59.49301,1
1976,13.1,-59.61667,1
1976,13.34432,-88.43746,1
1976,13.49124,-88.17313,1
1976,13.69288,-89.19916,7
1976,13.71889,-89.72417,1
1976,13.98148,-89.55572,3
1976,14.62287,-90.52907,8
1976,14.7515,-89.47422,1
1976,15.153,120.59194,1
1976,16.79904,121.12262,2
1976,16.88778,96.14956,1
1976,18.02143,-76.79828,1
1976,18.38693,-66.06113,1
1976,19.37189,-99.08662,12
1976,19.6,-99.05,1
1976,20.67334,-103.34418,2
1976,20.97,-89.62,2
1976,23.56785,-79.58737,1
1976,24.80485,-107.3855,1
1976,24.89112,67.14331,1
1976,25.09108,121.55983,1
1976,25.17211,-107.47952,1
1976,25.72129,-80.26866,1
1976,25.77459,-80.2142,4
1976,27.66483,-81.51575,1
1976,28.12482,-15.43001,1
1976,28.58584,77.15334,1
1976,29.3477,47.94912,1
1976,31.73333,-106.48333,1
1976,31.7716,35.2034,2
1976,31.78484,35.22461,1
1976,31.95,35.93333,1
1976,33.30357,44.37177,2
1976,33.44826,-112.07577,1
1976,33.59401,73.06908,1
1976,33.67164,73.05607,1
1976,33.83276,-117.91572,1
1976,33.88852,35.50351,3
1976,34.08107,-118.39408,1
1976,35.3292,25.13867,2
1976,35.61275,-121.14397,1
1976,35.72453,51.40519,2
1976,36.20172,37.14352,2
1976,36.32396,59.55696,1
1976,36.76376,3.05541,1
1976,37.35551,-121.95426,1
1976,37.38264,-5.9963,1
1976,37.4243,-122.14391,2
1976,37.54703,-122.31483,1
1976,37.55765,-120.91377,1
1976,37.75536,-122.44335,13
1976,37.99749,23.76273,18
1976,38.01441,-122.66847,1
1976,38.10607,-122.56789,1
1976,38.19233,15.55552,1
1976,38.25486,-85.7664,1
1976,38.31148,38.26705,1
1976,38.33542,16.30207,1
1976,38.34898,38.30124,1
1976,38.39565,27.13564,4
1976,38.54689,-121.5082,1
1976,38.69728,-9.42176,1
1976,38.7253,-9.15004,11
1976,38.90864,-77.01538,5
1976,38.91054,16.58776,1
1976,38.95259,-76.94207,3
1976,39.21541,9.10932,1
1976,39.64955,27.88493,1
1976,39.93077,32.76754,8
1976,40.321,9.33036,2
1976,40.43834,-79.99746,1
1976,40.4656,-3.69626,19
1976,40.58752,-122.39293,1
1976,40.63618,17.93899,1
1976,40.66352,-74.21147,1
1976,40.69713,-73.93135,43
1976,40.8401,14.25164,3
1976,41.10618,28.68986,15
1976,41.126,16.86838,1
1976,41.14997,-8.61024,1
1976,41.21444,9.40759,18
1976,41.40064,2.15091,3
1976,41.4929,13.83057,1
1976,41.74197,27.2231,1
1976,41.8426,-87.68123,6
1976,41.89096,12.49007,69
1976,41.91889,8.73755,1
1976,41.93061,8.74291,1
1976,41.9818,2.8237,1
1976,42.23136,-8.71245,1
1976,42.28107,-71.23605,1
1976,42.35864,-71.0567,3
1976,42.40807,-71.01359,1
1976,42.56022,12.64678,1
1976,42.64589,-71.31284,1
1976,42.81198,-70.87264,1
1976,42.87568,-70.87191,1
1976,42.88045,-8.5463,2
1976,42.90341,-73.56262,1
1976,43.0542,-2.17812,1
1976,43.0621,141.35438,1
1976,43.13698,-2.07391,3
1976,43.17002,-2.5752,2
1976,43.19952,-2.07407,1
1976,43.22218,-2.88567,1
1976,43.23056,-2.84583,1
1976,43.25843,-2.92182,2
1976,43.29162,-1.9779,4
1976,43.29722,-2.99167,1
1976,43.30326,-2.20436,1
1976,43.32113,-1.89878,1
1976,43.3594,-1.76615,2
1976,43.37087,-8.39584,1
1976,43.46096,-3.80793,1
1976,43.49295,-1.47484,1
1976,43.60465,1.44421,1
1976,43.61077,3.87672,1
1976,43.61584,13.51874,1
1976,43.69604,7.26559,3
1976,43.71614,10.39658,1
1976,43.76873,11.2569,7
1976,43.8367,4.36005,1
1976,43.84301,10.50799,1
1976,43.93215,10.91851,1
1976,44.31052,-69.77965,1
1976,44.49419,11.34652,2
1976,44.84434,-0.65686,1
1976,45.07273,7.67954,11
1976,45.07877,6.70428,1
1976,45.18376,7.71532,1
1976,45.18853,5.72452,1
1976,45.43434,12.33879,2
1976,45.46921,9.17451,22
1976,45.4733,11.84487,1
1976,45.53586,9.23889,1
1976,45.53984,10.22296,1
1976,45.5459,11.5403,1
1976,45.56285,8.05827,1
1976,45.64838,0.15624,1
1976,45.67078,3.57752,1
1976,45.6949,9.66995,1
1976,45.76404,4.83566,1
1976,45.8176,8.82638,1
1976,45.96265,12.65504,1
1976,46.06671,11.11906,3
1976,46.49671,11.35801,1
1976,46.94792,7.44461,2
1976,47.23783,6.02405,1
1976,47.36865,8.53918,2
1976,47.4622,-122.25424,1
1976,47.76406,8.8534,1
1976,47.79105,12.71454,2
1976,47.99754,-4.0979,1
1976,48.11348,-1.67571,1
1976,48.13913,11.58019,5
1976,48.1734,9.80006,1
1976,48.20817,16.37382,4
1976,48.58315,7.74788,1
1976,48.77389,11.37918,1
1976,48.77711,9.18077,1
1976,48.85664,2.34233,36
1976,48.89338,8.70492,1
1976,49.45052,11.08048,1
1976,49.87242,8.65086,1
1976,49.99304,8.24725,1
1976,50.08428,8.23872,2
1976,50.10492,8.75856,1
1976,50.11797,8.64419,8
1976,50.1354,8.91512,1
1976,50.63137,3.06545,1
1976,50.83643,4.36742,1
1976,50.86894,9.70718,1
1976,50.94066,6.95991,3
1976,51.19843,6.69529,1
1976,51.21392,6.78069,3
1976,51.4516,6.64082,1
1976,51.45794,7.01483,1
1976,51.50439,-0.14004,3
1976,51.51205,7.46357,1
1976,51.68037,7.81743,1
1976,52.02306,8.53307,1
1976,52.06986,4.29111,2
1976,52.37022,4.89517,1
1976,52.50153,13.40185,6
1976,53.1176,-7.33063,1
1976,53.36168,-6.24548,1
1976,53.55381,9.99159,3
1976,53.82393,9.2879,1
1976,53.99385,-6.39659,1
1976,54.07731,-6.60879,1
1976,54.10281,-6.25941,2
1976,54.11788,-6.73338,1
1976,54.11838,-6.64182,1
1976,54.19293,-6.57605,2
1976,54.19404,-6.14414,1
1976,54.22303,-6.48678,1
1976,54.24954,-7.27809,1
1976,54.25004,-6.70362,1
1976,54.25372,-7.44106,1
1976,54.29324,-6.84235,1
1976,54.2964,-7.87146,1
1976,54.34754,-6.65611,2
1976,54.36296,-6.47663,1
1976,54.38033,-5.54798,1
1976,54.41114,-6.60015,1
1976,54.41653,-6.14887,1
1976,54.4177,-6.36559,1
1976,54.41795,-6.38296,1
1976,54.42071,-6.44377,5
1976,54.43772,-6.00225,1
1976,54.43983,-6.75975,1
1976,54.44114,-6.68551,2
1976,54.44661,-6.69075,1
1976,54.44697,-6.39292,1
1976,54.45097,-6.79434,1
1976,54.45862,-6.60447,1
1976,54.46337,-6.3286,4
1976,54.47988,-6.22845,1
1976,54.48206,-8.08824,1
1976,54.50853,-6.76313,3
1976,54.51569,-6.05572,2
1976,54.52054,-5.97584,1
1976,54.53671,-6.70361,1
1976,54.54345,-6.03996,1
1976,54.55008,-5.93306,1
1976,54.55044,-5.74567,1
1976,54.55342,-6.00331,3
1976,54.56762,-6.95581,1
1976,54.59694,-7.05062,1
1976,54.60771,-5.95621,96
1976,54.6126,-6.12108,1
1976,54.62713,-6.65522,1
1976,54.64586,-6.74515,1
1976,54.67063,-5.90503,1
1976,54.69201,-6.6703,2
1976,54.70333,-6.09558,1
1976,54.71338,-6.21676,1
1976,54.7704,-6.67318,1
1976,54.77822,-6.55796,2
1976,54.78772,-6.49231,1
1976,54.83265,-6.60174,1
1976,54.84282,-6.66773,1
1976,54.86312,-6.27834,3
1976,54.91086,-7.15523,3
1976,54.92795,-6.92587,1
1976,54.95108,-6.559,2
1976,55.01156,-7.31204,13
1976,55.02639,-7.18048,1
1976,55.03313,-7.11256,1
1976,55.0682,-3.52217,1
1977,-34.61768,-58.44444,17
1977,-33.55998,-70.55744,1
1977,-33.36624,-70.5053,3
1977,-29.86182,31.00829,1
1977,-27.38318,31.61607,1
1977,-26.35577,28.20804,1
1977,-26.2527,27.87028,1
1977,-26.21594,28.1687,1
1977,-26.21434,28.16787,1
1977,-26.21025,28.27993,1
1977,-26.18915,28.31707,1
1977,-26.18771,28.323,1
1977,-26.18411,28.03323,3
1977,-26.1601,27.87281,1
1977,-26.14115,28.4275,1
1977,-25.74828,28.21207,1
1977,-18.47732,-70.31453,1
1977,-17.38279,-66.16644,1
1977,-15.41539,28.28435,1
1977,-11.96737,-76.97846,3
1977,-8.35353,22.64966,1
1977,-8.04802,-34.87634,1
1977,-5.43387,12.21505,1
1977,-5.02488,12.34639,1
1977,-2.17083,-79.92236,6
1977,-0.21119,-78.52263,1
1977,1.03033,-76.61475,2
1977,1.61456,-75.6053,1
1977,1.68448,-75.28659,1
1977,2.18361,-73.78472,1
1977,2.44186,-76.60617,2
1977,2.44214,-76.61238,1
1977,2.44532,-76.60791,1
1977,2.92556,-75.29078,1
1977,3.13894,101.69132,1
1977,3.42934,-76.51604,2
1977,3.5299,-76.29801,1
1977,3.58524,98.6756,1
1977,3.88182,-77.07042,1
1977,4.09252,-75.15454,1
1977,4.5295,-75.64021,1
1977,4.66713,-74.10606,24
1977,4.81428,-75.69456,1
1977,4.99243,-76.01866,1
1977,5.25001,-75.50003,1
1977,5.29944,100.4608,1
1977,5.45944,-74.33806,1
1977,5.9509,43.56008,1
1977,6.20153,101.25184,1
1977,6.24203,-75.56477,4
1977,6.2675,-75.56861,1
1977,6.31371,-73.95015,1
1977,6.48927,-74.40176,1
1977,6.65556,-74.26889,2
1977,6.82833,-75.51306,1
1977,6.88105,-73.41157,1
1977,7.06005,-73.85312,3
1977,7.11629,-73.12003,1
1977,7.6676,-76.6803,1
1977,7.80025,-75.85,1
1977,8.11138,-75.98551,1
1977,8.97715,38.77323,2
1977,9.93333,-84.08333,4
1977,10.01595,-84.22112,1
1977,10.42099,-75.53358,1
1977,10.48283,-66.96213,2
1977,10.78935,-74.75409,1
1977,11.1236,-84.77795,1
1977,11.51005,42.10496,1
1977,11.96839,-86.09462,1
1977,12.10382,-86.26701,2
1977,13.48012,39.46589,1
1977,13.63325,-86.4763,1
1977,13.69288,-89.19916,6
1977,13.78579,100.56085,1
1977,14.53333,-89.45,1
1977,14.62287,-90.52907,5
1977,14.63261,-90.46695,1
1977,14.83879,120.28502,2
1977,17.05435,-96.71295,5
1977,18.01109,-66.61418,1
1977,18.22083,-66.59015,1
1977,18.38693,-66.06113,5
1977,18.48615,-66.41148,2
1977,19.07598,72.87766,1
1977,19.37189,-99.08662,10
1977,20.67334,-103.34418,3
1977,22.15647,-100.98554,1
1977,22.3419,91.81512,1
1977,22.73415,-12.46754,3
1977,24.42888,54.46,1
1977,25.77459,-80.2142,7
1977,26.12367,-80.14356,2
1977,28.12482,-15.43001,5
1977,28.29156,-16.62913,4
1977,28.41339,-16.54516,1
1977,28.46981,-16.25486,3
1977,30.08463,31.33431,1
1977,31.24848,34.78785,1
1977,31.7716,35.2034,3
1977,32.32507,34.85466,1
1977,33.88852,35.50351,3
1977,34.09787,-118.40738,2
1977,35.04644,-85.30946,1
1977,35.16672,33.36757,1
1977,35.72453,51.40519,4
1977,36.20172,37.14352,3
1977,36.5825,36.16543,2
1977,36.67088,-121.65482,1
1977,36.71965,-4.42002,1
1977,36.85254,-121.40326,1
1977,36.88508,30.70635,11
1977,36.89689,30.71332,1
1977,36.92765,34.90811,3
1977,37.00116,35.33169,9
1977,37.03173,35.8227,1
1977,37.06763,37.37315,2
1977,37.23375,15.219,1
1977,37.32236,-122.03213,2
1977,37.33848,-121.88579,1
1977,37.36742,36.11058,1
1977,37.38264,-5.9963,2
1977,37.38947,-122.08169,1
1977,37.46249,-122.1978,1
1977,37.57492,-122.37102,1
1977,37.58485,36.93479,2
1977,37.61417,28.06281,1
1977,37.74224,-25.67495,2
1977,37.75292,39.33012,2
1977,37.75536,-122.44335,14
1977,37.79193,-122.22591,1
1977,37.85061,27.84992,1
1977,37.85924,-122.48859,2
1977,37.86879,32.48446,4
1977,37.88473,-4.77915,2
1977,37.92222,40.18438,3
1977,37.98345,-1.12989,1
1977,37.99749,23.76273,41
1977,38.01562,-7.86524,1
1977,38.03016,46.35607,1
1977,38.03128,-122.26667,1
1977,38.04297,-122.7889,1
1977,38.08317,23.97902,1
1977,38.11564,13.36141,2
1977,38.14994,16.17494,1
1977,38.19233,15.55552,1
1977,38.21029,-122.1321,1
1977,38.29188,-122.45724,1
1977,38.34976,38.30086,2
1977,38.35519,40.12483,1
1977,38.35812,15.84908,1
1977,38.37113,-8.51945,1
1977,38.39565,27.13564,24
1977,38.48557,28.13396,1
1977,38.52452,-8.89307,1
1977,38.57098,-7.9096,1
1977,38.6205,27.42908,1
1977,38.62814,-90.31991,1
1977,38.72164,-27.22058,5
1977,38.7253,-9.15004,2
1977,38.8962,-121.07887,1
1977,38.90864,-77.01538,6
1977,38.91054,16.58776,2
1977,39.03979,38.49638,1
1977,39.08166,-77.15124,1
1977,39.20407,9.16172,1
1977,39.21541,9.10932,4
1977,39.23618,-8.68708,1
1977,39.26272,-121.01915,1
1977,39.36974,38.11341,1
1977,39.47024,-0.3768,1
1977,39.52442,-5.11438,1
1977,39.5695,2.64996,1
1977,39.74473,39.49683,1
1977,39.74833,37.01641,1
1977,39.90926,41.27588,3
1977,39.93077,32.76754,51
1977,40.18313,29.06734,1
1977,40.31325,36.55457,1
1977,40.34912,-3.82881,1
1977,40.42445,-3.79232,1
1977,40.43834,-79.99746,1
1977,40.4589,-3.47977,1
1977,40.4656,-3.69626,38
1977,40.60877,14.98304,1
1977,40.62066,22.952,3
1977,40.63618,17.93899,1
1977,40.66352,-74.21147,1
1977,40.69149,29.61838,1
1977,40.69713,-73.93135,40
1977,40.71229,-4.19231,1
1977,40.72716,8.55847,1
1977,40.73197,-74.17418,1
1977,40.76914,-74.03117,1
1977,40.8401,14.25164,7
1977,40.91246,-73.83828,1
1977,40.92251,9.48686,1
1977,40.98456,37.8776,2
1977,41.07542,14.3322,1
1977,41.10618,28.68986,51
1977,41.11866,1.24533,1
1977,41.126,16.86838,2
1977,41.14997,-8.61024,1
1977,41.20056,1.56844,1
1977,41.21444,9.40759,5
1977,41.23478,1.81122,1
1977,41.26068,-95.94047,1
1977,41.28039,1.97677,1
1977,41.29281,36.3295,2
1977,41.40064,2.15091,8
1977,41.43234,-81.51032,1
1977,41.45677,31.7985,1
1977,41.46229,15.54475,1
1977,41.4929,13.83057,2
1977,41.57932,2.55149,1
1977,41.73324,12.27894,4
1977,41.8426,-87.68123,5
1977,41.85328,12.19336,1
1977,41.89096,12.49007,84
1977,41.91889,8.73755,1
1977,41.93061,8.74291,1
1977,41.98568,9.33687,1
1977,42.06388,-1.60572,1
1977,42.26297,3.1748,1
1977,42.34001,-7.86464,1
1977,42.34593,-71.55229,1
1977,42.3507,13.39993,2
1977,42.59988,-5.57175,1
1977,42.74533,12.73843,1
1977,42.76286,11.11278,1
1977,42.81537,-1.65362,9
1977,42.84964,-2.69236,1
1977,42.88045,-8.5463,1
1977,43.04708,-2.2046,1
1977,43.0542,-2.17812,1
1977,43.07563,-2.22367,1
1977,43.09048,-2.31322,1
1977,43.13698,-2.07391,2
1977,43.14333,-2.96298,1
1977,43.1782,-2.31164,1
1977,43.18418,-2.47329,2
1977,43.18994,-2.05245,2
1977,43.21519,-2.4157,1
1977,43.2205,-2.73324,1
1977,43.22408,-2.71894,1
1977,43.23056,-2.84583,1
1977,43.25376,2.17784,1
1977,43.25843,-2.92182,14
1977,43.26745,-2.02017,1
1977,43.2706,-2.49715,1
1977,43.29162,-1.9779,3
1977,43.31131,-1.9009,1
1977,43.32084,-3.07258,1
1977,43.32113,-1.89878,1
1977,43.32412,-1.92986,1
1977,43.32524,-3.01148,1
1977,43.3282,-3.03151,1
1977,43.33823,-1.78927,2
1977,43.34872,-3.01009,2
1977,43.35441,-2.84671,1
1977,43.37892,-2.983,1
1977,43.40638,-2.96242,1
1977,43.41324,-2.90225,4
1977,43.49295,-1.47484,2
1977,43.51333,10.31908,1
1977,43.55188,10.30801,5
1977,43.58042,7.1251,1
1977,43.60465,1.44421,1
1977,43.61077,3.87672,1
1977,43.69604,7.26559,1
1977,43.71614,10.39658,1
1977,43.76873,11.2569,12
1977,43.84301,10.50799,2
1977,43.87454,10.25689,1
1977,43.87965,11.0963,2
1977,43.88789,8.03156,1
1977,43.93215,10.91851,2
1977,44.00789,10.09897,1
1977,44.07934,10.10124,2
1977,44.40706,8.93399,9
1977,44.47592,-73.21323,1
1977,44.49419,11.34652,15
1977,44.64712,10.92519,1
1977,44.7618,8.7861,1
1977,44.80787,10.32955,1
1977,44.94383,-93.09333,1
1977,45.07273,7.67954,41
1977,45.33652,-122.59278,1
1977,45.40954,11.87655,3
1977,45.42929,9.10987,1
1977,45.43434,12.33879,4
1977,45.43833,10.99176,1
1977,45.46921,9.17451,34
1977,45.49584,12.24411,2
1977,45.53984,10.22296,3
1977,45.5459,11.5403,1
1977,45.62552,9.03735,1
1977,45.6436,9.13762,1
1977,45.65078,9.60303,1
1977,45.6949,9.66995,4
1977,45.71357,8.90464,1
1977,45.77438,11.45302,1
1977,45.81203,9.08562,14
1977,45.8176,8.82638,1
1977,45.9022,8.90093,1
1977,45.96265,12.65504,2
1977,46.05464,14.50433,1
1977,46.06671,11.11906,3
1977,46.08924,-122.9365,1
1977,46.61507,14.57541,1
1977,46.6691,11.16398,1
1977,47.03922,-122.89143,1
1977,47.36865,8.53918,2
1977,47.38028,-122.23742,1
1977,47.41739,7.07529,1
1977,47.46862,-122.34036,1
1977,47.47524,-122.20499,1
1977,47.55742,7.59257,1
1977,47.58104,-122.07676,1
1977,47.6021,-122.1563,3
1977,47.61079,-122.33131,3
1977,47.67409,-122.12141,1
1977,47.73631,8.96944,1
1977,47.76406,8.8534,1
1977,48.11348,-1.67571,2
1977,48.13913,11.58019,3
1977,48.20817,16.37382,4
1977,48.29218,3.33742,1
1977,48.45437,-2.04733,1
1977,48.46044,-0.19731,1
1977,48.56225,2.601,1
1977,48.58315,7.74788,1
1977,48.64934,-2.02567,1
1977,48.77711,9.18077,1
1977,48.85664,2.34233,25
1977,48.91137,12.6891,1
1977,48.96023,2.54287,2
1977,49.00808,8.40376,3
1977,49.2143,6.1148,1
1977,49.25048,7.36119,1
1977,49.45052,11.08048,1
1977,49.9329,10.95326,1
1977,50.08428,8.23872,1
1977,50.11797,8.64419,4
1977,50.56408,7.97141,1
1977,50.58375,8.67774,1
1977,50.63137,3.06545,1
1977,50.77544,6.08151,1
1977,50.83643,4.36742,1
1977,50.94066,6.95991,2
1977,51.21392,6.78069,4
1977,51.50439,-0.14004,6
1977,51.51205,7.46357,1
1977,51.92422,4.48178,2
1977,52.09014,5.10966,1
1977,52.37207,9.73569,2
1977,52.50153,13.40185,5
1977,52.97787,6.47838,1
1977,53.07669,6.61764,1
1977,53.36168,-6.24548,3
1977,53.55381,9.99159,4
1977,54.07731,-6.60879,2
1977,54.08164,-6.44878,1
1977,54.09879,-6.41513,1
1977,54.18305,-6.34139,1
1977,54.18401,-7.36021,1
1977,54.23863,-7.17091,1
1977,54.25004,-6.70362,1
1977,54.25372,-7.44106,1
1977,54.33007,-6.82264,1
1977,54.35132,-6.83746,1
1977,54.37352,-6.35951,1
1977,54.41195,-6.74573,1
1977,54.41442,-6.97664,1
1977,54.42071,-6.44377,1
1977,54.44697,-6.39292,2
1977,54.45097,-6.79434,1
1977,54.46284,-7.02694,1
1977,54.46337,-6.3286,1
1977,54.48206,-8.08824,1
1977,54.50853,-6.76313,1
1977,54.53671,-6.70361,2
1977,54.60771,-5.95621,90
1977,54.6197,-6.50612,1
1977,54.68482,-5.96587,1
1977,54.69201,-6.6703,1
1977,54.69212,-5.86326,1
1977,54.70672,-7.59287,1
1977,54.71744,-7.23257,1
1977,54.75188,-6.46135,1
1977,54.7554,-6.60603,1
1977,54.7804,9.43571,1
1977,54.80821,-6.51897,1
1977,54.81142,-6.70512,1
1977,54.86312,-6.27834,1
1977,54.87412,-6.46974,1
1977,54.99906,-6.33256,1
1977,55.01156,-7.31204,4
1977,55.07114,-6.51315,1
1977,55.08078,-6.06405,1
1978,-45.86789,-67.49991,1
1978,-34.9213,-57.95433,1
1978,-34.68631,-58.52847,3
1978,-34.61768,-58.44444,17
1978,-33.9585,25.60068,1
1978,-33.87365,151.20689,2
1978,-33.51667,-70.76667,1
1978,-33.36624,-70.5053,6
1978,-31.3993,-64.18213,2
1978,-29.96582,30.88298,1
1978,-26.2527,27.87028,1
1978,-26.18411,28.03323,1
1978,-26.14115,28.4275,1
1978,-25.89197,32.60513,1
1978,-25.42435,-49.26488,1
1978,-24.97545,25.88732,1
1978,-24.7829,-65.41216,1
1978,-22.90828,-43.19703,1
1978,-22.6847,14.53658,1
1978,-22.56734,17.08327,3
1978,-22.51771,17.05973,1
1978,-22.3052,17.82742,1
1978,-22.19472,-69.785,1
1978,-20.12848,28.62477,1
1978,-19.92425,-43.93534,2
1978,-19.83331,34.84999,1
1978,-18.96608,32.63536,3
1978,-18.93406,28.8065,1
1978,-18.36734,32.67937,1
1978,-17.94709,29.45544,1
1978,-17.82839,31.05299,4
1978,-17.43615,14.3916,1
1978,-17.38279,-66.16644,1
1978,-16.7888,28.85397,1
1978,-16.66263,30.70136,1
1978,-16.50932,-68.10434,2
1978,-14.06347,-75.72938,1
1978,-13.15271,-74.21863,1
1978,-11.96737,-76.97846,2
1978,-6.20882,106.84605,1
1978,-2.533,140.717,1
1978,-2.17083,-79.92236,7
1978,-1.28518,36.82111,1
1978,-0.21119,-78.52263,4
1978,1.29873,-77.4066,1
1978,1.33437,-74.84139,1
1978,1.47888,-75.43724,2
1978,1.57036,-75.32731,1
1978,2.24359,-77.01038,1
1978,2.44186,-76.60617,3
1978,3.42063,-76.52212,1
1978,3.42934,-76.51604,6
1978,3.579,-76.49506,2
1978,3.58375,-76.49573,3
1978,3.80089,-76.64127,1
1978,3.89973,-76.29808,1
1978,3.92948,-75.01439,1
1978,4.43891,-75.23223,1
1978,4.66713,-74.10606,59
1978,4.74871,-75.91319,2
1978,4.81428,-75.69456,3
1978,4.83771,-75.66807,1
1978,5.026,-74.03001,1
1978,5.06787,-75.51748,2
1978,5.16555,-75.76648,1
1978,5.18821,-74.48038,1
1978,5.24859,-74.29013,1
1978,5.45394,-73.36205,1
1978,5.82696,-73.03441,1
1978,5.92851,121.02792,1
1978,5.97515,-74.58614,1
1978,5.98983,-73.77051,1
1978,6.04278,-74.99493,1
1978,6.05402,120.9997,1
1978,6.15367,-75.37416,2
1978,6.16181,-73.52201,1
1978,6.24203,-75.56477,5
1978,6.2675,-75.56861,1
1978,6.3,-74.48333,1
1978,6.31371,-73.95015,2
1978,6.31609,-76.13397,1
1978,6.48927,-74.40176,1
1978,6.53842,-75.08774,1
1978,6.6378,124.59914,1
1978,6.64371,-73.65362,5
1978,6.70041,121.97256,1
1978,6.70578,121.97211,1
1978,6.86283,124.44514,1
1978,6.92909,122.07885,6
1978,7.01398,100.47124,1
1978,7.08324,125.601,1
1978,7.11629,-73.12003,5
1978,7.24389,-76.43556,1
1978,7.33238,124.56728,1
1978,7.3717,122.2891,1
1978,7.44797,125.81001,1
1978,7.57413,126.56011,1
1978,7.6676,-76.6803,1
1978,7.68612,124.69219,10
1978,7.72602,-59.88435,1
1978,7.77349,99.623,1
1978,7.80025,-75.85,1
1978,7.8252,123.43738,1
1978,7.89014,-75.66967,1
1978,7.8942,-72.50388,1
1978,8.00467,124.2913,1
1978,8.91484,-74.46216,1
1978,9.13388,99.3267,1
1978,9.24073,-74.42444,1
1978,9.24605,-74.7595,1
1978,9.31585,-75.29277,2
1978,9.4293,-64.46712,1
1978,9.93333,-84.08333,1
1978,10.03322,-65.59929,1
1978,10.11667,-63.1,1
1978,10.19542,-73.97274,1
1978,10.24154,-74.96855,1
1978,10.47193,-68.05992,1
1978,10.47692,-73.25049,1
1978,10.48283,-66.96213,3
1978,10.77259,-73.00454,1
1978,10.98141,-74.77832,1
1978,11.00565,-85.04845,1
1978,11.01844,-84.39811,1
1978,11.03103,-84.71469,1
1978,11.15171,-85.66786,1
1978,11.18815,-85.68029,1
1978,11.24204,-74.20538,1
1978,11.35477,-72.52048,1
1978,11.43333,-85.83333,1
1978,11.47816,-84.77333,3
1978,11.55883,104.91744,1
1978,11.84962,-86.19903,3
1978,11.85086,-86.14327,1
1978,11.8582,-86.23972,1
1978,11.90651,-86.20314,1
1978,11.91126,-86.07429,1
1978,11.92988,-85.95602,2
1978,11.937,-86.19047,1
1978,11.96839,-86.09462,3
1978,11.99754,-86.09855,1
1978,12.00472,-86.11944,1
1978,12.06867,-85.09188,1
1978,12.10382,-86.26701,31
1978,12.31831,-86.01825,1
1978,12.43257,-86.8812,4
1978,12.56957,-87.02863,1
1978,12.62439,-87.12978,2
1978,12.63686,-86.06014,1
1978,12.91911,-85.91661,1
1978,12.93157,-85.22411,1
1978,12.96589,-86.23141,1
1978,13.0523,-86.58912,1
1978,13.08956,-86.35436,1
1978,13.34432,-88.43746,2
1978,13.35,-88.95,1
1978,13.48833,-89.32222,1
1978,13.49124,-88.17313,8
1978,13.5,-88.86667,3
1978,13.53684,-88.78058,1
1978,13.64121,-88.78542,3
1978,13.65889,-89.18356,1
1978,13.67822,102.52124,1
1978,13.69288,-89.19916,42
1978,13.71889,-89.72417,1
1978,13.73222,-89.37417,1
1978,13.78918,-86.57216,1
1978,13.78944,-86.01216,1
1978,13.80892,-89.22864,2
1978,13.8136,-89.33194,1
1978,13.85,-88.85,1
1978,13.89833,-89.19694,1
1978,13.92139,-89.845,1
1978,13.92637,-89.50259,1
1978,13.93113,-90.7144,1
1978,13.93373,-89.02584,1
1978,13.95722,-89.18972,1
1978,13.97361,-89.21861,1
1978,13.98148,-89.55572,6
1978,13.98667,-89.68111,1
1978,14.04111,-88.93857,1
1978,14.05017,-88.8377,1
1978,14.33141,-89.44239,1
1978,14.40389,-90.69861,1
1978,14.54611,-90.41139,1
1978,14.59605,120.97867,1
1978,14.62287,-90.52907,18
1978,14.79194,-91.92056,1
1978,15.31972,-91.47833,1
1978,15.32544,44.2119,2
1978,15.33351,38.93365,1
1978,15.66056,120.76857,1
1978,15.70161,-91.53565,1
1978,16.98583,121.96038,1
1978,17.41262,121.44418,1
1978,17.74222,102.05722,1
1978,18.01802,-66.72129,1
1978,18.10847,-95.88196,2
1978,18.14973,-65.82738,1
1978,18.21159,-65.73501,1
1978,18.22083,-66.59015,2
1978,18.3692,-66.16597,1
1978,18.38693,-66.06113,23
1978,18.4317,-66.48638,1
1978,18.45576,-69.30781,1
1978,18.46214,-66.27942,1
1978,19.2,-96.13333,1
1978,19.30833,-99.225,1
1978,19.37189,-99.08662,7
1978,19.47944,-99.23833,1
1978,19.51667,-99.25,1
1978,20.67334,-103.34418,10
1978,22.74436,-98.97189,1
1978,24.89112,67.14331,1
1978,25.77459,-80.2142,1
1978,26.15872,-10.55921,1
1978,26.33443,127.80558,1
1978,28.12482,-15.43001,4
1978,28.14106,-15.42513,1
1978,28.29156,-16.62913,2
1978,28.46649,-16.28374,1
1978,28.46981,-16.25486,6
1978,29.3477,47.94912,1
1978,30.346,48.28714,1
1978,30.60847,33.61758,1
1978,31.27528,34.16778,1
1978,31.28551,48.64342,4
1978,31.60557,34.77177,1
1978,31.7716,35.2034,17
1978,31.81556,35.39529,1
1978,31.92879,34.86666,1
1978,32.08297,34.81189,2
1978,32.22227,35.25351,3
1978,32.32507,34.85466,1
1978,32.65246,51.67462,1
1978,32.79392,34.99062,1
1978,32.98067,36.26992,1
1978,33.50425,35.37889,1
1978,33.67164,73.05607,1
1978,33.88852,35.50351,9
1978,33.95246,-83.98799,1
1978,34.08107,-118.39408,1
1978,34.09787,-118.40738,1
1978,34.14633,-118.24836,1
1978,34.17438,-86.84345,1
1978,34.288,35.97707,1
1978,34.6401,50.87595,2
1978,34.69374,135.50216,2
1978,34.78431,135.40095,3
1978,35.01164,135.76803,1
1978,35.04644,-85.30946,1
1978,35.16672,33.36757,1
1978,35.16672,33.36758,1
1978,35.19151,140.3488,1
1978,35.44371,139.63803,1
1978,35.60722,140.10627,2
1978,35.68912,139.74774,6
1978,35.72453,51.40519,15
1978,35.77216,140.32178,10
1978,35.80127,140.179,1
1978,35.90626,139.62863,1
1978,36.20112,36.1656,1
1978,36.32396,59.55696,2
1978,36.36586,140.47122,3
1978,36.39364,140.52439,1
1978,36.71965,-4.42002,1
1978,36.76376,3.05541,1
1978,36.92648,34.90577,1
1978,36.99682,35.31826,2
1978,37.06623,15.28429,1
1978,37.06626,14.25076,1
1978,37.06763,37.37315,1
1978,37.23582,39.76206,1
1978,37.3204,40.72755,1
1978,37.36176,-4.85001,2
1978,37.38264,-5.9963,1
1978,37.74224,-25.67495,1
1978,37.75536,-122.44335,3
1978,37.88473,-4.77915,1
1978,37.98345,-1.12989,2
1978,37.99749,23.76273,37
1978,38.03016,46.35607,1
1978,38.11564,13.36141,1
1978,38.19233,15.55552,1
1978,38.39565,27.13564,7
1978,38.7253,-9.15004,2
1978,38.87874,-77.10001,1
1978,38.88845,40.50114,1
1978,38.90864,-77.01538,1
1978,38.91054,16.58776,1
1978,38.98637,-77.09692,1
1978,39.21541,9.10932,6
1978,39.28621,16.32245,1
1978,39.2982,16.25389,1
1978,39.47024,-0.3768,3
1978,39.57348,-75.59412,1
1978,39.75897,-104.8763,1
1978,39.93077,32.76754,16
1978,39.96196,-83.00298,1
1978,40.12416,-3.84921,1
1978,40.321,9.33036,2
1978,40.35329,18.17402,1
1978,40.4656,-3.69626,30
1978,40.46924,17.24001,1
1978,40.61499,43.10138,2
1978,40.62066,22.952,2
1978,40.63724,15.80222,1
1978,40.68953,-74.17446,1
1978,40.69713,-73.93135,20
1978,40.73533,13.94815,1
1978,40.7955,-74.31741,1
1978,40.8401,14.25164,5
1978,40.89535,-73.80698,1
1978,41.01519,-73.87489,1
1978,41.03956,-73.87149,1
1978,41.0842,-81.51406,1
1978,41.10618,28.68986,16
1978,41.14997,-8.61024,1
1978,41.35561,2.07043,1
1978,41.38717,9.15927,2
1978,41.40064,2.15091,8
1978,41.44795,12.62905,1
1978,41.46229,15.54475,1
1978,41.47956,-81.67546,1
1978,41.4929,13.83057,1
1978,41.49732,13.74992,1
1978,41.56095,2.01044,1
1978,41.59066,-93.73621,1
1978,41.64014,13.3519,2
1978,41.73324,12.27894,1
1978,41.75,8.71667,1
1978,41.7636,-2.46492,2
1978,41.8426,-87.68123,4
1978,41.89096,12.49007,94
1978,41.90473,9.32679,1
1978,41.92747,9.3945,1
1978,41.93061,8.74291,1
1978,41.94045,-7.43913,1
1978,42.03486,8.89925,1
1978,42.0466,-88.037,3
1978,42.06388,-1.60572,1
1978,42.08514,-4.43451,1
1978,42.09383,9.50257,1
1978,42.30941,9.14902,1
1978,42.3507,13.39993,2
1978,42.37644,-71.23532,1
1978,42.43362,-8.64805,1
1978,42.46483,14.2141,1
1978,42.46751,9.47327,1
1978,42.5064,-71.0724,1
1978,42.55474,9.42405,1
1978,42.56765,8.75722,2
1978,42.63651,8.93705,1
1978,42.7,9.44732,10
1978,42.81537,-1.65362,13
1978,42.84964,-2.69236,4
1978,42.88045,-8.5463,1
1978,42.9495,13.87812,1
1978,43.03796,-2.15089,1
1978,43.0542,-2.17812,2
1978,43.06647,-2.48915,1
1978,43.09048,-2.31322,4
1978,43.10372,-2.03425,1
1978,43.1107,12.38917,1
1978,43.13039,-2.54216,1
1978,43.13698,-2.07391,5
1978,43.16907,-2.63266,2
1978,43.17693,-2.90911,1
1978,43.1782,-2.31164,1
1978,43.18418,-2.47329,4
1978,43.20379,-2.05008,1
1978,43.20752,-2.88784,1
1978,43.20876,-2.77412,1
1978,43.21519,-2.4157,2
1978,43.2205,-2.73324,1
1978,43.22218,-2.88567,2
1978,43.22408,-2.71894,1
1978,43.23056,-2.84583,2
1978,43.23944,-2.25811,1
1978,43.25843,-2.92182,23
1978,43.26755,-1.97581,2
1978,43.27138,-2.04993,2
1978,43.27663,-7.81349,1
1978,43.28036,-2.17159,2
1978,43.29162,-1.9779,25
1978,43.29648,5.36978,1
1978,43.29722,-2.99167,3
1978,43.30074,13.45627,2
1978,43.30964,-3.00694,1
1978,43.31131,-1.9009,1
1978,43.31707,-2.67898,2
1978,43.32066,-3.02025,2
1978,43.3207,-2.42048,1
1978,43.32113,-1.89878,1
1978,43.32335,-1.93043,1
1978,43.32412,-1.92986,1
1978,43.32524,-3.01148,3
1978,43.3282,-3.03151,2
1978,43.33823,-1.78927,2
1978,43.35441,-2.84671,1
1978,43.36253,-1.7915,2
1978,43.36551,-2.50334,1
1978,43.38805,-1.66306,1
1978,43.4814,-1.5147,1
1978,43.5076,-5.60445,2
1978,43.55285,7.01737,1
1978,43.60465,1.44421,1
1978,43.69604,7.26559,1
1978,43.76873,11.2569,9
1978,43.84301,10.50799,1
1978,43.87965,11.0963,1
1978,43.88789,8.03156,1
1978,44.07934,10.10124,1
1978,44.11066,8.24155,1
1978,44.40706,8.93399,6
1978,44.47592,-73.21323,1
1978,44.49419,11.34652,13
1978,44.64712,10.92519,3
1978,44.80787,10.32955,1
1978,45.07273,7.67954,24
1978,45.2171,12.27882,1
1978,45.36271,5.59135,1
1978,45.40954,11.87655,4
1978,45.43434,12.33879,4
1978,45.43833,10.99176,1
1978,45.44506,8.61863,1
1978,45.46921,9.17451,37
1978,45.49584,12.24411,2
1978,45.50469,11.40583,1
1978,45.53984,10.22296,3
1978,45.56939,11.93641,1
1978,45.59792,9.59881,1
1978,45.62552,9.03735,1
1978,45.65363,13.77841,4
1978,45.6949,9.66995,3
1978,45.70987,11.48063,1
1978,45.735,7.31323,1
1978,45.76404,4.83566,1
1978,45.77722,3.08702,1
1978,45.79275,9.02097,1
1978,45.79628,11.75831,1
1978,45.80965,13.53286,1
1978,45.8176,8.82638,1
1978,46.06491,13.23073,1
1978,46.06671,11.11906,2
1978,46.19839,6.1423,2
1978,46.49671,11.35801,2
1978,46.71586,11.6572,1
1978,47.99754,-4.0979,1
1978,48.11348,-1.67571,3
1978,48.13913,11.58019,1
1978,48.20817,16.37382,1
1978,48.8014,2.13011,1
1978,48.85664,2.34233,18
1978,49.36469,6.04601,1
1978,50.08428,8.23872,1
1978,50.11797,8.64419,3
1978,50.83643,4.36742,6
1978,50.86386,4.69594,1
1978,50.90496,-1.40323,1
1978,51.14841,6.35764,1
1978,51.19126,6.44207,1
1978,51.21906,4.40289,1
1978,51.45531,-2.5919,1
1978,51.50439,-0.14004,10
1978,52.37022,4.89517,1
1978,52.40584,-1.51266,1
1978,52.50153,13.40185,3
1978,52.66386,-8.62677,1
1978,52.92334,9.23117,1
1978,52.99275,6.56423,1
1978,53.36168,-6.24548,1
1978,53.41078,-2.97784,1
1978,53.48071,-2.23438,1
1978,54.07731,-6.60879,5
1978,54.08629,-6.57697,1
1978,54.08846,-6.37122,1
1978,54.18064,-6.41052,1
1978,54.18305,-6.34139,3
1978,54.25004,-6.70362,1
1978,54.2964,-7.87146,1
1978,54.34754,-6.65611,3
1978,54.41888,-8.08805,1
1978,54.42071,-6.44377,2
1978,54.46284,-7.02694,1
1978,54.50853,-6.76313,2
1978,54.51569,-6.05572,3
1978,54.59456,-6.93139,1
1978,54.6003,-7.2984,1
1978,54.60771,-5.95621,42
1978,54.62486,-7.10829,1
1978,54.68482,-5.96587,1
1978,54.70672,-7.59287,1
1978,54.78772,-6.49231,1
1978,54.79595,-7.68354,1
1978,54.84282,-6.66773,1
1978,54.86312,-6.27834,1
1978,55.01156,-7.31204,5
1978,55.12888,-6.32654,1
1978,55.75138,37.57991,1
1978,64.83778,-147.71639,1
1979,-36.9017,-73.02637,1
1979,-36.81601,-73.03766,1
1979,-35.30824,149.12422,1
1979,-34.61768,-58.44444,15
1979,-33.94185,18.41964,1
1979,-33.61667,-70.56667,1
1979,-33.36624,-70.5053,41
1979,-33.05012,-71.61225,1
1979,-32.78892,26.83266,1
1979,-32.78268,26.63175,1
1979,-31.3993,-64.18213,1
1979,-29.9533,-71.3436,1
1979,-29.31001,27.48008,2
1979,-26.5309,29.98449,1
1979,-26.36318,28.15222,1
1979,-26.2527,27.87028,6
1979,-26.18411,28.03323,2
1979,-25.53358,26.07768,1
1979,-25.47665,30.97889,1
1979,-24.95787,-53.45931,1
1979,-24.16662,34.66661,1
1979,-23.65019,-70.40002,1
1979,-22.90828,-43.19703,2
1979,-22.67248,-43.17941,1
1979,-22.56734,17.08327,4
1979,-21.57848,30.61378,1
1979,-20.4884,27.80183,1
1979,-20.29754,-40.29594,1
1979,-20.12848,28.62477,4
1979,-20.11989,31.77011,1
1979,-20.07506,30.83097,2
1979,-19.92425,-43.93534,1
1979,-19.83331,34.84999,1
1979,-19.81741,34.84857,1
1979,-19.78003,32.44583,1
1979,-19.67102,30.00713,1
1979,-19.63503,17.33591,1
1979,-19.53374,32.91699,1
1979,-19.24852,17.70146,2
1979,-18.96608,32.63536,3
1979,-18.68278,34.06663,1
1979,-18.62362,17.51684,7
1979,-18.53703,32.12542,1
1979,-17.96671,-67.11662,3
1979,-17.9318,25.84575,1
1979,-17.9051,15.97581,4
1979,-17.84313,28.06016,1
1979,-17.82839,31.05299,12
1979,-17.80914,31.35394,1
1979,-17.79,15.70629,1
1979,-17.78322,-63.18204,4
1979,-17.78287,16.06657,1
1979,-17.71547,15.01685,1
1979,-17.62042,12.65364,1
1979,-17.43615,14.3916,1
1979,-17.40876,15.9388,1
1979,-17.38279,-66.16644,1
1979,-16.7888,28.85397,1
1979,-16.50932,-68.10434,6
1979,-15.41539,28.28435,1
1979,-15.41485,28.28226,1
1979,-12.82594,-74.11152,1
1979,-11.96737,-76.97846,1
1979,-8.83884,13.23558,1
1979,-6.81355,39.23942,1
1979,-2.17083,-79.92236,2
1979,0.33375,32.56838,1
1979,0.34783,32.58252,1
1979,0.35085,32.58022,3
1979,0.41281,9.46086,1
1979,0.53453,33.30291,1
1979,0.776,33.62597,1
1979,0.86989,-73.84191,1
1979,1.10091,-75.40091,1
1979,1.41608,-75.87266,1
1979,1.80488,-75.89077,1
1979,2.24359,-77.01038,4
1979,2.44186,-76.60617,1
1979,2.44995,-76.80785,1
1979,2.53338,-77.08325,1
1979,2.7962,-76.48313,1
1979,2.92556,-75.29078,1
1979,3.03033,30.9073,1
1979,3.12389,-73.75139,1
1979,3.27385,-75.74608,1
1979,3.42934,-76.51604,6
1979,3.80089,-76.64127,1
1979,3.93667,-75.2208,2
1979,3.99759,-74.4995,1
1979,4.05696,-75.41024,1
1979,4.08581,-76.19719,2
1979,4.21238,-76.31923,1
1979,4.42751,-74.9757,1
1979,4.43891,-75.23223,1
1979,4.52869,-75.70385,3
1979,4.66713,-74.10606,29
1979,4.74871,-75.91319,3
1979,4.80038,-75.21661,1
1979,4.81355,100.82805,1
1979,4.81428,-75.69456,4
1979,5.026,-74.03001,1
1979,5.25001,-75.50003,1
1979,5.26906,120.07988,1
1979,5.4495,-74.66791,1
1979,5.45944,-74.33806,3
1979,5.54612,120.81843,1
1979,5.82696,-73.03441,1
1979,5.85936,-73.96559,5
1979,5.87584,-73.782,1
1979,5.97515,-74.58614,2
1979,6.05046,121.01224,2
1979,6.08965,121.10537,1
1979,6.18676,-74.58397,1
1979,6.24203,-75.56477,17
1979,6.26326,-74.299,1
1979,6.30992,120.5659,2
1979,6.31371,-73.95015,3
1979,6.33972,-73.61694,1
1979,6.34593,-75.50811,1
1979,6.35528,-74.84444,1
1979,6.48927,-74.40176,1
1979,6.49792,101.11644,1
1979,6.50545,122.03006,1
1979,6.5225,122.19194,1
1979,6.58168,122.17951,1
1979,6.64003,-75.64636,1
1979,6.70578,121.97211,3
1979,6.79699,124.70259,1
1979,6.82181,-58.15922,2
1979,6.82833,-75.51306,1
1979,6.88105,-73.41157,1
1979,6.92695,-68.52472,1
1979,6.92909,122.07885,2
1979,7.00063,-76.26572,1
1979,7.06005,-73.85312,1
1979,7.07417,-76.92139,1
1979,7.07786,-74.70355,1
1979,7.08324,125.601,1
1979,7.20959,124.24197,3
1979,7.4575,-76.84349,1
1979,7.59012,99.63315,1
1979,7.6676,-76.6803,1
1979,7.77349,99.623,1
1979,7.82075,124.32655,1
1979,7.8942,-72.50388,1
1979,7.9005,99.23422,1
1979,7.91572,-69.31476,1
1979,7.97015,99.94651,1
1979,7.98092,-75.41919,1
1979,7.99221,-76.63719,1
1979,8.00467,124.2913,2
1979,8.17361,-76.05917,2
1979,8.24004,124.24477,2
1979,8.4278,-82.43064,1
1979,8.51843,123.09752,1
1979,8.58497,123.34284,1
1979,8.76927,99.14562,1
1979,8.83335,-73.20003,1
1979,8.99427,-79.51879,3
1979,9.13294,-74.79608,1
1979,9.6664,80.02048,1
1979,9.81494,80.16608,2
1979,9.93333,-84.08333,1
1979,10.33382,-73.18128,1
1979,10.47692,-73.25049,1
1979,10.66667,-61.51667,1
1979,10.94998,-84.78337,1
1979,11.24204,-74.20538,2
1979,11.2453,-73.55895,1
1979,11.39873,-85.84626,1
1979,11.43333,-85.83333,1
1979,11.43857,-85.93697,2
1979,11.43889,-85.82685,1
1979,11.72747,-86.21585,11
1979,11.83333,-86.16667,1
1979,11.84571,-86.43581,1
1979,11.84962,-86.19903,2
1979,11.8851,-86.05557,1
1979,11.9,-86.1,1
1979,11.91126,-86.07429,1
1979,11.92988,-85.95602,6
1979,11.937,-86.19047,1
1979,11.96839,-86.09462,2
1979,11.97804,-86.37649,2
1979,12.02164,-86.20248,1
1979,12.07985,-86.0171,1
1979,12.10382,-86.26701,93
1979,12.13665,-86.25077,1
1979,12.15,-86.75,1
1979,12.16341,-84.21694,1
1979,12.3993,-86.87774,2
1979,12.43257,-86.8812,23
1979,12.47577,125.25549,1
1979,12.5092,-86.66111,1
1979,12.54399,-87.16727,1
1979,12.54481,-86.97992,1
1979,12.56957,-87.02863,1
1979,12.61667,-87.0,1
1979,12.62439,-87.12978,1
1979,12.66333,-85.78804,1
1979,12.71092,-87.02386,1
1979,12.80187,-86.3721,1
1979,12.91911,-85.91661,4
1979,12.92481,-85.97294,1
1979,13.08268,80.27072,1
1979,13.08956,-86.35436,2
1979,13.1221,-86.14993,1
1979,13.3027,-87.19442,2
1979,13.34432,-88.43746,1
1979,13.37984,-86.48075,1
1979,13.45,-88.81667,1
1979,13.47817,-89.12128,1
1979,13.49124,-88.17313,7
1979,13.49895,-89.06999,1
1979,13.5,-88.86667,3
1979,13.50236,-88.92342,4
1979,13.5064,-86.32761,1
1979,13.53684,-88.78058,2
1979,13.5464,-89.01938,1
1979,13.5639,-86.49257,1
1979,13.5798,39.06646,1
1979,13.61128,-84.86688,2
1979,13.61278,-89.18,1
1979,13.62,-88.84,1
1979,13.64121,-88.78542,5
1979,13.65889,-89.18356,2
1979,13.67694,-89.27972,8
1979,13.68516,-88.78764,2
1979,13.69288,-89.19916,177
1979,13.7,-88.98333,1
1979,13.7,-88.9,1
1979,13.70196,-89.14777,4
1979,13.71667,-88.93333,1
1979,13.71882,-88.8546,1
1979,13.71889,-89.72417,5
1979,13.72417,-89.17278,1
1979,13.73335,-89.21667,1
1979,13.73417,-89.71472,1
1979,13.73611,-89.18139,2
1979,13.73639,-89.47194,1
1979,13.73876,-89.05492,2
1979,13.74361,-89.49889,2
1979,13.76,-88.94977,1
1979,13.76667,-88.78333,1
1979,13.78579,100.56085,3
1979,13.78944,-86.01216,2
1979,13.79639,-89.11611,1
1979,13.79833,-89.17889,2
1979,13.8,-89.0,1
1979,13.80892,-89.22864,3
1979,13.8196,-87.83913,1
1979,13.835,-89.27444,1
1979,13.8537,-85.59315,1
1979,13.88889,-88.90163,1
1979,13.92637,-89.50259,2
1979,13.93373,-89.02584,1
1979,13.94583,-89.52528,1
1979,13.95722,-89.18972,1
1979,13.98148,-89.55572,25
1979,13.98667,-89.68111,1
1979,14.03333,-89.7,1
1979,14.04111,-88.93857,2
1979,14.06012,-89.13427,1
1979,14.0833,-87.2167,3
1979,14.09194,-88.74705,1
1979,14.11915,38.73078,1
1979,14.12575,-89.49548,1
1979,14.12858,-89.00479,1
1979,14.18333,-89.23333,1
1979,14.28333,-91.36667,1
1979,14.33333,-91.01667,1
1979,14.48159,100.61481,1
1979,14.53333,-91.5,1
1979,14.59605,120.97867,9
1979,14.62287,-90.52907,35
1979,14.70208,-91.2506,2
1979,14.75,-91.68333,1
1979,14.76055,-90.37248,1
1979,14.76954,-91.74468,1
1979,14.8,-89.55,2
1979,14.83333,-91.51667,1
1979,14.92539,-89.58853,1
1979,15.15657,98.39649,1
1979,15.31972,-91.47833,1
1979,15.34111,-91.17417,1
1979,15.34789,-90.87235,1
1979,15.36566,-90.47916,1
1979,15.39899,-90.22988,1
1979,15.40833,-91.14722,1
1979,15.48648,-91.25585,1
1979,15.49838,-90.98207,1
1979,15.50167,-88.02774,1
1979,15.51333,-91.29356,1
1979,15.59972,-91.44528,1
1979,15.63117,121.145,1
1979,15.80852,121.14609,1
1979,16.43533,77.83173,1
1979,16.93318,97.36545,1
1979,17.31978,-89.24673,1
1979,17.77028,102.18944,1
1979,17.98406,-66.11366,1
1979,18.01109,-66.61418,1
1979,18.02143,-76.79828,2
1979,18.20132,-67.14512,1
1979,18.23492,-65.63534,2
1979,18.23872,-66.03523,2
1979,18.38078,-65.95739,1
1979,18.38693,-66.06113,10
1979,18.4268,-66.18451,1
1979,18.45576,-69.30781,1
1979,18.45679,-69.95116,1
1979,18.79098,98.96078,1
1979,19.0413,-98.2062,1
1979,19.37189,-99.08662,9
1979,19.64476,99.37841,1
1979,20.29224,98.89545,1
1979,21.12705,92.97689,1
1979,21.26405,100.09315,1
1979,21.34777,99.03328,1
1979,21.40222,-157.73944,1
1979,21.42251,39.82621,1
1979,21.51403,99.56057,1
1979,21.64706,98.12529,5
1979,21.93019,97.82676,1
1979,22.80457,86.20288,2
1979,22.83333,97.46667,1
1979,23.16454,92.93757,1
1979,23.46954,93.33793,1
1979,23.72711,92.71764,3
1979,23.79128,90.4182,1
1979,24.66372,93.90627,3
1979,24.79835,93.94043,1
1979,25.09607,85.31312,1
1979,25.2094,55.30096,1
1979,25.77459,-80.2142,2
1979,25.85752,-80.27818,1
1979,26.2006,92.93757,2
1979,26.217,50.58741,1
1979,26.84671,80.94616,1
1979,27.19889,60.68435,1
1979,28.12482,-15.43001,2
1979,28.58584,77.15334,2
1979,29.59132,52.58361,1
1979,30.08463,31.33431,1
1979,30.27551,57.07933,1
1979,30.346,48.28714,3
1979,30.44269,48.18399,18
1979,30.50014,50.00084,2
1979,30.51005,47.7781,1
1979,31.0705,35.03053,2
1979,31.13941,-5.05922,1
1979,31.24848,34.78785,3
1979,31.25297,34.79146,1
1979,31.28551,48.64342,8
1979,31.35655,34.3269,1
1979,31.50241,34.45974,5
1979,31.53024,35.09416,5
1979,31.56371,34.94062,1
1979,31.57052,49.07356,1
1979,31.67015,34.57515,4
1979,31.76416,35.2577,2
1979,31.7716,35.2034,52
1979,31.78484,35.22461,3
1979,31.86147,35.20843,1
1979,31.8625,35.46188,1
1979,31.95147,34.88782,3
1979,32.08297,34.81189,31
1979,32.08916,34.88382,5
1979,32.17834,34.90798,3
1979,32.18827,34.90672,1
1979,32.22227,35.25351,2
1979,32.32274,34.85392,4
1979,32.32507,34.85466,1
1979,32.42248,35.52832,1
1979,32.43479,34.92157,2
1979,32.46062,35.30125,1
1979,32.60888,35.28997,2
1979,32.64699,14.26097,1
1979,32.65246,51.67462,2
1979,32.78828,35.52168,2
1979,32.79392,34.99062,2
1979,32.81199,35.25951,1
1979,32.86787,13.18907,2
1979,32.98634,35.75464,1
1979,33.00422,35.09257,2
1979,33.0148,35.2758,1
1979,33.09895,35.28859,1
1979,33.11711,35.14013,1
1979,33.19576,35.5444,1
1979,33.24366,35.28093,1
1979,33.26615,35.21406,1
1979,33.40203,-86.95399,1
1979,33.51524,36.29208,2
1979,33.54262,68.41533,1
1979,33.59401,73.06908,4
1979,33.63429,46.41542,1
1979,33.67164,73.05607,1
1979,33.72557,36.10446,1
1979,33.79336,-118.07812,1
1979,33.81026,35.76813,1
1979,33.85845,-118.0652,1
1979,33.88852,35.50351,28
1979,33.90094,-84.279,1
1979,34.006,71.53743,2
1979,34.09787,-118.40738,1
1979,34.12295,35.65193,1
1979,34.26739,47.11118,1
1979,34.34672,62.19732,1
1979,34.43788,35.8312,2
1979,34.5169,69.14701,1
1979,34.60739,-86.97977,1
1979,34.6401,50.87595,3
1979,34.69374,135.50216,1
1979,34.7177,36.72282,2
1979,35.12918,36.76074,2
1979,35.16672,33.36758,2
1979,35.16673,33.36758,3
1979,35.18145,136.9064,1
1979,35.29234,-2.93879,2
1979,35.47202,-97.52035,1
1979,35.5284,35.79232,5
1979,35.53091,139.70305,1
1979,35.68912,139.74774,10
1979,35.69694,-0.63306,1
1979,35.72453,51.40519,28
1979,35.88936,-5.3213,1
1979,35.99493,45.88551,1
1979,36.06899,-79.7947,1
1979,36.19582,-84.06834,1
1979,36.20172,37.14352,11
1979,36.20391,36.15992,1
1979,36.27529,50.00544,2
1979,36.32396,59.55696,1
1979,36.34181,140.44679,1
1979,36.50994,-4.88635,5
1979,36.52969,-6.29266,1
1979,36.539,-4.62435,2
1979,36.62179,-4.50027,2
1979,36.6736,48.4787,1
1979,36.68656,-6.13717,1
1979,36.71965,-4.42002,2
1979,36.7652,45.72242,2
1979,36.80188,34.63317,1
1979,36.80278,10.17972,1
1979,36.80506,34.63144,1
1979,36.88679,30.70622,1
1979,36.92595,34.90368,2
1979,36.97559,38.4264,2
1979,36.99826,35.31902,9
1979,37.06763,37.37315,2
1979,37.14908,40.89462,1
1979,37.17704,38.79415,2
1979,37.3129,40.73395,1
1979,37.38264,-5.9963,4
1979,37.50248,15.08784,1
1979,37.5872,36.93523,1
1979,37.61845,28.84226,1
1979,37.72421,30.28655,1
1979,37.74224,-25.67495,3
1979,37.75146,39.33126,1
1979,37.76454,38.27676,1
1979,37.87046,32.4864,2
1979,37.97416,44.30813,1
1979,37.99749,23.76273,6
1979,38.03016,46.35607,1
1979,38.11564,13.36141,2
1979,38.217,15.63701,1
1979,38.23636,16.25998,1
1979,38.33202,-8.00203,2
1979,38.39472,42.11707,1
1979,38.39565,27.13564,4
1979,38.53704,-0.12908,2
1979,38.57098,-7.9096,1
1979,38.621,27.42864,5
1979,38.7253,-9.15004,7
1979,38.72953,35.48252,4
1979,38.87874,-77.10001,1
1979,38.88734,-77.17897,1
1979,38.88845,40.50114,1
1979,38.90864,-77.01538,1
1979,39.10671,39.54525,1
1979,39.21541,9.10932,1
1979,39.47024,-0.3768,3
1979,39.64888,27.883,1
1979,39.93077,32.76754,27
1979,39.98607,-0.03602,1
1979,40.00817,-75.13549,1
1979,40.10313,27.65627,1
1979,40.18328,29.06714,1
1979,40.31431,-7.80072,1
1979,40.321,9.33036,1
1979,40.36029,0.40285,1
1979,40.4656,-3.69626,54
1979,40.61433,43.10122,1
1979,40.62066,22.952,3
1979,40.69713,-73.93135,11
1979,40.70991,-73.62279,1
1979,40.72716,8.55847,2
1979,40.74609,14.64282,1
1979,40.7487,-73.64249,1
1979,40.76639,-74.02543,1
1979,40.76914,-74.03117,2
1979,40.81362,-96.70774,1
1979,40.8401,14.25164,10
1979,40.89844,9.10454,1
1979,40.91646,-74.17108,1
1979,40.92251,9.48686,1
1979,40.94441,-74.07063,1
1979,40.95956,-73.80956,1
1979,40.98478,37.87495,1
1979,41.10618,28.68986,40
1979,41.11866,1.24533,2
1979,41.207,-8.28565,1
1979,41.22972,-6.34103,1
1979,41.29428,36.33264,1
1979,41.35561,2.07043,1
1979,41.35958,2.0997,1
1979,41.37751,2.08808,1
1979,41.38717,9.15927,3
1979,41.40064,2.15091,16
1979,41.4676,12.9037,1
1979,41.51806,1.90281,1
1979,41.54862,2.10742,1
1979,41.59137,9.27831,5
1979,41.59444,12.82635,1
1979,41.65294,-4.72838,1
1979,41.65628,-0.87653,1
1979,41.81566,3.00293,1
1979,41.8426,-87.68123,9
1979,41.84484,-87.74683,1
1979,41.85704,9.39965,3
1979,41.89096,12.49007,69
1979,41.91889,8.73755,51
1979,41.93061,8.74291,17
1979,41.96358,12.79827,1
1979,42.06388,-1.60572,1
1979,42.1401,-0.4089,1
1979,42.30941,9.14902,2
1979,42.35864,-71.0567,1
1979,42.55,8.75,1
1979,42.56765,8.75722,2
1979,42.59988,-5.57175,1
1979,42.7,9.44732,3
1979,42.71647,12.11157,1
1979,42.81537,-1.65362,10
1979,42.84964,-2.69236,8
1979,42.89522,-2.1688,1
1979,42.90774,-2.06476,1
1979,43.01178,-2.23421,1
1979,43.03289,-2.41135,1
1979,43.04708,-2.2046,4
1979,43.0542,-2.17812,7
1979,43.06439,-87.9662,2
1979,43.09048,-2.31322,2
1979,43.09944,-2.38175,1
1979,43.10298,5.87822,1
1979,43.1107,12.38917,1
1979,43.11822,-2.41336,2
1979,43.13698,-2.07391,5
1979,43.14333,-2.96298,1
1979,43.1636,-2.77934,1
1979,43.16907,-2.63266,1
1979,43.1782,-2.31164,2
1979,43.1839,-2.26547,1
1979,43.18418,-2.47329,2
1979,43.20752,-2.88784,1
1979,43.20876,-2.77412,1
1979,43.20937,-2.80496,1
1979,43.22048,-2.02112,2
1979,43.2205,-2.73324,1
1979,43.25843,-2.92182,37
1979,43.26745,-2.02017,1
1979,43.26755,-1.97581,2
1979,43.29162,-1.9779,36
1979,43.29648,5.36978,1
1979,43.29722,-2.99167,2
1979,43.29726,-2.25685,1
1979,43.31131,-1.9009,3
1979,43.31707,-2.67898,1
1979,43.32066,-3.02025,4
1979,43.32412,-1.92986,1
1979,43.32524,-3.01148,3
1979,43.3282,-3.03151,1
1979,43.33823,-1.78927,4
1979,43.34271,-1.75897,1
1979,43.34872,-3.01009,1
1979,43.35361,-2.90746,1
1979,43.35441,-2.84671,1
1979,43.3603,-5.84478,1
1979,43.36127,-6.1995,1
1979,43.3624,-1.70008,1
1979,43.38805,-1.66306,1
1979,43.4071,-3.88434,1
1979,43.41324,-2.90225,1
1979,43.41667,-2.93333,1
1979,43.41846,-3.84183,1
1979,43.46096,-3.80793,2
1979,43.4814,-1.5147,1
1979,43.48315,-1.55863,2
1979,43.49295,-1.47484,2
1979,43.5076,-5.60445,1
1979,43.55285,7.01737,1
1979,43.71614,10.39658,1
1979,43.76873,11.2569,1
1979,44.3888,7.54711,1
1979,44.40706,8.93399,7
1979,44.49419,11.34652,6
1979,44.80787,10.32955,1
1979,44.83784,11.6204,1
1979,45.07273,7.67954,41
1979,45.13344,10.02614,1
1979,45.16036,10.7977,1
1979,45.40954,11.87655,3
1979,45.42929,9.10987,1
1979,45.43434,12.33879,6
1979,45.46394,12.22458,1
1979,45.46921,9.17451,20
1979,45.53586,9.23889,1
1979,45.53984,10.22296,3
1979,45.56939,11.93641,1
1979,45.58401,9.27301,1
1979,45.6949,9.66995,7
1979,45.73813,9.21893,1
1979,45.76404,4.83566,1
1979,45.8176,8.82638,1
1979,46.172,9.36877,1
1979,46.19839,6.1423,2
1979,46.27354,12.30007,1
1979,46.49671,11.35801,2
1979,46.66207,14.63359,2
1979,46.6691,11.16398,1
1979,47.36611,7.96584,1
1979,47.36865,8.53918,1
1979,47.53802,7.72703,1
1979,47.58953,8.17571,1
1979,48.13913,11.58019,1
1979,48.20817,16.37382,3
1979,48.58315,7.74788,2
1979,48.76254,2.40888,1
1979,48.85664,2.34233,108
1979,50.03333,8.61667,1
1979,50.06373,19.9458,1
1979,50.11797,8.64419,10
1979,50.35711,3.51833,1
1979,50.47334,4.00965,1
1979,50.83643,4.36742,6
1979,50.94376,-2.62975,1
1979,51.12971,1.31114,1
1979,51.19126,6.44207,1
1979,51.21392,6.78069,1
1979,51.21906,4.40289,1
1979,51.33859,6.58605,1
1979,51.50439,-0.14004,16
1979,51.52307,0.59251,1
1979,51.58819,-0.55333,1
1979,51.93126,7.35239,1
1979,52.06986,4.29111,2
1979,52.16086,-7.15242,1
1979,52.25679,-7.1292,1
1979,52.37022,4.89517,1
1979,52.48296,-1.89359,7
1979,52.50153,13.40185,1
1979,53.26084,-2.12819,1
1979,53.36168,-6.24548,2
1979,54.06307,-6.00698,1
1979,54.07731,-6.60879,3
1979,54.08164,-6.44878,3
1979,54.10281,-6.25941,2
1979,54.11788,-6.73338,1
1979,54.18064,-6.41052,1
1979,54.18305,-6.34139,13
1979,54.18401,-7.36021,1
1979,54.19293,-6.57605,1
1979,54.19497,-6.39784,2
1979,54.22641,-7.64905,1
1979,54.23863,-7.17091,2
1979,54.25004,-6.70362,2
1979,54.25372,-7.44106,2
1979,54.29324,-6.84235,1
1979,54.29812,-6.52129,2
1979,54.30778,-2.10354,1
1979,54.31736,-6.89574,1
1979,54.32863,-5.70305,1
1979,54.34383,-7.63187,1
1979,54.34383,-7.60284,1
1979,54.34754,-6.65611,3
1979,54.37988,-7.31259,1
1979,54.40993,-7.17256,1
1979,54.41195,-6.74573,1
1979,54.41295,-6.70206,1
1979,54.41442,-6.97664,1
1979,54.41888,-8.08805,1
1979,54.42071,-6.44377,4
1979,54.44661,-6.69075,2
1979,54.46337,-6.3286,2
1979,54.46677,-8.45008,1
1979,54.50853,-6.76313,8
1979,54.51569,-6.05572,5
1979,54.53671,-6.70361,2
1979,54.57739,-6.67734,1
1979,54.6003,-7.2984,6
1979,54.60771,-5.95621,85
1979,54.64586,-6.74515,1
1979,54.64786,-6.61872,1
1979,54.70672,-7.59287,1
1979,54.71744,-7.23257,1
1979,54.78772,-6.49231,30
1979,54.81916,-7.46791,1
1979,54.84282,-6.66773,1
1979,54.86312,-6.27834,2
1979,54.98108,-6.68238,1
1979,55.01156,-7.31204,5
1979,55.20143,-6.25204,2
1979,55.67608,12.56832,3
1979,59.33279,18.06449,1
1979,59.91387,10.75224,1
1980,-37.99757,-57.54823,1
1980,-37.80041,-73.39919,1
1980,-36.81601,-73.03766,4
1980,-34.61768,-58.44444,4
1980,-33.9585,25.60068,1
1980,-33.92002,150.92413,1
1980,-33.87365,151.20689,3
1980,-33.5765,-70.70372,1
1980,-33.36624,-70.5053,27
1980,-33.05012,-71.61225,1
1980,-33.01069,-71.52779,4
1980,-31.3993,-64.18213,1
1980,-29.60144,30.3767,1
1980,-29.59575,30.42297,1
1980,-27.36653,-70.33232,1
1980,-26.81044,27.82708,4
1980,-26.51617,29.20328,1
1980,-26.32584,27.45288,1
1980,-26.2527,27.87028,2
1980,-26.19981,27.87631,1
1980,-26.18411,28.03323,3
1980,-25.84006,25.59322,1
1980,-25.74828,28.21207,3
1980,-25.71265,28.12723,1
1980,-25.46,-56.02,1
1980,-25.42435,-49.26488,1
1980,-25.28277,-57.63561,1
1980,-23.68182,-46.62109,1
1980,-23.55071,-46.63348,3
1980,-22.90828,-43.19703,11
1980,-22.67248,-43.17941,2
1980,-21.53399,-64.73432,1
1980,-21.43821,-65.71936,1
1980,-20.07506,30.83097,2
1980,-19.92425,-43.93534,1
1980,-19.56865,18.1073,1
1980,-19.46067,29.80451,1
1980,-18.53703,32.12542,1
1980,-18.01978,31.06791,1
1980,-17.98184,31.06668,1
1980,-17.86062,30.9819,1
1980,-17.83408,31.21119,1
1980,-17.82839,31.05299,9
1980,-17.82517,31.03351,8
1980,-17.80525,30.936,1
1980,-17.78322,-63.18204,10
1980,-17.73482,168.32203,1
1980,-17.40863,32.22568,1
1980,-17.38279,-66.16644,2
1980,-16.50932,-68.10434,21
1980,-16.4095,-71.53738,1
1980,-16.21323,-69.45927,1
1980,-15.84065,-70.02789,1
1980,-14.53333,-74.51667,1
1980,-13.75275,-74.06632,1
1980,-13.69504,-74.059,1
1980,-13.62938,-74.12813,1
1980,-13.53169,-71.96692,3
1980,-13.15271,-74.21863,5
1980,-12.93978,-74.24748,2
1980,-12.78715,-74.97321,2
1980,-12.51737,-76.73399,2
1980,-12.06831,-75.21016,5
1980,-12.05093,-77.12604,1
1980,-12.01535,-75.28029,1
1980,-11.96737,-76.97846,18
1980,-11.60592,-76.13242,1
1980,-11.52049,-75.89978,1
1980,-11.49553,-77.20719,1
1980,-11.4193,-75.68888,3
1980,-10.68882,-76.31882,1
1980,-10.68065,-76.25992,1
1980,-9.52992,-77.5288,4
1980,-8.08616,-79.10795,1
1980,-6.77406,-79.84356,1
1980,-3.74367,-73.25187,1
1980,-2.26046,-79.87877,1
1980,-1.28518,36.82111,1
1980,-0.21119,-78.52263,1
1980,1.61456,-75.6053,1
1980,2.24359,-77.01038,1
1980,2.44186,-76.60617,2
1980,2.53593,-75.52767,1
1980,2.55168,-76.06517,1
1980,2.7962,-76.48313,1
1980,3.13397,-67.77725,1
1980,3.15243,-75.05271,1
1980,3.24114,-74.35539,1
1980,3.37246,-73.87377,1
1980,3.42934,-76.51604,8
1980,3.5299,-76.29801,1
1980,3.54434,-73.70781,1
1980,3.58375,-76.49573,1
1980,3.80089,-76.64127,1
1980,4.06052,-74.69232,1
1980,4.08581,-76.19719,1
1980,4.17721,-74.53265,2
1980,4.21238,-76.31923,3
1980,4.66713,-74.10606,28
1980,4.72288,-76.11931,1
1980,4.81428,-75.69456,1
1980,4.86317,-74.90777,1
1980,4.89699,-75.8833,1
1980,5.26906,120.07988,2
1980,5.41255,-74.99229,1
1980,6.01272,-73.6719,1
1980,6.11622,125.1694,1
1980,6.15367,-75.37416,1
1980,6.19009,101.79796,1
1980,6.24203,-75.56477,35
1980,6.31371,-73.95015,2
1980,6.32624,-61.31339,1
1980,6.49249,-71.55696,1
1980,6.54731,-71.00223,1
1980,6.64478,100.40033,1
1980,6.82181,-58.15922,1
1980,6.88105,-73.41157,1
1980,6.92909,122.07885,3
1980,6.98848,-73.05084,1
1980,7.01398,100.47124,1
1980,7.08324,125.601,1
1980,7.08582,-70.75779,1
1980,7.11629,-73.12003,3
1980,7.20959,124.24197,2
1980,7.724,-77.14312,1
1980,7.8252,123.43738,2
1980,7.82846,123.43661,1
1980,8.09242,-76.72738,1
1980,8.15781,123.84676,3
1980,8.23105,99.85714,1
1980,8.24004,124.24477,2
1980,8.30859,-73.61354,1
1980,8.40292,-75.89987,4
1980,8.51881,-82.62155,3
1980,8.56833,99.24833,1
1980,8.61203,99.34511,1
1980,8.64546,99.31183,1
1980,8.75,-75.88335,2
1980,8.885,99.31,1
1980,8.94585,-75.44361,1
1980,8.99427,-79.51879,1
1980,9.3625,-73.60158,1
1980,9.50913,-13.71214,1
1980,9.51376,-74.22936,1
1980,9.64818,-13.55096,1
1980,9.81587,-70.93239,1
1980,9.93333,-84.08333,3
1980,10.15661,-67.99721,1
1980,10.41668,-73.58339,1
1980,10.45636,-64.16729,1
1980,10.48283,-66.96213,4
1980,10.5302,7.43734,1
1980,10.98141,-74.77832,9
1980,11.01079,-74.25162,1
1980,11.6959,-84.44615,1
1980,11.75606,-86.05792,1
1980,11.84571,-86.43581,1
1980,11.8582,-86.23972,1
1980,11.92988,-85.95602,1
1980,11.97804,-86.37649,1
1980,12.05195,-86.70448,1
1980,12.054,-61.7486,1
1980,12.10382,-86.26701,4
1980,12.21854,-61.63811,2
1980,12.33772,-86.67559,1
1980,12.49222,78.56778,1
1980,12.59608,-85.76289,1
1980,13.21548,-86.04916,1
1980,13.22447,-86.29393,1
1980,13.24111,-87.96,1
1980,13.28841,-86.6554,1
1980,13.29862,-87.18082,1
1980,13.3049,-86.18626,1
1980,13.31111,-88.02667,1
1980,13.31667,-88.58333,1
1980,13.31981,-86.14846,1
1980,13.33332,-85.37201,1
1980,13.33694,-87.84389,4
1980,13.34432,-88.43746,5
1980,13.35,-88.95,1
1980,13.35,-88.35,1
1980,13.3825,-88.18333,1
1980,13.42905,-86.8047,1
1980,13.43204,-88.59224,1
1980,13.43333,-89.11667,1
1980,13.43333,-88.75,1
1980,13.45,-88.88333,1
1980,13.45111,-89.21722,1
1980,13.45492,-88.49154,2
1980,13.4726,-86.45921,1
1980,13.48229,-88.71282,1
1980,13.48333,-88.46667,3
1980,13.48833,-89.32222,2
1980,13.49124,-88.17313,29
1980,13.49446,-88.53034,3
1980,13.49898,-88.2029,1
1980,13.5,-88.86667,7
1980,13.50594,-88.89768,2
1980,13.51222,-89.02611,1
1980,13.51667,-88.38333,3
1980,13.53684,-88.78058,2
1980,13.5443,-86.16517,1
1980,13.55,-88.8,1
1980,13.5531,-88.43214,2
1980,13.55889,-88.43,1
1980,13.56166,-88.49009,1
1980,13.56425,-86.02984,2
1980,13.56485,-86.0283,3
1980,13.58844,-89.23628,1
1980,13.59278,-89.8275,2
1980,13.59664,-87.76465,1
1980,13.60787,-89.09534,1
1980,13.60866,-89.76029,1
1980,13.6161,-89.08996,1
1980,13.61785,-88.88029,1
1980,13.64121,-88.78542,11
1980,13.64385,-88.87069,3
1980,13.64637,-89.87975,1
1980,13.64978,-88.8088,1
1980,13.6527,-86.61281,1
1980,13.65889,-89.18356,1
1980,13.6625,-89.65528,1
1980,13.66667,-88.78333,1
1980,13.66669,-89.40859,1
1980,13.67694,-89.27972,7
1980,13.68264,-88.92647,2
1980,13.6833,-89.2167,1
1980,13.69288,-89.19916,345
1980,13.69739,-88.00725,1
1980,13.69778,-89.48833,1
1980,13.7,-89.11667,3
1980,13.7,-88.1,3
1980,13.70028,-89.46778,1
1980,13.70196,-89.14777,8
1980,13.70262,-88.72777,2
1980,13.71667,-88.93333,2
1980,13.71694,-89.22913,1
1980,13.71787,-89.79825,1
1980,13.71889,-89.72417,10
1980,13.72322,-88.8191,1
1980,13.72342,101.65822,2
1980,13.72417,-89.17278,5
1980,13.73222,-89.37417,1
1980,13.73335,-89.21667,6
1980,13.73611,-89.18139,3
1980,13.73864,-88.97986,3
1980,13.73876,-89.05492,2
1980,13.74361,-89.49889,3
1980,13.74972,-89.22972,2
1980,13.74988,-89.19994,5
1980,13.75575,-88.73273,1
1980,13.76,-88.94977,1
1980,13.7633,-89.0478,2
1980,13.76667,-88.26667,1
1980,13.7682,-88.12914,2
1980,13.78111,-89.11861,3
1980,13.78131,-90.03571,1
1980,13.78579,100.56085,5
1980,13.78646,-89.04541,3
1980,13.79833,-89.17889,8
1980,13.8,-86.53333,1
1980,13.80569,-88.14579,1
1980,13.80892,-89.22864,1
1980,13.8136,-89.33194,2
1980,13.835,-89.27444,6
1980,13.83551,-89.43874,3
1980,13.83553,-88.98546,1
1980,13.8411,-88.83294,1
1980,13.84316,-86.51628,1
1980,13.85,-88.85,3
1980,13.85077,-88.90406,1
1980,13.8662,-89.05615,3
1980,13.87458,-88.62778,2
1980,13.87611,-89.35972,1
1980,13.87694,-89.17356,1
1980,13.88889,-88.90163,1
1980,13.89271,-88.04398,1
1980,13.92139,-89.845,4
1980,13.92556,-90.82444,2
1980,13.92637,-89.50259,1
1980,13.93,-91.14635,1
1980,13.93373,-89.02584,3
1980,13.95,-89.76667,1
1980,13.95,-89.15,1
1980,13.95,-88.63333,1
1980,13.95722,-89.18972,4
1980,13.96555,-88.89227,1
1980,13.96917,-89.63611,1
1980,13.97556,-89.34,1
1980,13.98148,-89.55572,46
1980,13.98333,-88.85,1
1980,13.98667,-89.68111,6
1980,14.00828,-88.72895,1
1980,14.02354,-88.88268,2
1980,14.03976,-88.72285,1
1980,14.04111,-88.93857,4
1980,14.06012,-89.13427,1
1980,14.07354,-88.78784,1
1980,14.0833,-87.2167,9
1980,14.09396,-88.88928,1
1980,14.09863,120.94035,1
1980,14.11667,-88.95,1
1980,14.1226,-89.22121,1
1980,14.15695,-89.01148,2
1980,14.16963,-89.10269,1
1980,14.18038,-88.89227,1
1980,14.19109,-90.98207,3
1980,14.19166,-89.1706,2
1980,14.19308,-89.92532,1
1980,14.20278,-90.84889,1
1980,14.2308,-90.9472,2
1980,14.27901,-87.65688,1
1980,14.28333,-91.36667,1
1980,14.29285,-89.89901,3
1980,14.29778,-90.78694,11
1980,14.31651,-89.17139,1
1980,14.32583,-89.50472,1
1980,14.33141,-89.44239,4
1980,14.33333,-91.01667,3
1980,14.35737,-89.84927,1
1980,14.38432,-90.87212,1
1980,14.38856,-90.29556,1
1980,14.4216,-91.40482,5
1980,14.44618,-84.57569,1
1980,14.4875,-90.61528,2
1980,14.53333,-91.68333,2
1980,14.53333,-91.5,1
1980,14.53848,-91.41574,1
1980,14.54583,-91.51439,1
1980,14.54943,121.03359,1
1980,14.54993,-90.78338,1
1980,14.55,-90.45,2
1980,14.56889,-90.49528,1
1980,14.59605,120.97867,26
1980,14.60778,-90.80306,1
1980,14.61667,-91.83333,1
1980,14.62287,-90.52907,141
1980,14.66667,-90.21667,1
1980,14.67428,121.0575,2
1980,14.68061,-90.70052,1
1980,14.7,-91.86667,6
1980,14.7077,-91.73183,1
1980,14.71635,-91.30596,1
1980,14.71667,-91.3,1
1980,14.74972,-90.28667,1
1980,14.7645,-17.36603,1
1980,14.7648,-90.59568,1
1980,14.77312,-91.18304,1
1980,14.78632,-90.19858,1
1980,14.79194,-91.92056,1
1980,14.8,-89.55,1
1980,14.83333,-91.51667,6
1980,14.86667,-91.93333,1
1980,14.86874,-91.62135,1
1980,14.91157,-92.05489,2
1980,14.91244,-91.35987,1
1980,14.91667,-91.61667,3
1980,14.93096,-91.90992,1
1980,14.96526,-91.79581,7
1980,14.97191,-89.52902,3
1980,15.03,-91.15,2
1980,15.05018,-88.30797,1
1980,15.10336,-90.31408,1
1980,15.153,120.59194,2
1980,15.28917,-91.08917,1
1980,15.31972,-91.47833,2
1980,15.32942,-90.48399,1
1980,15.34789,-90.87235,1
1980,15.40833,-91.14722,2
1980,15.43528,-91.03556,1
1980,15.47224,-88.84124,1
1980,15.4737,-90.37254,1
1980,15.47618,120.96069,1
1980,15.48666,-90.96644,1
1980,15.48722,-91.03472,3
1980,15.49838,-90.98207,7
1980,15.50167,-88.02774,1
1980,15.54353,121.08528,1
1980,15.59429,-90.1495,1
1980,15.7036,-91.59873,1
1980,15.72003,-88.59827,1
1980,15.80734,102.02886,1
1980,15.81056,102.02889,1
1980,15.81256,-90.28836,1
1980,15.98862,-90.4467,2
1980,16.14126,-89.46595,1
1980,16.2411,-61.5331,9
1980,16.41639,120.59306,1
1980,16.48278,99.52266,2
1980,16.51783,-89.41458,1
1980,16.52592,-90.18931,1
1980,16.64296,-89.65276,1
1980,16.91667,-89.9,1
1980,17.49771,-88.18665,1
1980,18.02143,-76.79828,6
1980,18.03496,-66.84984,1
1980,18.0514,-66.50669,1
1980,18.20132,-67.14512,1
1980,18.38693,-66.06113,9
1980,18.446,-66.38755,1
1980,18.46079,-66.26488,1
1980,18.46274,-66.14252,1
1980,19.37189,-99.08662,4
1980,19.39696,-70.52291,1
1980,22.28187,114.16133,1
1980,22.55173,88.35234,1
1980,22.74436,-98.97189,1
1980,23.79128,90.4182,1
1980,24.46972,54.36112,1
1980,24.66372,93.90627,1
1980,24.79835,93.94043,1
1980,25.41083,78.73917,1
1980,25.77459,-80.2142,2
1980,26.2006,92.93757,3
1980,28.29156,-16.62913,1
1980,28.58584,77.15334,1
1980,29.33614,47.65852,2
1980,29.3477,47.94912,1
1980,29.94271,51.81285,2
1980,30.08463,31.33431,2
1980,30.32785,50.21884,1
1980,30.346,48.28714,5
1980,30.44269,48.18399,10
1980,30.50014,50.00084,1
1980,30.59745,32.27157,1
1980,30.90306,48.50572,14
1980,30.93389,35.37821,1
1980,31.0705,35.03053,2
1980,31.19806,29.91917,2
1980,31.28551,48.64342,3
1980,31.50241,34.45974,15
1980,31.52888,35.11529,1
1980,31.53024,35.09416,7
1980,31.5375,35.09732,2
1980,31.53783,34.48953,1
1980,31.60557,34.77177,1
1980,31.67015,34.57515,1
1980,31.67022,34.5764,2
1980,31.70434,35.19436,2
1980,31.7716,35.2034,31
1980,31.83087,34.95515,1
1980,31.8377,34.98128,1
1980,31.88939,34.8099,2
1980,31.90714,35.19822,3
1980,31.91725,35.21859,2
1980,31.92879,34.86666,3
1980,31.95,35.93333,1
1980,31.99596,35.27111,4
1980,32.01752,35.06878,1
1980,32.06929,20.15114,1
1980,32.08297,34.81189,13
1980,32.08916,34.88382,4
1980,32.22227,35.25351,13
1980,32.38204,48.40524,2
1980,32.46062,35.30125,5
1980,32.65246,51.67462,2
1980,32.72951,-82.71907,1
1980,32.78828,35.52168,1
1980,32.79226,34.99923,1
1980,32.79392,34.99062,2
1980,32.86787,13.18907,1
1980,32.9,35.33333,1
1980,33.00422,35.09257,1
1980,33.04792,35.10186,1
1980,33.11725,35.42888,1
1980,33.12094,35.43141,1
1980,33.13288,35.33321,1
1980,33.24795,35.54927,1
1980,33.30357,44.37177,4
1980,33.30986,35.29086,1
1980,33.44826,-112.07577,1
1980,33.49265,49.05929,1
1980,33.74502,-84.39167,1
1980,33.7933,35.82242,1
1980,33.81749,35.84062,1
1980,33.83585,-118.34063,1
1980,33.84344,35.49888,1
1980,33.87474,35.52023,1
1980,33.88852,35.50351,69
1980,33.98199,35.70341,1
1980,33.99985,45.49406,1
1980,34.006,71.53743,1
1980,34.03492,36.22784,1
1980,34.08107,-118.39408,1
1980,34.09787,-118.40738,7
1980,34.11445,-118.05951,1
1980,34.42932,8.78605,1
1980,34.46109,45.86264,3
1980,34.51481,45.57974,1
1980,34.57292,36.18802,1
1980,34.6401,50.87595,1
1980,34.7177,36.72282,1
1980,34.79264,48.5177,1
1980,35.04644,-85.30946,1
1980,35.14132,46.44736,1
1980,35.16673,33.36758,1
1980,35.45211,44.37546,1
1980,35.5284,35.79232,4
1980,35.72453,51.40519,15
1980,36.20172,37.14352,25
1980,36.42555,-5.15073,1
1980,36.50994,-4.88635,1
1980,36.539,-4.62435,1
1980,36.58235,36.16544,1
1980,36.59523,-4.57337,1
1980,36.5957,-4.63762,1
1980,36.62179,-4.50027,1
1980,36.99076,35.32518,4
1980,37.17704,38.79415,1
1980,37.18206,-7.95028,1
1980,37.24753,55.16686,1
1980,37.32303,40.72389,1
1980,37.47258,49.4593,1
1980,37.76574,-3.78952,1
1980,37.87404,-122.28002,2
1980,37.88473,-4.77915,1
1980,37.99749,23.76273,15
1980,38.06719,42.02018,1
1980,38.11564,13.36141,2
1980,38.34521,-0.481,1
1980,38.39565,27.13564,7
1980,38.40746,40.40033,1
1980,38.45051,27.31535,1
1980,38.48348,-0.75049,1
1980,38.63935,34.7206,1
1980,38.67927,39.22476,1
1980,38.68408,29.41423,1
1980,38.7253,-9.15004,2
1980,38.73067,35.48196,3
1980,38.78898,0.16642,5
1980,38.87874,-77.10001,1
1980,38.90864,-77.01538,3
1980,38.93213,-9.25778,3
1980,38.98637,-77.09692,1
1980,39.17435,-84.47501,1
1980,39.32526,27.32568,1
1980,39.36088,16.04056,1
1980,39.47024,-0.3768,4
1980,39.754,-74.22282,1
1980,39.76691,-86.14996,2
1980,39.93077,32.76754,12
1980,40.30514,36.56838,3
1980,40.32726,-78.91835,1
1980,40.39396,32.67776,1
1980,40.4656,-3.69626,15
1980,40.5815,-105.07626,1
1980,40.616,-73.74661,1
1980,40.61667,43.1,2
1980,40.69713,-73.93135,11
1980,40.74733,14.61464,1
1980,40.7487,-73.64249,1
1980,40.7595,-111.88823,1
1980,40.76914,-74.03117,1
1980,40.8401,14.25164,2
1980,40.87522,35.46057,1
1980,40.98434,37.87715,1
1980,41.00198,39.71952,1
1980,41.03956,-73.87149,1
1980,41.07927,-85.13935,1
1980,41.0981,-80.65079,1
1980,41.10618,28.68986,41
1980,41.126,16.86838,1
1980,41.14997,-8.61024,2
1980,41.27927,0.72218,1
1980,41.29276,36.33121,1
1980,41.35958,2.0997,1
1980,41.40064,2.15091,7
1980,41.57355,2.23379,1
1980,41.65294,-4.72838,1
1980,41.65628,-0.87653,1
1980,41.76857,-72.52066,1
1980,41.8426,-87.68123,1
1980,41.89096,12.49007,61
1980,41.91923,8.73863,1
1980,41.93061,8.74291,16
1980,42.00092,9.0502,1
1980,42.10144,1.8438,1
1980,42.23136,-8.71245,1
1980,42.25104,-87.84173,1
1980,42.33168,-83.04792,1
1980,42.33196,-8.05452,1
1980,42.46578,-2.45,2
1980,42.61551,8.90748,1
1980,42.7,9.44732,1
1980,42.81537,-1.65362,11
1980,42.81614,-2.52441,1
1980,42.84964,-2.69236,6
1980,42.85244,-2.38946,1
1980,43.0,-2.16667,1
1980,43.03289,-2.41135,1
1980,43.05265,-3.00102,1
1980,43.06647,-2.48915,1
1980,43.07563,-2.22367,1
1980,43.09048,-2.31322,1
1980,43.11822,-2.41336,1
1980,43.13039,-2.54216,1
1980,43.13657,-2.48739,1
1980,43.13698,-2.07391,1
1980,43.16907,-2.63266,4
1980,43.1782,-2.31164,2
1980,43.18418,-2.47329,4
1980,43.18664,-2.50261,1
1980,43.20876,-2.77412,1
1980,43.20937,-2.80496,1
1980,43.21519,-2.4157,2
1980,43.2205,-2.73324,2
1980,43.2482,-1.99052,1
1980,43.25843,-2.92182,16
1980,43.26755,-1.97581,2
1980,43.2706,-2.49715,2
1980,43.27188,-2.07436,1
1980,43.28036,-2.17159,1
1980,43.29162,-1.9779,24
1980,43.29648,5.36978,4
1980,43.29722,-2.99167,4
1980,43.29726,-2.25685,1
1980,43.30964,-3.00694,2
1980,43.31131,-1.9009,5
1980,43.31707,-2.67898,1
1980,43.3207,-2.42048,1
1980,43.32412,-1.92986,5
1980,43.32422,-1.91447,1
1980,43.3282,-3.03151,3
1980,43.33823,-1.78927,2
1980,43.34872,-3.01009,1
1980,43.35361,-2.90746,3
1980,43.3594,-1.76615,1
1980,43.38754,-1.67543,1
1980,43.42042,-2.72216,1
1980,43.46096,-3.80793,3
1980,43.4814,-1.5147,1
1980,43.48315,-1.55863,2
1980,43.49295,-1.47484,1
1980,43.54526,-5.66193,1
1980,43.60465,1.44421,4
1980,43.69604,7.26559,3
1980,44.40706,8.93399,3
1980,44.49419,11.34652,1
1980,44.81861,20.46806,1
1980,45.07273,7.67954,6
1980,45.40954,11.87655,1
1980,45.43434,12.33879,5
1980,45.46921,9.17451,18
1980,45.49584,12.24411,1
1980,45.50867,-73.55399,3
1980,45.58401,9.27301,1
1980,45.76404,4.83566,2
1980,46.19839,6.1423,2
1980,46.49671,11.35801,2
1980,46.6691,11.16398,1
1980,46.68598,7.86732,1
1980,46.94792,7.44461,1
1980,47.36865,8.53918,3
1980,47.62369,8.21426,1
1980,48.13913,11.58019,1
1980,48.20817,16.37382,2
1980,48.58315,7.74788,1
1980,48.85664,2.34233,51
1980,48.91217,2.38446,1
1980,49.00808,8.40376,1
1980,49.59994,11.0063,1
1980,50.05469,5.52387,1
1980,50.28355,5.91415,1
1980,50.73267,7.0963,1
1980,50.83643,4.36742,4
1980,51.21906,4.40289,1
1980,51.24843,-0.75598,1
1980,51.31893,9.49601,1
1980,51.48131,-3.1805,1
1980,51.50439,-0.14004,14
1980,51.82484,-3.02093,1
1980,51.96471,7.6285,1
1980,52.02306,8.53307,2
1980,52.26873,-6.62534,1
1980,52.27991,8.04718,1
1980,52.37022,4.89517,1
1980,52.50153,13.40185,7
1980,53.07498,8.80708,2
1980,53.17451,-7.69668,1
1980,53.36168,-6.24548,3
1980,53.55381,9.99159,1
1980,54.07731,-6.60879,2
1980,54.08164,-6.44878,3
1980,54.10281,-6.25941,1
1980,54.18064,-6.41052,1
1980,54.18305,-6.34139,2
1980,54.18401,-7.36021,3
1980,54.19497,-6.39784,1
1980,54.19527,-7.28894,1
1980,54.23863,-7.17091,1
1980,54.25004,-6.70362,1
1980,54.25372,-7.44106,3
1980,54.2557,-5.9488,1
1980,54.29324,-6.84235,2
1980,54.29812,-6.52129,1
1980,54.33007,-6.82264,1
1980,54.34542,-7.63636,1
1980,54.34754,-6.65611,11
1980,54.35104,-6.26702,1
1980,54.41442,-6.97664,2
1980,54.41669,-7.82027,1
1980,54.42071,-6.44377,1
1980,54.49872,-7.3148,1
1980,54.50853,-6.76313,2
1980,54.51569,-6.05572,1
1980,54.54909,-7.83207,1
1980,54.60771,-5.95621,53
1980,54.64586,-6.74515,1
1980,54.71338,-6.21676,1
1980,54.78772,-6.49231,1
1980,54.81916,-7.46791,2
1980,54.99211,-5.99031,1
1980,55.01156,-7.31204,11
1980,56.16294,10.20392,1
1981,-43.53205,172.63622,2
1981,-39.83714,-72.08531,1
1981,-39.8,-71.95,2
1981,-34.68631,-58.52847,1
1981,-34.61768,-58.44444,1
1981,-33.9585,25.60068,1
1981,-33.87365,151.20689,1
1981,-33.51667,-70.76667,1
1981,-33.46912,-70.642,2
1981,-33.36624,-70.5053,22
1981,-33.01069,-71.52779,3
1981,-32.98577,27.86609,3
1981,-29.86182,31.00829,12
1981,-29.81536,30.84984,1
1981,-29.31001,27.48008,4
1981,-26.59803,30.08463,1
1981,-26.51617,29.20328,1
1981,-26.47014,29.11028,1
1981,-26.26734,28.1215,1
1981,-26.2527,27.87028,4
1981,-26.18411,28.03323,4
1981,-25.94982,29.80075,1
1981,-25.86809,29.24645,1
1981,-25.7901,28.14374,1
1981,-25.74828,28.21207,5
1981,-25.49993,28.08211,1
1981,-25.31931,-49.30421,1
1981,-24.35343,30.94914,2
1981,-22.93115,30.46729,1
1981,-22.90828,-43.19703,8
1981,-22.8859,-43.11522,1
1981,-22.0289,-56.60237,1
1981,-20.2168,-70.14136,1
1981,-20.15,28.5833,1
1981,-20.121,28.62729,1
1981,-20.06373,30.82766,2
1981,-19.81816,34.8355,1
1981,-19.20391,34.86242,1
1981,-18.80222,-67.89083,1
1981,-18.71469,32.16467,1
1981,-18.00664,-70.24624,1
1981,-17.82517,31.03351,4
1981,-17.78322,-63.18204,1
1981,-16.50932,-68.10434,3
1981,-16.44781,-71.55489,1
1981,-16.41548,-71.47113,1
1981,-16.4095,-71.53738,2
1981,-16.33692,-72.18707,1
1981,-16.21323,-69.45927,1
1981,-15.84065,-70.02789,2
1981,-14.27237,-71.22677,3
1981,-13.96117,-71.74496,1
1981,-13.71009,-76.20312,1
1981,-13.63033,-72.88443,1
1981,-13.56798,-74.52295,1
1981,-13.53169,-71.96692,8
1981,-13.24206,-74.35445,1
1981,-13.15271,-74.21863,19
1981,-13.05417,-74.13917,1
1981,-13.01262,-73.9809,1
1981,-12.93978,-74.24748,1
1981,-12.78715,-74.97321,2
1981,-12.06831,-75.21016,4
1981,-12.04174,-77.09611,1
1981,-12.03956,-77.09542,1
1981,-12.02748,-75.21308,1
1981,-12.00338,-76.91842,2
1981,-11.96737,-76.97846,50
1981,-11.82222,-75.39295,1
1981,-11.66687,-76.08781,1
1981,-11.5192,-75.89914,1
1981,-11.49553,-77.20719,4
1981,-11.46936,-76.62321,1
1981,-11.4193,-75.68888,1
1981,-11.12272,-77.61057,2
1981,-10.68065,-76.25992,1
1981,-9.52992,-77.5288,4
1981,-9.0634,-78.58361,1
1981,-8.83884,13.23558,1
1981,-8.11182,-79.02866,6
1981,-7.16222,-78.51209,1
1981,-6.77651,-79.84412,1
1981,-6.77406,-79.84356,2
1981,-6.37737,-78.81836,3
1981,-6.20882,106.84605,1
1981,-5.70763,-78.80984,1
1981,-4.61686,55.44939,2
1981,-3.78177,-70.36493,1
1981,-3.74367,-73.25187,5
1981,-2.17083,-79.92236,1
1981,-0.33916,31.74002,1
1981,0.28333,-77.1,1
1981,0.29439,32.5023,1
1981,0.35085,32.58022,18
1981,0.35486,32.75201,1
1981,0.42233,32.54152,2
1981,0.42529,-76.90507,1
1981,0.43595,-75.52767,1
1981,0.66643,-76.87192,2
1981,0.685,-76.60444,1
1981,0.82376,-77.63491,1
1981,0.86989,-73.84191,9
1981,1.03405,-75.91928,3
1981,1.14661,-76.64812,1
1981,1.19601,-75.707,1
1981,1.41608,-75.87266,1
1981,1.47888,-75.43724,1
1981,1.57036,-75.32731,2
1981,1.61456,-75.6053,5
1981,2.05982,45.32612,2
1981,2.3889,-75.89255,1
1981,2.5,-76.88333,1
1981,2.53593,-75.52767,1
1981,2.93685,-75.58664,1
1981,3.00879,-76.4859,1
1981,3.42934,-76.51604,3
1981,3.58375,-76.49573,1
1981,3.6001,-74.66666,1
1981,3.62122,-75.09282,1
1981,4.06052,-74.69232,1
1981,4.09252,-75.15454,1
1981,4.15127,-73.63872,1
1981,4.23811,-74.89092,1
1981,4.37474,18.55129,1
1981,4.46102,-75.66736,1
1981,4.52869,-75.70385,1
1981,4.61074,-76.07794,1
1981,4.66713,-74.10606,34
1981,4.81428,-75.69456,1
1981,5.00488,-76.00311,1
1981,5.02026,-75.62289,1
1981,5.15203,-75.03656,3
1981,5.23022,-75.78796,1
1981,5.2528,-76.82596,1
1981,5.26541,-76.55651,2
1981,5.41199,-76.41423,1
1981,5.41255,-74.99229,1
1981,5.53168,-74.10442,1
1981,5.97515,-74.58614,2
1981,5.97524,-74.58589,1
1981,6.05402,120.9997,1
1981,6.05694,-69.75639,1
1981,6.16667,-75.56667,1
1981,6.17833,-73.58944,1
1981,6.24203,-75.56477,12
1981,6.2428,101.29773,1
1981,6.2675,-75.56861,2
1981,6.27053,-75.57217,1
1981,6.27935,-71.10101,1
1981,6.31371,-73.95015,2
1981,6.34053,-75.56223,1
1981,6.38458,101.50208,1
1981,6.41082,-74.75641,1
1981,6.41871,121.97244,1
1981,6.42783,-72.86801,1
1981,6.45917,-72.50083,1
1981,6.46052,-71.72989,3
1981,6.4726,-75.54251,1
1981,6.47833,101.42417,1
1981,6.48927,-74.40176,1
1981,6.63348,124.60052,1
1981,6.65106,-74.05815,1
1981,6.6752,-74.84211,1
1981,6.82181,-58.15922,1
1981,6.92909,122.07885,4
1981,6.94184,79.86169,1
1981,6.95284,-71.87514,1
1981,7.06005,-73.85312,3
1981,7.07253,-75.44586,1
1981,7.07786,-74.70355,1
1981,7.08324,125.601,2
1981,7.11629,-73.12003,2
1981,7.20959,124.24197,2
1981,7.2869,99.85714,1
1981,7.35875,125.87117,1
1981,7.57649,-75.35033,2
1981,7.63859,-73.32733,1
1981,7.69401,125.98914,1
1981,7.88738,124.38889,1
1981,7.8942,-72.50388,1
1981,7.91361,-68.69722,1
1981,7.98092,-75.41919,1
1981,8.05703,123.79136,1
1981,8.0948,99.93207,1
1981,8.3023,-62.71499,1
1981,8.39111,99.82194,1
1981,8.40292,-75.89987,1
1981,8.42414,-76.7868,1
1981,8.4304,99.96312,1
1981,8.43329,-75.7667,1
1981,8.61203,99.34511,1
1981,8.7458,-72.51432,1
1981,8.99427,-79.51879,3
1981,9.00111,99.03944,1
1981,9.32211,-74.57168,1
1981,9.56902,-78.82482,1
1981,9.6664,80.02048,1
1981,9.91221,-84.13824,1
1981,9.93333,-84.08333,9
1981,9.96806,-63.48831,1
1981,10.3879,-73.1698,1
1981,10.47692,-73.25049,1
1981,10.48283,-66.96213,3
1981,10.66667,-61.51667,1
1981,10.98141,-74.77832,4
1981,11.1236,-84.77795,1
1981,11.21821,-85.61359,1
1981,11.24204,-74.20538,1
1981,11.41194,125.54583,1
1981,11.43333,-85.83333,1
1981,11.47816,-84.77333,2
1981,11.54409,-72.90688,1
1981,11.72747,-86.21585,1
1981,11.97804,-86.37649,1
1981,12.0107,-83.76604,1
1981,12.10382,-86.26701,1
1981,12.23385,-86.41923,1
1981,12.30929,-86.56483,1
1981,12.4,-85.56667,1
1981,12.82227,-86.00214,1
1981,12.88886,-84.32539,1
1981,12.93157,-85.22411,1
1981,13.02751,-84.56383,1
1981,13.09168,-86.00031,1
1981,13.1355,-86.7855,1
1981,13.19348,-84.07246,2
1981,13.19925,-88.05447,3
1981,13.20005,-86.77271,1
1981,13.20955,-88.0958,1
1981,13.25389,-88.24778,1
1981,13.27417,-88.05611,1
1981,13.27474,-88.54904,2
1981,13.27624,-86.87844,1
1981,13.27889,-88.24444,1
1981,13.28841,-86.6554,1
1981,13.3,-87.86667,1
1981,13.31667,-88.58333,4
1981,13.32417,-87.97611,1
1981,13.33333,-88.58333,1
1981,13.33694,-87.84389,5
1981,13.34432,-88.43746,12
1981,13.34583,-87.94389,1
1981,13.35,-88.35,2
1981,13.36448,-85.29338,2
1981,13.39244,-88.67925,1
1981,13.421,-88.669,1
1981,13.43204,-88.59224,5
1981,13.43333,-88.7,3
1981,13.43674,-86.70308,1
1981,13.43722,-88.22861,1
1981,13.44706,-88.55653,2
1981,13.45111,-89.21722,1
1981,13.46617,-87.88382,1
1981,13.48229,-88.71282,2
1981,13.48304,-88.68376,1
1981,13.48333,-88.46667,1
1981,13.48718,-88.76503,1
1981,13.48864,-87.89424,3
1981,13.49124,-88.17313,25
1981,13.49446,-88.53034,1
1981,13.5,-88.86667,5
1981,13.51667,-89.1667,1
1981,13.52431,-85.82474,1
1981,13.53684,-88.78058,5
1981,13.53684,-88.77999,1
1981,13.56667,-88.88333,1
1981,13.56667,-87.81667,1
1981,13.58249,-87.94546,1
1981,13.5862,-88.75077,2
1981,13.58844,-89.23628,1
1981,13.6,-87.76667,1
1981,13.61177,-88.02647,2
1981,13.61667,-88.61667,4
1981,13.61667,-88.56667,1
1981,13.61667,-85.98333,1
1981,13.62472,-87.89361,2
1981,13.64121,-88.78542,21
1981,13.64385,-88.87069,3
1981,13.6445,-88.83418,1
1981,13.64978,-88.8088,1
1981,13.65,-88.88333,1
1981,13.65889,-89.18356,1
1981,13.66667,-89.26667,4
1981,13.68264,-88.92647,1
1981,13.68516,-88.78764,4
1981,13.69288,-89.19916,200
1981,13.69739,-88.00725,1
1981,13.7,-89.11667,1
1981,13.7,-88.1,5
1981,13.70196,-89.14777,10
1981,13.70262,-88.72777,2
1981,13.70374,-88.80457,5
1981,13.70813,-89.21522,1
1981,13.71667,-89.23333,2
1981,13.71667,-88.93333,3
1981,13.71694,-89.22913,1
1981,13.71882,-88.8546,2
1981,13.71889,-89.72417,1
1981,13.71955,-88.36063,1
1981,13.72139,-89.16188,1
1981,13.72322,-88.8191,2
1981,13.72417,-89.17278,4
1981,13.73321,-84.77725,2
1981,13.73335,-89.21667,2
1981,13.73611,-89.18139,4
1981,13.73864,-88.97986,2
1981,13.73876,-89.05492,1
1981,13.74361,-89.49889,1
1981,13.74472,-89.67356,1
1981,13.74556,-87.87361,1
1981,13.74988,-89.19994,3
1981,13.75,-89.16667,1
1981,13.75904,-86.01722,1
1981,13.76667,-88.71667,1
1981,13.76667,-88.26667,2
1981,13.7682,-88.12914,2
1981,13.76838,-88.14904,4
1981,13.77214,-88.07664,2
1981,13.77726,-86.24909,1
1981,13.77775,-88.5675,3
1981,13.78579,100.56085,7
1981,13.79833,-89.17889,8
1981,13.8,-89.2,1
1981,13.8,-88.58333,1
1981,13.80453,-89.03645,1
1981,13.80569,-88.14579,2
1981,13.80812,-88.71828,1
1981,13.80892,-89.22864,5
1981,13.81833,-87.97139,1
1981,13.82422,-88.48519,4
1981,13.83333,-89.1,1
1981,13.835,-89.27444,1
1981,13.83553,-88.98546,1
1981,13.84222,-89.09694,2
1981,13.8428,-89.44722,3
1981,13.84342,-89.03084,1
1981,13.85,-88.85,2
1981,13.85077,-88.90406,4
1981,13.85133,-88.15621,1
1981,13.86535,-88.21334,1
1981,13.8662,-89.05615,1
1981,13.86667,-88.11667,2
1981,13.87139,-89.375,1
1981,13.87145,-89.03744,2
1981,13.87458,-88.62778,3
1981,13.87611,-89.35972,1
1981,13.87694,-89.17356,2
1981,13.88333,-88.96667,9
1981,13.88681,-88.85863,1
1981,13.88889,-88.90163,2
1981,13.89271,-88.04398,2
1981,13.89833,-89.19694,2
1981,13.9,-88.11667,1
1981,13.90668,-88.15702,3
1981,13.91667,-88.23333,6
1981,13.91667,-88.13333,2
1981,13.92139,-89.845,2
1981,13.92224,-86.12539,2
1981,13.93333,-90.13333,1
1981,13.93373,-89.02584,17
1981,13.93852,-88.90137,2
1981,13.94735,-89.12018,1
1981,13.94983,-88.14635,8
1981,13.95,-88.63333,3
1981,13.95722,-89.18972,1
1981,13.96555,-88.89227,2
1981,13.97361,-89.21861,2
1981,13.97407,-88.8515,2
1981,13.98,-89.23111,1
1981,13.98148,-89.55572,31
1981,13.98667,-89.68111,2
1981,13.99,-88.758,6
1981,13.99639,-89.25528,1
1981,14.0,-88.9,1
1981,14.00442,-88.89551,1
1981,14.00799,-88.8444,1
1981,14.01512,-88.79087,1
1981,14.02354,-88.88268,1
1981,14.04111,-88.93857,5
1981,14.05017,-88.8377,1
1981,14.05424,-88.08677,1
1981,14.06029,-88.69523,1
1981,14.0833,-87.2167,15
1981,14.09194,-88.74705,6
1981,14.09396,-88.88928,10
1981,14.10707,-89.07286,1
1981,14.12135,-89.13281,1
1981,14.12458,-89.29317,3
1981,14.14732,-89.51969,1
1981,14.16667,-91.46667,1
1981,14.16963,-89.10269,3
1981,14.17929,-89.04989,1
1981,14.19109,-90.98207,3
1981,14.19166,-89.1706,3
1981,14.20278,-90.84889,3
1981,14.2308,-90.9472,1
1981,14.25,-89.4,1
1981,14.29285,-89.89901,1
1981,14.29778,-90.78694,4
1981,14.30619,-90.36307,1
1981,14.31667,-91.9,1
1981,14.32583,-89.50472,1
1981,14.33141,-89.44239,6
1981,14.33333,-91.01667,1
1981,14.3389,-89.17827,1
1981,14.40475,-90.54706,1
1981,14.41853,-91.16084,2
1981,14.4216,-91.40482,2
1981,14.47374,-89.74226,2
1981,14.47997,-91.48274,1
1981,14.4875,-90.61528,2
1981,14.52639,-90.75972,3
1981,14.52694,-90.5875,3
1981,14.53333,-91.56667,1
1981,14.53333,-91.5,1
1981,14.53333,-91.31667,2
1981,14.55005,-90.50895,1
1981,14.56111,-90.73444,1
1981,14.56348,-90.98207,10
1981,14.56667,-89.56667,1
1981,14.57912,-91.58506,1
1981,14.59464,-91.43743,1
1981,14.60778,-90.80306,1
1981,14.60986,-61.06873,1
1981,14.61106,-90.71528,1
1981,14.61667,-91.83333,1
1981,14.62287,-90.52907,164
1981,14.63073,-90.60764,2
1981,14.6334,-90.64879,1
1981,14.63838,-91.23016,2
1981,14.66466,-90.82171,1
1981,14.66851,-90.35762,1
1981,14.7,-91.86667,1
1981,14.70208,-91.2506,4
1981,14.7077,-91.73183,1
1981,14.71297,-84.18863,1
1981,14.71889,-90.64417,2
1981,14.73657,-90.89002,2
1981,14.74025,-91.49676,1
1981,14.74061,-91.15942,3
1981,14.74111,-90.8875,1
1981,14.74564,-90.52646,1
1981,14.76055,-90.37248,1
1981,14.76143,-90.99188,2
1981,14.76661,-91.1785,1
1981,14.76667,-92.1,1
1981,14.77052,-91.26624,2
1981,14.77312,-91.18304,4
1981,14.77588,-90.45385,1
1981,14.7814,-90.79251,2
1981,14.78333,-91.75,1
1981,14.79191,-91.71342,7
1981,14.79194,-91.92056,1
1981,14.8,-91.58333,1
1981,14.8,-89.55,1
1981,14.81667,-91.6,1
1981,14.81857,-90.91013,2
1981,14.82138,-89.3872,2
1981,14.83094,-90.8758,1
1981,14.83333,-91.51667,5
1981,14.85,-91.93333,1
1981,14.85,-91.05,3
1981,14.85833,-91.59306,2
1981,14.86667,-91.93333,1
1981,14.9,-90.8,1
1981,14.91244,-91.35987,1
1981,14.91389,-90.7778,1
1981,14.91667,-91.61667,1
1981,14.93096,-91.90992,2
1981,14.93333,-91.11667,2
1981,14.96389,-91.20806,1
1981,14.96526,-91.79581,1
1981,14.96833,-91.7795,1
1981,14.97191,-89.52902,1
1981,14.99288,-91.12274,1
1981,14.995,-90.8075,4
1981,15.0,-91.1,1
1981,15.02917,-91.32944,2
1981,15.03,-91.15,4
1981,15.04635,-89.58458,1
1981,15.06804,-90.8661,1
1981,15.07875,-90.41252,1
1981,15.08315,-90.8333,1
1981,15.0845,-90.48893,2
1981,15.09339,-90.39603,1
1981,15.09528,-91.15083,4
1981,15.1,-89.8,1
1981,15.11667,-90.51667,1
1981,15.15941,-90.54282,1
1981,15.16598,-91.93314,1
1981,15.19278,-91.0775,2
1981,15.27181,-89.05497,1
1981,15.28917,-91.08917,4
1981,15.30419,-61.38422,2
1981,15.31972,-91.47833,1
1981,15.34356,-91.31167,2
1981,15.37536,-90.42917,1
1981,15.40833,-91.14722,1
1981,15.43528,-91.03556,2
1981,15.47224,-88.84124,2
1981,15.47293,-90.30958,1
1981,15.4737,-90.37254,3
1981,15.49206,-91.76727,1
1981,15.49838,-90.98207,15
1981,15.50167,-88.02774,1
1981,15.51646,-89.38212,1
1981,15.51972,-91.18824,1
1981,15.58702,32.54044,1
1981,15.58799,-91.67607,3
1981,15.59429,-90.1495,2
1981,15.59972,-91.44528,1
1981,15.63992,-91.97948,1
1981,15.65853,-91.43135,1
1981,15.7,-91.66667,1
1981,15.72003,-88.59827,2
1981,15.80122,-91.75523,1
1981,15.81256,-90.28836,2
1981,15.8306,-91.47611,2
1981,15.91667,-91.73333,1
1981,15.95,-90.11667,2
1981,15.98862,-90.4467,2
1981,15.99876,-61.72565,1
1981,16.54492,-90.41965,1
1981,16.78312,-90.11665,1
1981,16.91203,-90.29958,3
1981,16.92999,-89.89152,1
1981,17.225,-89.61333,1
1981,18.01109,-66.61418,1
1981,18.3692,-66.16597,3
1981,18.38078,-65.95739,1
1981,18.38693,-66.06113,13
1981,18.42902,-66.01586,1
1981,19.37189,-99.08662,3
1981,19.9071,99.83099,1
1981,21.21419,73.24336,1
1981,22.28187,114.16133,3
1981,22.3419,91.81512,1
1981,24.66372,93.90627,3
1981,24.89112,67.14331,3
1981,25.06,-77.345,1
1981,25.2,55.3,2
1981,25.77459,-80.2142,4
1981,26.14979,91.76393,2
1981,26.15844,94.56244,1
1981,26.2006,92.93757,4
1981,26.75602,94.20945,1
1981,27.18112,31.17943,1
1981,28.58584,77.15334,1
1981,29.12562,54.0384,1
1981,29.3477,47.94912,3
1981,29.59132,52.58361,9
1981,29.6176,51.65247,1
1981,30.07306,55.10222,1
1981,30.08463,31.33431,8
1981,30.31881,52.1981,1
1981,30.35965,50.79722,1
1981,30.5588,49.1981,1
1981,30.6864,-88.05324,1
1981,30.73332,76.77942,2
1981,31.0705,35.03053,2
1981,31.24848,34.78785,1
1981,31.28551,48.64342,3
1981,31.31545,34.22975,1
1981,31.35655,34.3269,1
1981,31.50241,34.45974,5
1981,31.50547,74.34288,1
1981,31.53783,34.48953,1
1981,31.60557,34.77177,1
1981,31.70434,35.19436,1
1981,31.7716,35.2034,15
1981,31.78484,35.22461,1
1981,31.82144,34.66517,1
1981,31.90714,35.19822,4
1981,31.95,35.93333,2
1981,31.95147,34.88782,1
1981,31.95607,35.29195,1
1981,31.97054,34.79172,1
1981,32.02139,54.19747,1
1981,32.08297,34.81189,4
1981,32.14379,35.49613,1
1981,32.16196,35.52462,1
1981,32.17549,35.33625,1
1981,32.19124,34.97595,1
1981,32.22227,35.25351,1
1981,32.23401,35.33392,1
1981,32.29869,-90.18049,1
1981,32.38046,34.87547,1
1981,32.39726,-82.06105,1
1981,32.65246,51.67462,3
1981,32.76287,35.55416,1
1981,32.79392,34.99062,2
1981,32.93095,35.08319,1
1981,33.11944,35.36662,1
1981,33.26615,35.21406,1
1981,33.31965,35.47188,1
1981,33.37701,35.48371,1
1981,33.51524,36.29208,1
1981,33.55043,35.37096,1
1981,33.80675,35.662,1
1981,33.81409,35.60889,1
1981,33.82417,36.02333,1
1981,33.83585,-118.34063,1
1981,33.84477,35.90287,1
1981,33.86444,35.51861,1
1981,33.88003,35.56057,1
1981,33.88852,35.50351,61
1981,33.89389,35.54368,1
1981,33.98525,35.62063,1
1981,34.03492,36.22784,1
1981,34.09787,-118.40738,9
1981,34.26739,47.11118,4
1981,34.43791,35.83091,1
1981,34.6401,50.87595,1
1981,34.70733,33.0234,2
1981,34.7177,36.72282,1
1981,34.79264,48.5177,1
1981,34.7956,46.9355,1
1981,35.12918,36.76074,10
1981,35.14968,-90.04893,1
1981,35.16673,33.36758,1
1981,35.45211,44.37546,2
1981,35.47385,51.38134,1
1981,35.51624,24.01881,1
1981,35.5985,51.43951,1
1981,35.68912,139.74774,1
1981,35.72453,51.40519,45
1981,35.8134,36.31994,1
1981,35.81855,47.06168,1
1981,35.99557,45.88659,1
1981,36.16778,-86.77836,1
1981,36.20172,37.14352,26
1981,36.20963,57.67701,1
1981,36.21292,58.79488,2
1981,36.24992,46.2735,1
1981,36.32396,59.55696,6
1981,36.51944,46.20911,1
1981,36.52969,-6.29266,1
1981,36.655,51.4204,1
1981,36.7652,45.72242,1
1981,37.16361,50.06056,1
1981,37.28107,49.583,2
1981,37.75536,-122.44335,3
1981,37.79783,48.90547,1
1981,37.94284,23.64692,2
1981,37.99749,23.76273,15
1981,38.03016,46.35607,1
1981,38.34521,-0.481,1
1981,38.49516,-109.45894,1
1981,38.69728,-9.42176,1
1981,38.7253,-9.15004,5
1981,38.84551,-7.59168,1
1981,38.87874,-77.10001,1
1981,38.90864,-77.01538,4
1981,38.98816,-76.93163,1
1981,38.99037,-76.9845,1
1981,39.47024,-0.3768,1
1981,40.4656,-3.69626,5
1981,40.62066,22.952,1
1981,40.69713,-73.93135,13
1981,40.7595,-111.88823,1
1981,40.8401,14.25164,8
1981,40.86396,-73.63079,1
1981,41.07677,1.14404,1
1981,41.10618,28.68986,8
1981,41.15482,1.10868,1
1981,41.22237,-111.97046,1
1981,41.3275,19.81889,1
1981,41.39268,-73.45359,1
1981,41.40064,2.15091,7
1981,41.454,2.211,1
1981,41.65294,-4.72838,1
1981,41.66772,-72.78229,1
1981,41.73324,12.27894,1
1981,41.78229,12.35278,1
1981,41.89096,12.49007,30
1981,41.90289,12.45355,1
1981,41.91889,8.73755,1
1981,41.93061,8.74291,2
1981,41.9818,2.8237,2
1981,42.1401,-0.4089,1
1981,42.59046,-2.79299,1
1981,42.65392,18.09597,1
1981,42.66993,-2.03091,1
1981,42.68734,-2.94759,1
1981,42.81226,-73.94103,1
1981,42.81537,-1.65362,7
1981,42.9495,13.87812,1
1981,43.0033,-2.61258,1
1981,43.04274,-2.25585,1
1981,43.05265,-3.00102,1
1981,43.09048,-2.31322,2
1981,43.11822,-2.41336,1
1981,43.13698,-2.07391,1
1981,43.17002,-2.5752,1
1981,43.18994,-2.05245,1
1981,43.20876,-2.77412,1
1981,43.22048,-2.02112,1
1981,43.22218,-2.88567,1
1981,43.25843,-2.92182,21
1981,43.26755,-1.97581,1
1981,43.29162,-1.9779,19
1981,43.29648,5.36978,1
1981,43.29722,-2.99167,1
1981,43.30964,-3.00694,1
1981,43.31131,-1.9009,3
1981,43.32524,-3.01148,1
1981,43.32741,-1.033,1
1981,43.3282,-3.03151,1
1981,43.33823,-1.78927,2
1981,43.35361,-2.90746,2
1981,43.38754,-1.67543,1
1981,43.38805,-1.66306,1
1981,43.41324,-2.90225,1
1981,43.46096,-3.80793,3
1981,43.49295,-1.47484,2
1981,43.60465,1.44421,2
1981,43.61077,3.87672,6
1981,44.04483,-123.07261,1
1981,44.10674,9.82922,1
1981,44.20314,0.61636,1
1981,44.62227,-123.93735,1
1981,44.81861,20.46806,1
1981,45.40954,11.87655,1
1981,45.43434,12.33879,1
1981,45.43833,10.99176,1
1981,45.46368,9.18817,1
1981,45.46921,9.17451,8
1981,45.55017,9.07838,1
1981,45.65363,13.77841,1
1981,45.81203,9.08562,6
1981,46.19839,6.1423,6
1981,46.43367,11.16933,1
1981,46.49671,11.35801,4
1981,46.51996,6.6336,1
1981,46.94792,7.44461,1
1981,47.21837,-1.55362,1
1981,47.36865,8.53918,5
1981,48.13913,11.58019,1
1981,48.20817,16.37382,3
1981,48.77711,9.18077,1
1981,48.79141,2.33162,1
1981,48.8014,2.13011,1
1981,48.85664,2.34233,44
1981,49.4019,8.68028,1
1981,49.44194,10.95462,1
1981,49.44636,7.55572,1
1981,50.08428,8.23872,2
1981,50.11797,8.64419,8
1981,50.73267,7.0963,1
1981,50.77544,6.08151,1
1981,50.83643,4.36742,5
1981,50.94066,6.95991,1
1981,51.21906,4.40289,1
1981,51.32011,-2.20805,1
1981,51.48131,-3.1805,1
1981,51.50439,-0.14004,11
1981,51.5326,9.92844,1
1981,51.54828,-0.47934,1
1981,51.60115,-3.34989,1
1981,51.61266,13.76214,1
1981,52.1164,8.66928,1
1981,52.22968,21.01223,1
1981,52.37022,4.89517,1
1981,52.37207,9.73569,1
1981,52.50153,13.40185,3
1981,53.36168,-6.24548,2
1981,53.41078,-2.97784,1
1981,53.55381,9.99159,5
1981,53.82393,9.2879,1
1981,53.97182,-6.48628,1
1981,54.07305,-6.3832,1
1981,54.07731,-6.60879,5
1981,54.08846,-6.37122,1
1981,54.10281,-6.25941,1
1981,54.18305,-6.34139,5
1981,54.19293,-6.57605,2
1981,54.22303,-6.48678,1
1981,54.22641,-7.64905,1
1981,54.25124,-5.64302,1
1981,54.25372,-7.44106,3
1981,54.2557,-5.9488,1
1981,54.2955,-7.46358,1
1981,54.34542,-7.63636,1
1981,54.34754,-6.65611,8
1981,54.35104,-6.26702,1
1981,54.42071,-6.44377,2
1981,54.44661,-6.69075,1
1981,54.46284,-7.02694,1
1981,54.46337,-6.3286,1
1981,54.51569,-6.05572,1
1981,54.53671,-6.70361,1
1981,54.54296,-6.92629,1
1981,54.59694,-7.05062,1
1981,54.6003,-7.2984,2
1981,54.60771,-5.95621,52
1981,54.67325,-7.62748,1
1981,54.7554,-6.60603,1
1981,54.78772,-6.49231,2
1981,54.81916,-7.46791,4
1981,54.84282,-6.66773,3
1981,55.01156,-7.31204,14
1981,55.18907,-7.04051,1
1981,55.67608,12.56832,6
1981,55.95018,-3.18754,1
1981,57.47669,-4.23145,1
1981,59.91387,10.75224,1
1982,-36.81601,-73.03766,1
1982,-34.61768,-58.44444,8
1982,-33.94471,18.5321,1
1982,-33.94185,18.41964,2
1982,-33.87365,151.20689,2
1982,-33.67512,18.43421,1
1982,-33.36624,-70.5053,13
1982,-33.05012,-71.61225,2
1982,-33.01069,-71.52779,5
1982,-31.4427,29.41849,1
1982,-29.65888,30.85503,1
1982,-29.61042,30.37613,1
1982,-29.60144,30.3767,1
1982,-29.1159,26.21981,1
1982,-27.8268,30.70582,1
1982,-27.76828,30.79788,1
1982,-27.61658,32.03345,1
1982,-26.99963,30.79875,1
1982,-26.49994,31.37596,1
1982,-26.2527,27.87028,4
1982,-26.20931,28.26195,1
1982,-26.18411,28.03323,2
1982,-25.74336,28.18529,2
1982,-25.67463,31.87586,1
1982,-25.43962,31.681,1
1982,-23.55071,-46.63348,1
1982,-22.90828,-43.19703,3
1982,-22.21678,30.00004,3
1982,-21.43821,-65.71936,3
1982,-21.05234,29.04599,2
1982,-20.121,28.62729,1
1982,-19.83331,34.84999,1
1982,-19.81715,34.8486,1
1982,-19.46853,29.81208,1
1982,-18.53316,27.54958,1
1982,-18.00664,-70.24624,1
1982,-17.96671,-67.11662,2
1982,-17.93179,25.82552,2
1982,-17.79,15.70629,1
1982,-17.78322,-63.18204,3
1982,-17.38279,-66.16644,2
1982,-16.85083,-69.47667,1
1982,-16.5639,36.60939,1
1982,-16.50932,-68.10434,13
1982,-16.4095,-71.53738,5
1982,-16.38798,-71.55904,5
1982,-15.83333,-72.03417,1
1982,-15.64096,-71.76869,1
1982,-15.22076,-72.31742,3
1982,-14.90987,-70.19747,1
1982,-14.90807,-70.1956,1
1982,-14.85359,-70.7535,1
1982,-14.84521,-74.94408,2
1982,-14.38528,-73.96261,2
1982,-14.31884,-74.37817,13
1982,-14.27237,-71.22677,1
1982,-14.08389,-73.58889,2
1982,-14.06347,-75.72938,3
1982,-13.84998,-73.9507,2
1982,-13.79667,-73.98806,1
1982,-13.75275,-74.06632,1
1982,-13.75236,-74.06636,1
1982,-13.74972,-73.93111,1
1982,-13.69861,-74.11584,2
1982,-13.66139,-74.10611,1
1982,-13.6575,-73.38333,2
1982,-13.65311,-73.95396,5
1982,-13.63033,-72.88443,1
1982,-13.62938,-74.12813,1
1982,-13.61,-73.74,1
1982,-13.60916,-73.34383,1
1982,-13.59944,-73.23,1
1982,-13.55042,-73.86548,1
1982,-13.42907,-73.90595,3
1982,-13.30833,-73.58333,1
1982,-13.29783,-76.23573,1
1982,-13.24206,-74.35445,1
1982,-13.21836,-74.04251,1
1982,-13.16387,-74.22357,1
1982,-13.16387,-74.22356,6
1982,-13.15271,-74.21863,58
1982,-13.14996,-75.13329,1
1982,-13.12389,-74.32111,1
1982,-13.1124,-74.09923,1
1982,-13.06098,-76.35303,3
1982,-13.05694,-74.21361,1
1982,-13.05611,-74.27333,1
1982,-13.04917,-74.13861,1
1982,-13.01262,-73.9809,1
1982,-13.01124,-74.17345,5
1982,-12.98278,-75.80194,1
1982,-12.94815,-74.02084,4
1982,-12.93996,-74.24759,1
1982,-12.93978,-74.24748,8
1982,-12.93972,-74.2475,1
1982,-12.90584,-76.36405,7
1982,-12.89946,-74.27515,1
1982,-12.86334,-72.69301,1
1982,-12.80559,-74.3899,1
1982,-12.78715,-74.97321,6
1982,-12.76554,15.73286,1
1982,-12.73861,-74.38698,1
1982,-12.7275,-74.125,1
1982,-12.68306,-73.8725,1
1982,-12.13726,-76.23252,1
1982,-12.06831,-75.21016,3
1982,-12.06165,-75.28783,1
1982,-12.05093,-77.12604,6
1982,-12.04637,-77.04279,2
1982,-12.00603,-76.90411,1
1982,-11.96737,-76.97846,83
1982,-11.91848,-75.31289,1
1982,-11.9012,-76.6641,1
1982,-11.86707,-77.07737,2
1982,-11.77503,-75.50011,2
1982,-11.7175,-75.53556,1
1982,-11.5192,-75.89914,1
1982,-11.37139,-75.31861,1
1982,-11.12458,-77.61305,1
1982,-10.68065,-76.25992,3
1982,-10.67872,-76.26074,1
1982,-10.66818,-76.77323,1
1982,-10.56609,-76.53811,1
1982,-10.2958,16.36403,1
1982,-10.20869,-76.46526,1
1982,-10.05513,-77.5363,1
1982,-10.00548,-76.52242,1
1982,-9.59448,-77.80884,2
1982,-9.52992,-77.5288,1
1982,-9.47587,-78.30508,2
1982,-9.29748,-75.99631,1
1982,-9.0634,-78.58361,2
1982,-9.03878,-77.11906,1
1982,-8.97202,-78.10773,1
1982,-8.87222,-77.89361,1
1982,-7.96454,-77.89564,1
1982,-7.91095,-77.90746,2
1982,-7.81562,-78.04888,3
1982,-7.70614,-78.03274,3
1982,-7.16222,-78.51209,1
1982,-6.87597,-79.9221,3
1982,-6.77406,-79.84356,1
1982,-5.75732,-78.44529,2
1982,-5.70763,-78.80984,4
1982,-4.22536,15.25106,1
1982,-3.78177,-70.36493,1
1982,-3.74367,-73.25187,1
1982,-1.64625,-78.7424,1
1982,-0.21119,-78.52263,2
1982,0.35085,32.58022,1
1982,0.43595,-75.52767,1
1982,0.86989,-73.84191,2
1982,1.14661,-76.64812,1
1982,1.20779,-77.2772,1
1982,1.61456,-75.6053,1
1982,1.68448,-75.28659,2
1982,1.86964,-77.37043,1
1982,1.9137,-76.85494,3
1982,2.11319,-74.76921,1
1982,2.19673,-75.62909,2
1982,2.24359,-77.01038,1
1982,2.44186,-76.60617,3
1982,2.44994,-76.80785,1
1982,2.53593,-75.52767,1
1982,2.60024,-76.50141,1
1982,2.92556,-75.29078,4
1982,2.95485,-76.26825,2
1982,3.01878,-76.64393,1
1982,3.12389,-73.75139,1
1982,3.19486,-75.64591,1
1982,3.22872,-76.41931,1
1982,3.37246,-73.87377,1
1982,3.37829,-76.55966,1
1982,3.42934,-76.51604,17
1982,3.58375,-76.49573,2
1982,3.6848,-76.53004,2
1982,3.69748,-73.69899,2
1982,3.80089,-76.64127,1
1982,4.08509,-72.9536,2
1982,4.09252,-75.15454,1
1982,4.43891,-75.23223,2
1982,4.5295,-75.64021,1
1982,4.66713,-74.10606,41
1982,4.81428,-75.69456,5
1982,4.85851,-74.05903,1
1982,4.99243,-76.01866,1
1982,5.00773,-73.4727,1
1982,5.026,-74.03001,1
1982,5.19688,-73.14554,1
1982,5.24859,-74.29013,1
1982,5.25001,-75.50003,1
1982,5.4495,-74.66791,1
1982,5.45944,-74.33806,1
1982,5.4651,-74.65403,1
1982,5.61526,-75.62469,2
1982,5.704,120.81927,1
1982,5.97371,-75.36124,1
1982,5.97515,-74.58614,3
1982,6.1264,-73.50897,1
1982,6.15782,-75.6436,1
1982,6.17346,-75.59278,1
1982,6.18676,-74.58397,1
1982,6.24203,-75.56477,20
1982,6.2675,-75.56861,1
1982,6.31371,-73.95015,3
1982,6.46283,-75.55639,2
1982,6.54731,-71.00223,1
1982,6.55194,-74.78722,1
1982,6.61896,-73.91968,1
1982,6.63383,124.06789,1
1982,6.64371,-73.65362,3
1982,6.75005,125.35626,1
1982,6.77099,-76.13185,1
1982,6.92909,122.07885,8
1982,6.95083,-71.18806,1
1982,6.95284,-71.87514,2
1982,7.04275,-73.55587,1
1982,7.06005,-73.85312,2
1982,7.07786,-74.70355,1
1982,7.08071,-74.70101,2
1982,7.08324,125.601,2
1982,7.08582,-70.75779,1
1982,7.11629,-73.12003,3
1982,7.19861,-75.34122,1
1982,7.20959,124.24197,2
1982,7.28997,-75.39269,2
1982,7.29117,-75.39215,1
1982,7.30591,-73.30749,1
1982,7.33238,124.56728,1
1982,7.80647,99.5896,1
1982,7.8252,123.43738,2
1982,7.88232,-76.63063,1
1982,8.15455,125.1333,1
1982,8.20811,123.54017,1
1982,8.40292,-75.89987,3
1982,8.63781,-76.72039,1
1982,8.63781,-72.73464,1
1982,8.95736,-73.62346,1
1982,9.31106,-64.35976,1
1982,9.32211,-74.57168,1
1982,9.33729,-73.65362,1
1982,9.59582,-65.18975,1
1982,9.66123,80.02558,1
1982,9.90856,-83.98759,1
1982,9.93333,-84.08333,3
1982,9.93362,-84.16799,1
1982,9.98942,-83.03739,1
1982,10.26667,-75.46667,1
1982,10.3275,-74.75778,1
1982,10.3879,-73.1698,2
1982,10.78935,-74.75409,1
1982,10.85887,-74.77304,1
1982,10.98141,-74.77832,5
1982,11.21821,-85.61359,1
1982,11.24204,-74.20538,1
1982,11.4,-84.75,1
1982,11.72747,-86.21585,2
1982,11.9775,-86.04362,1
1982,11.97804,-86.37649,1
1982,11.98096,-86.31105,1
1982,12.10382,-86.26701,2
1982,12.61667,-87.01667,1
1982,12.63333,-87.08333,1
1982,12.64398,-86.1859,1
1982,12.6622,-86.80007,1
1982,12.84265,-87.38287,1
1982,12.99414,-86.79305,1
1982,13.04171,-86.90537,1
1982,13.06667,-85.0,1
1982,13.10789,-86.15649,1
1982,13.17076,-88.28891,1
1982,13.19348,-84.07246,1
1982,13.20005,-86.77271,1
1982,13.21233,-86.11056,1
1982,13.24111,-87.96,1
1982,13.25389,-88.24778,2
1982,13.25417,-88.00417,1
1982,13.27417,-88.05611,3
1982,13.27624,-86.87844,1
1982,13.31667,-88.58333,5
1982,13.31889,-87.64389,1
1982,13.32417,-87.97611,1
1982,13.336,-88.65258,1
1982,13.33694,-87.84389,4
1982,13.33796,-88.37459,2
1982,13.34432,-88.43746,13
1982,13.34583,-87.94389,2
1982,13.35,-88.38333,3
1982,13.35,-88.35,1
1982,13.36667,-88.61667,1
1982,13.38333,-88.75,1
1982,13.38333,-88.35,1
1982,13.38752,-88.65521,1
1982,13.41444,-88.34363,2
1982,13.41661,-85.26675,1
1982,13.421,-88.669,2
1982,13.43204,-88.59224,4
1982,13.43333,-88.78333,1
1982,13.43333,-88.75,1
1982,13.43333,-88.7,2
1982,13.43333,-88.26667,1
1982,13.4451,-88.24612,1
1982,13.44706,-88.55653,5
1982,13.45,-86.71667,1
1982,13.45492,-88.49154,1
1982,13.46455,-84.00724,1
1982,13.46667,-88.38333,1
1982,13.48333,-89.25875,1
1982,13.48333,-88.46667,4
1982,13.48718,-88.76503,7
1982,13.49124,-88.17313,11
1982,13.49446,-88.53034,2
1982,13.49536,-88.97968,1
1982,13.5,-88.86667,8
1982,13.5,-88.35,1
1982,13.53684,-88.78058,6
1982,13.55,-88.83333,1
1982,13.55889,-88.43,2
1982,13.55983,-88.71397,1
1982,13.56142,-88.68738,1
1982,13.58128,-85.87276,1
1982,13.5862,-88.75077,5
1982,13.59278,-89.8275,1
1982,13.59525,-88.44892,3
1982,13.6,-88.85,1
1982,13.60866,-89.76029,1
1982,13.61667,-88.56667,4
1982,13.62472,-87.89361,3
1982,13.62888,-88.67203,1
1982,13.63113,-86.52893,1
1982,13.63333,-88.66667,1
1982,13.63333,-88.26667,1
1982,13.64121,-88.78542,23
1982,13.64278,-89.11833,1
1982,13.65378,-88.68139,3
1982,13.66367,-88.17201,4
1982,13.66422,-88.66062,1
1982,13.66667,-88.78333,3
1982,13.6667,-88.20826,1
1982,13.67122,-88.17033,1
1982,13.67694,-89.27972,1
1982,13.68516,-88.78764,2
1982,13.69288,-89.19916,107
1982,13.69611,-89.55917,1
1982,13.69739,-88.00725,2
1982,13.7,-89.55,1
1982,13.7,-88.1,4
1982,13.70196,-89.14777,8
1982,13.70262,-88.72777,9
1982,13.70374,-88.80457,1
1982,13.71299,-90.0315,1
1982,13.71667,-88.93333,2
1982,13.71882,-88.8546,3
1982,13.71955,-88.36063,2
1982,13.72046,-86.50708,1
1982,13.72322,-88.8191,8
1982,13.72417,-89.17278,1
1982,13.73333,-88.88333,6
1982,13.73333,-88.8,1
1982,13.73335,-89.21667,4
1982,13.73611,-89.18139,1
1982,13.73696,-86.69846,1
1982,13.73876,-89.05492,3
1982,13.74556,-87.87361,2
1982,13.75575,-88.73273,2
1982,13.75904,-86.01722,1
1982,13.76667,-88.71667,1
1982,13.76667,-88.26667,1
1982,13.77775,-88.5675,2
1982,13.77778,-89.18361,1
1982,13.78111,-89.11861,1
1982,13.78484,-87.83556,2
1982,13.78579,100.56085,2
1982,13.78918,-86.57216,1
1982,13.78944,-86.01216,4
1982,13.79512,-85.78751,1
1982,13.79833,-89.17889,4
1982,13.80017,-89.1831,1
1982,13.80205,-87.89673,3
1982,13.80569,-88.14579,1
1982,13.81278,-87.81917,1
1982,13.81833,-87.97139,3
1982,13.835,-89.27444,2
1982,13.83945,-83.93208,2
1982,13.84222,-89.09694,3
1982,13.85,-88.85,1
1982,13.85077,-88.90406,1
1982,13.85133,-88.15621,3
1982,13.8537,-85.59315,1
1982,13.85917,-89.16694,1
1982,13.86483,-88.7494,3
1982,13.87458,-88.62778,1
1982,13.87556,-87.84139,1
1982,13.87611,-89.35972,7
1982,13.87694,-89.17356,5
1982,13.88333,-88.96667,2
1982,13.89271,-88.04398,1
1982,13.9,-88.21667,1
1982,13.90668,-88.15702,6
1982,13.91667,-88.23333,3
1982,13.91667,-88.13333,1
1982,13.92224,-86.12539,3
1982,13.92361,-89.18917,1
1982,13.92556,-90.82444,2
1982,13.93373,-89.02584,4
1982,13.94583,-89.52528,1
1982,13.94735,-89.12018,1
1982,13.94983,-88.14635,2
1982,13.95722,-89.18972,9
1982,13.96174,-89.37823,1
1982,13.97361,-89.21861,1
1982,13.97556,-89.34,1
1982,13.98148,-89.55572,23
1982,13.98333,-88.85,1
1982,13.98667,-89.68111,1
1982,13.99,-88.758,2
1982,14.0,-88.9,1
1982,14.00929,-88.94019,1
1982,14.03507,-83.38882,1
1982,14.04111,-88.93857,5
1982,14.05017,-88.8377,3
1982,14.05087,-88.99462,2
1982,14.07074,-88.90545,1
1982,14.07354,-88.78784,3
1982,14.07369,-86.41873,1
1982,14.0833,-87.2167,24
1982,14.08333,-90.38333,1
1982,14.09396,-88.88928,3
1982,14.11923,-87.23195,2
1982,14.12458,-89.29317,1
1982,14.12575,-89.49548,2
1982,14.16963,-89.10269,1
1982,14.17687,-88.92043,1
1982,14.18038,-88.89227,1
1982,14.18376,-91.30355,1
1982,14.19109,-90.98207,6
1982,14.19166,-89.1706,3
1982,14.2097,-89.55822,1
1982,14.2308,-90.9472,2
1982,14.25091,-89.08324,1
1982,14.26549,-89.29483,1
1982,14.27202,-83.66849,1
1982,14.27735,-90.30378,1
1982,14.29101,-90.50571,1
1982,14.29778,-90.78694,2
1982,14.31651,-89.17139,1
1982,14.33141,-89.44239,4
1982,14.33333,-91.01667,1
1982,14.37273,-91.75388,1
1982,14.40389,-90.69861,2
1982,14.41853,-91.16084,1
1982,14.4216,-91.40482,2
1982,14.43386,-91.22718,1
1982,14.44967,-89.74244,1
1982,14.44986,-91.42228,1
1982,14.4875,-90.61528,7
1982,14.4879,-90.63445,1
1982,14.5,-89.65,1
1982,14.52806,-91.36742,1
1982,14.53333,-91.56667,2
1982,14.53333,-91.5,5
1982,14.53333,-91.31667,1
1982,14.54611,-90.41139,1
1982,14.56111,-90.73444,1
1982,14.56348,-90.98207,8
1982,14.56387,-91.64824,1
1982,14.56667,-90.65,1
1982,14.56667,-89.35,1
1982,14.57528,-92.14278,1
1982,14.57912,-91.58506,1
1982,14.58177,-91.62387,1
1982,14.59605,120.97867,3
1982,14.60778,-90.80306,1
1982,14.62287,-90.52907,95
1982,14.63838,-91.23016,2
1982,14.65,-91.06667,2
1982,14.65444,-90.88944,1
1982,14.66466,-90.82171,4
1982,14.66667,-91.06667,1
1982,14.67781,-91.0167,2
1982,14.7,-91.86667,1
1982,14.70208,-91.2506,7
1982,14.7077,-91.73183,1
1982,14.72278,-92.03444,1
1982,14.74031,-90.8869,1
1982,14.74436,-90.7157,1
1982,14.7445,-91.207,1
1982,14.74604,-90.32308,1
1982,14.75523,-90.92986,1
1982,14.75972,-89.22864,1
1982,14.77584,-91.55262,1
1982,14.7814,-90.79251,3
1982,14.79191,-91.71342,1
1982,14.79194,-91.92056,1
1982,14.8,-89.55,1
1982,14.81667,-89.36667,1
1982,14.82235,-91.1321,2
1982,14.83333,-91.51667,2
1982,14.83766,-90.76008,1
1982,14.85,-91.05,1
1982,14.86667,-91.93333,1
1982,14.86667,-91.53333,1
1982,14.88333,-91.81667,1
1982,14.89216,-90.03732,1
1982,14.90499,-91.78181,2
1982,14.91157,-92.05489,1
1982,14.91244,-91.35987,1
1982,14.91361,-90.52278,1
1982,14.91667,-91.61667,1
1982,14.93096,-91.90992,4
1982,14.93333,-91.11667,2
1982,14.93539,-91.05042,1
1982,14.95,-91.15,1
1982,14.95,-90.36667,1
1982,14.96833,-91.7795,1
1982,14.995,-90.8075,2
1982,15.01056,-91.065,2
1982,15.03,-91.15,2
1982,15.03793,-91.6852,1
1982,15.05865,-91.15522,3
1982,15.07148,-91.08666,1
1982,15.07875,-90.41252,1
1982,15.08315,-90.8333,1
1982,15.0845,-90.48893,3
1982,15.09339,-90.39603,1
1982,15.09528,-91.15083,3
1982,15.10336,-90.31408,1
1982,15.11667,-90.51667,1
1982,15.12384,-91.80563,1
1982,15.12833,-91.23556,1
1982,15.13333,-91.61667,2
1982,15.2,-91.2,1
1982,15.22778,-91.26861,1
1982,15.29479,-90.1187,1
1982,15.31814,-90.35345,1
1982,15.31972,-91.47833,4
1982,15.34789,-90.87235,2
1982,15.34894,-88.40308,1
1982,15.35472,-91.45833,2
1982,15.36566,-90.47916,5
1982,15.38139,-91.30389,1
1982,15.39556,-91.30972,1
1982,15.39848,-89.6411,1
1982,15.405,-91.66514,1
1982,15.40833,-91.14722,3
1982,15.41667,-91.76667,1
1982,15.42415,-91.62537,1
1982,15.42443,-90.32789,1
1982,15.4281,-90.76953,2
1982,15.43333,-92.9,1
1982,15.43384,-91.01484,1
1982,15.43528,-91.03556,4
1982,15.44876,-91.7594,1
1982,15.45018,-91.03999,1
1982,15.46667,-90.83333,1
1982,15.47293,-90.30958,1
1982,15.4737,-90.37254,3
1982,15.47752,-89.46561,1
1982,15.48722,-91.03472,3
1982,15.49206,-91.76727,1
1982,15.49838,-90.98207,9
1982,15.50075,32.56008,2
1982,15.50167,-88.02774,6
1982,15.51667,-90.93333,1
1982,15.53559,-89.27716,1
1982,15.56212,-90.4157,1
1982,15.56667,-90.16667,1
1982,15.575,-91.825,1
1982,15.58702,32.54044,1
1982,15.58799,-91.67607,9
1982,15.59429,-90.1495,1
1982,15.64181,-91.57987,1
1982,15.66686,-91.71253,1
1982,15.70161,-91.53565,1
1982,15.72003,-88.59827,2
1982,15.73356,-91.45694,1
1982,15.74858,97.7932,1
1982,15.77923,-91.92573,1
1982,15.80122,-91.75523,1
1982,15.8028,-89.94161,1
1982,15.81256,-90.28836,1
1982,15.8306,-91.47611,2
1982,15.88157,-90.74092,1
1982,15.92509,-90.91454,1
1982,15.98862,-90.4467,1
1982,15.98881,-90.7817,1
1982,16.1362,-90.32056,1
1982,16.52592,-90.18931,1
1982,16.64296,-89.65276,1
1982,16.6584,-90.29488,1
1982,16.78312,-90.11665,1
1982,16.8069,-89.8272,2
1982,16.88778,96.14956,1
1982,16.91203,-90.29958,4
1982,17.55573,120.83872,4
1982,18.01109,-66.61418,1
1982,18.0813,-67.04164,1
1982,18.3575,-66.11114,1
1982,18.38078,-65.95739,2
1982,18.38693,-66.06113,11
1982,18.43536,-66.81366,1
1982,18.45679,-69.95116,2
1982,19.07598,72.87766,2
1982,19.37189,-99.08662,1
1982,20.67334,-103.34418,1
1982,21.30694,-157.85833,1
1982,22.84564,89.54033,1
1982,22.98676,87.85498,1
1982,23.16454,92.93757,1
1982,23.72711,92.71764,1
1982,24.2355,93.02539,1
1982,24.66372,93.90627,1
1982,24.89112,67.14331,3
1982,25.29161,51.53044,1
1982,25.77459,-80.2142,6
1982,26.14979,91.76393,1
1982,26.29205,73.03241,1
1982,27.77118,-82.63932,1
1982,27.94653,-82.45927,1
1982,27.9656,-82.79976,1
1982,28.58584,77.15334,2
1982,29.3477,47.94912,1
1982,29.81382,-95.3653,1
1982,30.02292,31.18519,1
1982,31.0705,35.03053,1
1982,31.24848,34.78785,3
1982,31.41891,34.3526,2
1982,31.50241,34.45974,10
1982,31.50547,74.34288,1
1982,31.52929,35.11545,2
1982,31.53024,35.09416,3
1982,31.53783,34.48953,2
1982,31.57592,35.0101,1
1982,31.62102,35.13853,1
1982,31.63308,74.87829,1
1982,31.67015,34.57515,1
1982,31.70191,35.22699,2
1982,31.70434,35.19436,1
1982,31.70856,35.13333,1
1982,31.71664,35.18566,2
1982,31.74153,34.98861,1
1982,31.77056,35.26917,2
1982,31.7716,35.2034,22
1982,31.80302,34.65229,1
1982,31.80392,35.32516,1
1982,31.82144,34.66517,1
1982,31.8625,35.46188,2
1982,31.89722,54.3675,1
1982,31.89814,35.17324,1
1982,31.91725,35.21859,2
1982,31.92768,34.79767,1
1982,31.92879,34.86666,1
1982,31.95,35.93333,1
1982,31.95393,34.8654,1
1982,32.08297,34.81189,7
1982,32.08916,34.88382,4
1982,32.10968,35.03402,1
1982,32.16196,35.52462,1
1982,32.17349,35.52286,1
1982,32.17834,34.90798,2
1982,32.22227,35.25351,6
1982,32.22451,35.31101,1
1982,32.24301,35.4561,1
1982,32.25141,35.26936,1
1982,32.29869,-90.18049,1
1982,32.31102,35.02859,1
1982,32.31812,35.06018,1
1982,32.36528,35.51596,1
1982,32.4095,35.28063,1
1982,32.43426,34.91989,1
1982,32.46062,35.30125,3
1982,33.12667,35.25722,1
1982,33.13288,35.33321,1
1982,33.19388,35.40998,1
1982,33.24626,35.5001,2
1982,33.26615,35.21406,2
1982,33.26794,35.77351,1
1982,33.27638,35.52051,1
1982,33.28441,35.69362,1
1982,33.28552,35.49913,2
1982,33.28717,35.23619,1
1982,33.30357,44.37177,3
1982,33.42551,-111.93742,1
1982,33.44826,-112.07577,1
1982,33.51524,36.29208,1
1982,33.55043,35.37096,5
1982,33.62076,35.48608,1
1982,33.80861,35.51778,1
1982,33.81,35.59728,4
1982,33.83333,36.0,1
1982,33.84333,35.49861,1
1982,33.88852,35.50351,70
1982,33.89389,35.54368,1
1982,33.97082,35.63261,1
1982,33.9877,35.63892,1
1982,34.00626,35.64512,1
1982,34.03492,36.22784,1
1982,34.09787,-118.40738,5
1982,34.43579,35.8515,1
1982,34.4381,35.83084,4
1982,34.51167,36.05556,1
1982,34.53288,36.13281,2
1982,34.54694,36.08278,1
1982,35.12918,36.76074,1
1982,35.16673,33.36758,1
1982,35.17955,129.07564,1
1982,35.31495,46.99883,1
1982,35.68912,139.74774,2
1982,35.72453,51.40519,19
1982,35.9288,36.63145,1
1982,36.16778,-86.77836,1
1982,36.20172,37.14352,13
1982,36.35415,43.14357,1
1982,36.58544,37.04692,1
1982,36.90298,50.65812,1
1982,37.38264,-5.9963,1
1982,37.39355,42.21906,1
1982,37.87404,-122.28002,1
1982,37.88473,-4.77915,1
1982,37.99749,23.76273,18
1982,38.70215,-90.14813,1
1982,38.71307,-9.23552,1
1982,38.7253,-9.15004,2
1982,38.81337,-89.9568,1
1982,38.88549,-77.17362,1
1982,38.90864,-77.01538,2
1982,38.93381,-77.17729,1
1982,39.47024,-0.3768,3
1982,39.9275,-75.03055,1
1982,39.93077,32.76754,1
1982,40.00817,-75.13549,1
1982,40.01499,-105.27055,1
1982,40.4656,-3.69626,15
1982,40.62066,22.952,1
1982,40.67795,14.76591,1
1982,40.69713,-73.93135,22
1982,40.70088,-73.71294,1
1982,40.76914,-74.03117,1
1982,40.8401,14.25164,2
1982,40.97007,-73.71223,1
1982,41.07998,14.25663,1
1982,41.10618,28.68986,3
1982,41.15482,1.10868,1
1982,41.40064,2.15091,11
1982,41.48734,9.13011,1
1982,41.68038,9.3184,1
1982,41.8426,-87.68123,1
1982,41.89096,12.49007,14
1982,41.91889,8.73755,1
1982,41.93061,8.74291,4
1982,42.06388,-1.60572,1
1982,42.30941,9.14902,1
1982,42.36679,-71.10602,1
1982,42.38668,-71.09826,1
1982,42.43362,-8.64805,1
1982,42.46578,-2.45,1
1982,42.5,27.46667,2
1982,42.56765,8.75722,1
1982,42.589,-2.09131,1
1982,42.59988,-5.57175,1
1982,42.63651,8.93705,1
1982,42.69539,-1.67607,2
1982,42.69868,2.89587,2
1982,42.7,9.44732,5
1982,42.81537,-1.65362,8
1982,42.84964,-2.69236,6
1982,42.98929,-1.33534,1
1982,43.00487,-76.1836,1
1982,43.03289,-2.41135,1
1982,43.05265,-3.00102,4
1982,43.07563,-2.22367,1
1982,43.07879,-1.91461,2
1982,43.09048,-2.31322,2
1982,43.11822,-2.41336,1
1982,43.13698,-2.07391,3
1982,43.18418,-2.47329,2
1982,43.20926,2.34384,1
1982,43.22218,-2.88567,1
1982,43.22408,-2.71894,1
1982,43.2482,-1.99052,1
1982,43.25044,-5.98326,1
1982,43.25843,-2.92182,20
1982,43.29162,-1.9779,16
1982,43.29648,5.36978,1
1982,43.29722,-2.99167,2
1982,43.30746,-2.94642,1
1982,43.30964,-3.00694,1
1982,43.31131,-1.9009,6
1982,43.31707,-2.67898,2
1982,43.3207,-2.42048,2
1982,43.32113,-1.89878,1
1982,43.32412,-1.92986,6
1982,43.33823,-1.78927,2
1982,43.34872,-3.01009,2
1982,43.35361,-2.90746,3
1982,43.35441,-2.84671,1
1982,43.3603,-5.84478,1
1982,43.36295,-2.54464,2
1982,43.5076,-5.60445,1
1982,43.52974,5.44743,1
1982,43.60465,1.44421,3
1982,43.66667,-79.41667,2
1982,43.9269,2.14634,1
1982,44.47592,-73.21323,1
1982,44.913,-0.24398,1
1982,45.04424,5.05274,1
1982,45.07074,11.7898,1
1982,45.40954,11.87655,2
1982,45.42153,-75.69719,2
1982,45.75968,5.4733,2
1982,45.83362,1.2611,1
1982,46.19839,6.1423,2
1982,46.38818,6.23406,1
1982,46.94792,7.44461,1
1982,47.36865,8.53918,2
1982,47.7617,11.56456,1
1982,47.80949,13.05501,1
1982,48.13913,11.58019,1
1982,48.20817,16.37382,10
1982,48.77711,9.18077,2
1982,48.8014,2.13011,1
1982,48.85664,2.34233,32
1982,49.08981,9.27457,1
1982,49.87242,8.65086,1
1982,49.89881,10.90276,1
1982,50.11797,8.64419,8
1982,50.1354,8.91512,1
1982,50.2009,9.19234,1
1982,50.43711,8.6735,1
1982,50.83643,4.36742,1
1982,50.94066,6.95991,3
1982,51.21392,6.78069,2
1982,51.50439,-0.14004,5
1982,51.51205,7.46357,2
1982,51.52636,-9.54758,1
1982,51.92422,4.48178,1
1982,52.37022,4.89517,1
1982,52.50153,13.40185,5
1982,53.36168,-6.24548,3
1982,54.07731,-6.60879,2
1982,54.08164,-6.44878,1
1982,54.15955,-6.45815,1
1982,54.18305,-6.34139,6
1982,54.20842,-5.89174,1
1982,54.29324,-6.84235,1
1982,54.29812,-6.52129,1
1982,54.34542,-7.63636,1
1982,54.34754,-6.65611,8
1982,54.35028,-6.65279,1
1982,54.35104,-6.26702,1
1982,54.46337,-6.3286,1
1982,54.47258,-5.67636,1
1982,54.48206,-8.08824,1
1982,54.53671,-6.70361,1
1982,54.60771,-5.95621,36
1982,54.64586,-6.74515,1
1982,54.717,-7.37974,1
1982,54.7554,-6.60603,1
1982,54.78772,-6.49231,4
1982,54.81916,-7.46791,4
1982,54.86312,-6.27834,1
1982,54.893,-6.20845,1
1982,55.01156,-7.31204,12
1982,55.04362,-7.02393,1
1983,-51.69221,-57.8589,1
1983,-39.82008,-73.2454,1
1983,-39.81952,-73.24503,1
1983,-38.95187,-68.05908,1
1983,-36.81601,-73.03766,1
1983,-35.59547,-71.72971,1
1983,-34.68631,-58.52847,1
1983,-34.61768,-58.44444,13
1983,-34.58572,-70.99113,1
1983,-34.17033,-70.74082,2
1983,-33.9585,25.60068,1
1983,-33.91667,-70.73333,1
1983,-33.7297,-70.74298,1
1983,-33.66377,-70.92752,1
1983,-33.54778,-70.94444,1
1983,-33.51667,-70.76667,1
1983,-33.46912,-70.642,10
1983,-33.36624,-70.5053,57
1983,-33.05012,-71.61225,9
1983,-33.04563,-71.62053,2
1983,-33.01069,-71.52779,4
1983,-32.84255,27.44283,1
1983,-30.36492,27.614,1
1983,-30.32444,28.01858,1
1983,-29.92693,30.99648,1
1983,-29.89077,30.97517,1
1983,-29.86182,31.00829,7
1983,-29.7501,30.98412,1
1983,-29.65888,30.85503,5
1983,-29.60144,30.3767,1
1983,-29.31001,27.48008,4
1983,-29.30643,27.47997,1
1983,-29.1511,27.74237,2
1983,-29.1159,26.21981,3
1983,-29.01173,28.18303,1
1983,-29.00817,28.21362,1
1983,-28.6269,28.45635,1
1983,-28.46897,-65.77946,2
1983,-26.67195,27.92939,1
1983,-26.2527,27.87028,2
1983,-26.25069,28.44194,2
1983,-26.21434,28.16787,2
1983,-26.1849,-58.17542,1
1983,-26.18411,28.03323,14
1983,-26.1601,27.87281,3
1983,-25.89197,32.60513,1
1983,-25.74828,28.21207,2
1983,-25.74336,28.18529,3
1983,-25.71832,28.4088,1
1983,-24.88171,28.28263,2
1983,-23.84756,32.62194,1
1983,-23.55071,-46.63348,2
1983,-23.53288,-46.79183,1
1983,-23.30536,-51.17071,1
1983,-22.56734,17.08327,2
1983,-21.05234,29.04599,2
1983,-20.93982,29.01108,1
1983,-20.37468,28.32136,1
1983,-20.29754,-40.29594,2
1983,-20.29068,28.93831,1
1983,-19.86008,28.26874,1
1983,-19.57217,-65.75499,2
1983,-19.04794,-65.25954,1
1983,-18.62362,17.51684,1
1983,-17.96671,-67.11662,2
1983,-17.79,15.70629,1
1983,-17.78322,-63.18204,1
1983,-17.38279,-66.16644,6
1983,-17.36028,-69.70111,1
1983,-17.33261,35.14707,1
1983,-16.50932,-68.10434,15
1983,-16.4095,-71.53738,8
1983,-15.81694,-72.65944,1
1983,-15.65083,-70.3219,9
1983,-15.4489,31.36509,1
1983,-15.38389,-74.38389,1
1983,-15.22076,-72.31742,4
1983,-15.07753,-73.89667,2
1983,-14.48083,-71.25556,1
1983,-14.38528,-73.96261,3
1983,-14.31884,-74.37817,19
1983,-14.21708,-71.4314,2
1983,-14.14742,-71.45983,1
1983,-14.05464,-73.08841,1
1983,-14.04937,-74.38222,1
1983,-13.95227,-71.65381,1
1983,-13.94282,-74.31258,5
1983,-13.92,-74.33389,4
1983,-13.84984,-73.95066,2
1983,-13.8498,-73.95056,1
1983,-13.84374,-74.37253,1
1983,-13.84359,-74.37256,2
1983,-13.83924,-74.31239,1
1983,-13.79667,-73.98806,1
1983,-13.78211,-74.31607,1
1983,-13.75542,-73.78756,2
1983,-13.75275,-74.06632,3
1983,-13.74972,-73.93111,1
1983,-13.74223,-73.78752,1
1983,-13.72909,-74.27204,1
1983,-13.72041,-74.17097,2
1983,-13.69861,-74.11584,2
1983,-13.68644,-74.0288,1
1983,-13.6575,-73.38333,1
1983,-13.65311,-73.95396,2
1983,-13.62938,-74.12813,3
1983,-13.62937,-74.14364,1
1983,-13.62928,-74.12819,1
1983,-13.61079,-74.53222,1
1983,-13.61,-73.74,1
1983,-13.59739,-74.15486,2
1983,-13.58503,-74.352,1
1983,-13.585,-72.05972,1
1983,-13.56798,-74.52295,2
1983,-13.55745,-74.19566,2
1983,-13.53169,-71.96692,10
1983,-13.43361,-74.27083,4
1983,-13.42907,-73.90595,1
1983,-13.4029,-73.66961,1
1983,-13.4,-74.0,1
1983,-13.32332,-73.88899,1
1983,-13.30833,-73.58333,2
1983,-13.30604,-72.11597,2
1983,-13.28313,-75.31924,1
1983,-13.27316,-74.20546,1
1983,-13.2439,15.64126,1
1983,-13.24206,-74.35445,4
1983,-13.18579,-74.22546,1
1983,-13.17288,-74.29496,1
1983,-13.16387,-74.22356,11
1983,-13.15271,-74.21863,65
1983,-13.1202,-72.97632,1
1983,-13.11675,-73.69036,1
1983,-13.1124,-74.09923,2
1983,-13.08512,-74.39293,2
1983,-13.06327,-74.22768,1
1983,-13.05417,-74.13917,1
1983,-13.04917,-74.13861,1
1983,-13.04913,-74.13797,1
1983,-13.01455,-74.4449,2
1983,-13.01262,-73.9809,2
1983,-13.01124,-74.17345,3
1983,-13.0,-73.98333,1
1983,-12.99083,-74.22528,1
1983,-12.9901,-74.68688,1
1983,-12.98971,-74.7205,1
1983,-12.97199,-38.5011,1
1983,-12.95068,-74.56077,1
1983,-12.94815,-74.02084,2
1983,-12.93996,-74.24759,1
1983,-12.93978,-74.24748,11
1983,-12.93972,-74.2475,1
1983,-12.93966,-74.24744,1
1983,-12.91667,-73.83333,2
1983,-12.9131,-74.6914,1
1983,-12.90716,-74.71728,2
1983,-12.84136,-74.57419,1
1983,-12.82594,-74.11152,2
1983,-12.78715,-74.97321,18
1983,-12.78419,-74.20593,1
1983,-12.76699,-74.64231,1
1983,-12.76554,15.73286,1
1983,-12.73947,-74.90697,1
1983,-12.73861,-74.38698,2
1983,-12.7299,-74.6662,1
1983,-12.7275,-74.125,1
1983,-12.61873,-73.7875,1
1983,-12.5971,-73.83088,2
1983,-12.59043,13.4162,1
1983,-12.58,-73.85972,1
1983,-12.57906,-74.22893,3
1983,-12.56357,-75.90731,1
1983,-12.5199,-75.007,1
1983,-12.42303,-75.15365,1
1983,-12.3826,13.90511,1
1983,-12.28666,-74.8741,1
1983,-12.2298,-76.85957,1
1983,-12.06947,-75.20708,1
1983,-12.06831,-75.21016,2
1983,-12.04324,-77.04295,1
1983,-11.96737,-76.97846,136
1983,-11.81719,-75.62428,1
1983,-11.72237,-75.90466,1
1983,-11.49553,-77.20719,1
1983,-11.49,-76.20917,1
1983,-11.18535,18.44094,1
1983,-11.16107,-75.99309,5
1983,-11.08147,14.30211,1
1983,-11.05129,-75.78826,2
1983,-11.00231,-76.36477,1
1983,-10.81122,-76.87502,1
1983,-10.68359,-76.25621,2
1983,-10.68065,-76.25992,2
1983,-10.40694,-76.46167,1
1983,-10.40349,-77.39672,2
1983,-10.39306,-76.44056,1
1983,-10.39221,-76.87211,1
1983,-10.34291,-76.29196,7
1983,-10.27167,-76.38889,1
1983,-9.92948,-76.23974,1
1983,-9.53885,-77.58272,1
1983,-9.52992,-77.5288,4
1983,-9.31778,-75.93444,1
1983,-9.29748,-75.99631,2
1983,-9.15278,-76.89914,1
1983,-9.14742,-78.28009,1
1983,-9.03878,-77.11906,4
1983,-8.55477,-77.62927,1
1983,-8.4489,-76.32465,1
1983,-8.35,-78.4,1
1983,-8.34782,-77.3895,1
1983,-8.11182,-79.02866,2
1983,-8.08711,-79.09646,1
1983,-7.91095,-77.90746,1
1983,-7.86122,-77.94174,4
1983,-7.81562,-78.04888,4
1983,-7.62376,-78.04606,1
1983,-7.25578,-78.25976,1
1983,-7.16222,-78.51209,1
1983,-7.04656,-79.05953,1
1983,-6.87597,-79.9221,5
1983,-6.77913,-79.83942,1
1983,-6.77406,-79.84356,1
1983,-6.03477,-76.97389,1
1983,-5.84889,-79.44417,1
1983,-5.06032,-79.53696,1
1983,-2.45078,-54.70096,1
1983,-2.17083,-79.92236,1
1983,-0.21119,-78.52263,9
1983,0.34287,-76.90966,1
1983,0.35085,32.58022,1
1983,0.43595,-75.52767,2
1983,0.45539,32.52085,2
1983,0.49765,-76.49768,3
1983,0.82711,32.62775,2
1983,0.86989,-73.84191,7
1983,1.03335,-77.19998,1
1983,1.28978,-75.50634,1
1983,1.33374,-71.95269,1
1983,1.35013,-74.30302,1
1983,1.50006,-76.01663,1
1983,1.57036,-75.32731,1
1983,1.61456,-75.6053,1
1983,1.7767,-76.1736,1
1983,1.85199,-76.04698,2
1983,1.86964,-77.37043,1
1983,1.92417,-75.695,1
1983,2.02339,-75.99505,2
1983,2.0376,-76.92505,1
1983,2.03955,-77.21702,1
1983,2.04392,-72.33111,1
1983,2.05982,45.32612,1
1983,2.06472,-75.5275,1
1983,2.11319,-74.76921,2
1983,2.19673,-75.62909,1
1983,2.205,-74.57194,1
1983,2.24359,-77.01038,1
1983,2.44186,-76.60617,2
1983,2.53593,-75.52767,2
1983,2.56426,-72.63798,2
1983,2.62241,-76.56961,1
1983,2.89206,-72.13573,1
1983,2.95485,-76.26825,2
1983,3.13894,101.69132,1
1983,3.19486,-75.64591,1
1983,3.27199,-73.08775,3
1983,3.37117,-75.11226,1
1983,3.42934,-76.51604,5
1983,3.5299,-76.29801,1
1983,3.6848,-76.53004,1
1983,3.99759,-74.4995,1
1983,4.51727,-75.70608,1
1983,4.52234,-76.03639,1
1983,4.56694,-75.75026,1
1983,4.57432,-75.97467,1
1983,4.66713,-74.10606,21
1983,4.81428,-75.69456,1
1983,4.92281,-52.32698,1
1983,4.99243,-76.01866,1
1983,5.03101,-73.1038,1
1983,5.4495,-74.66791,1
1983,5.49556,-54.03083,2
1983,5.6559,-75.87712,1
1983,5.70905,-75.31102,1
1983,5.73104,-75.14205,5
1983,5.76631,-74.78024,1
1983,5.82789,-55.17622,1
1983,5.85936,-73.96559,1
1983,5.86812,-74.41592,1
1983,5.87337,-74.64024,1
1983,5.92708,-75.67168,1
1983,5.97515,-74.58614,1
1983,6.00413,-74.61223,1
1983,6.012,-75.68772,1
1983,6.09188,-75.63615,1
1983,6.1583,-73.44875,1
1983,6.16987,-75.4219,1
1983,6.24203,-75.56477,24
1983,6.2675,-75.56861,1
1983,6.28004,-75.44273,1
1983,6.31368,-73.95018,1
1983,6.31371,-73.95015,8
1983,6.31371,-73.95012,1
1983,6.33972,-73.61694,1
1983,6.44284,-73.3367,1
1983,6.45564,3.42986,1
1983,6.46052,-71.72989,2
1983,6.48508,-75.0194,1
1983,6.48927,-74.40176,4
1983,6.54731,-71.00223,1
1983,6.55194,-74.78722,1
1983,6.57223,-76.13663,2
1983,6.59845,-75.01156,1
1983,6.61891,3.30553,1
1983,6.64371,-73.65362,3
1983,6.64894,-75.46079,1
1983,6.65556,-74.26889,1
1983,6.82833,-75.51306,5
1983,6.88105,-73.41157,1
1983,6.90883,-76.35936,1
1983,6.92695,-68.52472,1
1983,6.92909,122.07885,2
1983,6.95284,-71.87514,3
1983,7.06005,-73.85312,1
1983,7.06749,-73.16942,2
1983,7.08324,125.601,1
1983,7.11629,-73.12003,12
1983,7.14266,-71.97163,1
1983,7.17204,-75.76387,3
1983,7.2161,-73.02498,1
1983,7.24389,-76.43556,1
1983,7.33333,-75.53333,1
1983,7.3735,-73.65222,1
1983,7.38408,-75.68904,1
1983,7.39002,-73.50099,1
1983,7.44797,125.81001,1
1983,7.59418,-74.81195,1
1983,7.70917,-74.75333,2
1983,7.71667,81.70019,1
1983,7.76672,-72.23333,1
1983,7.78748,-75.53575,1
1983,7.89014,-75.66967,2
1983,8.0356,-73.8834,1
1983,8.09242,-76.72738,1
1983,8.17361,-76.05917,1
1983,8.28339,-76.3834,1
1983,8.40292,-75.89987,1
1983,8.40887,-75.58191,1
1983,8.75782,80.48791,1
1983,8.99427,-79.51879,9
1983,8.99733,-73.97286,1
1983,9.26028,29.80017,1
1983,9.33729,-73.65362,1
1983,9.6664,80.02048,4
1983,9.91221,-84.13824,1
1983,9.93333,-84.08333,2
1983,10.3,-61.45,1
1983,10.4113,-74.40566,2
1983,10.41371,-75.53355,1
1983,10.47692,-73.25049,3
1983,10.83231,-73.66762,1
1983,10.9124,-83.90875,2
1983,10.91987,-83.70349,1
1983,10.92779,-72.94364,1
1983,10.93886,-83.69796,1
1983,10.94496,-83.73773,1
1983,10.94756,-83.7359,1
1983,10.98141,-74.77832,2
1983,11.01844,-84.39811,2
1983,11.08533,-85.70826,1
1983,11.13021,-84.77714,1
1983,11.15,-85.76667,1
1983,11.15446,-84.60735,1
1983,11.1733,-85.4589,1
1983,11.18815,-85.68029,1
1983,11.19755,-85.51101,1
1983,11.21821,-85.61359,1
1983,11.24204,-74.20538,1
1983,11.32716,-84.03856,2
1983,11.39431,-69.68103,1
1983,11.40255,-84.89991,1
1983,11.4293,-84.83917,1
1983,11.43889,-85.82685,1
1983,11.47816,-84.77333,3
1983,11.4879,-85.82206,1
1983,11.54409,-72.90688,1
1983,11.67633,-84.70287,1
1983,11.72747,-86.21585,1
1983,11.78808,-86.0146,1
1983,11.94838,-86.30027,1
1983,11.96667,-86.0,1
1983,12.054,-61.7486,1
1983,12.08934,-83.99889,1
1983,12.1,-85.21667,1
1983,12.1,-84.9,1
1983,12.10382,-86.26701,1
1983,12.19185,-84.10129,1
1983,12.19896,-86.7622,2
1983,12.27489,-85.8708,1
1983,12.29812,-86.59684,1
1983,12.30556,-85.55227,1
1983,12.40441,-86.61481,1
1983,12.40747,-86.48587,1
1983,12.47092,-85.65968,1
1983,12.48165,-87.17321,1
1983,12.50734,39.52007,1
1983,12.53157,-85.71128,1
1983,12.53841,-85.57392,1
1983,12.63686,-86.06014,1
1983,12.6646,-86.59978,1
1983,12.67229,-83.54513,1
1983,12.71092,-87.02386,1
1983,12.73797,-86.21399,1
1983,12.75349,-87.39039,1
1983,12.76022,-85.85018,1
1983,12.77675,-87.34012,1
1983,12.77739,-83.78403,1
1983,12.80111,-86.00833,1
1983,12.81023,-85.78664,1
1983,12.83333,-87.36667,1
1983,12.86104,-86.4442,1
1983,12.88263,-86.71939,1
1983,12.88886,-84.32539,2
1983,12.90688,-83.52416,2
1983,12.92328,-85.56681,1
1983,12.92351,-85.83966,1
1983,12.92481,-85.97294,2
1983,12.93157,-85.22411,1
1983,12.93167,-87.54888,1
1983,12.96176,-86.34428,1
1983,12.96667,-83.53333,1
1983,12.97578,-85.37352,1
1983,12.99414,-86.79305,1
1983,13.00583,-87.50278,1
1983,13.04976,-86.60061,1
1983,13.0523,-86.58912,3
1983,13.06205,-85.03206,1
1983,13.0796,-86.61748,1
1983,13.08042,-86.78973,1
1983,13.08956,-86.35436,2
1983,13.09168,-86.00031,3
1983,13.13071,-85.97168,4
1983,13.13192,-86.34574,1
1983,13.1467,-85.43885,1
1983,13.17183,-88.17024,1
1983,13.17441,-86.6126,3
1983,13.18678,-86.92316,3
1983,13.19348,-84.07246,1
1983,13.19538,-86.16764,2
1983,13.19643,-85.82687,1
1983,13.21233,-86.11056,1
1983,13.21507,-86.11,1
1983,13.22972,-85.55496,1
1983,13.23333,-86.7,1
1983,13.25231,-88.43916,1
1983,13.25389,-88.24778,6
1983,13.25888,-88.73136,1
1983,13.27417,-88.05611,3
1983,13.28444,-88.12639,1
1983,13.3,-88.81667,1
1983,13.3,-85.85,1
1983,13.3049,-86.18626,1
1983,13.31667,-88.58333,3
1983,13.31667,-88.3,1
1983,13.33053,-86.1624,1
1983,13.33332,-85.37201,2
1983,13.33796,-88.37459,1
1983,13.34103,-86.4534,1
1983,13.34432,-88.43746,4
1983,13.34583,-87.94389,1
1983,13.35,-88.95,1
1983,13.35389,-88.00944,1
1983,13.36216,-86.39801,2
1983,13.36448,-85.29338,1
1983,13.36502,-86.39846,1
1983,13.41367,-86.39816,1
1983,13.4138,-86.6111,4
1983,13.41444,-88.34363,2
1983,13.4203,-88.57131,2
1983,13.43204,-88.59224,3
1983,13.43674,-86.70308,1
1983,13.43797,-88.461,1
1983,13.44323,-86.74743,1
1983,13.4451,-88.24612,1
1983,13.44706,-88.55653,3
1983,13.45504,-86.40576,1
1983,13.46667,-88.35,1
1983,13.4726,-86.45921,1
1983,13.47417,-88.01694,1
1983,13.478,-88.33,1
1983,13.47882,-85.938,1
1983,13.48333,-88.46667,3
1983,13.48718,-88.76503,2
1983,13.49124,-88.17313,13
1983,13.49446,-88.53034,2
1983,13.49536,-88.97968,1
1983,13.49622,-87.82507,1
1983,13.5,-88.9,4
1983,13.5,-88.86667,2
1983,13.5,-88.48333,1
1983,13.5,-88.35,2
1983,13.50594,-88.89768,1
1983,13.51031,-86.09602,1
1983,13.51457,-85.24557,1
1983,13.51461,-86.02346,1
1983,13.51667,-88.38333,3
1983,13.51924,-86.1508,1
1983,13.52765,-86.06544,1
1983,13.52796,-86.71346,1
1983,13.53357,-86.28319,1
1983,13.5343,-87.48804,2
1983,13.53684,-88.78058,6
1983,13.54159,-86.63804,1
1983,13.54361,-89.21889,1
1983,13.5443,-86.16517,1
1983,13.54868,-85.78195,1
1983,13.55001,-85.78329,1
1983,13.55166,-89.04929,1
1983,13.55889,-88.43,1
1983,13.5639,-86.49257,1
1983,13.56425,-86.02984,1
1983,13.56485,-86.0283,2
1983,13.56667,-88.88333,1
1983,13.56667,-88.6,1
1983,13.57621,-86.65765,1
1983,13.5862,-88.75077,3
1983,13.59177,-86.37033,1
1983,13.59421,-88.77465,4
1983,13.59525,-88.44892,2
1983,13.6,-88.85,2
1983,13.6,-88.05,1
1983,13.6,-87.76667,1
1983,13.61177,-88.02647,2
1983,13.61667,-88.88333,1
1983,13.61667,-88.76667,1
1983,13.62472,-87.89361,1
1983,13.62679,-85.8254,1
1983,13.63113,-86.52893,4
1983,13.63325,-86.4763,1
1983,13.63333,-87.85,1
1983,13.64121,-88.78542,3
1983,13.64244,-86.30927,1
1983,13.64249,-86.30921,1
1983,13.64385,-88.87069,1
1983,13.6445,-88.83418,1
1983,13.64975,-88.979,1
1983,13.64978,-88.8088,1
1983,13.65,-88.5,1
1983,13.65,-87.13333,1
1983,13.65378,-88.68139,2
1983,13.66234,-86.43745,2
1983,13.66422,-88.66062,1
1983,13.67249,-86.37287,2
1983,13.67694,-89.27972,2
1983,13.6772,-86.3153,4
1983,13.68333,-86.7,1
1983,13.68516,-88.78764,1
1983,13.69288,-89.19916,44
1983,13.69739,-88.00725,3
1983,13.6985,-85.77846,1
1983,13.7,-88.1,1
1983,13.70134,-85.89823,1
1983,13.70196,-89.14777,5
1983,13.70262,-88.72777,1
1983,13.70374,-88.80457,3
1983,13.71313,-86.12707,2
1983,13.71667,-88.73333,1
1983,13.71667,-88.11667,1
1983,13.71882,-88.8546,1
1983,13.71889,-89.72417,1
1983,13.71955,-88.36063,1
1983,13.7229,-86.13852,1
1983,13.72322,-88.8191,1
1983,13.7235,-86.14734,1
1983,13.72392,-88.08984,1
1983,13.72964,-87.56939,2
1983,13.73333,-88.88333,2
1983,13.73389,-89.56222,1
1983,13.73611,-89.18139,1
1983,13.73864,-88.97986,1
1983,13.73876,-89.05492,3
1983,13.74472,-89.67356,1
1983,13.74556,-87.87361,2
1983,13.74639,-86.70972,1
1983,13.75,-89.16667,2
1983,13.75,-88.88333,1
1983,13.75904,-86.01722,3
1983,13.76,-88.94977,1
1983,13.76667,-88.26667,1
1983,13.7682,-88.12914,3
1983,13.76838,-88.14904,4
1983,13.77214,-88.07664,2
1983,13.77576,-89.21729,1
1983,13.77775,-88.5675,1
1983,13.78283,-89.15178,1
1983,13.78333,-88.13333,1
1983,13.78543,-88.22335,5
1983,13.78579,100.56085,1
1983,13.78842,-86.08546,1
1983,13.78944,-86.01216,1
1983,13.79713,-84.87711,1
1983,13.79833,-89.17889,1
1983,13.8,-88.86667,1
1983,13.80569,-88.14579,6
1983,13.81667,-89.03337,1
1983,13.81667,-88.21667,1
1983,13.81667,-88.15,1
1983,13.81833,-87.97139,1
1983,13.81838,-89.05735,2
1983,13.81979,-86.54587,1
1983,13.8222,-89.25389,1
1983,13.82422,-88.48519,3
1983,13.83086,-88.22637,2
1983,13.83333,-88.71667,1
1983,13.83553,-88.98546,3
1983,13.83634,-86.04642,1
1983,13.83945,-83.93208,3
1983,13.84142,-86.19393,2
1983,13.84222,-89.09694,2
1983,13.84316,-86.51628,1
1983,13.85,-88.85,1
1983,13.85,-88.3,1
1983,13.85077,-88.90406,4
1983,13.85133,-88.15621,4
1983,13.8537,-85.59315,4
1983,13.85738,-85.73339,1
1983,13.86535,-88.21334,1
1983,13.8662,-89.05615,1
1983,13.87139,-89.375,1
1983,13.87556,-89.40333,1
1983,13.87694,-89.17356,2
1983,13.88032,-86.1678,2
1983,13.88333,-88.96667,3
1983,13.88889,-88.90163,2
1983,13.89045,-89.57994,1
1983,13.89143,-86.14004,1
1983,13.89271,-88.04398,1
1983,13.89305,-89.16493,2
1983,13.9,-88.11667,1
1983,13.90668,-88.15702,5
1983,13.91,-89.06972,1
1983,13.91018,-89.04047,1
1983,13.91667,-88.23333,3
1983,13.91667,-88.13333,2
1983,13.91667,-86.01667,1
1983,13.92403,-86.08498,8
1983,13.93373,-89.02584,9
1983,13.93852,-88.90137,1
1983,13.94735,-89.12018,1
1983,13.94983,-88.14635,1
1983,13.95,98.33333,1
1983,13.95722,-89.18972,5
1983,13.96215,-88.19802,1
1983,13.96555,-88.89227,1
1983,13.96755,-89.13963,1
1983,13.97556,-89.34,1
1983,13.97941,-89.64282,1
1983,13.98148,-89.55572,6
1983,13.98897,-88.98386,1
1983,13.99778,-89.37722,1
1983,14.0,-89.8333,1
1983,14.03507,-83.38882,1
1983,14.04111,-88.93857,3
1983,14.04186,-91.52718,1
1983,14.05,-86.06667,4
1983,14.05087,-88.99462,2
1983,14.05188,-89.43571,1
1983,14.0654,-86.02414,2
1983,14.06667,-86.06667,1
1983,14.07074,-88.90545,2
1983,14.0833,-87.2167,4
1983,14.08892,-88.95783,3
1983,14.10707,-89.07286,2
1983,14.12458,-89.29317,1
1983,14.13578,-89.02977,4
1983,14.14732,-89.51969,1
1983,14.15292,-85.07312,1
1983,14.16963,-89.10269,3
1983,14.19109,-90.98207,1
1983,14.19166,-89.1706,5
1983,14.23374,-83.53886,2
1983,14.29778,-90.78694,1
1983,14.31651,-89.17139,1
1983,14.33141,-89.44239,1
1983,14.3389,-89.17827,1
1983,14.36418,-90.2048,1
1983,14.36667,-89.21667,1
1983,14.37024,-89.20957,1
1983,14.37273,-91.75388,1
1983,14.40389,-90.69861,2
1983,14.44618,-84.57569,1
1983,14.51119,-91.50876,1
1983,14.52694,-90.5875,2
1983,14.53848,-91.41574,1
1983,14.55,-91.08333,1
1983,14.55711,-83.99427,1
1983,14.56628,-90.28778,1
1983,14.5814,-85.55519,5
1983,14.59605,120.97867,2
1983,14.60296,-84.03756,1
1983,14.60986,-61.06873,4
1983,14.62287,-90.52907,35
1983,14.63253,-61.0693,1
1983,14.63486,-91.14318,1
1983,14.70208,-91.2506,2
1983,14.70728,-91.75656,1
1983,14.71889,-90.64417,1
1983,14.74189,-83.9717,1
1983,14.75258,-85.9867,1
1983,14.75879,-83.88288,1
1983,14.76667,-91.81667,1
1983,14.82138,-89.3872,1
1983,14.86874,-91.62135,1
1983,14.92716,-92.09932,1
1983,14.93096,-91.90992,1
1983,14.93399,-83.26292,1
1983,14.96526,-91.79581,2
1983,14.97934,-91.40027,1
1983,15.0845,-90.48893,1
1983,15.27205,-91.7485,1
1983,15.27555,-90.23803,1
1983,15.33874,-91.20157,1
1983,15.34356,-91.31167,1
1983,15.34789,-90.87235,1
1983,15.37536,-90.42917,1
1983,15.39848,-89.6411,1
1983,15.4,-87.8,1
1983,15.40833,-91.14722,2
1983,15.4281,-90.76953,1
1983,15.433,-87.917,1
1983,15.43333,-90.83333,1
1983,15.45,-90.66667,1
1983,15.4737,-90.37254,2
1983,15.49838,-90.98207,3
1983,15.50167,-88.02774,8
1983,15.50414,-91.39155,1
1983,15.52035,-91.1632,1
1983,15.54234,-91.16583,2
1983,15.56212,-90.4157,1
1983,15.58799,-91.67607,1
1983,15.59429,-90.1495,1
1983,15.68333,-91.8,1
1983,15.72003,-88.59827,1
1983,15.76679,-86.83306,2
1983,15.80122,-91.75523,1
1983,15.80346,-91.08569,1
1983,15.88505,-61.31388,1
1983,15.92509,-90.91454,3
1983,15.92799,-90.72912,1
1983,15.98745,-90.78419,5
1983,15.98881,-90.7817,1
1983,15.99876,-61.72565,2
1983,16.02081,-61.746,1
1983,16.2411,-61.5331,6
1983,16.24652,-61.46332,1
1983,16.78312,-90.11665,3
1983,16.88778,96.14956,2
1983,16.91203,-90.29958,3
1983,16.91473,-89.86614,1
1983,16.95008,-90.61385,1
1983,17.55573,120.83872,3
1983,18.22083,-66.59015,1
1983,18.38693,-66.06113,3
1983,18.52772,-72.33284,6
1983,19.37189,-99.08662,1
1983,19.41362,-102.05278,1
1983,21.65692,82.1592,1
1983,24.89112,67.14331,4
1983,25.01126,55.06116,1
1983,25.77459,-80.2142,5
1983,26.14979,91.76393,9
1983,26.2006,92.93757,4
1983,26.44992,80.33187,1
1983,26.72357,67.76932,1
1983,27.1867,56.28167,1
1983,27.7066,68.8482,1
1983,28.58584,77.15334,8
1983,28.69007,77.21398,2
1983,29.04111,48.1375,1
1983,29.3477,47.94912,2
1983,29.40679,-98.4812,2
1983,29.59132,52.58361,1
1983,30.47664,74.51117,1
1983,30.66394,74.40179,1
1983,30.73332,76.77942,3
1983,30.89802,75.86008,1
1983,31.09061,72.35952,1
1983,31.11684,-97.72711,1
1983,31.14713,75.34122,3
1983,31.19211,34.44947,3
1983,31.21413,75.19539,1
1983,31.32602,75.57618,3
1983,31.34802,34.49109,2
1983,31.44894,74.92526,1
1983,31.50241,34.45974,6
1983,31.50547,74.34288,2
1983,31.53024,35.09416,17
1983,31.62102,35.13853,1
1983,31.63308,74.87829,6
1983,31.70434,35.19436,2
1983,31.76809,35.16094,1
1983,31.77056,35.26917,1
1983,31.7716,35.2034,13
1983,31.78019,75.45195,1
1983,31.81891,75.37635,1
1983,31.95,35.93333,6
1983,31.99596,35.27111,3
1983,32.08297,34.81189,4
1983,32.17621,34.90816,1
1983,32.18957,34.97056,1
1983,32.19459,34.9803,1
1983,32.22227,35.25351,2
1983,32.25326,35.18908,1
1983,32.31193,35.02658,1
1983,32.37578,-86.30304,1
1983,32.46062,35.30125,2
1983,32.80045,35.00158,1
1983,33.23867,35.21526,1
1983,33.26249,35.23865,1
1983,33.26615,35.21406,12
1983,33.28552,35.49913,1
1983,33.30357,44.37177,3
1983,33.37701,35.48371,10
1983,33.37925,35.35449,1
1983,33.3979,35.68503,1
1983,33.40366,35.27324,1
1983,33.43096,-94.03579,1
1983,33.47454,35.35925,1
1983,33.4925,35.58722,1
1983,33.55043,35.37096,28
1983,33.60349,35.94457,2
1983,33.61441,-93.81348,1
1983,33.6199,35.82271,6
1983,33.63456,35.67611,1
1983,33.64743,35.58733,4
1983,33.66887,35.42494,1
1983,33.70709,35.67356,1
1983,33.71436,35.76936,5
1983,33.71466,35.7697,2
1983,33.73095,35.45726,4
1983,33.74116,35.70046,2
1983,33.78559,35.5419,1
1983,33.78903,35.48074,1
1983,33.80751,35.51999,1
1983,33.81006,35.59729,2
1983,33.81573,35.8533,1
1983,33.81685,35.53604,1
1983,33.82247,35.88973,1
1983,33.82919,35.57339,1
1983,33.83276,-117.91572,1
1983,33.83897,35.55133,2
1983,33.83964,35.52709,1
1983,33.84155,35.54937,1
1983,33.85501,35.58621,1
1983,33.85772,35.56842,3
1983,33.88852,35.50351,83
1983,34.00889,36.14528,1
1983,34.01859,36.08136,1
1983,34.03492,36.22784,3
1983,34.16656,132.21885,1
1983,34.35518,35.73201,1
1983,34.41164,35.91353,1
1983,34.43809,35.83084,10
1983,34.48347,135.42352,1
1983,34.78127,135.46974,1
1983,35.16673,33.36758,2
1983,35.28134,139.6722,1
1983,35.48859,139.40767,1
1983,35.68912,139.74774,4
1983,35.72453,51.40519,8
1983,35.77216,140.32178,2
1983,35.87144,128.60145,1
1983,36.20172,37.14352,1
1983,36.50994,-4.88635,3
1983,36.52969,-6.29266,1
1983,36.539,-4.62435,2
1983,36.84683,-76.28507,1
1983,37.08899,-8.25228,1
1983,37.20898,-93.29156,1
1983,37.99749,23.76273,10
1983,38.39565,27.13564,1
1983,38.52452,-8.89307,1
1983,38.64286,-9.1065,1
1983,38.68635,-9.14866,1
1983,38.7253,-9.15004,4
1983,38.90864,-77.01538,6
1983,39.16363,-86.48251,1
1983,39.74434,-8.80725,1
1983,39.93077,32.76754,1
1983,40.4656,-3.69626,11
1983,40.69713,-73.93135,5
1983,40.70991,-73.62279,1
1983,40.71402,-73.559,1
1983,41.10618,28.68986,3
1983,41.34778,26.49313,1
1983,41.40064,2.15091,7
1983,41.59137,9.27831,1
1983,41.6134,2.65736,1
1983,41.65628,-0.87653,2
1983,41.76332,-72.67407,1
1983,41.7853,8.98041,1
1983,41.89096,12.49007,4
1983,41.91889,8.73755,43
1983,41.93061,8.74291,12
1983,41.9818,2.8237,1
1983,42.00501,8.92008,2
1983,42.30865,-83.48216,1
1983,42.30941,9.14902,1
1983,42.33168,-83.04792,2
1983,42.34089,-3.69976,3
1983,42.4409,-3.49481,4
1983,42.63185,9.35839,1
1983,42.7,9.44732,9
1983,42.78684,-73.97152,1
1983,42.81537,-1.65362,5
1983,42.83094,-1.60878,1
1983,42.84964,-2.69236,4
1983,42.87673,-2.70192,1
1983,43.0013,-1.89192,1
1983,43.03289,-2.41135,1
1983,43.03871,-76.07379,1
1983,43.04708,-2.2046,1
1983,43.0542,-2.17812,1
1983,43.09146,-0.04573,1
1983,43.09581,-75.24276,1
1983,43.13698,-2.07391,1
1983,43.17999,-2.90251,4
1983,43.1839,-2.26547,1
1983,43.25843,-2.92182,16
1983,43.26745,-2.02017,1
1983,43.26755,-1.97581,4
1983,43.27138,-2.04993,1
1983,43.28036,-2.17159,1
1983,43.29162,-1.9779,21
1983,43.29648,5.36978,11
1983,43.30326,-2.20436,1
1983,43.31131,-1.9009,3
1983,43.31137,-3.05595,1
1983,43.32066,-3.02025,1
1983,43.32412,-1.92986,1
1983,43.32524,-3.01148,2
1983,43.33823,-1.78927,1
1983,43.35361,-2.90746,2
1983,43.3594,-1.76615,1
1983,43.37087,-8.39584,2
1983,43.38805,-1.66306,1
1983,43.41148,-3.41248,1
1983,43.42042,-2.72216,2
1983,43.49295,-1.47484,1
1983,43.52974,5.44743,7
1983,43.54526,-5.66193,2
1983,43.60465,1.44421,5
1983,44.63806,-123.5775,1
1983,44.81861,20.46806,1
1983,45.07264,4.84765,1
1983,45.07273,7.67954,1
1983,45.46921,9.17451,2
1983,45.50867,-73.55399,1
1983,45.5118,-122.67563,1
1983,46.89426,-99.29999,1
1983,46.94792,7.44461,2
1983,47.4618,7.99822,1
1983,47.65724,-117.34169,1
1983,47.97658,-122.20642,1
1983,48.80229,9.80272,1
1983,48.82348,2.26451,1
1983,48.85664,2.34233,22
1983,49.61162,6.13194,1
1983,49.97131,8.34542,1
1983,50.11797,8.64419,1
1983,50.73267,7.0963,1
1983,50.83643,4.36742,8
1983,51.50439,-0.14004,17
1983,52.37022,4.89517,1
1983,52.50153,13.40185,2
1983,53.36168,-6.24548,2
1983,54.05222,-7.8032,1
1983,54.07731,-6.60879,6
1983,54.08188,-5.94714,1
1983,54.10033,-7.32046,1
1983,54.10153,-6.52644,1
1983,54.10281,-6.25941,1
1983,54.10344,-6.19359,3
1983,54.18064,-6.41052,1
1983,54.18305,-6.34139,3
1983,54.22416,-6.68084,1
1983,54.25004,-6.70362,2
1983,54.2557,-5.9488,2
1983,54.26293,-5.92523,1
1983,54.29215,-7.66984,1
1983,54.32863,-5.71667,2
1983,54.34383,-7.63187,1
1983,54.34754,-6.65611,14
1983,54.37982,-6.018,1
1983,54.41442,-6.97664,1
1983,54.42071,-6.44377,1
1983,54.43344,-6.88825,1
1983,54.45097,-6.79434,1
1983,54.46284,-7.02694,4
1983,54.46337,-6.3286,4
1983,54.48922,-6.92088,1
1983,54.50853,-6.76313,3
1983,54.51569,-6.05572,2
1983,54.52125,-7.7248,1
1983,54.53671,-6.70361,1
1983,54.53898,-7.05291,1
1983,54.55342,-6.00331,1
1983,54.59241,-6.7702,1
1983,54.59456,-6.93139,2
1983,54.6003,-7.2984,2
1983,54.60383,-7.16899,1
1983,54.60771,-5.95621,49
1983,54.62486,-7.10829,1
1983,54.64586,-6.74515,3
1983,54.65548,-5.67482,2
1983,54.67325,-7.62748,1
1983,54.68482,-5.96587,1
1983,54.70672,-7.59287,2
1983,54.71338,-6.21676,1
1983,54.71744,-7.23257,1
1983,54.78772,-6.49231,3
1983,54.78808,-7.47303,2
1983,54.81916,-7.46791,4
1983,54.83265,-6.60174,1
1983,54.84282,-6.66773,2
1983,54.88858,-6.35796,1
1983,54.95382,-6.48,1
1983,55.01156,-7.31204,10
1983,55.86563,-4.25722,1
1983,59.33279,18.06449,1
1983,64.13534,-21.89521,1
1984,-53.15461,-70.91694,4
1984,-45.86789,-67.49991,1
1984,-41.4729,-72.9369,1
1984,-41.28654,174.77628,1
1984,-40.15553,-71.3542,1
1984,-39.82008,-73.2454,3
1984,-38.95187,-68.05908,2
1984,-38.73413,-72.58465,1
1984,-37.99757,-57.54823,1
1984,-37.4728,-72.35445,1
1984,-37.10138,-72.32534,2
1984,-37.02966,-73.14445,1
1984,-36.93456,-73.02202,1
1984,-36.81898,-73.05032,1
1984,-36.81601,-73.03766,40
1984,-36.77654,-73.15832,1
1984,-36.74815,-73.11232,5
1984,-36.60928,-72.10206,3
1984,-35.67515,-71.54297,1
1984,-35.51235,-71.57383,1
1984,-35.5,-71.31667,1
1984,-35.43058,-71.65762,1
1984,-34.986,-71.24155,4
1984,-34.96778,-71.37889,1
1984,-34.9213,-57.95433,7
1984,-34.89115,-56.18721,4
1984,-34.68631,-58.52847,6
1984,-34.61768,-58.44444,14
1984,-34.17033,-70.74082,11
1984,-33.9585,25.60068,2
1984,-33.71135,-70.85482,1
1984,-33.68607,-71.21663,3
1984,-33.61667,-70.56667,2
1984,-33.58374,-71.61307,6
1984,-33.58333,-70.7,3
1984,-33.51667,-70.76667,4
1984,-33.51132,-70.7537,1
1984,-33.46912,-70.642,15
1984,-33.36624,-70.5053,335
1984,-33.05012,-71.61225,45
1984,-33.04482,-71.37347,1
1984,-33.04184,-71.43846,4
1984,-33.03485,-71.56781,1
1984,-33.01069,-71.52779,29
1984,-32.95105,-60.66636,1
1984,-32.92402,-71.52367,1
1984,-32.91775,-68.83214,2
1984,-32.89027,-68.84403,3
1984,-32.88034,-71.24981,2
1984,-31.63237,-60.69936,1
1984,-31.3993,-64.18213,7
1984,-30.03411,-51.21784,1
1984,-29.9533,-71.3436,3
1984,-29.9069,-71.25103,2
1984,-29.86182,31.00829,15
1984,-29.79428,30.61133,1
1984,-29.75086,30.98335,1
1984,-29.60144,30.3767,1
1984,-29.23565,26.72588,1
1984,-29.15628,31.40762,2
1984,-29.1159,26.21981,2
1984,-28.0081,30.05587,1
1984,-27.98299,26.7199,1
1984,-27.13241,31.9987,2
1984,-26.5309,29.98449,2
1984,-26.4588,32.22885,1
1984,-26.4565,29.46492,1
1984,-26.32875,31.1439,1
1984,-26.31468,27.82831,1
1984,-26.2527,27.87028,7
1984,-26.21385,28.16708,1
1984,-26.19964,32.13837,1
1984,-26.18411,28.03323,11
1984,-26.1601,27.87281,2
1984,-26.09584,27.75859,1
1984,-25.96819,32.59783,1
1984,-25.89197,32.60513,3
1984,-25.71832,28.4088,1
1984,-25.66136,27.24756,2
1984,-25.28277,-57.63561,1
1984,-23.65019,-70.40002,2
1984,-23.55071,-46.63348,2
1984,-22.56734,17.08327,1
1984,-22.2758,166.458,6
1984,-22.21678,30.00004,1
1984,-21.61213,165.40097,1
1984,-20.6881,164.94353,1
1984,-20.66611,164.39754,1
1984,-20.64062,-65.20698,1
1984,-20.34934,164.42735,1
1984,-20.07919,30.83841,1
1984,-19.92425,-43.93534,1
1984,-19.57217,-65.75499,2
1984,-19.24852,17.70146,2
1984,-19.04794,-65.25954,1
1984,-18.62362,17.51684,4
1984,-18.47732,-70.31453,2
1984,-18.27871,18.46233,1
1984,-17.91894,19.76737,1
1984,-17.9159,15.09349,1
1984,-17.9051,15.97581,4
1984,-17.79,15.70629,6
1984,-17.78322,-63.18204,1
1984,-17.77788,-69.95951,3
1984,-17.51439,15.95374,1
1984,-17.34212,-63.25575,1
1984,-16.50932,-68.10434,8
1984,-16.4095,-71.53738,2
1984,-16.13469,33.63869,1
1984,-16.07556,-71.1775,1
1984,-15.84065,-70.02789,6
1984,-15.82609,-47.92232,1
1984,-15.81867,-69.96899,1
1984,-15.73045,-72.10801,2
1984,-15.53444,-72.94556,1
1984,-15.50729,-71.44292,1
1984,-15.50726,-71.44286,1
1984,-15.33194,-73.03194,1
1984,-15.23439,-69.52733,1
1984,-15.15556,-73.98139,2
1984,-15.01699,-73.78042,2
1984,-14.91922,13.48991,1
1984,-14.75023,-74.38224,1
1984,-14.69409,-74.12421,1
1984,-14.62231,-74.23343,1
1984,-14.38528,-73.96261,1
1984,-14.31884,-74.37817,5
1984,-14.29083,-73.96667,1
1984,-14.21708,-71.4314,1
1984,-14.11667,-74.18333,1
1984,-14.11667,-72.56667,1
1984,-14.07492,-72.4743,1
1984,-14.06347,-75.72938,2
1984,-14.05464,-73.08841,1
1984,-13.92139,-73.90528,5
1984,-13.92,-74.33389,3
1984,-13.86809,-73.66747,2
1984,-13.84984,-73.95066,2
1984,-13.84359,-74.37256,1
1984,-13.79879,-72.07296,1
1984,-13.79667,-73.98806,2
1984,-13.77278,-73.32556,2
1984,-13.75,-72.55,1
1984,-13.73107,-75.20542,1
1984,-13.62938,-74.12813,1
1984,-13.61079,-74.53222,1
1984,-13.60536,-73.96719,1
1984,-13.60442,-74.7535,1
1984,-13.58914,-73.99518,1
1984,-13.58503,-74.352,1
1984,-13.53169,-71.96692,4
1984,-13.518,-72.57466,1
1984,-13.46504,-74.10045,2
1984,-13.27589,-73.87574,1
1984,-13.25361,-73.29944,1
1984,-13.18361,-73.90624,1
1984,-13.18028,-73.59917,1
1984,-13.17139,-73.90694,1
1984,-13.16387,-74.22356,4
1984,-13.15271,-74.21863,59
1984,-13.13595,-74.41011,1
1984,-13.13236,-74.3335,1
1984,-13.12389,-74.32111,3
1984,-13.11675,-73.69036,1
1984,-13.11664,-74.96672,2
1984,-13.11661,-73.69041,2
1984,-13.1124,-74.09923,1
1984,-13.06217,-73.94203,1
1984,-13.05694,-74.21361,1
1984,-13.04917,-74.13861,1
1984,-13.04916,-74.41272,1
1984,-13.03681,-72.0357,1
1984,-13.02634,-73.73679,1
1984,-13.01455,-74.4449,1
1984,-13.01262,-73.9809,3
1984,-13.01131,-74.17345,1
1984,-13.01124,-74.17345,1
1984,-12.99238,-74.20839,2
1984,-12.98971,-74.7205,2
1984,-12.98333,-74.18333,1
1984,-12.94815,-74.02084,4
1984,-12.93978,-74.24748,5
1984,-12.91667,-73.83333,2
1984,-12.89946,-74.27515,3
1984,-12.88206,-74.02037,1
1984,-12.8418,-74.5708,1
1984,-12.80559,-74.3899,1
1984,-12.78818,-74.35914,1
1984,-12.78715,-74.97321,27
1984,-12.78639,-74.97556,2
1984,-12.78431,-74.20546,1
1984,-12.76554,15.73286,1
1984,-12.76139,-75.82972,1
1984,-12.73861,-74.38698,5
1984,-12.7275,-74.125,1
1984,-12.6891,-74.40378,1
1984,-12.68417,-72.64,2
1984,-12.68306,-73.8725,1
1984,-12.5971,-73.83088,1
1984,-12.595,-74.37143,1
1984,-12.57906,-74.22893,1
1984,-12.57773,-74.88599,1
1984,-12.53017,-74.21701,1
1984,-12.51842,-74.37366,1
1984,-12.51197,-73.85908,2
1984,-12.50556,-74.46056,1
1984,-12.4095,-73.90801,1
1984,-12.19852,-76.21858,1
1984,-12.13068,-76.21641,1
1984,-12.06831,-75.21016,14
1984,-12.05093,-77.12604,1
1984,-12.05092,-77.14348,1
1984,-12.04419,-75.25337,1
1984,-12.00338,-76.91842,7
1984,-11.96737,-76.97846,141
1984,-11.91848,-75.31289,3
1984,-11.90037,-74.6,1
1984,-11.87827,-77.12659,2
1984,-11.82222,-75.39295,1
1984,-11.78611,-75.71778,1
1984,-11.72237,-75.08265,1
1984,-11.56858,-77.26966,1
1984,-11.52049,-75.89978,2
1984,-11.5192,-75.89914,1
1984,-11.49553,-77.20719,1
1984,-11.41941,-75.68907,1
1984,-11.34908,-75.62827,1
1984,-10.68359,-76.25621,1
1984,-10.68065,-76.25992,3
1984,-10.67872,-76.26074,1
1984,-10.63576,-75.94962,1
1984,-10.52988,-76.59842,2
1984,-10.51583,-77.69806,1
1984,-10.4663,-76.5369,1
1984,-10.4421,-76.18945,1
1984,-10.40361,-77.39639,1
1984,-10.40349,-77.39672,1
1984,-10.37111,-77.32083,1
1984,-10.34291,-76.29196,3
1984,-10.27206,-76.3885,1
1984,-10.27167,-76.38889,1
1984,-10.23059,16.9672,1
1984,-10.13498,-76.20035,1
1984,-10.08849,-77.47518,1
1984,-10.07754,-76.6293,2
1984,-10.05513,-77.5363,1
1984,-10.02341,-76.68016,1
1984,-9.92948,-76.23974,3
1984,-9.90863,-76.53864,1
1984,-9.68571,14.42702,1
1984,-9.53954,-76.68572,1
1984,-9.53885,-77.58272,1
1984,-9.39239,-76.72004,3
1984,-9.37461,-76.54882,1
1984,-9.32505,-77.56194,1
1984,-9.29748,-75.99631,4
1984,-9.21495,-76.213,2
1984,-9.20442,-77.61889,3
1984,-9.16269,-77.36618,1
1984,-9.1388,-78.1829,1
1984,-9.11079,13.68697,1
1984,-9.08981,-76.0947,1
1984,-9.0634,-78.58361,2
1984,-9.03824,-76.95274,1
1984,-9.0378,-76.95258,1
1984,-8.99311,-78.08515,1
1984,-8.87222,-77.89361,1
1984,-8.83884,13.23558,2
1984,-8.79167,-76.24972,1
1984,-8.77056,-78.12389,1
1984,-8.74875,-76.22388,1
1984,-8.48661,-76.3876,1
1984,-8.45925,-76.46199,1
1984,-8.4489,-76.32465,1
1984,-8.18885,-76.51084,1
1984,-8.11182,-79.02866,3
1984,-7.98189,112.6265,1
1984,-7.61837,15.72179,1
1984,-7.18906,-79.5136,1
1984,-7.16222,-78.51209,1
1984,-6.87597,-79.9221,9
1984,-6.77913,-79.83942,1
1984,-6.77406,-79.84356,1
1984,-6.03477,-76.97389,3
1984,-5.19704,-80.62662,2
1984,-4.38917,15.33762,3
1984,-4.34641,138.09448,1
1984,-2.17083,-79.92236,4
1984,-0.73712,-78.11083,13
1984,-0.46442,-77.89038,1
1984,-0.21119,-78.52263,3
1984,0.35085,32.58022,2
1984,0.86989,-73.84191,2
1984,0.87258,-75.61973,1
1984,1.33823,-77.59262,1
1984,1.61456,-75.6053,6
1984,1.68731,31.71385,1
1984,1.70085,-76.57288,1
1984,1.72614,-77.2453,1
1984,1.80488,-75.89077,1
1984,1.85199,-76.04698,1
1984,2.0376,-76.92505,2
1984,2.05982,45.32612,1
1984,2.06946,-75.96557,1
1984,2.17833,-76.7625,1
1984,2.19673,-75.62909,3
1984,2.38855,-75.5468,1
1984,2.53593,-75.52767,5
1984,2.57778,-75.83083,1
1984,2.58411,-75.45187,1
1984,2.85,-76.31667,3
1984,2.95485,-76.26825,2
1984,3.00879,-76.4859,1
1984,3.0358,-76.40833,1
1984,3.06695,-75.13872,1
1984,3.17388,-76.25945,3
1984,3.25328,-76.22822,2
1984,3.27199,-73.08775,1
1984,3.41866,-76.24198,1
1984,3.42934,-76.51604,6
1984,3.5299,-76.29801,1
1984,3.58375,-76.49573,1
1984,3.6498,-76.56866,1
1984,3.65667,-76.68833,1
1984,3.7246,-75.4841,1
1984,4.54,-75.07694,1
1984,4.66713,-74.10606,40
1984,4.72288,-76.11931,1
1984,4.74871,-75.91319,1
1984,4.75923,-74.38032,1
1984,4.85535,31.56778,1
1984,4.94117,-72.7426,1
1984,5.08414,-75.7903,1
1984,5.19688,-73.14554,2
1984,5.34087,-76.14594,1
1984,5.45394,-73.36205,1
1984,5.45944,-74.33806,1
1984,5.54612,120.81843,1
1984,5.73104,-75.14205,1
1984,5.80299,-73.97168,1
1984,5.82789,-55.17622,1
1984,5.85936,-73.96559,1
1984,5.97515,-74.58614,4
1984,6.01272,-73.6719,1
1984,6.05046,121.01224,1
1984,6.05721,-73.48218,1
1984,6.21663,-73.56668,1
1984,6.21841,125.06947,1
1984,6.21906,-73.81111,2
1984,6.23337,-73.74993,1
1984,6.24203,-75.56477,25
1984,6.2675,-75.56861,5
1984,6.27995,-75.44271,1
1984,6.31371,-73.95015,3
1984,6.34053,-75.56223,2
1984,6.36274,-75.63868,1
1984,6.38337,-75.28326,1
1984,6.46052,-71.72989,1
1984,6.48927,-74.40176,2
1984,6.49249,-71.55696,1
1984,6.52393,-73.62332,1
1984,6.70578,121.97211,1
1984,6.71961,-75.90703,2
1984,6.76949,122.44719,1
1984,6.82833,-75.51306,2
1984,6.82835,-75.51307,1
1984,6.88105,-73.41157,1
1984,6.89852,-76.17332,1
1984,6.92909,122.07885,3
1984,6.94184,79.86169,4
1984,6.95284,-71.87514,3
1984,7.00083,80.77333,1
1984,7.02104,-75.90933,1
1984,7.06005,-73.85312,2
1984,7.06253,-73.08581,3
1984,7.07786,-74.70355,1
1984,7.08071,-74.70101,1
1984,7.08324,125.601,2
1984,7.08582,-70.75779,1
1984,7.1075,125.9095,1
1984,7.11629,-73.12003,8
1984,7.21939,81.84976,1
1984,7.37658,-72.64831,2
1984,7.39002,-73.50099,1
1984,7.44053,-77.11891,2
1984,7.44797,125.81001,1
1984,7.73311,81.68882,1
1984,7.8189,123.36647,1
1984,7.82846,123.43661,1
1984,7.88232,-76.63063,1
1984,7.97232,124.34486,1
1984,7.9878,-75.19709,1
1984,7.99221,-76.63719,1
1984,8.08327,-73.2245,1
1984,8.09242,-76.72738,1
1984,8.17361,-76.05917,1
1984,8.23342,-73.35331,1
1984,8.50099,-75.50833,1
1984,8.57783,81.21872,1
1984,8.6312,-75.39734,1
1984,8.63305,126.09584,1
1984,8.6656,80.29624,1
1984,8.73816,80.47715,1
1984,8.75,-75.88335,5
1984,8.75396,80.50169,1
1984,8.78975,-76.34391,1
1984,8.8855,80.27673,1
1984,8.94585,-75.44361,1
1984,8.96404,80.78794,2
1984,8.98012,79.91246,2
1984,8.99427,-79.51879,2
1984,8.9984,80.95186,1
1984,9.03222,-75.23861,1
1984,9.07724,126.19783,1
1984,9.26028,29.80017,1
1984,9.26709,80.81425,3
1984,9.2948,29.78914,1
1984,9.38029,80.377,1
1984,9.55694,44.07414,1
1984,9.58101,-75.03555,1
1984,9.65907,80.13169,1
1984,9.66123,80.02558,1
1984,9.6664,80.02048,24
1984,9.69789,79.86048,1
1984,9.74153,80.03393,1
1984,9.76808,-74.71734,1
1984,9.78333,80.03333,1
1984,9.81525,80.03705,1
1984,9.81657,122.6021,1
1984,9.82092,80.20004,1
1984,9.82486,80.23635,3
1984,9.85671,-75.02197,1
1984,9.93333,-84.08333,1
1984,9.99955,29.39875,1
1984,10.22817,-67.47245,1
1984,10.29533,123.87825,1
1984,10.48283,-66.96213,2
1984,10.5208,122.80188,1
1984,10.53013,-84.47956,1
1984,10.63065,-85.44008,1
1984,10.63213,-74.92172,1
1984,10.66925,122.94905,1
1984,10.74447,-75.2414,1
1984,10.89209,-84.78599,2
1984,10.91987,-83.70349,1
1984,10.94496,-83.73773,2
1984,10.94756,-83.7359,1
1984,10.98141,-74.77832,1
1984,10.98464,-84.32356,1
1984,11.01844,-84.39811,1
1984,11.06667,-85.1,1
1984,11.13235,-84.35579,2
1984,11.13685,-85.35445,1
1984,11.1488,-85.33946,1
1984,11.19755,-85.51101,1
1984,11.21821,-85.61359,1
1984,11.24204,-74.20538,1
1984,11.29733,-85.88958,1
1984,11.32716,-84.03856,6
1984,11.33812,-85.85298,1
1984,11.43857,-85.93697,1
1984,11.47816,-84.77333,1
1984,11.49819,-83.91111,1
1984,11.51324,-83.77986,1
1984,11.58331,-84.01668,1
1984,11.58333,-84.01667,1
1984,11.59515,-83.65906,1
1984,11.67633,-84.70287,1
1984,11.68333,-84.95,1
1984,11.6959,-84.44615,1
1984,11.70162,-84.33058,1
1984,11.7219,-86.04827,2
1984,11.73333,-84.35,1
1984,11.76246,-85.96379,1
1984,11.81788,-86.51557,3
1984,11.81788,-85.03364,1
1984,11.85944,-86.23032,1
1984,11.88111,-83.80874,1
1984,11.94972,-86.12869,1
1984,11.95,-85.21667,1
1984,11.95697,-84.39476,1
1984,11.98895,-86.08736,1
1984,11.99159,-83.68645,4
1984,12.03055,39.04685,1
1984,12.07083,-86.48194,2
1984,12.08308,-83.947,1
1984,12.08677,-83.74916,2
1984,12.12669,15.0284,1
1984,12.17609,-86.03771,1
1984,12.19896,-86.7622,1
1984,12.20008,-84.28976,1
1984,12.29812,-86.59684,1
1984,12.33333,-86.78333,1
1984,12.34294,-83.67123,1
1984,12.35967,-86.05037,1
1984,12.36667,-87.01667,1
1984,12.37573,-86.35805,1
1984,12.3989,-86.81333,3
1984,12.43257,-86.8812,1
1984,12.43398,-86.7409,1
1984,12.48165,-87.17321,10
1984,12.5092,-86.66111,1
1984,12.53841,-85.57392,1
1984,12.55368,-87.1754,1
1984,12.5745,-86.04198,1
1984,12.58093,-86.51804,2
1984,12.59166,-85.90938,1
1984,12.61667,-86.68333,1
1984,12.6321,-87.36653,1
1984,12.68872,-86.11252,3
1984,12.71092,-87.02386,1
1984,12.71321,-86.51184,1
1984,12.80001,-85.13335,2
1984,12.82022,-84.18663,1
1984,12.82166,-84.20388,2
1984,12.82227,-86.00214,1
1984,12.83333,-86.8,2
1984,12.83543,-85.46249,1
1984,12.84265,-87.38287,1
1984,12.88333,-85.58333,1
1984,12.90875,-85.95153,1
1984,12.92351,-85.83966,1
1984,12.92481,-85.97294,1
1984,12.92981,-85.91703,1
1984,12.93048,-87.06764,2
1984,12.93151,-85.22378,2
1984,12.93157,-85.22411,1
1984,12.93306,-86.34861,1
1984,12.96361,-86.81472,2
1984,12.96589,-86.23141,1
1984,12.98432,-86.9631,1
1984,12.99257,-86.03025,1
1984,12.99278,-86.03028,1
1984,13.00504,-84.37076,1
1984,13.00583,-87.50278,5
1984,13.03159,-85.64101,1
1984,13.06205,-85.03206,1
1984,13.08268,80.27072,1
1984,13.09168,-86.00031,2
1984,13.1,-85.35,1
1984,13.11274,-84.18607,1
1984,13.13071,-85.97168,5
1984,13.13192,-86.34574,2
1984,13.16888,-85.97565,1
1984,13.17318,-84.95545,1
1984,13.17441,-86.6126,1
1984,13.18678,-86.92316,2
1984,13.19538,-86.16764,1
1984,13.20005,-86.77271,1
1984,13.21759,-86.10977,1
1984,13.22923,-86.86908,2
1984,13.25389,-88.24778,1
1984,13.26944,-88.23444,1
1984,13.28254,-85.21632,1
1984,13.28841,-86.6554,1
1984,13.3,-85.85,1
1984,13.3049,-86.18626,1
1984,13.31667,-88.38333,1
1984,13.31667,-85.3,1
1984,13.33332,-85.37201,3
1984,13.33796,-88.37459,1
1984,13.34432,-88.43746,3
1984,13.35,-88.95,1
1984,13.35,-88.35,1
1984,13.36061,-86.39815,3
1984,13.36216,-86.39801,1
1984,13.36448,-85.29338,3
1984,13.36713,-85.67232,1
1984,13.37984,-86.48075,3
1984,13.38333,-88.75,1
1984,13.40332,-86.69235,1
1984,13.4138,-86.6111,1
1984,13.4138,-86.5419,1
1984,13.41444,-88.34363,3
1984,13.41667,-88.5,1
1984,13.4203,-88.57131,2
1984,13.43204,-88.59224,7
1984,13.4451,-88.24612,1
1984,13.44706,-88.55653,8
1984,13.45327,-86.02963,2
1984,13.45396,-85.64027,1
1984,13.45504,-86.40576,2
1984,13.45832,-86.39853,1
1984,13.47556,-88.22139,1
1984,13.478,-88.33,1
1984,13.48082,-86.58208,1
1984,13.48333,-88.46667,4
1984,13.48864,-87.89424,3
1984,13.49124,-88.17313,9
1984,13.49446,-88.53034,5
1984,13.5,-88.48333,1
1984,13.5,-88.35,1
1984,13.50363,-86.20454,1
1984,13.51031,-86.09602,1
1984,13.51667,-88.38333,3
1984,13.53333,-88.38333,1
1984,13.53333,-88.35,1
1984,13.53357,-86.28319,2
1984,13.54204,-85.53942,2
1984,13.5443,-86.16517,2
1984,13.55,-88.41667,1
1984,13.55707,-88.34943,1
1984,13.55889,-88.43,2
1984,13.56425,-86.02986,1
1984,13.56425,-86.02984,2
1984,13.58333,-86.27607,1
1984,13.5862,-88.75077,4
1984,13.59525,-88.44892,3
1984,13.6,-88.85,2
1984,13.6,-88.33333,1
1984,13.61128,-84.86688,2
1984,13.61274,-87.95737,1
1984,13.61667,-88.88333,1
1984,13.61667,-88.4,1
1984,13.61704,-86.27853,1
1984,13.62679,-85.8254,2
1984,13.63325,-86.4763,1
1984,13.64121,-88.78542,4
1984,13.64244,-86.30927,1
1984,13.64249,-86.30921,1
1984,13.6451,-88.78307,1
1984,13.6527,-86.61281,1
1984,13.66234,-86.43745,2
1984,13.66367,-88.17201,1
1984,13.66667,-89.26667,1
1984,13.66667,-88.78333,1
1984,13.6667,-88.20826,1
1984,13.674,-86.17156,1
1984,13.6772,-86.3153,1
1984,13.68317,-84.57251,1
1984,13.68333,-86.7,1
1984,13.69288,-89.19916,50
1984,13.7,-88.1,3
1984,13.70196,-89.14777,1
1984,13.70262,-88.72777,1
1984,13.7067,-86.25782,1
1984,13.71299,-90.0315,1
1984,13.71882,-88.8546,1
1984,13.71955,-88.36063,3
1984,13.72322,-88.8191,2
1984,13.73333,-88.88333,1
1984,13.73335,-89.21667,2
1984,13.73864,-88.97986,1
1984,13.73876,-89.05492,1
1984,13.74556,-87.87361,1
1984,13.75222,-89.4775,1
1984,13.75904,-86.01722,1
1984,13.76,-88.94977,1
1984,13.76667,-88.75,2
1984,13.76667,-88.26667,5
1984,13.76767,122.97652,1
1984,13.7682,-88.12914,1
1984,13.77214,-88.07664,1
1984,13.77695,-85.40786,1
1984,13.77775,-88.5675,1
1984,13.78111,-89.11861,1
1984,13.78484,-87.83556,1
1984,13.79833,-89.17889,1
1984,13.80849,-88.40907,2
1984,13.81667,-87.86667,1
1984,13.81833,-87.97139,1
1984,13.8222,-89.25389,1
1984,13.82422,-88.48519,1
1984,13.83553,-88.98546,2
1984,13.8359,-88.34754,1
1984,13.83759,-86.13571,1
1984,13.83945,-83.93208,1
1984,13.85,-88.85,1
1984,13.85077,-88.90406,7
1984,13.85738,-85.73339,1
1984,13.87458,-88.62778,1
1984,13.87694,-89.17356,5
1984,13.88333,-88.96667,2
1984,13.88694,-89.3175,1
1984,13.88889,-88.90163,1
1984,13.89271,-88.04398,1
1984,13.9,-88.21667,1
1984,13.90668,-88.15702,1
1984,13.91667,-88.23333,1
1984,13.9225,-89.15868,1
1984,13.93333,-89.16667,1
1984,13.93373,-89.02584,4
1984,13.95722,-89.18972,4
1984,13.97361,-89.21861,1
1984,13.97556,-89.34,1
1984,13.98667,-89.68111,1
1984,13.99639,-89.25528,1
1984,14.00442,-88.89551,1
1984,14.00828,-88.72895,1
1984,14.03507,-83.38882,2
1984,14.04111,-88.93857,2
1984,14.04193,-84.56154,1
1984,14.05128,-89.23239,2
1984,14.07074,-88.90545,1
1984,14.0833,-87.2167,6
1984,14.08417,-90.26611,1
1984,14.09396,-88.88928,1
1984,14.12458,-89.29317,1
1984,14.13638,-83.94407,1
1984,14.15292,-85.07312,1
1984,14.15695,-89.01148,2
1984,14.16963,-89.10269,1
1984,14.18038,-88.89227,2
1984,14.19166,-89.1706,2
1984,14.1928,-90.37484,1
1984,14.20106,-89.20915,1
1984,14.23333,-89.76667,2
1984,14.23374,-83.53886,3
1984,14.29746,-85.15155,1
1984,14.30619,-90.36307,1
1984,14.30645,-88.88019,1
1984,14.31651,-89.17139,1
1984,14.33141,-89.44239,2
1984,14.33852,-89.56383,1
1984,14.44618,-84.57569,1
1984,14.52694,-90.5875,3
1984,14.52703,-60.97892,1
1984,14.53333,-91.31667,2
1984,14.5384,-61.03519,1
1984,14.55194,-90.94222,1
1984,14.5555,-90.43904,1
1984,14.59605,120.97867,1
1984,14.60778,-90.80306,1
1984,14.62287,-90.52907,31
1984,14.67428,121.0575,1
1984,14.69172,-92.1218,1
1984,14.72278,-92.03444,2
1984,14.74189,-83.9717,2
1984,14.75,-92.0,1
1984,14.79191,-91.71342,1
1984,14.79194,-91.92056,1
1984,14.91157,-92.05489,2
1984,14.93096,-91.90992,1
1984,14.95734,-92.02612,1
1984,15.12384,-91.80563,1
1984,15.31728,75.71389,1
1984,15.40833,-91.14722,3
1984,15.4737,-90.37254,1
1984,15.48722,-91.03472,1
1984,15.49838,-90.98207,2
1984,15.50167,-88.02774,3
1984,15.51972,-91.18824,1
1984,15.54353,121.08528,1
1984,15.58799,-91.67607,1
1984,15.65397,-86.00617,1
1984,15.66889,-91.33611,3
1984,15.92509,-90.91454,2
1984,15.99876,-61.72565,1
1984,16.2411,-61.5331,6
1984,16.25,-61.28333,1
1984,16.33208,-61.45799,1
1984,16.75633,121.74904,1
1984,16.78233,-93.1062,1
1984,16.78312,-90.11665,1
1984,18.01109,-66.61418,1
1984,18.11447,-66.1696,1
1984,18.20132,-67.14512,1
1984,18.29097,-97.28842,1
1984,18.38693,-66.06113,2
1984,18.45,-66.18151,1
1984,18.79098,98.96078,1
1984,19.07598,72.87766,1
1984,19.37189,-99.08662,2
1984,21.54316,39.17491,1
1984,23.80712,91.56395,1
1984,23.94085,91.98815,3
1984,23.96448,90.57307,1
1984,24.66372,93.90627,1
1984,24.79835,93.94043,2
1984,24.89112,67.14331,1
1984,25.90627,93.72759,1
1984,26.65285,92.79252,3
1984,26.73623,93.04635,1
1984,27.0238,74.21793,1
1984,27.15361,-13.20333,1
1984,28.58584,77.15334,2
1984,28.69007,77.21398,2
1984,28.83124,76.39556,1
1984,29.05878,76.0856,2
1984,29.3477,47.94912,1
1984,29.53336,-95.11914,1
1984,29.81382,-95.3653,5
1984,29.88665,76.01961,1
1984,29.95103,-90.07142,1
1984,29.98068,76.58448,1
1984,29.99951,75.39368,1
1984,30.21099,74.94547,5
1984,30.34,76.38,2
1984,30.37818,76.7767,1
1984,30.42084,-87.21724,4
1984,30.46458,77.64073,1
1984,30.73332,76.77942,2
1984,30.81646,75.17171,1
1984,30.90096,75.85728,1
1984,30.93314,74.62248,2
1984,30.95442,74.61208,3
1984,30.96606,76.52316,1
1984,31.05213,76.1175,1
1984,31.14713,75.34122,71
1984,31.27879,34.25644,1
1984,31.32602,75.57618,1
1984,31.34696,34.30143,2
1984,31.35655,34.3269,1
1984,31.44894,74.92526,1
1984,31.50241,34.45974,7
1984,31.52462,75.90595,1
1984,31.53024,35.09416,1
1984,31.5349,75.91057,1
1984,31.55833,75.29472,1
1984,31.63308,74.87829,19
1984,31.70434,35.19436,2
1984,31.763,35.13426,1
1984,31.7716,35.2034,11
1984,31.78484,35.22461,2
1984,31.80065,75.78802,1
1984,31.81423,34.79733,1
1984,31.8186,75.2028,3
1984,31.82144,34.66517,1
1984,31.8625,35.46188,1
1984,31.90714,35.19822,2
1984,31.94495,35.07361,1
1984,31.95,35.93333,5
1984,31.9585,75.32324,1
1984,31.99596,35.27111,2
1984,32.00426,35.27655,1
1984,32.04076,75.40189,1
1984,32.05441,35.29909,1
1984,32.08297,34.81189,1
1984,32.08916,34.88382,1
1984,32.22227,35.25351,6
1984,32.4095,35.28063,1
1984,32.49609,35.49835,1
1984,32.52021,35.15196,1
1984,32.71569,-117.16172,1
1984,32.7266,74.85703,1
1984,32.77684,-96.79776,1
1984,32.78834,21.96728,1
1984,32.86787,13.18907,2
1984,32.97422,35.23297,1
1984,33.19399,35.40967,1
1984,33.26615,35.21406,10
1984,33.30357,44.37177,1
1984,33.31553,74.62248,1
1984,33.37701,35.48371,21
1984,33.37925,35.35449,2
1984,33.37934,35.35448,1
1984,33.39778,35.685,1
1984,33.41083,35.27917,2
1984,33.42889,35.51628,1
1984,33.45474,35.29723,3
1984,33.46385,35.57652,1
1984,33.52305,35.384,1
1984,33.54135,35.58622,5
1984,33.55043,35.37096,36
1984,33.59069,35.74926,1
1984,33.66887,35.42494,2
1984,33.70394,70.32865,1
1984,33.74502,-84.39167,1
1984,33.81667,35.85139,1
1984,33.83585,-118.34063,1
1984,33.86198,35.48999,1
1984,33.88852,35.50351,57
1984,33.9532,-84.54588,1
1984,34.006,71.53743,1
1984,34.09787,-118.40738,1
1984,34.12333,35.65244,1
1984,34.43809,35.83084,2
1984,34.62686,135.60098,1
1984,34.69374,135.50216,1
1984,34.70733,33.0234,2
1984,34.91786,33.633,1
1984,34.98922,137.00211,1
1984,35.16673,33.36759,1
1984,35.16674,33.36759,3
1984,35.44371,139.63803,2
1984,35.68912,139.74774,8
1984,35.72453,51.40519,10
1984,35.77216,140.32178,1
1984,35.80127,140.179,1
1984,35.86028,14.38139,1
1984,35.89333,14.50583,2
1984,35.89667,14.4625,1
1984,35.89779,14.51411,3
1984,36.20172,37.14352,1
1984,36.50994,-4.88635,2
1984,36.52969,-6.29266,1
1984,36.84683,-76.28507,3
1984,37.00252,35.32229,1
1984,37.17649,-3.59793,2
1984,37.25317,43.61223,1
1984,37.38264,-5.9963,4
1984,37.53767,43.68664,1
1984,37.57021,44.28232,1
1984,37.74963,42.17991,1
1984,37.75536,-122.44335,1
1984,37.88473,-4.77915,1
1984,37.93555,41.93683,1
1984,37.94284,23.64692,1
1984,37.99749,23.76273,27
1984,38.51891,-0.91213,1
1984,38.57098,-7.9096,1
1984,38.64496,-8.21542,3
1984,38.66087,-9.07864,1
1984,38.7253,-9.15004,6
1984,38.75212,-9.29543,1
1984,38.84324,-0.11755,1
1984,38.84803,-76.92309,1
1984,38.90864,-77.01538,3
1984,38.9767,-76.48993,1
1984,38.98816,-76.93163,1
1984,39.04303,-77.051,1
1984,39.08166,-77.15124,1
1984,39.15093,-123.2079,1
1984,39.15804,-75.52473,1
1984,39.47024,-0.3768,2
1984,39.75897,-104.8763,2
1984,40.00817,-75.13549,1
1984,40.17593,18.03042,1
1984,40.32642,-3.75899,1
1984,40.4656,-3.69626,14
1984,40.69713,-73.93135,5
1984,40.77883,-124.13517,1
1984,40.79275,-73.4163,1
1984,40.97007,-73.71223,1
1984,41.08008,-73.85865,1
1984,41.10618,28.68986,1
1984,41.11866,1.24533,1
1984,41.14997,-8.61024,1
1984,41.21278,36.89528,1
1984,41.31088,-2.05355,2
1984,41.40064,2.15091,12
1984,41.49786,-0.14928,1
1984,41.65628,-0.87653,1
1984,41.67615,8.90395,1
1984,41.85704,9.39965,1
1984,41.88333,8.78333,7
1984,41.89096,12.49007,9
1984,41.91889,8.73755,12
1984,41.93061,8.74291,40
1984,42.06658,8.7384,4
1984,42.11383,8.70155,4
1984,42.23136,-8.71245,2
1984,42.30941,9.14902,2
1984,42.4409,-3.49481,1
1984,42.45482,2.63543,1
1984,42.55474,9.42405,1
1984,42.63651,8.93705,1
1984,42.67248,21.16375,1
1984,42.69539,-1.67607,1
1984,42.7,9.44732,1
1984,42.81537,-1.65362,9
1984,42.84149,-2.51351,1
1984,42.84964,-2.69236,1
1984,42.889,-2.31529,1
1984,43.0542,-2.17812,1
1984,43.06693,-2.16739,1
1984,43.11822,-2.41336,2
1984,43.12423,5.928,4
1984,43.13039,-2.54216,1
1984,43.13453,-1.14262,1
1984,43.17521,-1.34747,1
1984,43.1782,-2.31164,1
1984,43.18154,-0.91485,1
1984,43.21519,-2.4157,1
1984,43.21664,27.91181,1
1984,43.22218,-2.88567,2
1984,43.23056,-2.84583,4
1984,43.25843,-2.92182,20
1984,43.26745,-2.02017,3
1984,43.26755,-1.97581,1
1984,43.28036,-2.17159,1
1984,43.29162,-1.9779,11
1984,43.2951,-0.3708,1
1984,43.29648,5.36978,10
1984,43.29722,-2.99167,2
1984,43.29726,-2.25685,1
1984,43.29898,-1.86226,2
1984,43.31131,-1.9009,5
1984,43.31198,-8.36549,1
1984,43.32066,-3.02025,2
1984,43.32335,-1.93043,1
1984,43.32412,-1.92986,1
1984,43.32524,-3.01148,2
1984,43.33823,-1.78927,2
1984,43.34271,-1.75897,1
1984,43.34872,-3.01009,1
1984,43.3594,-1.76615,2
1984,43.36253,-1.7915,1
1984,43.36295,-2.54464,1
1984,43.36551,-2.50334,1
1984,43.37087,-8.39584,3
1984,43.38805,-1.66306,1
1984,43.42042,-2.72216,1
1984,43.48315,-1.55863,5
1984,43.54526,-5.66193,2
1984,43.61077,3.87672,1
1984,43.61852,-116.21462,1
1984,43.71614,10.39658,1
1984,43.76873,11.2569,1
1984,44.43333,26.1,1
1984,44.831,-120.484,1
1984,45.18853,5.72452,1
1984,45.46921,9.17451,1
1984,45.51902,-123.11117,1
1984,45.60156,-121.18343,3
1984,45.76404,4.83566,10
1984,45.89922,6.12949,1
1984,46.61346,11.15706,1
1984,47.36865,8.53918,1
1984,47.5959,11.06562,1
1984,47.61079,-122.33131,4
1984,47.65716,-117.25507,1
1984,47.97658,-122.20642,2
1984,48.13913,11.58019,1
1984,48.20817,16.37382,4
1984,48.49089,9.20584,1
1984,48.58315,7.74788,1
1984,48.75235,-122.47122,1
1984,48.79628,2.42119,2
1984,48.80341,2.28799,1
1984,48.81531,2.31649,1
1984,48.83597,10.08991,1
1984,48.84765,2.20811,2
1984,48.85664,2.34233,21
1984,48.89507,2.28688,1
1984,48.90353,2.30575,1
1984,49.48468,8.47673,1
1984,49.75868,9.51748,1
1984,50.08428,8.23872,1
1984,50.11797,8.64419,6
1984,50.28355,5.91415,1
1984,50.41756,4.45101,1
1984,50.65502,5.45083,1
1984,50.73267,7.0963,2
1984,50.81952,-0.13642,1
1984,50.83643,4.36742,4
1984,50.87194,4.24994,1
1984,50.94066,6.95991,1
1984,51.05665,3.72,1
1984,51.21392,6.78069,2
1984,51.21906,4.40289,1
1984,51.50439,-0.14004,8
1984,51.96471,7.6285,1
1984,52.13108,11.63658,1
1984,52.37022,4.89517,1
1984,52.48296,-1.89359,1
1984,53.29227,-6.13603,1
1984,53.48071,-2.23438,2
1984,54.06307,-6.00698,1
1984,54.07534,-6.17954,1
1984,54.07731,-6.60879,1
1984,54.08164,-6.44878,1
1984,54.10281,-6.25941,1
1984,54.10344,-6.19359,1
1984,54.12247,-6.38886,1
1984,54.13122,-5.89584,1
1984,54.18305,-6.34139,12
1984,54.20114,-6.36113,2
1984,54.25372,-7.44106,1
1984,54.29812,-6.52129,1
1984,54.34542,-7.63636,2
1984,54.34754,-6.65611,7
1984,54.38033,-5.54798,1
1984,54.41295,-6.70206,1
1984,54.42887,-7.13241,1
1984,54.46162,-6.29124,1
1984,54.46284,-7.02694,2
1984,54.46337,-6.3286,5
1984,54.47988,-6.22845,1
1984,54.48206,-8.08824,1
1984,54.48922,-6.92088,2
1984,54.50853,-6.76313,7
1984,54.52125,-7.7248,1
1984,54.53898,-7.05291,1
1984,54.54762,-7.81769,1
1984,54.6003,-7.2984,1
1984,54.60771,-5.95621,42
1984,54.64586,-6.74515,2
1984,54.66904,-7.68166,1
1984,54.68482,-5.96587,1
1984,54.70672,-7.59287,3
1984,54.7554,-6.60603,1
1984,54.76777,-7.25111,1
1984,54.78772,-6.49231,2
1984,54.81916,-7.46791,6
1984,55.0111,-6.41122,1
1984,55.01156,-7.31204,13
1985,-41.4729,-72.9369,1
1985,-40.15553,-71.3542,1
1985,-39.82008,-73.2454,1
1985,-38.73413,-72.58465,1
1985,-38.23221,-72.35144,1
1985,-37.50593,-72.67369,1
1985,-37.09202,-73.15458,1
1985,-37.08776,-73.16021,1
1985,-37.02966,-73.14445,1
1985,-36.82379,-72.66847,2
1985,-36.81601,-73.03766,15
1985,-36.74815,-73.11232,2
1985,-36.61344,-72.95871,1
1985,-36.60928,-72.10206,1
1985,-35.84729,-71.59899,1
1985,-35.43058,-71.65762,2
1985,-34.9213,-57.95433,3
1985,-34.89115,-56.18721,2
1985,-34.68631,-58.52847,5
1985,-34.61768,-58.44444,25
1985,-34.58572,-70.99113,1
1985,-34.17033,-70.74082,8
1985,-34.01652,18.63463,1
1985,-33.98263,18.56939,1
1985,-33.98161,18.55028,1
1985,-33.9585,25.60068,2
1985,-33.94185,18.41964,10
1985,-33.86671,25.56611,1
1985,-33.76672,25.40053,1
1985,-33.68607,-71.21663,1
1985,-33.61667,-70.56667,1
1985,-33.51667,-70.76667,1
1985,-33.46912,-70.642,5
1985,-33.36624,-70.5053,132
1985,-33.0825,-71.61639,1
1985,-33.05012,-71.61225,17
1985,-33.04563,-71.62053,1
1985,-33.04482,-71.37347,5
1985,-33.04184,-71.43846,2
1985,-33.01069,-71.52779,10
1985,-33.00852,-71.25911,1
1985,-32.99189,27.86924,1
1985,-32.98577,27.86609,4
1985,-32.95105,-60.66636,1
1985,-32.92219,27.75816,1
1985,-32.88034,-71.24981,1
1985,-32.84906,27.43824,1
1985,-32.84255,27.44283,1
1985,-31.89658,26.88319,1
1985,-31.74126,-60.51126,1
1985,-31.6016,28.7775,3
1985,-31.5352,-68.53832,2
1985,-31.3993,-64.18213,2
1985,-30.05038,30.88127,3
1985,-29.96582,30.88298,6
1985,-29.95234,30.96782,1
1985,-29.9414,30.93977,1
1985,-29.91208,30.88444,1
1985,-29.9069,-71.25103,2
1985,-29.86182,31.00829,13
1985,-29.85102,30.94418,1
1985,-27.45163,-58.9862,1
1985,-26.51617,29.20328,1
1985,-26.3486,28.36469,1
1985,-26.31468,27.82831,2
1985,-26.28681,28.40086,2
1985,-26.2527,27.87028,4
1985,-26.23468,28.37037,2
1985,-26.18411,28.03323,12
1985,-26.16972,28.34554,1
1985,-26.00412,28.21116,1
1985,-25.89197,32.60513,3
1985,-25.84006,25.59322,1
1985,-25.71832,28.4088,3
1985,-25.59997,27.99932,1
1985,-25.47665,30.97889,1
1985,-25.43397,31.95257,1
1985,-25.28277,-57.63561,1
1985,-24.7829,-65.41216,1
1985,-24.65648,25.91126,1
1985,-23.65019,-70.40002,3
1985,-23.00124,29.76868,6
1985,-22.56734,17.08327,1
1985,-22.51823,29.59338,1
1985,-22.35115,30.03977,5
1985,-22.2758,166.458,6
1985,-22.19169,29.50089,1
1985,-21.6068,166.2146,1
1985,-20.2168,-70.14136,3
1985,-18.40038,36.10286,1
1985,-18.35588,26.502,1
1985,-17.96671,-67.11662,1
1985,-17.9166,15.09379,1
1985,-17.9051,15.97581,1
1985,-17.88419,15.06343,1
1985,-17.81934,23.95365,1
1985,-17.48376,16.329,1
1985,-17.43482,14.39095,1
1985,-16.50932,-68.10434,12
1985,-16.46667,-69.91667,1
1985,-16.4095,-71.53738,3
1985,-16.38798,-71.55904,1
1985,-15.60114,32.75211,1
1985,-15.4933,-70.13557,1
1985,-15.41539,28.28435,1
1985,-15.33417,-73.79056,1
1985,-15.26322,-73.20056,1
1985,-15.23439,-69.52733,1
1985,-15.18819,-72.96431,1
1985,-14.31884,-74.37817,1
1985,-14.28642,-74.8431,1
1985,-14.125,-72.16494,1
1985,-14.06347,-75.72938,1
1985,-14.04937,-74.38222,2
1985,-13.92139,-73.90528,1
1985,-13.92024,-74.33455,1
1985,-13.88343,-73.72734,1
1985,-13.84998,-73.9507,1
1985,-13.8498,-73.95056,1
1985,-13.84359,-74.37256,1
1985,-13.75542,-73.78756,11
1985,-13.66673,-73.34876,1
1985,-13.6575,-73.38333,2
1985,-13.65314,-73.95398,1
1985,-13.65311,-73.95396,1
1985,-13.60444,-75.35311,1
1985,-13.58503,-74.352,1
1985,-13.55745,-74.19566,3
1985,-13.53169,-71.96692,1
1985,-13.518,-72.57466,1
1985,-13.50882,-72.52796,1
1985,-13.48194,-73.56111,1
1985,-13.4029,-73.66961,1
1985,-13.26274,-73.38769,1
1985,-13.22528,-74.13917,1
1985,-13.16387,-74.22356,3
1985,-13.15271,-74.21863,14
1985,-13.08068,-73.84923,1
1985,-12.93978,-74.24748,2
1985,-12.91667,-73.83333,2
1985,-12.86334,-72.69301,1
1985,-12.84195,-74.57114,1
1985,-12.82594,-74.11152,1
1985,-12.78715,-74.97321,1
1985,-12.76554,15.73286,2
1985,-12.68417,-72.64,1
1985,-12.68306,-73.8725,1
1985,-12.57906,-74.22893,2
1985,-12.52028,-73.82806,1
1985,-12.51842,-74.37366,1
1985,-12.46332,-74.78775,1
1985,-12.2672,-75.17292,1
1985,-12.06831,-75.21016,9
1985,-12.05093,-77.12604,4
1985,-12.00338,-76.91842,1
1985,-11.97581,-76.7699,1
1985,-11.96737,-76.97846,167
1985,-11.91848,-75.31289,1
1985,-11.90959,-76.57844,1
1985,-11.89143,-75.38705,1
1985,-11.86707,-77.07737,1
1985,-11.84472,-76.38611,1
1985,-11.84464,-76.38612,1
1985,-11.83389,-75.47639,1
1985,-11.77503,-75.50011,2
1985,-11.49553,-77.20719,1
1985,-11.0575,-76.81889,1
1985,-11.02467,-75.40534,1
1985,-11.00231,-76.36466,1
1985,-10.92078,-76.0595,1
1985,-10.68065,-76.25992,6
1985,-10.67737,-76.26115,1
1985,-10.62075,-77.04094,1
1985,-10.40349,-77.39672,1
1985,-10.2345,-77.07158,1
1985,-10.07096,-75.55069,1
1985,-9.92984,-76.24326,1
1985,-9.92948,-76.23974,8
1985,-9.77218,-70.70793,1
1985,-9.34736,-77.1709,1
1985,-9.32853,-77.55349,2
1985,-9.29748,-75.99631,2
1985,-9.0634,-78.58361,3
1985,-9.05621,-78.57861,1
1985,-8.95065,-77.77079,1
1985,-8.75223,-76.12166,1
1985,-8.41825,20.73849,1
1985,-8.21812,114.3673,1
1985,-8.18885,-76.51084,1
1985,-8.14359,-78.4752,1
1985,-8.11182,-79.02866,1
1985,-8.09178,-78.96144,1
1985,-7.81562,-78.04888,2
1985,-7.78656,-78.14146,2
1985,-7.78583,-77.59333,1
1985,-7.59973,-78.2504,1
1985,-7.16175,-78.51279,1
1985,-6.77913,-79.83942,2
1985,-6.7766,-79.8443,1
1985,-6.77406,-79.84356,1
1985,-6.70412,-79.90623,1
1985,-5.8225,-79.51222,1
1985,-5.81526,-77.38268,1
1985,-5.22815,-75.67662,1
1985,-5.19704,-80.62662,1
1985,-4.23146,-69.93694,1
1985,-3.74367,-73.25187,3
1985,-2.17083,-79.92236,5
1985,-2.08333,-73.96667,1
1985,-0.96793,-80.70902,1
1985,-0.21119,-78.52263,4
1985,0.35085,32.58022,4
1985,0.52124,33.34721,1
1985,0.82376,-77.63491,17
1985,0.96818,-79.65172,2
1985,1.27986,103.84899,1
1985,1.70085,-76.57288,3
1985,1.85199,-76.04698,1
1985,1.89167,-76.14556,1
1985,1.97449,-75.93196,1
1985,2.0376,-76.92505,1
1985,2.03955,-77.21702,1
1985,2.19673,-75.62909,1
1985,2.24359,-77.01038,3
1985,2.44186,-76.60617,4
1985,2.51379,-76.38945,1
1985,2.53593,-75.52767,1
1985,2.56426,-72.63798,1
1985,2.63874,-76.52915,1
1985,2.71583,-76.44083,1
1985,2.75001,-76.30006,3
1985,2.85,-76.31667,3
1985,2.89242,-76.55316,1
1985,2.92556,-75.29078,1
1985,2.95485,-76.26825,1
1985,3.00879,-76.4859,2
1985,3.17388,-76.25945,1
1985,3.22425,-76.31368,1
1985,3.24114,-74.35539,1
1985,3.25328,-76.22822,1
1985,3.26178,-76.54089,3
1985,3.28723,-75.81777,1
1985,3.32222,-76.23472,4
1985,3.37246,-73.87377,1
1985,3.37583,-74.80139,1
1985,3.41866,-76.24198,1
1985,3.42063,-76.52212,1
1985,3.42934,-76.51604,38
1985,3.5299,-76.29801,3
1985,3.56375,-73.79515,1
1985,3.58375,-76.49573,7
1985,3.70018,-76.44118,1
1985,3.72857,-69.55075,2
1985,3.7496,-76.16686,1
1985,3.76299,-76.33443,1
1985,3.80089,-76.64127,3
1985,3.89744,-75.53936,1
1985,3.89972,-76.30203,3
1985,3.93111,-76.48378,1
1985,4.08581,-76.19719,2
1985,4.2045,-75.79185,2
1985,4.20515,-74.71691,1
1985,4.21194,-76.15556,1
1985,4.26889,-75.9361,2
1985,4.38363,-76.24495,1
1985,4.52869,-75.70385,2
1985,4.53581,-76.10659,1
1985,4.5981,-74.07603,1
1985,4.62999,-75.09535,1
1985,4.66713,-74.10606,89
1985,4.71298,-73.947,1
1985,4.74871,-75.91319,1
1985,4.81428,-75.69456,1
1985,4.83771,-75.66807,1
1985,4.99528,-75.81278,1
1985,5.06259,-74.61695,1
1985,5.06787,-75.51748,1
1985,5.08068,-74.487,2
1985,5.2528,-76.82596,1
1985,5.26331,-75.86969,1
1985,5.33613,-74.30354,1
1985,5.34828,-71.0832,1
1985,5.54832,-75.6441,1
1985,5.88054,-71.89239,1
1985,5.96332,-75.97872,1
1985,6.05046,121.01224,2
1985,6.09475,-69.39188,1
1985,6.10134,-73.44277,1
1985,6.11622,125.1694,1
1985,6.15367,-75.37416,1
1985,6.15782,-75.6436,1
1985,6.17255,1.23157,3
1985,6.1876,-74.99429,1
1985,6.24203,-75.56477,39
1985,6.31609,-76.13397,3
1985,6.39503,-75.25944,1
1985,6.40005,-75.25,1
1985,6.46052,-71.72989,3
1985,6.49249,-71.55696,1
1985,6.54731,-71.00223,4
1985,6.55451,-73.13328,1
1985,6.64371,-73.65362,6
1985,6.70041,121.97256,1
1985,6.75005,125.35626,1
1985,6.79223,-71.77554,1
1985,6.81429,-75.2406,1
1985,6.82833,-75.51306,1
1985,6.83191,-73.71195,1
1985,6.85595,79.86297,3
1985,6.89554,126.014,1
1985,6.92909,122.07885,1
1985,6.93186,-71.15752,1
1985,6.94184,79.86169,8
1985,6.95284,-71.87514,4
1985,7.02734,-71.42856,1
1985,7.06005,-73.85312,1
1985,7.07786,-74.70355,1
1985,7.08324,125.601,4
1985,7.10477,122.19598,1
1985,7.10577,-77.76488,1
1985,7.11629,-73.12003,3
1985,7.24389,-76.43556,1
1985,7.28997,-75.39269,1
1985,7.30176,81.67473,1
1985,7.43334,-65.33314,1
1985,7.46693,123.40832,1
1985,7.49175,-74.86818,2
1985,7.50336,81.73036,1
1985,7.528,81.47783,1
1985,7.52937,81.79461,1
1985,7.57649,-75.35033,2
1985,7.73311,81.68882,8
1985,7.75841,80.18751,1
1985,7.77541,81.60625,2
1985,7.7853,81.4279,1
1985,7.84316,81.54824,1
1985,7.85297,123.57482,1
1985,7.86778,81.51027,1
1985,7.90405,81.11547,1
1985,7.93952,81.00096,1
1985,7.97542,124.0644,1
1985,7.9878,-75.19709,2
1985,8.09242,-76.72738,3
1985,8.16667,81.21667,1
1985,8.24004,124.24477,1
1985,8.26272,80.20825,1
1985,8.28339,-76.3834,2
1985,8.30859,-73.61354,3
1985,8.34206,124.2594,1
1985,8.34519,80.38813,1
1985,8.37081,81.31931,1
1985,8.37111,81.22972,1
1985,8.40292,-75.89987,2
1985,8.40887,-75.58191,1
1985,8.41056,80.05111,1
1985,8.42188,125.8396,3
1985,8.42414,-76.7868,1
1985,8.45791,81.2684,1
1985,8.48254,124.6474,1
1985,8.48797,124.65008,1
1985,8.49973,81.09441,2
1985,8.53139,123.36437,2
1985,8.56845,-74.55436,1
1985,8.57451,-73.09339,1
1985,8.57783,81.21872,8
1985,8.58497,123.34284,1
1985,8.5922,81.1968,1
1985,8.62472,-75.95556,1
1985,8.62513,81.03268,1
1985,8.63305,126.09584,1
1985,8.63895,-72.91837,1
1985,8.74402,124.77653,2
1985,8.75782,80.48791,3
1985,8.80748,124.79012,1
1985,8.83427,80.05105,2
1985,8.86656,80.5093,1
1985,8.8855,80.27673,2
1985,8.94825,125.54111,3
1985,8.98012,79.91246,6
1985,8.9984,80.95186,1
1985,9.00412,80.57114,1
1985,9.07963,126.19874,1
1985,9.1609,-75.04788,1
1985,9.26709,80.81425,2
1985,9.31041,-75.45135,1
1985,9.31585,-75.29277,1
1985,9.31993,80.69642,2
1985,9.38029,80.377,6
1985,9.65907,80.13169,1
1985,9.6664,80.02048,21
1985,9.76242,80.0289,1
1985,9.82486,80.23635,1
1985,9.88208,-75.25447,1
1985,9.93333,-84.08333,2
1985,10.09932,122.87079,1
1985,10.14864,-73.96144,1
1985,10.23317,-65.92741,1
1985,10.26667,-75.46667,2
1985,10.29533,123.87825,3
1985,10.32104,-84.42873,1
1985,10.41662,-73.58351,1
1985,10.52695,-85.25464,1
1985,10.56628,-85.38762,1
1985,10.66925,122.94905,1
1985,10.77259,-73.00454,1
1985,10.90584,-74.17248,1
1985,10.9124,-83.90875,3
1985,10.91518,-83.68092,1
1985,10.94496,-83.73773,1
1985,10.95803,123.123,1
1985,10.98141,-74.77832,3
1985,11.01844,-84.39811,1
1985,11.09817,-83.94608,1
1985,11.11989,122.57062,1
1985,11.15,-85.76667,1
1985,11.28687,-73.09945,1
1985,11.32716,-84.03856,1
1985,11.40255,-84.89991,1
1985,11.41668,-72.26661,1
1985,11.58333,-84.01667,1
1985,11.68333,-84.95,1
1985,11.6959,-84.44615,2
1985,11.70162,-84.33058,1
1985,11.76115,-85.89394,1
1985,11.84402,-84.27144,1
1985,11.86667,-84.81667,1
1985,11.88102,-83.80853,1
1985,11.88333,-86.01667,2
1985,11.8962,-83.82561,1
1985,11.96667,-85.16667,1
1985,11.97804,-86.37649,1
1985,11.985,-86.38476,2
1985,11.98895,-86.08736,1
1985,11.99904,-84.77986,1
1985,12.0107,-83.76604,1
1985,12.03055,39.04685,1
1985,12.06867,-85.09188,1
1985,12.06988,-86.47684,2
1985,12.07083,-86.48194,1
1985,12.1,-84.9,1
1985,12.10382,-86.26701,1
1985,12.10629,-85.36452,2
1985,12.12262,-84.47239,1
1985,12.1338,-85.08763,1
1985,12.13665,-86.25077,2
1985,12.14866,-84.4081,1
1985,12.16349,-84.21894,2
1985,12.19,-86.33139,1
1985,12.21635,-85.16595,1
1985,12.21667,-84.21667,1
1985,12.26524,-85.08308,1
1985,12.26732,-85.38216,2
1985,12.29344,-84.41114,1
1985,12.29812,-86.59684,1
1985,12.30556,-85.55227,1
1985,12.34294,-83.67123,1
1985,12.36667,-87.01667,1
1985,12.36667,-84.4,1
1985,12.38105,-84.95391,1
1985,12.38663,-84.31605,1
1985,12.3989,-86.81333,2
1985,12.43656,-86.71748,1
1985,12.46778,-86.00111,1
1985,12.47092,-85.65968,1
1985,12.49272,-85.52002,8
1985,12.49532,-84.81868,1
1985,12.53345,-86.22788,1
1985,12.53841,-85.57392,2
1985,12.53891,-85.91632,1
1985,12.62138,-85.61705,1
1985,12.68154,-86.00412,1
1985,12.6841,-86.21275,1
1985,12.73272,-86.79165,1
1985,12.76015,-85.62997,1
1985,12.77739,-83.78403,1
1985,12.82227,-86.00214,1
1985,12.83543,-85.46249,1
1985,12.83618,-85.93437,1
1985,12.84803,-85.23751,1
1985,12.85713,-85.0869,1
1985,12.86334,-87.22782,1
1985,12.93157,-85.22411,1
1985,12.93194,-86.19528,1
1985,12.93333,-85.03333,2
1985,12.93808,-86.27218,4
1985,12.93954,-83.53461,1
1985,12.94672,-86.52002,1
1985,12.95,-85.16667,1
1985,12.96589,-86.23141,1
1985,12.98432,-86.9631,3
1985,12.98497,-85.11746,1
1985,13.04171,-86.90537,1
1985,13.05014,-84.58732,1
1985,13.08714,-86.35557,1
1985,13.09168,-86.00031,1
1985,13.1182,-86.22526,1
1985,13.13071,-85.97168,5
1985,13.13192,-86.34574,1
1985,13.15767,-86.37536,3
1985,13.17318,-84.95545,1
1985,13.17441,-86.6126,1
1985,13.19643,-85.82687,1
1985,13.19676,-86.60169,1
1985,13.22278,-88.13861,1
1985,13.22923,-86.86908,1
1985,13.24111,-87.96,2
1985,13.25389,-88.24778,2
1985,13.25417,-88.00417,1
1985,13.27417,-88.05611,2
1985,13.27624,-86.87844,2
1985,13.28541,-88.45722,1
1985,13.28841,-86.6554,1
1985,13.33053,-86.1624,1
1985,13.33332,-85.37201,2
1985,13.33694,-87.84389,1
1985,13.34432,-88.43746,12
1985,13.35664,-86.26401,2
1985,13.36216,-86.39801,1
1985,13.36448,-85.29338,1
1985,13.36713,-85.67232,1
1985,13.3764,-84.86509,1
1985,13.38333,-88.35,1
1985,13.38333,-87.93333,1
1985,13.41367,-86.39816,1
1985,13.4138,-86.6111,1
1985,13.41438,-88.41375,1
1985,13.41667,-88.5,6
1985,13.4275,-88.25556,1
1985,13.43204,-88.59224,1
1985,13.43591,-88.38034,1
1985,13.43797,-88.461,1
1985,13.44194,-88.15139,1
1985,13.4451,-88.24612,1
1985,13.44706,-88.55653,42
1985,13.45504,-86.40576,1
1985,13.46617,-87.88382,1
1985,13.46976,-89.08718,1
1985,13.47049,-85.80674,1
1985,13.47277,-85.76709,1
1985,13.47349,-86.23244,3
1985,13.48229,-88.71282,1
1985,13.48333,-88.46667,1
1985,13.49124,-88.17313,16
1985,13.49446,-88.53034,2
1985,13.49536,-88.97968,2
1985,13.49895,-89.06999,1
1985,13.5,-88.86667,1
1985,13.5,-88.48333,2
1985,13.5,-88.35,6
1985,13.50594,-88.89768,1
1985,13.51031,-86.09602,1
1985,13.53333,-88.38333,1
1985,13.53333,-87.15,1
1985,13.53684,-88.78058,2
1985,13.54204,-85.53942,1
1985,13.5443,-86.16517,1
1985,13.54868,-85.78195,3
1985,13.55,-88.0,1
1985,13.55707,-88.34943,1
1985,13.55889,-88.43,1
1985,13.56142,-88.68738,2
1985,13.56425,-86.02984,1
1985,13.56485,-86.0283,1
1985,13.56667,-88.93333,1
1985,13.5862,-88.75077,2
1985,13.6,-88.85,2
1985,13.61128,-84.86688,3
1985,13.61667,-85.98333,1
1985,13.61704,-86.27853,1
1985,13.62679,-85.8254,6
1985,13.63325,-86.4763,1
1985,13.63333,-88.66667,5
1985,13.64121,-88.78542,7
1985,13.66367,-88.17201,1
1985,13.66422,-88.66062,3
1985,13.66667,-89.26667,1
1985,13.66667,-88.78333,2
1985,13.6667,-88.20826,1
1985,13.67694,-89.27972,7
1985,13.6772,-86.3153,1
1985,13.69288,-89.19916,41
1985,13.69517,-84.85311,1
1985,13.69739,-88.00725,2
1985,13.7,-89.25,1
1985,13.70196,-89.14777,2
1985,13.71667,-88.93333,2
1985,13.71955,-88.36063,1
1985,13.72085,-88.9366,1
1985,13.73321,-84.77725,1
1985,13.73333,-88.88333,13
1985,13.73335,-89.21667,1
1985,13.73611,-89.18139,1
1985,13.73876,-89.05492,1
1985,13.74556,-87.87361,1
1985,13.74639,-86.70972,1
1985,13.74988,-89.19994,1
1985,13.75904,-86.01722,1
1985,13.7633,-89.0478,1
1985,13.76667,-88.75,1
1985,13.76667,-88.26667,1
1985,13.7682,-88.12914,38
1985,13.77413,-89.21252,5
1985,13.77726,-86.24909,1
1985,13.7795,-88.34904,1
1985,13.78108,-86.5534,1
1985,13.78484,-87.83556,1
1985,13.78543,-88.22335,1
1985,13.78579,100.56085,1
1985,13.78944,-86.01216,1
1985,13.79033,-88.47558,1
1985,13.79139,-87.71667,1
1985,13.79833,-89.17889,3
1985,13.80205,-87.89673,1
1985,13.80569,-88.14579,1
1985,13.80573,-85.87212,1
1985,13.8142,-88.34682,1
1985,13.81667,-88.43333,1
1985,13.81833,-87.97139,1
1985,13.81979,-86.54587,1
1985,13.8222,-89.25389,1
1985,13.82297,-88.25359,1
1985,13.82316,-86.72841,1
1985,13.82647,-86.70174,1
1985,13.82778,-89.425,1
1985,13.83086,-88.22637,1
1985,13.83415,-86.7127,1
1985,13.835,-89.27444,1
1985,13.83553,-88.98546,3
1985,13.83576,-85.86917,1
1985,13.84139,-89.74556,1
1985,13.84222,-89.09694,2
1985,13.84504,-84.67929,1
1985,13.85,-88.96667,1
1985,13.85,-88.85,1
1985,13.85,-88.3,1
1985,13.85077,-88.90406,3
1985,13.85283,-86.6853,1
1985,13.8537,-85.59315,3
1985,13.86483,-88.7494,18
1985,13.8662,-89.05615,1
1985,13.87556,-89.40333,1
1985,13.87694,-89.17356,2
1985,13.87915,-83.45851,1
1985,13.87949,-89.01261,1
1985,13.88032,-86.1678,1
1985,13.91667,-88.23333,1
1985,13.92756,-84.4046,1
1985,13.93373,-89.02584,6
1985,13.93412,-84.59281,1
1985,13.93852,-88.90137,1
1985,13.95,-87.01667,1
1985,13.95722,-89.18972,2
1985,13.96199,-89.30194,1
1985,13.96555,-88.89227,1
1985,13.96755,-89.13963,2
1985,13.98148,-89.55572,2
1985,13.99778,-89.37722,2
1985,13.99978,-89.06753,1
1985,14.0,-89.8333,1
1985,14.00828,-88.72895,1
1985,14.00929,-88.94019,1
1985,14.03507,-83.38882,1
1985,14.04111,-88.93857,13
1985,14.05087,-88.99462,1
1985,14.05188,-89.43571,1
1985,14.07074,-88.90545,1
1985,14.07369,-86.41873,1
1985,14.08892,-88.95783,1
1985,14.09396,-88.88928,1
1985,14.1,-89.43333,1
1985,14.12904,-89.65668,1
1985,14.14732,-89.51969,1
1985,14.15292,-85.07312,2
1985,14.15695,-89.01148,13
1985,14.16963,-89.10269,1
1985,14.17687,-88.92043,1
1985,14.17929,-89.04989,1
1985,14.18038,-88.89227,1
1985,14.19595,-89.15036,1
1985,14.31651,-89.17139,1
1985,14.33333,-91.01667,1
1985,14.3389,-89.17827,1
1985,14.4,-90.58333,1
1985,14.40389,-90.69861,1
1985,14.41175,-89.43479,1
1985,14.41853,-91.16084,1
1985,14.43386,-91.22718,1
1985,14.44618,-84.57569,1
1985,14.49877,-91.18834,1
1985,14.53333,-91.31667,1
1985,14.58333,-89.55,1
1985,14.59605,120.97867,4
1985,14.62287,-90.52907,22
1985,14.63029,120.31427,1
1985,14.63838,-91.23016,1
1985,14.67428,121.0575,1
1985,14.67908,120.53955,40
1985,14.7515,-89.47422,1
1985,14.7994,120.92604,1
1985,14.85383,-90.97182,1
1985,14.9,-89.51667,1
1985,14.91157,-92.05489,1
1985,14.91667,-92.0,2
1985,14.93239,-91.91359,1
1985,14.93333,-91.81667,1
1985,14.96526,-91.79581,1
1985,15.153,120.59194,1
1985,15.36566,-90.47916,1
1985,15.40833,-91.14722,2
1985,15.42583,-88.71556,1
1985,15.43528,-91.03556,1
1985,15.43784,-91.20644,1
1985,15.48722,-91.03472,1
1985,15.51167,-91.21972,1
1985,15.51972,-91.18824,2
1985,15.57528,-91.15583,1
1985,15.59181,-88.94139,1
1985,15.88988,-89.31724,1
1985,15.898,5.803,1
1985,15.92509,-90.91454,1
1985,15.99876,-61.72565,1
1985,16.20955,-61.48749,1
1985,16.2411,-61.5331,4
1985,16.33408,-90.16836,1
1985,16.41639,120.59306,1
1985,16.78312,-90.11665,1
1985,16.91203,-90.29958,1
1985,16.95008,-90.61385,1
1985,17.41262,121.44418,1
1985,17.45087,121.14999,1
1985,17.59965,120.61691,1
1985,17.79574,121.3228,1
1985,18.09374,120.76993,1
1985,18.23872,-66.03523,2
1985,18.32582,-65.65239,1
1985,18.38693,-66.06113,2
1985,18.46539,120.90065,1
1985,18.56163,121.23189,1
1985,19.37189,-99.08662,1
1985,23.0225,72.57136,1
1985,23.79128,90.4182,1
1985,23.94085,91.98815,1
1985,24.46512,54.36534,1
1985,24.64732,46.71458,2
1985,24.66372,93.90627,2
1985,24.89112,67.14331,1
1985,25.2508,55.3581,1
1985,25.5698,83.79468,1
1985,26.2006,92.93757,1
1985,26.5403,86.74838,1
1985,26.84671,80.94616,1
1985,27.41361,85.46111,1
1985,27.70875,85.3295,5
1985,28.58584,77.15334,4
1985,28.72806,80.91583,2
1985,28.98446,77.70641,1
1985,29.14919,75.72165,1
1985,29.3477,47.94912,2
1985,29.81382,-95.3653,1
1985,30.08463,31.33431,1
1985,30.21099,74.94547,1
1985,30.21099,74.94548,1
1985,30.34,76.38,1
1985,30.44334,-91.18699,2
1985,30.73332,76.77942,5
1985,31.14713,75.34122,8
1985,31.19806,29.91917,1
1985,31.27879,34.25644,1
1985,31.50547,74.34288,1
1985,31.5349,75.91057,1
1985,31.57841,35.10207,1
1985,31.63308,74.87829,2
1985,31.7716,35.2034,10
1985,31.78484,35.22461,1
1985,31.8186,75.2028,1
1985,31.9585,75.32324,1
1985,32.04076,75.40189,1
1985,32.08297,34.81189,2
1985,32.60888,35.28997,1
1985,32.71569,-117.16172,1
1985,32.76713,-96.59911,1
1985,32.79392,34.99062,5
1985,33.21461,35.46176,1
1985,33.24626,35.5001,1
1985,33.25433,35.27152,1
1985,33.26615,35.21406,4
1985,33.27306,35.30861,1
1985,33.27841,35.57881,1
1985,33.3315,35.52586,1
1985,33.35333,35.51278,1
1985,33.39778,35.685,3
1985,33.52833,35.50944,1
1985,33.54135,35.58622,3
1985,33.55043,35.37096,2
1985,33.74557,-117.86783,1
1985,33.78903,35.48074,1
1985,33.83897,35.55133,1
1985,33.86198,35.48999,2
1985,33.87738,35.53616,2
1985,33.88852,35.50351,56
1985,33.98754,-118.47215,1
1985,34.02119,-6.84115,1
1985,34.09787,-118.40738,1
1985,34.43278,35.91639,1
1985,34.43809,35.83084,6
1985,34.69374,135.50216,1
1985,34.91786,33.633,1
1985,35.16674,33.36759,5
1985,35.16674,33.3676,1
1985,35.2225,-80.83754,1
1985,35.36687,24.47473,1
1985,35.68912,139.74774,2
1985,35.72453,51.40519,3
1985,35.72681,140.34306,1
1985,35.77216,140.32178,6
1985,35.89779,14.51411,1
1985,36.20172,37.14352,1
1985,37.87404,-122.28002,1
1985,37.99749,23.76273,34
1985,38.01562,-7.86524,8
1985,38.34521,-0.481,11
1985,38.50078,-0.26461,1
1985,38.53704,-0.12908,5
1985,38.57906,-121.49101,1
1985,38.60032,-0.04917,1
1985,38.7253,-9.15004,11
1985,38.90864,-77.01538,2
1985,39.04222,-8.64309,1
1985,39.10318,-84.51198,2
1985,39.15804,-75.52473,1
1985,39.47024,-0.3768,2
1985,39.93077,32.76754,1
1985,39.97499,0.01544,1
1985,39.98607,-0.03602,2
1985,40.4656,-3.69626,12
1985,40.69713,-73.93135,7
1985,40.77874,-73.23018,1
1985,40.91646,-74.17108,1
1985,40.96497,-5.66302,1
1985,41.10618,28.68986,1
1985,41.40064,2.15091,3
1985,41.47956,-81.67546,1
1985,41.65628,-0.87653,1
1985,41.67086,-83.54385,1
1985,41.89096,12.49007,10
1985,41.91889,8.73755,34
1985,41.91959,8.73769,15
1985,42.27926,-71.1495,1
1985,42.28188,-83.74848,1
1985,42.36679,-71.10602,1
1985,42.59988,-5.57175,1
1985,42.7,9.44732,2
1985,42.81537,-1.65362,4
1985,42.84964,-2.69236,12
1985,42.95005,-2.85382,1
1985,42.97988,-2.62833,1
1985,43.04708,-2.2046,2
1985,43.05265,-3.00102,1
1985,43.06647,-2.48915,3
1985,43.07563,-2.22367,1
1985,43.10272,-2.99721,1
1985,43.16314,-1.23811,1
1985,43.16907,-2.63266,1
1985,43.1782,-2.31164,1
1985,43.1839,-2.26547,4
1985,43.1952,-2.09755,1
1985,43.21519,-2.4157,1
1985,43.22218,-2.88567,1
1985,43.23056,-2.84583,1
1985,43.25843,-2.92182,4
1985,43.26745,-2.02017,3
1985,43.2706,-2.49715,1
1985,43.29162,-1.9779,10
1985,43.29648,5.36978,1
1985,43.29722,-2.99167,1
1985,43.31131,-1.9009,2
1985,43.32066,-3.02025,2
1985,43.32412,-1.92986,4
1985,43.32524,-3.01148,1
1985,43.3282,-3.03151,3
1985,43.33823,-1.78927,1
1985,43.35914,-8.41333,1
1985,43.36551,-2.50334,2
1985,43.38805,-1.66306,1
1985,43.42042,-2.72216,1
1985,43.48315,-1.55863,1
1985,43.49295,-1.47484,2
1985,43.51667,6.93333,1
1985,43.55285,7.01737,1
1985,43.60465,1.44421,1
1985,43.66667,-79.41667,1
1985,44.43333,26.1,1
1985,44.83779,-0.57918,2
1985,45.42153,-75.69719,2
1985,45.46921,9.17451,1
1985,45.5118,-122.67563,2
1985,45.51902,-123.11117,1
1985,45.52306,-122.67648,1
1985,46.1026,7.07706,1
1985,46.19839,6.1423,5
1985,46.94792,7.44461,1
1985,47.30731,-122.22844,1
1985,48.0665,11.38016,1
1985,48.14766,1.26209,1
1985,48.20817,16.37382,4
1985,48.56137,-3.14835,3
1985,48.68564,9.01526,1
1985,48.77711,9.18077,2
1985,48.8014,2.13011,1
1985,48.80229,9.80272,2
1985,48.80498,9.21546,1
1985,48.83129,9.87858,1
1985,48.85664,2.34233,24
1985,48.88537,2.26642,1
1985,49.00808,8.40376,2
1985,49.35027,8.13792,1
1985,49.4019,8.68028,2
1985,49.5524,7.2488,1
1985,49.58518,6.22752,1
1985,49.58634,7.14141,1
1985,49.61162,6.13194,7
1985,50.08428,8.23872,1
1985,50.11797,8.64419,9
1985,50.3567,7.59962,1
1985,50.38663,8.05951,1
1985,50.39633,3.78144,1
1985,50.41243,4.44372,2
1985,50.63256,5.57967,1
1985,50.73267,7.0963,2
1985,50.83643,4.36742,13
1985,50.85304,3.50797,1
1985,50.8831,4.69961,1
1985,50.9341,4.04513,1
1985,50.94066,6.95991,4
1985,50.98904,7.03087,1
1985,51.03307,6.28332,1
1985,51.19126,6.44207,3
1985,51.21906,4.40289,1
1985,51.25176,9.40776,1
1985,51.45794,7.01483,1
1985,51.48292,7.21181,1
1985,51.50439,-0.14004,5
1985,51.51205,7.46357,2
1985,51.88146,10.56254,1
1985,51.88771,-8.58719,1
1985,51.93744,11.21601,1
1985,52.06986,4.29111,1
1985,52.37022,4.89517,2
1985,52.37207,9.73569,1
1985,52.50153,13.40185,5
1985,52.63317,7.98056,1
1985,52.76745,5.10692,1
1985,53.36168,-6.24548,1
1985,53.43025,10.37409,1
1985,53.55381,9.99159,3
1985,54.06307,-6.00698,1
1985,54.07731,-6.60879,2
1985,54.18305,-6.34139,6
1985,54.19068,-7.56295,1
1985,54.20842,-5.89174,1
1985,54.22641,-7.64905,1
1985,54.23808,-6.1612,1
1985,54.25004,-6.70362,1
1985,54.25372,-7.44106,1
1985,54.28547,-5.99831,1
1985,54.34542,-7.63636,2
1985,54.34754,-6.65611,1
1985,54.36114,-7.68888,1
1985,54.37603,-6.75996,1
1985,54.39779,-5.75391,1
1985,54.4039,-5.89406,1
1985,54.46284,-7.02694,1
1985,54.50853,-6.76313,1
1985,54.51569,-6.05572,1
1985,54.59456,-6.93139,2
1985,54.6003,-7.2984,1
1985,54.60771,-5.95621,15
1985,54.67325,-7.62748,2
1985,54.70672,-7.59287,1
1985,54.81916,-7.46791,2
1985,54.95108,-6.559,1
1985,55.01156,-7.31204,11
1985,55.67608,12.56832,4
1986,-53.15461,-70.91694,1
1986,-40.57472,-73.13192,1
1986,-37.99757,-57.54823,3
1986,-37.81319,144.96298,2
1986,-37.09202,-73.15458,1
1986,-36.81601,-73.03766,17
1986,-36.74815,-73.11232,3
1986,-35.43058,-71.65762,2
1986,-34.90004,-54.94978,1
1986,-34.89115,-56.18721,1
1986,-34.68631,-58.52847,1
1986,-34.61768,-58.44444,12
1986,-34.10559,18.47104,1
1986,-34.0877,18.45671,1
1986,-33.99657,18.47742,2
1986,-33.98263,18.56939,4
1986,-33.9585,25.60068,1
1986,-33.94185,18.41964,3
1986,-33.89969,25.57362,1
1986,-33.8672,25.56481,1
1986,-33.71135,-70.85482,1
1986,-33.61667,-70.56667,1
1986,-33.36624,-70.5053,174
1986,-33.33347,-60.21103,1
1986,-33.3024,-66.3368,2
1986,-33.05012,-71.61225,27
1986,-33.01069,-71.52779,14
1986,-32.98577,27.86609,3
1986,-32.95105,-60.66636,2
1986,-32.94926,27.73496,1
1986,-32.78892,26.83266,2
1986,-32.70847,26.29517,1
1986,-31.89658,26.88319,2
1986,-31.6518,-63.9124,1
1986,-31.6016,28.7775,2
1986,-31.52236,27.69777,1
1986,-31.3993,-64.18213,3
1986,-30.85759,29.85134,1
1986,-30.05038,30.88127,1
1986,-29.96582,30.88298,3
1986,-29.94347,30.98118,1
1986,-29.9414,30.93977,2
1986,-29.86182,31.00829,20
1986,-29.83017,30.92453,4
1986,-29.65945,22.73803,1
1986,-29.65888,30.85503,1
1986,-29.64193,30.34736,1
1986,-29.60144,30.3767,2
1986,-28.75225,31.89317,1
1986,-27.74358,29.93544,1
1986,-27.55743,32.0843,1
1986,-27.45163,-58.9862,1
1986,-27.36513,29.88084,2
1986,-26.57429,27.84076,1
1986,-26.49994,31.37596,1
1986,-26.45504,27.9486,1
1986,-26.38785,28.17363,1
1986,-26.36318,28.15222,3
1986,-26.35577,28.20804,1
1986,-26.32584,27.45288,1
1986,-26.29974,29.9831,1
1986,-26.26734,28.1215,1
1986,-26.2527,27.87028,11
1986,-26.25069,28.44194,3
1986,-26.21434,28.16787,1
1986,-26.18411,28.03323,19
1986,-26.17848,27.70325,1
1986,-26.16972,28.34554,1
1986,-26.10353,28.09763,1
1986,-26.00384,32.55738,1
1986,-25.93198,31.9356,1
1986,-25.89197,32.60513,4
1986,-25.84006,25.59322,2
1986,-25.78567,31.05116,1
1986,-25.74828,28.21207,7
1986,-25.74336,28.18529,1
1986,-25.71832,28.4088,4
1986,-25.68232,30.03763,1
1986,-25.51844,28.10063,1
1986,-25.47665,30.97889,2
1986,-25.47419,30.96946,5
1986,-25.43397,31.95257,1
1986,-25.41748,28.72824,1
1986,-25.41244,28.00709,1
1986,-24.18579,-65.29948,2
1986,-23.66637,27.74467,3
1986,-22.95427,14.50328,1
1986,-22.90828,-43.19703,1
1986,-22.68168,29.10278,1
1986,-22.35115,30.03977,2
1986,-22.2758,166.458,1
1986,-21.07723,165.396,1
1986,-19.92425,-43.93534,1
1986,-19.81816,34.8355,1
1986,-18.47732,-70.31453,1
1986,-18.2932,35.93922,1
1986,-17.78322,-63.18204,2
1986,-17.77788,-69.95951,1
1986,-16.64861,-71.19333,1
1986,-16.50932,-68.10434,2
1986,-16.4095,-71.53738,3
1986,-16.39882,-71.53689,1
1986,-16.04375,-71.40229,1
1986,-15.84065,-70.02789,7
1986,-15.69902,-70.60638,1
1986,-15.64096,-71.76869,1
1986,-15.4933,-70.13557,4
1986,-15.32143,-69.34142,1
1986,-15.27896,-73.34444,1
1986,-15.24952,-73.56893,1
1986,-14.90987,-70.19747,1
1986,-14.79461,-70.35736,2
1986,-14.3272,-73.18219,1
1986,-14.31884,-74.37817,1
1986,-14.27237,-71.22677,2
1986,-14.22382,-73.0156,1
1986,-14.21708,-71.4314,1
1986,-14.06347,-75.72938,1
1986,-14.05303,-73.29455,2
1986,-13.94282,-74.31258,1
1986,-13.78562,-73.47406,1
1986,-13.75724,-73.52708,1
1986,-13.75275,-74.06632,1
1986,-13.65593,-73.3897,1
1986,-13.65311,-73.95396,2
1986,-13.61,-73.74,1
1986,-13.53169,-71.96692,4
1986,-13.49836,-72.95318,1
1986,-13.33036,-74.9771,2
1986,-13.30833,-73.58333,1
1986,-13.28313,-75.31924,1
1986,-13.22208,-73.62132,1
1986,-13.21879,-75.10414,1
1986,-13.16387,-74.22356,4
1986,-13.16015,-75.07216,1
1986,-13.15271,-74.21863,32
1986,-13.14892,-72.53852,1
1986,-13.09249,-73.71559,1
1986,-13.03698,-75.60923,3
1986,-13.01124,-74.17345,1
1986,-12.97778,-74.26222,2
1986,-12.93978,-74.24748,17
1986,-12.87054,-74.15634,4
1986,-12.78715,-74.97321,2
1986,-12.76554,15.73286,1
1986,-12.70751,-75.96918,2
1986,-12.58699,13.41558,1
1986,-12.58464,-74.25844,2
1986,-12.57906,-74.22893,1
1986,-12.56016,16.33775,1
1986,-12.39929,-74.86594,1
1986,-12.38394,-76.13612,1
1986,-12.25263,-76.88403,1
1986,-12.2298,-76.85957,3
1986,-12.2034,-75.7993,1
1986,-12.18761,-77.00767,1
1986,-12.16686,26.38371,1
1986,-12.13016,-77.23315,1
1986,-12.0775,-76.76472,1
1986,-12.06831,-75.21016,18
1986,-12.05093,-77.12604,3
1986,-12.00829,-75.19685,1
1986,-12.00338,-76.91842,6
1986,-11.96737,-76.97846,295
1986,-11.77503,-75.50011,1
1986,-11.72237,-75.08265,1
1986,-11.66668,-75.35014,1
1986,-11.5192,-75.89914,1
1986,-11.05603,-75.32824,1
1986,-10.68359,-76.25621,1
1986,-10.68065,-76.25992,32
1986,-10.40349,-77.39672,1
1986,-10.39221,-76.87211,1
1986,-10.33889,-77.16917,1
1986,-10.3353,-77.12537,1
1986,-10.31697,-77.18648,1
1986,-10.28508,-77.1987,1
1986,-9.97573,-67.82484,1
1986,-9.92948,-76.23974,3
1986,-9.83333,-76.1,1
1986,-9.82381,-76.68485,2
1986,-9.52992,-77.5288,4
1986,-9.32505,-77.56194,1
1986,-9.29748,-75.99631,4
1986,-9.14472,-77.68861,1
1986,-9.06493,-78.57968,1
1986,-8.83884,13.23558,1
1986,-8.47001,-78.03786,1
1986,-8.18885,-76.51084,1
1986,-8.14511,-78.17352,1
1986,-8.11182,-79.02866,3
1986,-7.82389,-77.60472,1
1986,-7.78656,-78.14146,1
1986,-7.6945,21.36122,1
1986,-7.53,-78.09111,1
1986,-7.12776,-76.65199,1
1986,-6.92806,-77.93972,1
1986,-6.87597,-79.9221,1
1986,-6.77913,-79.83942,4
1986,-6.77651,-79.84412,1
1986,-6.77406,-79.84356,2
1986,-6.56782,-77.82889,1
1986,-6.466,-78.94208,1
1986,-6.20882,106.84605,3
1986,-5.70763,-78.80984,2
1986,-5.13556,-77.25556,1
1986,-2.90008,-79.0059,1
1986,-0.21119,-78.52263,7
1986,0.42528,-76.90528,1
1986,1.03033,-76.61475,1
1986,1.14661,-76.64812,1
1986,1.42736,31.34844,1
1986,1.50312,-77.21551,1
1986,1.93005,-76.21495,1
1986,2.18265,-73.78572,1
1986,2.24359,-77.01038,3
1986,2.26131,-76.74142,1
1986,2.44186,-76.60617,1
1986,2.44995,-76.80785,1
1986,2.51379,-76.38945,1
1986,2.55168,-76.06517,1
1986,2.61091,-76.37917,2
1986,2.62241,-76.56961,1
1986,2.64934,-75.6368,1
1986,2.75674,-76.62993,1
1986,2.85,-76.31667,1
1986,2.95258,-76.69297,1
1986,2.95485,-76.26825,3
1986,3.00879,-76.4859,2
1986,3.0358,-76.40833,1
1986,3.17388,-76.25945,1
1986,3.22872,-76.41931,1
1986,3.25058,-76.22764,1
1986,3.26178,-76.54089,1
1986,3.2694,-73.37616,1
1986,3.27199,-73.08775,1
1986,3.32222,-76.23472,1
1986,3.32843,-76.63868,1
1986,3.34388,-76.59227,1
1986,3.37583,-74.80139,1
1986,3.38463,-74.04335,1
1986,3.42934,-76.51604,38
1986,3.45056,-76.47444,2
1986,3.4833,-77.19996,1
1986,3.5299,-76.29801,1
1986,3.52994,-76.29799,1
1986,3.54434,-73.70781,1
1986,3.56375,-73.79515,1
1986,3.65667,-76.68833,1
1986,3.87506,32.47915,1
1986,3.93485,-74.60141,1
1986,3.98977,-73.76696,1
1986,4.08581,-76.19719,1
1986,4.09252,-75.15454,1
1986,4.15127,-73.63872,2
1986,4.17721,-74.53265,1
1986,4.27335,117.90903,1
1986,4.37474,18.55129,1
1986,4.43891,-75.23223,1
1986,4.52869,-75.70385,1
1986,4.53581,-76.10659,1
1986,4.5981,-74.07603,1
1986,4.66713,-74.10606,43
1986,4.66736,-74.34922,1
1986,4.71365,-75.09733,1
1986,4.81428,-75.69456,4
1986,4.85535,31.56778,1
1986,4.99528,-75.81278,4
1986,5.06588,-73.8788,1
1986,5.06787,-75.51748,1
1986,5.22649,-73.1268,1
1986,5.37064,-74.1519,1
1986,5.41743,-75.90269,1
1986,5.49655,-54.05379,2
1986,5.53813,-73.36219,1
1986,5.54832,-75.6441,1
1986,5.61667,-54.4,1
1986,5.6559,-75.87712,3
1986,5.82789,-55.17622,3
1986,5.83752,-74.34079,1
1986,5.86256,118.08062,5
1986,5.92708,-75.67168,1
1986,5.94764,116.13711,7
1986,5.96332,-75.97872,1
1986,5.96981,125.28694,1
1986,5.97515,-74.58614,1
1986,5.99561,116.11009,1
1986,6.01272,-73.6719,1
1986,6.0404,-75.70336,1
1986,6.09188,-75.63615,1
1986,6.1707,116.22999,1
1986,6.17215,-75.60957,3
1986,6.24203,-75.56477,28
1986,6.29495,-73.04042,1
1986,6.34053,-75.56223,1
1986,6.34593,-75.50811,1
1986,6.43711,-75.3313,1
1986,6.46052,-71.72989,1
1986,6.46283,-75.55639,1
1986,6.50088,-75.74277,1
1986,6.53842,-75.08774,2
1986,6.55194,-74.78722,2
1986,6.64371,-73.65362,4
1986,6.64894,-75.46079,1
1986,6.72335,-75.28152,6
1986,6.77099,-76.13185,1
1986,6.82833,-75.51306,1
1986,6.85595,79.86297,1
1986,6.88105,-73.41157,1
1986,6.92909,122.07885,1
1986,6.9389,-71.81009,2
1986,6.94184,79.86169,24
1986,6.95284,-71.87514,2
1986,6.95287,126.22412,1
1986,7.00702,-73.9094,1
1986,7.01333,-74.71806,1
1986,7.04507,-75.59632,1
1986,7.06005,-73.85312,1
1986,7.06253,-73.08581,1
1986,7.07786,-74.70355,1
1986,7.08582,-70.75779,4
1986,7.11062,-75.55157,2
1986,7.11388,-73.21744,1
1986,7.11629,-73.12003,13
1986,7.1312,-73.12497,1
1986,7.14266,-71.97163,1
1986,7.15406,80.05938,1
1986,7.16816,-73.84886,1
1986,7.18977,100.59538,1
1986,7.26417,80.39694,1
1986,7.26469,81.1067,1
1986,7.30176,81.67473,1
1986,7.30986,-72.48288,1
1986,7.37658,-72.64831,1
1986,7.39002,-73.50099,1
1986,7.47291,-73.2037,1
1986,7.48008,-73.92076,1
1986,7.49173,-74.8682,1
1986,7.59418,-74.81195,2
1986,7.6676,-76.6803,1
1986,7.69216,-72.60416,1
1986,7.71667,81.70019,1
1986,7.73311,81.68882,7
1986,7.7853,81.4279,1
1986,7.78586,81.5898,1
1986,7.79083,81.5825,1
1986,7.82182,81.61116,1
1986,7.85722,79.77722,1
1986,7.8942,-72.50388,1
1986,7.92133,81.52467,1
1986,7.93556,-72.60504,1
1986,7.93952,81.00096,1
1986,7.94628,-72.89881,1
1986,7.98092,-75.41919,1
1986,7.99221,-76.63719,1
1986,8.00467,124.2913,2
1986,8.09242,-76.72738,2
1986,8.10389,-73.63944,1
1986,8.13691,81.43408,1
1986,8.23487,122.99835,1
1986,8.3004,81.36934,1
1986,8.32497,81.30074,1
1986,8.34519,80.38813,2
1986,8.35126,81.00699,2
1986,8.40292,-75.89987,1
1986,8.4278,-82.43064,1
1986,8.43348,-75.26905,1
1986,8.43557,-73.28742,1
1986,8.45791,81.2684,2
1986,8.48797,124.65008,3
1986,8.49795,81.18408,1
1986,8.50099,-75.50833,1
1986,8.51137,-73.4468,1
1986,8.56938,-73.4674,1
1986,8.57783,81.21872,13
1986,8.58944,80.835,2
1986,8.5922,81.1968,1
1986,8.63395,-75.48326,1
1986,8.64338,80.34189,1
1986,8.66667,80.4,1
1986,8.69892,80.4174,1
1986,8.73865,80.47795,1
1986,8.75782,80.48791,5
1986,8.7786,80.48524,1
1986,8.86837,-76.12522,1
1986,8.88179,-75.79619,1
1986,8.8855,80.27673,3
1986,8.92497,80.80871,1
1986,8.93257,79.99759,1
1986,8.94167,80.9867,1
1986,8.98012,79.91246,2
1986,8.99427,-79.51879,4
1986,9.05902,80.6593,1
1986,9.1082,124.7051,1
1986,9.13699,80.44517,1
1986,9.20528,-74.23361,1
1986,9.2559,-73.81427,1
1986,9.26709,80.81425,2
1986,9.26868,-74.53037,1
1986,9.30728,123.3082,2
1986,9.38029,80.377,8
1986,9.56384,80.39997,1
1986,9.61654,79.992,2
1986,9.66104,80.08073,1
1986,9.66123,80.02558,1
1986,9.6664,80.02048,19
1986,9.66833,80.33306,1
1986,9.78333,80.06667,1
1986,9.8125,80.13143,2
1986,9.82486,80.23635,1
1986,9.93333,-84.08333,1
1986,10.08062,-69.12941,1
1986,10.08232,-75.13784,1
1986,10.29533,123.87825,1
1986,10.30164,-66.66019,1
1986,10.34066,-68.73694,1
1986,10.3879,-73.1698,1
1986,10.41371,-75.53355,1
1986,10.48283,-66.96213,3
1986,10.60485,-72.97948,1
1986,10.63281,-71.63298,1
1986,10.66925,122.94905,1
1986,10.69649,122.56445,1
1986,10.88658,79.11675,1
1986,10.89209,-84.78599,1
1986,10.90584,-74.17248,3
1986,10.98141,-74.77832,1
1986,11.04282,124.61751,1
1986,11.12712,78.65689,1
1986,11.24432,125.00475,1
1986,11.2636,122.68865,1
1986,11.51954,-84.78608,1
1986,11.6002,-86.21162,3
1986,11.67633,-84.70287,2
1986,11.67915,-86.14614,1
1986,11.68588,-84.61369,1
1986,11.70162,-84.33058,1
1986,11.72747,-86.21585,1
1986,11.76667,-86.35,1
1986,11.77624,124.88469,1
1986,11.85821,-86.11343,2
1986,11.87401,-86.413,2
1986,11.8852,-86.19886,1
1986,11.91376,37.29528,1
1986,11.96667,-85.16667,1
1986,11.99904,-84.77986,1
1986,12.03333,-84.43333,1
1986,12.0483,-84.99362,1
1986,12.05,-84.26667,1
1986,12.06867,-85.09188,1
1986,12.06931,-84.53975,1
1986,12.09974,-85.36721,1
1986,12.1338,-85.08763,1
1986,12.21667,-84.03333,1
1986,12.24244,-83.7478,1
1986,12.25,-84.73333,1
1986,12.26524,-85.08308,1
1986,12.28203,-85.51221,2
1986,12.29344,-84.41114,1
1986,12.3089,-86.78852,1
1986,12.38241,-85.51372,1
1986,12.44724,-83.73438,1
1986,12.49272,-85.52002,2
1986,12.53333,-84.16667,1
1986,12.69845,-84.54417,1
1986,12.71321,-86.51184,1
1986,12.74983,-87.28351,1
1986,12.77074,-86.28627,1
1986,12.77301,-85.47223,1
1986,12.80001,-85.13335,1
1986,12.80111,-86.00833,1
1986,12.83333,-85.38333,1
1986,12.83543,-85.46249,1
1986,12.89342,-85.13646,1
1986,12.93194,-86.19528,1
1986,12.93333,-85.03333,1
1986,12.96589,-86.23141,1
1986,12.98432,-86.9631,1
1986,13.01921,-84.73632,1
1986,13.04171,-86.90537,1
1986,13.05485,-84.53188,1
1986,13.06652,-85.74997,1
1986,13.08268,80.27072,1
1986,13.08714,-86.35557,3
1986,13.09171,-86.00177,3
1986,13.13071,-85.97168,4
1986,13.13192,-86.34574,4
1986,13.16498,-86.81632,1
1986,13.17593,-88.11022,1
1986,13.19643,-85.82687,1
1986,13.21233,-86.11056,1
1986,13.24361,-85.89596,2
1986,13.27056,-86.25444,1
1986,13.27624,-86.87844,2
1986,13.28444,-88.12639,1
1986,13.3049,-86.18626,1
1986,13.31667,-88.58333,1
1986,13.33159,-86.05496,1
1986,13.34432,-88.43746,9
1986,13.35,-88.95,1
1986,13.36061,-86.39815,2
1986,13.38478,-85.84598,1
1986,13.41321,121.17524,1
1986,13.43139,-87.96356,1
1986,13.43333,-88.7,1
1986,13.43489,-85.62164,1
1986,13.45,-88.78333,2
1986,13.48333,-88.46667,21
1986,13.48375,-86.49297,1
1986,13.48864,-87.89424,1
1986,13.49124,-88.17313,5
1986,13.49446,-88.53034,2
1986,13.4961,-85.91634,1
1986,13.5,-88.86667,5
1986,13.51549,-88.90233,1
1986,13.51667,-88.38333,10
1986,13.52628,-84.89873,1
1986,13.53684,-88.78058,2
1986,13.54204,-85.53942,1
1986,13.5443,-86.16517,1
1986,13.55889,-88.43,2
1986,13.56425,-86.02984,2
1986,13.56667,-88.88333,1
1986,13.59773,-89.41853,1
1986,13.61668,-88.556,1
1986,13.62472,-87.89361,1
1986,13.62679,-85.8254,6
1986,13.64121,-88.78542,2
1986,13.6667,-88.20826,1
1986,13.67694,-89.27972,1
1986,13.68177,-89.36063,1
1986,13.68264,-88.92647,13
1986,13.69288,-89.19916,13
1986,13.6985,-85.77846,1
1986,13.70196,-89.14777,2
1986,13.70346,-89.19182,1
1986,13.7067,-86.25782,3
1986,13.71955,-88.36063,1
1986,13.73333,-89.43333,1
1986,13.73333,-88.88333,5
1986,13.74639,-86.70972,1
1986,13.75194,-89.47111,1
1986,13.7585,-86.01843,1
1986,13.75904,-86.01722,2
1986,13.7633,-89.0478,5
1986,13.76667,-88.26667,2
1986,13.7682,-88.12914,1
1986,13.77695,-85.40786,1
1986,13.78484,-87.83556,1
1986,13.78579,100.56085,2
1986,13.78944,-86.01216,6
1986,13.79833,-89.17889,5
1986,13.8,-89.91667,1
1986,13.80849,-88.40907,1
1986,13.80892,-89.22864,1
1986,13.81833,-87.97139,1
1986,13.82422,-88.48519,1
1986,13.83333,-88.71667,1
1986,13.835,-89.27444,1
1986,13.83553,-88.98546,1
1986,13.84139,-89.74556,1
1986,13.84142,-86.19393,1
1986,13.84222,-89.09694,1
1986,13.85077,-88.90406,2
1986,13.85738,-85.73339,1
1986,13.86139,-90.01028,1
1986,13.88889,-88.90163,1
1986,13.89271,-88.04398,1
1986,13.9,-88.11667,3
1986,13.90668,-88.15702,1
1986,13.91667,-88.23333,1
1986,13.91667,-88.13333,1
1986,13.92224,-86.12539,2
1986,13.96755,-89.13963,1
1986,13.98148,-89.55572,1
1986,14.05,-86.06667,1
1986,14.05,-83.51667,1
1986,14.07074,-88.90545,1
1986,14.08094,-88.70868,1
1986,14.0833,-87.2167,3
1986,14.08892,-88.95783,1
1986,14.12458,-89.29317,1
1986,14.12575,-89.49548,2
1986,14.15292,-85.07312,2
1986,14.15491,-88.73541,1
1986,14.16963,-89.10269,2
1986,14.21691,-88.78486,1
1986,14.23374,-83.53886,2
1986,14.26667,-83.55,1
1986,14.28333,-91.36667,1
1986,14.30645,-88.88019,1
1986,14.31651,-89.17139,1
1986,14.32194,76.72556,1
1986,14.33141,-89.44239,1
1986,14.36548,-85.19564,1
1986,14.37024,-89.20957,1
1986,14.37273,-91.75388,1
1986,14.40704,-83.87698,1
1986,14.41125,-89.43343,1
1986,14.48333,-90.53333,1
1986,14.56667,-89.35,1
1986,14.59605,120.97867,19
1986,14.62287,-90.52907,9
1986,14.67428,121.0575,4
1986,14.67781,-91.0167,1
1986,14.67908,120.53955,3
1986,14.68189,77.60059,1
1986,14.74189,-83.9717,1
1986,14.79993,-83.7421,1
1986,14.81385,121.04515,1
1986,14.91157,-92.05489,1
1986,15.0815,-91.89161,1
1986,15.33269,120.59021,1
1986,15.43333,-91.23333,1
1986,15.47618,120.96069,1
1986,15.50075,32.56008,3
1986,15.50667,-91.17722,1
1986,15.60248,-86.65799,1
1986,15.73598,120.57371,1
1986,16.2411,-61.5331,1
1986,16.41639,120.59306,1
1986,16.47774,-90.45642,1
1986,16.57742,121.18913,1
1986,16.8,-89.93333,1
1986,16.80973,-90.76824,1
1986,16.9,-89.76667,1
1986,16.91203,-90.29958,1
1986,16.91473,-89.86614,1
1986,16.9297,-89.89168,1
1986,16.9675,-89.91028,1
1986,17.0975,-90.77834,1
1986,17.23105,-90.80679,1
1986,17.61388,121.72672,1
1986,17.97255,-66.90852,1
1986,17.98406,-66.11366,1
1986,18.01109,-66.61418,1
1986,18.02143,-76.79828,1
1986,18.03496,-66.84984,1
1986,18.11447,-66.1696,1
1986,18.158,120.64731,1
1986,18.17579,-66.16128,1
1986,18.20132,-67.14512,1
1986,18.22556,121.55674,1
1986,18.25918,121.99731,1
1986,18.32582,-65.65239,1
1986,18.3692,-66.16597,1
1986,18.38693,-66.06113,6
1986,18.42968,-67.15518,1
1986,18.44247,-66.25353,2
1986,19.37189,-99.08662,1
1986,20.67334,-103.34418,1
1986,23.79128,90.4182,9
1986,23.94085,91.98815,3
1986,24.02114,88.99148,1
1986,24.46512,54.36534,1
1986,24.64732,46.71458,1
1986,24.66372,93.90627,1
1986,24.77792,84.5305,1
1986,24.89112,67.14331,8
1986,26.15844,94.56244,1
1986,26.22853,127.68911,1
1986,26.35044,89.44349,1
1986,26.44992,80.33187,1
1986,26.84671,80.94616,1
1986,27.96139,73.45541,1
1986,28.58584,77.15334,8
1986,28.69007,77.21398,1
1986,28.70406,77.10249,1
1986,29.9643,66.74587,1
1986,30.08463,31.33431,4
1986,30.34,76.38,1
1986,30.44334,-91.18699,1
1986,30.67239,74.75505,1
1986,30.72577,75.27561,1
1986,30.73332,76.77942,3
1986,30.81646,75.17171,1
1986,30.89802,75.86008,2
1986,30.95442,74.61208,2
1986,31.04034,74.76029,1
1986,31.12702,75.48177,1
1986,31.14713,75.34122,22
1986,31.17548,75.93108,1
1986,31.2344,76.50546,1
1986,31.24848,34.78785,1
1986,31.32602,75.57618,5
1986,31.35655,34.3269,2
1986,31.37148,75.39368,1
1986,31.44894,74.92526,3
1986,31.50241,34.45974,2
1986,31.63308,74.87829,17
1986,31.63398,74.87226,1
1986,31.67015,34.57515,3
1986,31.74153,34.98861,1
1986,31.7716,35.2034,15
1986,31.78484,35.22461,1
1986,31.8186,75.2028,2
1986,31.82144,34.66517,1
1986,31.8625,35.46188,2
1986,31.86446,74.95592,1
1986,31.90714,35.19822,1
1986,31.99596,35.27111,1
1986,32.04076,75.40189,2
1986,32.08297,34.81189,14
1986,32.17621,34.90816,1
1986,32.17834,34.90798,5
1986,32.22227,35.25351,2
1986,32.30733,35.11937,1
1986,32.3135,35.04154,1
1986,32.32507,34.85466,1
1986,32.60888,35.28997,2
1986,32.79392,34.99062,1
1986,32.83333,35.33333,1
1986,33.05119,35.50097,1
1986,33.11725,35.42888,2
1986,33.1317,35.29337,2
1986,33.21461,35.46176,1
1986,33.23778,35.33722,1
1986,33.2443,35.33291,1
1986,33.26139,35.36667,1
1986,33.26615,35.21406,2
1986,33.29378,35.31457,1
1986,33.32417,35.53194,1
1986,33.34835,-112.67748,1
1986,33.35472,35.32947,1
1986,33.39778,35.685,1
1986,33.47454,35.35925,1
1986,33.54135,35.58622,1
1986,33.55043,35.37096,4
1986,33.67164,73.05607,2
1986,33.69597,70.33607,1
1986,33.75178,-117.99347,1
1986,33.78664,72.15749,1
1986,33.85801,35.5364,1
1986,33.87738,35.53616,1
1986,33.88852,35.50351,69
1986,33.90884,35.58196,1
1986,33.93493,75.15416,1
1986,33.96006,69.88563,1
1986,33.9877,35.63892,1
1986,34.006,71.53743,7
1986,34.0114,71.7981,1
1986,34.09787,-118.40738,1
1986,34.43809,35.83084,1
1986,34.60158,32.9556,2
1986,34.6401,50.87595,1
1986,34.69374,135.50216,2
1986,35.17955,129.07564,1
1986,35.3705,24.14958,1
1986,35.60722,140.10627,1
1986,35.68912,139.74774,5
1986,35.72453,51.40519,5
1986,35.73845,139.32693,1
1986,35.89779,14.51411,1
1986,36.20172,37.14352,4
1986,36.42555,-5.15073,1
1986,36.50994,-4.88635,5
1986,36.539,-4.62435,1
1986,36.62179,-4.50027,2
1986,36.71965,-4.42002,1
1986,36.80278,10.17972,2
1986,36.84016,-2.46792,1
1986,37.01808,-7.92849,1
1986,37.32274,40.72457,2
1986,37.38264,-5.9963,1
1986,37.55895,126.79834,1
1986,37.68698,-97.33558,1
1986,37.99749,23.76273,39
1986,38.34521,-0.481,1
1986,38.40514,40.50748,1
1986,38.52452,-8.89307,1
1986,38.53704,-0.12908,1
1986,38.57098,-7.9096,3
1986,38.59286,-90.51068,1
1986,38.7253,-9.15004,6
1986,38.72602,-7.21367,1
1986,38.88845,40.50114,1
1986,39.15683,39.94474,1
1986,39.85678,-4.02448,1
1986,40.4656,-3.69626,19
1986,40.62066,22.952,1
1986,40.69713,-73.93135,7
1986,40.88171,40.41628,1
1986,41.10618,28.68986,1
1986,41.40064,2.15091,5
1986,41.5375,2.44528,1
1986,41.65628,-0.87653,1
1986,41.67086,-83.54385,1
1986,41.72518,1.82335,1
1986,41.8426,-87.68123,1
1986,41.88333,8.78333,1
1986,41.89096,12.49007,2
1986,41.91889,8.73755,4
1986,41.91917,8.73871,6
1986,41.93061,8.74291,15
1986,42.13486,8.59584,1
1986,42.27182,-89.09454,4
1986,42.29196,-85.58744,1
1986,42.33168,-83.04792,1
1986,42.35864,-71.0567,1
1986,42.49174,-83.22207,1
1986,42.56765,8.75722,1
1986,42.69961,0.9459,1
1986,42.7,9.44732,17
1986,42.81537,-1.65362,5
1986,42.84964,-2.69236,3
1986,43.00684,-75.04701,1
1986,43.03625,-2.50454,5
1986,43.0542,-2.17812,4
1986,43.06817,-2.71083,1
1986,43.09048,-2.31322,1
1986,43.11822,-2.41336,1
1986,43.12423,5.928,1
1986,43.25843,-2.92182,20
1986,43.26557,-1.35054,1
1986,43.26755,-1.97581,1
1986,43.27205,-2.94908,1
1986,43.28036,-2.17159,4
1986,43.29162,-1.9779,17
1986,43.2951,-0.3708,1
1986,43.29722,-2.99167,1
1986,43.29726,-2.25685,1
1986,43.31131,-1.9009,1
1986,43.32066,-3.02025,1
1986,43.32113,-1.89878,1
1986,43.32412,-1.92986,2
1986,43.32524,-3.01148,4
1986,43.33823,-1.78927,2
1986,43.34872,-3.01009,1
1986,43.35361,-2.90746,1
1986,43.3603,-5.84478,1
1986,43.49295,-1.47484,2
1986,43.53773,6.46499,2
1986,43.69604,7.26559,2
1986,43.76873,11.2569,1
1986,43.8561,-79.33702,1
1986,44.49419,11.34652,1
1986,45.76404,4.83566,1
1986,45.77466,4.77867,1
1986,46.49671,11.35801,1
1986,46.60987,11.19287,1
1986,46.6691,11.16398,1
1986,47.18304,11.86049,1
1986,47.66548,9.36408,1
1986,47.67776,-116.78042,4
1986,47.67776,-116.77617,1
1986,47.7445,-116.79206,1
1986,47.76579,-116.75797,1
1986,48.13913,11.58019,4
1986,48.20817,16.37382,3
1986,48.58315,7.74788,1
1986,48.77711,9.18077,2
1986,48.85664,2.34233,36
1986,48.87843,2.14275,1
1986,48.8942,2.13472,1
1986,49.25,-123.13333,1
1986,49.37506,11.21428,1
1986,49.4019,8.68028,1
1986,49.66302,8.01301,1
1986,49.79786,6.91904,1
1986,50.1354,8.91512,1
1986,50.68338,7.15368,1
1986,50.73267,7.0963,4
1986,50.77544,6.08151,1
1986,50.80217,8.76679,1
1986,50.83643,4.36742,1
1986,50.94066,6.95991,5
1986,50.9527,6.0789,1
1986,51.21392,6.78069,1
1986,51.21906,4.40289,2
1986,51.25587,7.14997,2
1986,51.36232,7.46317,1
1986,51.50439,-0.14004,5
1986,51.85526,8.89114,1
1986,51.91696,4.39882,1
1986,52.01386,4.70979,1
1986,52.06986,4.29111,2
1986,52.37022,4.89517,8
1986,52.50153,13.40185,9
1986,53.21938,6.5665,2
1986,53.36168,-6.24548,1
1986,53.43025,10.37409,1
1986,53.55381,9.99159,8
1986,53.99385,-6.39659,1
1986,54.06307,-6.00698,1
1986,54.07731,-6.60879,3
1986,54.13584,-6.32462,1
1986,54.18305,-6.34139,5
1986,54.20842,-5.89174,1
1986,54.23863,-7.17091,1
1986,54.2557,-5.9488,2
1986,54.2955,-7.46358,1
1986,54.2964,-7.87146,1
1986,54.32863,-5.71667,1
1986,54.34754,-6.65611,2
1986,54.37172,-5.8558,1
1986,54.45097,-6.79434,1
1986,54.48922,-6.92088,1
1986,54.51569,-6.05572,2
1986,54.53072,-6.81101,1
1986,54.60771,-5.95621,45
1986,54.64657,-7.16914,1
1986,54.66339,-5.91748,2
1986,54.67325,-7.62748,2
1986,54.70672,-7.59287,2
1986,54.71338,-6.21676,2
1986,54.7554,-6.60603,1
1986,54.78772,-6.49231,1
1986,54.86312,-6.27834,1
1986,55.01156,-7.31204,7
1986,55.12934,-6.66344,1
1986,55.67608,12.56832,2
1986,59.33279,18.06449,3
1986,60.16981,24.93824,1
1986,64.39831,-21.45872,1
1987,-45.86789,-67.49991,3
1987,-38.87606,-62.07409,2
1987,-38.73413,-72.58465,2
1987,-38.71308,-62.26863,3
1987,-38.23221,-72.35165,1
1987,-37.99757,-57.54823,2
1987,-37.4728,-72.35445,1
1987,-36.74815,-73.11232,1
1987,-35.69566,-71.40635,1
1987,-35.43125,-71.65779,1
1987,-35.43058,-71.65762,3
1987,-35.38382,-71.44705,1
1987,-35.13895,-71.36839,1
1987,-34.986,-71.24155,1
1987,-34.68631,-58.52847,5
1987,-34.61768,-58.44444,36
1987,-34.34014,-58.78478,1
1987,-34.17033,-70.74082,1
1987,-34.04769,18.60564,1
1987,-34.04008,18.6778,1
1987,-33.99551,18.58454,5
1987,-33.98263,18.56939,5
1987,-33.97858,18.58047,1
1987,-33.96304,18.50167,1
1987,-33.95278,18.56417,1
1987,-33.951,18.554,1
1987,-33.94185,18.41964,12
1987,-33.92323,18.60311,1
1987,-33.89969,25.57362,1
1987,-33.54788,-71.60458,1
1987,-33.51667,-70.76667,1
1987,-33.46912,-70.642,5
1987,-33.36624,-70.5053,139
1987,-33.33347,-60.21103,1
1987,-33.05012,-71.61225,7
1987,-33.04482,-71.37347,1
1987,-33.01069,-71.52779,3
1987,-32.95105,-60.66636,2
1987,-32.94926,27.73496,3
1987,-32.89027,-68.84403,5
1987,-32.26429,28.50986,1
1987,-31.74126,-60.51126,2
1987,-31.63237,-60.69936,4
1987,-31.3993,-64.18213,4
1987,-30.33898,28.80509,1
1987,-29.9849,30.70334,1
1987,-29.96582,30.88298,3
1987,-29.9533,-71.3436,1
1987,-29.86182,31.00829,3
1987,-29.79117,30.90177,1
1987,-29.68401,30.93243,1
1987,-29.64872,30.29427,1
1987,-29.1159,26.21981,1
1987,-28.86782,31.91637,1
1987,-28.75225,31.89317,3
1987,-28.55006,16.42833,1
1987,-27.98299,26.7199,1
1987,-27.74358,29.93544,2
1987,-27.7415,29.93518,1
1987,-27.3621,-55.90081,3
1987,-26.80828,-65.21759,6
1987,-26.36318,28.15222,1
1987,-26.31662,26.81629,1
1987,-26.31468,27.82831,1
1987,-26.26632,27.90451,1
1987,-26.2527,27.87028,16
1987,-26.24903,27.94412,1
1987,-26.21434,28.16787,1
1987,-26.18411,28.03323,25
1987,-26.16077,27.78543,1
1987,-26.10774,27.77728,2
1987,-26.1072,28.05829,1
1987,-26.10353,28.09763,2
1987,-25.98888,28.17365,2
1987,-25.92403,32.46584,1
1987,-25.89197,32.60513,1
1987,-25.88024,28.22644,3
1987,-25.86809,29.24645,1
1987,-25.74828,28.21207,2
1987,-25.71832,28.4088,2
1987,-25.49862,28.07914,1
1987,-25.28277,-57.63561,1
1987,-25.249,32.3781,1
1987,-24.96434,29.28289,1
1987,-24.65806,25.91222,1
1987,-24.18579,-65.29948,1
1987,-23.73818,34.97471,1
1987,-22.95427,14.50328,2
1987,-22.90828,-43.19703,1
1987,-22.56734,17.08327,2
1987,-22.35115,30.03977,2
1987,-22.21694,29.13961,1
1987,-20.121,28.62729,3
1987,-19.83331,34.84999,2
1987,-19.69807,29.66721,1
1987,-19.09249,33.65303,1
1987,-19.01544,29.15486,1
1987,-18.47732,-70.31453,1
1987,-18.1416,178.4419,2
1987,-18.00664,-70.24624,2
1987,-17.82517,31.03351,6
1987,-17.62417,177.45278,1
1987,-17.44583,15.82272,1
1987,-17.3973,15.89066,1
1987,-17.38279,-66.16644,5
1987,-17.19274,-70.93281,1
1987,-16.7199,-71.31489,1
1987,-16.50932,-68.10434,8
1987,-16.4095,-71.53738,2
1987,-16.40912,-71.56826,1
1987,-15.84065,-70.02789,1
1987,-15.48227,-70.13886,1
1987,-15.41539,28.28435,1
1987,-15.23583,-71.88389,3
1987,-15.17306,-72.83083,1
1987,-14.90987,-70.19747,1
1987,-14.81306,-71.76972,1
1987,-14.65205,17.6841,1
1987,-14.62228,-74.23338,1
1987,-14.53374,-75.18529,1
1987,-14.49064,-74.68668,2
1987,-14.40167,-73.55611,1
1987,-14.38996,-72.94451,1
1987,-14.3387,-72.89364,1
1987,-14.31884,-74.37817,5
1987,-14.2952,-73.2423,8
1987,-14.28083,-73.97611,1
1987,-14.23222,-71.42417,1
1987,-14.20056,-71.43667,1
1987,-14.10571,-72.61512,8
1987,-14.10259,-72.70666,1
1987,-14.07492,-72.4743,1
1987,-14.06347,-75.72938,1
1987,-14.05464,-73.08841,1
1987,-13.87556,-73.02735,1
1987,-13.76417,-73.18528,1
1987,-13.75275,-74.06632,1
1987,-13.71009,-76.20312,1
1987,-13.69444,-73.15194,1
1987,-13.6575,-73.38333,1
1987,-13.58914,-73.99518,2
1987,-13.53169,-71.96692,4
1987,-13.49836,-72.95318,1
1987,-13.47833,-72.37944,1
1987,-13.38028,-73.43528,2
1987,-13.25306,-73.75361,1
1987,-13.22528,-74.13917,1
1987,-13.16387,-74.22356,3
1987,-13.15271,-74.21863,20
1987,-13.15252,-74.3019,1
1987,-13.08512,-74.39293,1
1987,-12.99238,-74.20839,1
1987,-12.98883,-74.28396,1
1987,-12.95521,-74.25273,7
1987,-12.94815,-74.02084,3
1987,-12.93978,-74.24748,4
1987,-12.87017,-72.69403,1
1987,-12.80559,-74.3899,1
1987,-12.79028,-73.64139,1
1987,-12.78715,-74.97321,11
1987,-12.76554,15.73286,1
1987,-12.5775,-74.8869,1
1987,-12.39929,-74.86594,1
1987,-12.2034,-75.7993,1
1987,-12.07374,-77.11844,1
1987,-12.06831,-75.21016,38
1987,-12.05093,-77.12604,1
1987,-12.03878,-76.11987,1
1987,-12.03512,-75.51029,1
1987,-11.98333,-74.51667,1
1987,-11.96737,-76.97846,322
1987,-11.96194,-75.54861,1
1987,-11.94956,-75.28238,1
1987,-11.91848,-75.31289,1
1987,-11.9118,-76.5292,1
1987,-11.90959,-76.57844,6
1987,-11.90037,-74.6,1
1987,-11.82,-76.20083,1
1987,-11.52049,-75.89978,1
1987,-11.475,-75.95866,1
1987,-11.16107,-75.99309,8
1987,-11.02467,-75.40534,1
1987,-11.00224,-76.36479,1
1987,-10.9675,-75.87944,1
1987,-10.92078,-76.0595,2
1987,-10.73719,-75.27163,2
1987,-10.68359,-76.25621,9
1987,-10.68065,-76.25992,4
1987,-10.40349,-77.39672,1
1987,-10.39221,-76.87211,1
1987,-10.34291,-76.29196,1
1987,-9.92948,-76.23974,1
1987,-9.82512,-73.08775,2
1987,-9.53885,-77.58272,1
1987,-9.52992,-77.5288,2
1987,-9.51287,-77.99606,1
1987,-9.20442,-77.61889,1
1987,-9.06493,-78.57968,5
1987,-9.0634,-78.58361,2
1987,-9.05621,-78.57861,8
1987,-9.03694,-75.5075,3
1987,-8.95172,-77.81479,1
1987,-8.79167,-76.24972,1
1987,-8.61256,13.55622,1
1987,-8.45925,-76.46199,2
1987,-8.18885,-76.51084,1
1987,-8.14511,-78.17352,5
1987,-8.11182,-79.02866,5
1987,-8.08205,-79.02385,1
1987,-8.0589,-79.05544,1
1987,-8.00798,-76.64777,1
1987,-7.66517,-76.78736,1
1987,-7.53833,-77.56528,1
1987,-7.18906,-79.5136,2
1987,-7.1803,-76.72644,1
1987,-7.16222,-78.51209,1
1987,-7.04656,-79.05953,1
1987,-6.90762,-79.86276,2
1987,-6.87597,-79.9221,2
1987,-6.63932,-79.78782,1
1987,-6.62004,-78.9458,1
1987,-6.48812,-76.3599,2
1987,-6.48313,-76.68355,1
1987,-6.466,-78.94208,1
1987,-5.36667,-79.36667,1
1987,-5.28623,-78.80609,1
1987,-5.19704,-80.62662,3
1987,-5.13279,-81.16786,1
1987,-4.98823,-80.58689,2
1987,-3.57072,-80.45959,2
1987,-2.66667,-75.68333,3
1987,-0.21119,-78.52263,6
1987,0.35085,32.58022,1
1987,0.86989,-73.84191,1
1987,1.03405,-75.91928,1
1987,1.27986,103.84899,2
1987,1.47888,-75.43724,1
1987,1.61456,-75.6053,4
1987,1.68448,-75.28659,1
1987,1.70085,-76.57288,1
1987,1.83899,-76.76879,1
1987,1.85199,-76.04698,1
1987,2.11667,-74.76667,1
1987,2.19673,-75.62909,1
1987,2.2086,-76.49673,1
1987,2.24359,-77.01038,2
1987,2.33056,-72.6278,2
1987,2.3889,-75.89255,1
1987,2.44186,-76.60617,1
1987,2.47973,-72.95746,1
1987,2.51379,-76.38945,1
1987,2.53593,-75.52767,1
1987,2.55168,-76.06517,1
1987,2.56426,-72.63798,1
1987,2.75674,-76.62993,1
1987,2.77772,-75.25743,1
1987,3.09048,-75.67288,1
1987,3.12389,-73.75139,1
1987,3.19486,-75.64591,2
1987,3.42063,-76.52212,1
1987,3.42934,-76.51604,22
1987,3.46056,-73.61959,1
1987,3.5299,-76.29801,2
1987,3.53861,-74.89611,1
1987,3.54434,-73.70781,1
1987,3.58564,-73.80075,1
1987,3.69,-76.94,1
1987,3.69748,-73.69899,2
1987,4.06052,-74.69232,2
1987,4.08581,-76.19719,1
1987,4.15127,-73.63872,3
1987,4.21557,-73.81502,1
1987,4.29692,-74.80707,1
1987,4.31177,-72.07965,1
1987,4.42344,-69.28775,7
1987,4.43891,-75.23223,2
1987,4.52234,-76.03639,1
1987,4.52869,-75.70385,1
1987,4.53581,-76.10659,1
1987,4.5823,-74.21946,1
1987,4.62082,-75.63422,1
1987,4.63123,-74.46209,1
1987,4.66713,-74.10606,46
1987,4.72288,-76.11931,1
1987,4.80998,-75.84904,1
1987,4.81428,-75.69456,2
1987,5.08414,-75.7903,1
1987,5.12643,-74.38554,3
1987,5.1444,-54.99705,1
1987,5.14476,-73.6849,1
1987,5.33755,-75.72932,1
1987,5.3461,-74.49167,9
1987,5.38218,-71.03343,1
1987,5.38433,-75.16115,1
1987,5.41743,-75.90269,1
1987,5.4495,-74.66791,1
1987,5.45394,-73.36205,2
1987,5.45578,-75.64956,1
1987,5.53168,-74.10442,1
1987,5.53813,-73.36219,1
1987,5.55,-0.2,1
1987,5.56303,-72.57781,1
1987,5.61526,-75.62469,1
1987,5.61667,-54.4,6
1987,5.62681,-54.25931,1
1987,5.63689,-72.19576,1
1987,5.65313,-55.25271,1
1987,5.65712,-74.18078,1
1987,5.71692,-72.48011,1
1987,5.72476,-73.60855,1
1987,5.74021,-54.87312,1
1987,5.82696,-73.03441,1
1987,5.82789,-55.17622,2
1987,5.82932,-72.16271,2
1987,5.88054,-71.89239,1
1987,6.00194,80.36981,1
1987,6.012,-75.68772,1
1987,6.0221,80.79977,1
1987,6.04278,-74.99493,6
1987,6.13444,80.42278,1
1987,6.15367,-75.37416,1
1987,6.1876,-74.99429,1
1987,6.21906,-73.81111,1
1987,6.24203,-75.56477,39
1987,6.25,-67.53333,1
1987,6.2675,-75.56861,1
1987,6.28281,-75.33184,2
1987,6.28332,-75.7667,1
1987,6.33972,-73.61694,1
1987,6.44186,-75.72667,1
1987,6.46052,-71.72989,1
1987,6.47005,-73.26162,1
1987,6.48927,-74.40176,1
1987,6.49249,-71.55696,1
1987,6.54731,-71.00223,3
1987,6.55237,-72.49969,1
1987,6.58306,80.57326,1
1987,6.64371,-73.65362,2
1987,6.70041,121.97256,1
1987,6.71411,79.90563,1
1987,6.74951,-76.02458,1
1987,6.79223,-71.77554,1
1987,6.82833,-75.51306,1
1987,6.89852,-76.17332,1
1987,6.90608,79.96963,1
1987,6.92909,122.07885,3
1987,6.94184,79.86169,24
1987,6.95284,-71.87514,1
1987,7.00063,-76.26572,1
1987,7.01024,125.09221,1
1987,7.02734,-71.42856,1
1987,7.06005,-73.85312,6
1987,7.08324,125.601,2
1987,7.08582,-70.75779,3
1987,7.11629,-73.12003,8
1987,7.16905,79.94805,1
1987,7.16962,79.89128,1
1987,7.20959,124.24197,4
1987,7.24389,-76.43556,1
1987,7.24677,-70.72917,5
1987,7.28997,-75.39269,1
1987,7.29384,80.64067,5
1987,7.30176,81.67473,3
1987,7.34824,-73.89707,1
1987,7.37714,-73.91456,1
1987,7.39002,-73.50099,1
1987,7.43306,-77.10861,1
1987,7.48008,-73.92076,2
1987,7.49175,-74.86818,2
1987,7.52937,81.79461,1
1987,7.59418,-74.81195,2
1987,7.64194,80.08306,1
1987,7.67986,81.67256,1
1987,7.69629,123.41283,1
1987,7.70917,-74.75333,1
1987,7.71667,81.70019,4
1987,7.73311,81.68882,7
1987,7.86881,-75.85315,1
1987,7.88232,-76.63063,3
1987,7.88738,124.38889,1
1987,7.89014,-75.66967,2
1987,7.8942,-72.50388,4
1987,7.91922,-72.44286,1
1987,7.91997,81.55768,1
1987,7.93128,123.65897,1
1987,7.94832,81.00178,1
1987,7.98092,-75.41919,1
1987,8.00237,124.29178,2
1987,8.04995,-69.33336,1
1987,8.08327,-73.2245,1
1987,8.09242,-76.72738,1
1987,8.09417,-74.77556,1
1987,8.09647,123.48768,1
1987,8.15567,80.7093,1
1987,8.16126,123.95879,1
1987,8.21121,-73.23843,1
1987,8.23342,-73.35331,1
1987,8.28339,-76.3834,1
1987,8.2928,-73.38513,1
1987,8.35126,81.00699,1
1987,8.36637,81.07222,2
1987,8.40292,-75.89987,2
1987,8.41003,81.26737,1
1987,8.42188,125.8396,2
1987,8.42414,-76.7868,1
1987,8.43597,81.04855,1
1987,8.45791,81.2684,9
1987,8.4589,-75.03115,1
1987,8.45917,-73.94093,1
1987,8.46771,-74.53563,1
1987,8.57451,-73.09339,1
1987,8.57783,81.21872,3
1987,8.58944,80.835,1
1987,8.5922,81.1968,2
1987,8.5998,-71.15013,1
1987,8.63305,81.2174,1
1987,8.63781,-72.73464,1
1987,8.64583,81.075,1
1987,8.6656,80.29624,1
1987,8.73816,80.47715,1
1987,8.75782,80.48791,1
1987,8.79917,80.27111,1
1987,8.83335,-73.20003,1
1987,8.83427,80.05105,1
1987,8.85768,-73.81579,1
1987,8.87286,81.03232,1
1987,8.93333,79.96667,1
1987,8.93334,-75.74996,1
1987,8.96972,80.58861,1
1987,8.97969,-75.79528,1
1987,8.98012,79.91246,1
1987,8.99427,-79.51879,4
1987,9.00889,80.06417,1
1987,9.07873,80.614,1
1987,9.1519,80.64934,1
1987,9.24605,-74.7595,1
1987,9.31993,80.69642,2
1987,9.33729,-73.65362,1
1987,9.3625,-73.60158,1
1987,9.59972,43.335,1
1987,9.63254,-66.91636,1
1987,9.65907,80.13169,1
1987,9.66104,80.08073,1
1987,9.66123,80.02558,1
1987,9.66416,80.14091,1
1987,9.6664,80.02048,7
1987,9.69188,80.05297,1
1987,9.7,80.31667,1
1987,9.73005,80.01294,1
1987,9.80427,80.1654,1
1987,9.82092,80.20004,2
1987,9.82486,80.23635,1
1987,9.88208,-75.25447,1
1987,9.89449,32.10935,1
1987,9.93333,-84.08333,3
1987,10.0355,-73.23725,3
1987,10.26667,-75.46667,1
1987,10.29533,123.87825,4
1987,10.3879,-73.1698,1
1987,10.44678,-74.95989,1
1987,10.47692,-73.25049,2
1987,10.48283,-66.96213,1
1987,10.54382,-71.69202,1
1987,10.66384,122.59068,1
1987,10.69649,122.56445,1
1987,10.9124,-83.90875,1
1987,10.95328,-83.92175,1
1987,10.98141,-74.77832,2
1987,11.01079,-74.25162,1
1987,11.1236,-84.77795,1
1987,11.18107,-69.85974,1
1987,11.26093,-85.77908,1
1987,11.37233,-84.23884,1
1987,11.47816,-84.77333,1
1987,11.58366,122.75278,1
1987,11.58859,43.14534,1
1987,11.59515,-83.65906,1
1987,11.67915,-86.14614,4
1987,11.70162,-84.33058,1
1987,11.70371,-84.70866,1
1987,11.72747,-86.21585,1
1987,11.77507,-72.44097,1
1987,11.81788,-85.03364,1
1987,11.84632,-86.44023,1
1987,11.91376,37.29528,1
1987,11.91545,-86.3693,1
1987,11.91981,-84.64922,1
1987,11.94872,-84.90122,1
1987,11.96667,-85.16667,2
1987,11.97847,-86.3369,2
1987,11.99904,-84.77986,1
1987,12.0129,-85.24166,2
1987,12.03066,-85.2621,1
1987,12.03333,-84.43333,1
1987,12.0483,-84.99362,1
1987,12.0483,-84.61886,1
1987,12.06867,-85.09188,2
1987,12.06931,-84.53975,5
1987,12.09974,-85.36721,1
1987,12.10382,-86.26701,3
1987,12.10544,-86.58439,1
1987,12.12018,-84.44286,1
1987,12.12282,-84.28717,1
1987,12.1338,-85.08763,1
1987,12.16341,-84.21694,2
1987,12.16349,-84.21894,1
1987,12.21635,-85.16595,2
1987,12.21681,-84.4468,1
1987,12.26732,-85.38216,1
1987,12.28587,-86.88405,1
1987,12.29344,-84.41114,1
1987,12.30556,-85.55227,1
1987,12.4,-86.91667,1
1987,12.419,-86.93726,1
1987,12.47205,-85.43822,1
1987,12.49104,-86.28169,1
1987,12.51711,124.75225,1
1987,12.55082,-87.17511,1
1987,12.56033,-86.05036,1
1987,12.58333,-87.28333,3
1987,12.58767,-86.5054,1
1987,12.66397,-84.26779,1
1987,12.71667,-86.65,1
1987,12.72688,-86.3818,1
1987,12.78839,-87.13728,1
1987,12.80001,-85.13335,2
1987,12.82166,-84.20388,1
1987,12.82564,-85.61199,1
1987,12.83543,-85.46249,2
1987,12.86176,-85.94147,1
1987,12.8665,-84.92841,1
1987,12.86667,-85.23333,1
1987,12.87054,-86.54232,1
1987,12.87998,-85.41202,1
1987,12.88687,-86.53903,1
1987,12.92981,-85.91703,3
1987,12.93151,-85.22378,4
1987,12.93157,-85.22411,1
1987,12.97578,-85.37352,2
1987,12.99278,-86.03028,2
1987,13.00807,77.57033,1
1987,13.00916,-85.12357,2
1987,13.04171,-86.90537,3
1987,13.04712,-86.26794,2
1987,13.08268,80.27072,4
1987,13.08956,-86.35436,1
1987,13.09168,-86.00031,2
1987,13.09171,-86.00177,9
1987,13.10498,-86.61473,1
1987,13.12519,-85.23836,1
1987,13.12804,-86.32761,1
1987,13.13192,-86.34574,3
1987,13.13304,-85.92094,1
1987,13.15767,-86.37536,1
1987,13.18605,123.54012,1
1987,13.19643,-85.82687,1
1987,13.22972,-85.55496,2
1987,13.23333,-84.83333,1
1987,13.23371,-85.93931,1
1987,13.24361,-85.89596,1
1987,13.2457,-85.96667,2
1987,13.25081,-85.85387,2
1987,13.25383,-85.73421,1
1987,13.25389,-88.24778,1
1987,13.27417,-88.05611,2
1987,13.27624,-86.87844,1
1987,13.29184,123.49158,1
1987,13.3049,-86.18626,3
1987,13.31667,-88.58333,1
1987,13.33,-88.15139,1
1987,13.33332,-85.37201,2
1987,13.34432,-88.43746,1
1987,13.3464,-86.37153,1
1987,13.36061,-86.39815,1
1987,13.36216,-86.39801,1
1987,13.36448,-85.29338,2
1987,13.36497,-85.83496,1
1987,13.38333,-88.75,1
1987,13.39864,-88.01552,1
1987,13.4251,-85.97991,1
1987,13.43139,-87.96356,1
1987,13.43204,-88.59224,2
1987,13.43836,-88.84677,1
1987,13.44706,-88.55653,26
1987,13.44832,-86.32502,1
1987,13.45279,-85.96408,1
1987,13.45504,-86.40576,1
1987,13.49124,-88.17313,1
1987,13.49277,-89.02507,1
1987,13.49536,-88.97968,3
1987,13.5,-88.9,1
1987,13.5,-88.86667,1
1987,13.51457,-85.24557,1
1987,13.52628,-84.89873,1
1987,13.54204,-85.53942,3
1987,13.54388,-88.11816,1
1987,13.5443,-86.16517,1
1987,13.55,-88.0,1
1987,13.55001,-85.78329,1
1987,13.55889,-88.43,1
1987,13.56425,-86.02984,9
1987,13.56485,-86.0283,1
1987,13.56667,-88.83333,1
1987,13.5862,-88.75077,1
1987,13.6126,-89.00718,2
1987,13.61903,-88.93014,1
1987,13.62679,-85.8254,1
1987,13.62888,-88.67203,1
1987,13.63325,-86.4763,1
1987,13.64121,-88.78542,3
1987,13.64501,-88.65318,1
1987,13.64764,-88.91085,1
1987,13.66667,-88.78333,1
1987,13.67122,-88.17033,1
1987,13.67694,-89.27972,1
1987,13.6772,-86.3153,2
1987,13.69288,-89.19916,62
1987,13.7,-88.1,2
1987,13.7,-86.78333,1
1987,13.70262,-88.72777,1
1987,13.70374,-88.80457,1
1987,13.71667,-89.23333,2
1987,13.72417,-89.17278,1
1987,13.72964,-87.56939,1
1987,13.73321,-84.77725,1
1987,13.73333,-89.83333,1
1987,13.74556,-87.87361,1
1987,13.7576,121.05832,2
1987,13.7682,-88.12914,3
1987,13.79833,-89.17889,3
1987,13.80569,-88.14579,2
1987,13.80849,-88.40907,2
1987,13.80892,-89.22864,3
1987,13.8142,-88.34682,1
1987,13.81833,-87.97139,2
1987,13.83226,-90.33072,1
1987,13.83333,-88.71667,2
1987,13.83945,-83.93208,1
1987,13.84222,-89.09694,1
1987,13.84278,-89.44722,1
1987,13.8537,-85.59315,1
1987,13.87458,-88.62778,1
1987,13.8761,-86.01878,1
1987,13.87611,-89.35972,1
1987,13.89833,-89.19694,1
1987,13.91667,-88.23333,1
1987,13.92139,-89.845,8
1987,13.9222,122.59548,3
1987,13.92756,-84.4046,1
1987,13.93347,-87.24698,1
1987,13.93373,-89.02584,2
1987,13.9388,121.62083,1
1987,13.95,-88.63333,1
1987,13.95,-87.01667,1
1987,13.95896,-88.97176,1
1987,13.96291,121.52671,1
1987,13.96555,-88.89227,1
1987,13.96667,-89.2,1
1987,13.98148,-89.55572,3
1987,14.00929,-88.94019,1
1987,14.02439,-84.14818,1
1987,14.03507,-83.38882,1
1987,14.04193,-84.56154,1
1987,14.05017,-88.8377,1
1987,14.0833,-87.2167,10
1987,14.08892,-88.95783,1
1987,14.09396,-88.88928,2
1987,14.10707,-89.07286,1
1987,14.15292,-85.07312,4
1987,14.16963,-89.10269,2
1987,14.19166,-89.1706,3
1987,14.19595,-89.15036,1
1987,14.36548,-85.19564,1
1987,14.4216,-91.40482,1
1987,14.45418,-87.64308,1
1987,14.53333,-91.31667,1
1987,14.54943,121.03359,1
1987,14.58423,121.03904,1
1987,14.59605,120.97867,64
1987,14.60986,-61.06873,1
1987,14.62287,-90.52907,4
1987,14.63486,-91.14318,1
1987,14.63838,-91.23016,1
1987,14.67428,121.0575,4
1987,14.69089,-89.07155,1
1987,14.70208,-91.2506,1
1987,14.75,-90.26667,1
1987,14.75,-89.88333,1
1987,14.77682,-92.10314,1
1987,14.78199,-89.77582,1
1987,14.79191,-91.71342,2
1987,14.80088,120.53695,1
1987,14.8444,121.96946,1
1987,14.88333,-91.76667,1
1987,14.93096,-91.90992,21
1987,14.93234,-91.6928,1
1987,14.95305,120.76817,1
1987,14.96833,-91.7795,1
1987,15.12384,-91.80563,1
1987,15.14972,120.76983,1
1987,15.153,120.59194,5
1987,15.23959,-91.84293,1
1987,15.34789,-90.87235,1
1987,15.4,-87.8,2
1987,15.48648,-91.25585,1
1987,15.48722,-91.03472,1
1987,15.50167,-88.02774,2
1987,15.54481,120.76356,1
1987,15.57528,-91.15583,1
1987,15.63333,-90.95,1
1987,15.64007,-91.06943,1
1987,15.71,119.95273,1
1987,15.98504,-91.19712,1
1987,15.98745,-90.78419,3
1987,16.41639,120.59306,2
1987,16.78312,-90.11665,2
1987,16.88778,96.14956,1
1987,16.91203,-90.29958,1
1987,17.09201,121.96526,2
1987,17.57213,120.38771,1
1987,17.60931,120.90569,1
1987,17.61388,121.72672,1
1987,17.63396,121.78085,1
1987,18.01109,-66.61418,1
1987,18.0182,120.4876,1
1987,18.10743,77.44701,1
1987,18.13996,-66.266,1
1987,18.16557,120.71761,1
1987,18.23872,-66.03523,1
1987,18.38693,-66.06113,4
1987,18.45679,-69.95116,13
1987,18.52772,-72.33284,10
1987,18.53714,120.76528,1
1987,18.9421,-70.40937,2
1987,19.37189,-99.08662,1
1987,20.19341,86.21183,1
1987,21.36105,78.53237,1
1987,22.16972,74.91639,1
1987,22.37294,90.33737,1
1987,22.43671,71.92161,1
1987,22.55173,88.35234,1
1987,22.58032,78.54053,1
1987,22.6121,70.95645,1
1987,23.79128,90.4182,5
1987,23.94085,91.98815,1
1987,24.89112,67.14331,7
1987,24.89833,79.25139,1
1987,25.14164,-12.37208,4
1987,25.47283,82.57053,1
1987,25.77459,-80.2142,3
1987,25.85752,-80.27818,2
1987,25.93573,82.08293,1
1987,26.2006,92.93757,1
1987,26.22853,127.68911,1
1987,26.88284,88.27982,3
1987,26.895,88.18261,1
1987,27.04632,88.27116,16
1987,28.12482,-15.43001,1
1987,28.31216,65.66389,1
1987,28.58584,77.15334,15
1987,28.69007,77.21398,10
1987,28.96096,79.51538,1
1987,28.98446,77.70641,1
1987,29.08201,48.0814,1
1987,29.1149,48.29364,3
1987,29.3477,47.94912,5
1987,29.74909,79.91297,1
1987,29.92847,73.87142,3
1987,30.08463,31.33431,7
1987,30.11256,79.94008,1
1987,30.20082,66.99435,5
1987,30.30694,74.33611,1
1987,30.34,76.38,2
1987,30.42269,75.4301,1
1987,30.42444,77.75889,1
1987,30.6085,75.38057,1
1987,30.67239,74.75505,1
1987,30.67844,75.29165,1
1987,30.68568,75.094,1
1987,30.73332,76.77942,5
1987,30.75687,76.62755,1
1987,30.77253,66.67937,1
1987,30.79544,77.06961,1
1987,30.82912,75.63972,1
1987,30.89802,75.86008,2
1987,30.95442,74.61208,2
1987,31.05788,76.30004,1
1987,31.10395,77.45532,1
1987,31.14713,75.34122,27
1987,31.22402,75.7708,1
1987,31.22592,75.35069,1
1987,31.2344,76.50546,1
1987,31.2571,75.7609,1
1987,31.27879,34.25644,1
1987,31.30599,75.63972,2
1987,31.32602,75.57618,3
1987,31.3456,74.69203,1
1987,31.34696,34.30143,1
1987,31.43251,75.6559,1
1987,31.50241,34.45974,4
1987,31.50547,74.34288,3
1987,31.51324,75.98333,1
1987,31.51655,75.28897,1
1987,31.52929,35.11545,1
1987,31.53024,35.09416,1
1987,31.555,75.26556,1
1987,31.63308,74.87829,10
1987,31.63398,74.87226,5
1987,31.63855,75.13557,1
1987,31.66068,75.12243,1
1987,31.67015,34.57515,2
1987,31.73139,75.18194,1
1987,31.76715,74.86095,1
1987,31.7716,35.2034,8
1987,31.81979,75.69281,1
1987,31.83433,70.90905,1
1987,31.84,74.76,2
1987,31.86446,74.95592,1
1987,31.90714,35.19822,1
1987,31.99596,35.27111,2
1987,32.04076,75.40189,3
1987,32.08297,34.81189,4
1987,32.17834,34.90798,1
1987,32.19124,34.97595,1
1987,32.19459,34.9803,1
1987,32.30733,35.11937,1
1987,32.58139,35.18246,1
1987,32.71569,-117.16172,1
1987,32.79392,34.99062,3
1987,32.98158,70.17103,1
1987,33.00652,70.06825,2
1987,33.11725,35.42888,1
1987,33.17607,35.35161,1
1987,33.20872,35.57262,1
1987,33.26615,35.21406,1
1987,33.30056,35.31096,1
1987,33.40717,35.55566,1
1987,33.52253,-117.70755,1
1987,33.53465,35.87161,1
1987,33.54135,35.58622,1
1987,33.54333,35.475,1
1987,33.55043,35.37096,3
1987,33.59401,73.06908,6
1987,33.67164,73.05607,11
1987,33.77607,-117.93616,1
1987,33.84477,35.90287,1
1987,33.87403,35.69554,1
1987,33.88852,35.50351,61
1987,34.0059,71.64887,1
1987,34.006,71.53743,18
1987,34.03492,36.22784,1
1987,34.33194,35.80917,1
1987,34.39722,35.89472,1
1987,34.40673,135.32695,1
1987,34.41668,71.92459,2
1987,34.43809,35.83084,12
1987,34.74083,33.29889,1
1987,34.91786,33.633,1
1987,34.92485,43.49141,1
1987,35.16674,33.3676,2
1987,35.16675,33.3676,6
1987,35.18145,136.9064,1
1987,35.1982,-111.6513,2
1987,35.31362,24.29687,1
1987,35.48129,72.52426,1
1987,35.68912,139.74774,6
1987,35.72453,51.40519,1
1987,35.78333,10.83333,2
1987,35.82755,10.63359,1
1987,35.86173,139.64548,1
1987,35.894,10.596,1
1987,35.89779,14.51411,4
1987,36.35415,43.14357,1
1987,36.58167,36.16645,1
1987,36.68683,36.45323,1
1987,36.85638,38.86607,1
1987,36.86081,42.97646,1
1987,36.95121,30.05976,1
1987,37.08018,41.2202,1
1987,37.17061,40.39375,1
1987,37.17649,-3.59793,1
1987,37.18939,40.58967,1
1987,37.27654,37.01374,1
1987,37.29115,31.76896,1
1987,37.29895,44.75692,1
1987,37.32013,40.72418,1
1987,37.35551,-121.95426,3
1987,37.41567,41.3715,1
1987,37.51236,41.97121,1
1987,37.54771,41.71828,1
1987,37.56105,42.29062,1
1987,37.5672,41.38559,1
1987,37.57643,43.73738,1
1987,37.67524,-121.75783,1
1987,37.75205,42.18176,1
1987,37.75262,41.88764,1
1987,37.76574,-3.78952,1
1987,37.796,40.01473,1
1987,37.85391,27.95712,1
1987,37.92222,40.18438,1
1987,37.99749,23.76273,25
1987,38.26867,27.28339,1
1987,38.39565,27.13564,1
1987,38.53823,-121.76171,1
1987,38.68489,40.28288,1
1987,38.7302,35.48072,1
1987,38.74298,39.97253,1
1987,39.10318,-84.51198,1
1987,39.10671,39.54525,1
1987,39.17835,39.24399,1
1987,39.37218,42.68148,1
1987,39.47024,-0.3768,3
1987,39.5695,2.64996,1
1987,39.98607,-0.03602,1
1987,40.01674,33.00575,1
1987,40.22579,38.9264,1
1987,40.4656,-3.69626,8
1987,40.56022,41.13696,1
1987,40.72893,-4.0151,2
1987,40.7595,-111.88823,1
1987,41.10618,28.68986,6
1987,41.11866,1.24533,1
1987,41.1201,36.18988,1
1987,41.35958,2.0997,1
1987,41.40064,2.15091,20
1987,41.47186,2.08214,1
1987,41.52055,0.86912,1
1987,41.57876,1.61719,1
1987,41.59137,9.27831,1
1987,41.65628,-0.87653,2
1987,41.67086,-83.54385,2
1987,41.74756,8.67471,1
1987,41.89096,12.49007,6
1987,41.91889,8.73755,1
1987,41.93061,8.74291,4
1987,41.9818,2.8237,1
1987,42.01685,9.40398,1
1987,42.23136,-8.71245,1
1987,42.27182,-89.09454,1
1987,42.34001,-7.86464,1
1987,42.43362,-8.64805,1
1987,42.53033,-1.67427,1
1987,42.56765,8.75722,2
1987,42.6042,8.92985,5
1987,42.7,9.44732,52
1987,42.71292,-2.91692,1
1987,42.81537,-1.65362,6
1987,42.84964,-2.69236,1
1987,42.88045,-8.5463,2
1987,43.01209,-7.55585,2
1987,43.03289,-2.41135,1
1987,43.0542,-2.17812,2
1987,43.05436,-2.33364,1
1987,43.09048,-2.31322,1
1987,43.16907,-2.63266,1
1987,43.1839,-2.26547,1
1987,43.18418,-2.47329,2
1987,43.22218,-2.88567,1
1987,43.23056,-2.84583,1
1987,43.25074,-5.77657,1
1987,43.25843,-2.92182,6
1987,43.28036,-2.17159,1
1987,43.28144,-1.1806,1
1987,43.29162,-1.9779,4
1987,43.29648,5.36978,1
1987,43.29722,-2.99167,2
1987,43.29726,-2.25685,1
1987,43.31707,-2.67898,1
1987,43.32066,-3.02025,1
1987,43.32412,-1.92986,1
1987,43.32524,-3.01148,1
1987,43.3282,-3.03151,1
1987,43.36111,-1.39938,1
1987,43.3659,-2.99636,1
1987,43.37087,-8.39584,1
1987,43.46096,-3.80793,6
1987,43.4814,-1.5147,1
1987,43.48839,-8.22251,1
1987,43.49295,-1.47484,1
1987,43.5076,-5.60445,2
1987,43.52974,5.44743,1
1987,43.55285,7.01737,1
1987,44.86977,1.04268,1
1987,44.94383,-93.09333,3
1987,44.96498,-93.26019,1
1987,45.03181,-93.33655,1
1987,46.19839,6.1423,1
1987,46.49671,11.35801,4
1987,46.63565,11.14767,1
1987,46.6691,11.16398,3
1987,46.87278,-113.99623,1
1987,47.80949,13.05501,1
1987,47.90959,11.28046,1
1987,48.20817,16.37382,3
1987,48.34279,7.87756,1
1987,48.52291,9.0521,1
1987,48.85664,2.34233,12
1987,49.00808,8.40376,1
1987,49.99304,8.24725,1
1987,50.11797,8.64419,4
1987,50.73267,7.0963,1
1987,50.83643,4.36742,1
1987,51.04567,7.01918,1
1987,51.14841,6.35764,1
1987,51.38881,9.76683,1
1987,51.50439,-0.14004,10
1987,51.66083,6.60915,1
1987,51.92422,4.48178,1
1987,52.26418,10.52637,1
1987,52.50153,13.40185,2
1987,52.92776,-4.13394,1
1987,53.28619,-3.58277,1
1987,53.36168,-6.24548,20
1987,53.38306,-1.4648,1
1987,53.55381,9.99159,3
1987,53.71608,-6.35016,1
1987,54.07534,-6.17954,1
1987,54.07731,-6.60879,1
1987,54.08164,-6.44878,1
1987,54.10733,-6.32197,1
1987,54.11788,-6.73338,1
1987,54.17048,-8.14269,1
1987,54.183,-7.23371,1
1987,54.18305,-6.34139,1
1987,54.19497,-6.39784,1
1987,54.20842,-5.89174,1
1987,54.28944,-5.83479,1
1987,54.29324,-6.84235,1
1987,54.29812,-6.52129,1
1987,54.34542,-7.63636,2
1987,54.34754,-6.65611,1
1987,54.4039,-5.89406,1
1987,54.41114,-6.60015,1
1987,54.42071,-6.44377,1
1987,54.48206,-8.08824,1
1987,54.50653,-6.83711,1
1987,54.51569,-6.05572,2
1987,54.53099,-6.02939,1
1987,54.53222,-7.65763,1
1987,54.54762,-7.81769,1
1987,54.55342,-6.00331,1
1987,54.59456,-6.93139,1
1987,54.60771,-5.95621,59
1987,54.61599,-7.48981,1
1987,54.62727,-5.67772,1
1987,54.64586,-6.74515,1
1987,54.67325,-7.62748,3
1987,54.69201,-6.6703,1
1987,54.70776,-6.53233,1
1987,54.78772,-6.49231,1
1987,54.81916,-7.46791,1
1987,54.86312,-6.27834,1
1987,54.90743,-6.66753,1
1987,54.97382,-7.28805,1
1987,55.01156,-7.31204,5
1987,55.12928,-6.55972,1
1987,55.1991,-6.65407,1
1987,55.66922,12.40214,1
1987,55.67608,12.56832,1
1987,59.91387,10.75224,2
1988,-45.40354,-72.68642,1
1988,-40.57472,-73.13192,2
1988,-39.82008,-73.2454,1
1988,-38.73413,-72.58465,14
1988,-38.25087,-72.66651,1
1988,-37.83721,-57.50211,1
1988,-37.20173,-59.84107,1
1988,-37.09202,-73.15458,2
1988,-37.02966,-73.14445,4
1988,-36.81601,-73.03766,10
1988,-36.74815,-73.11232,1
1988,-36.60928,-72.10206,2
1988,-36.56667,-72.41833,1
1988,-35.84729,-71.59899,1
1988,-35.69566,-71.40635,1
1988,-35.43058,-71.65762,1
1988,-35.30824,149.12422,2
1988,-34.9994,-71.25026,1
1988,-34.986,-71.24155,2
1988,-34.96216,-71.13188,1
1988,-34.92873,138.59994,1
1988,-34.9213,-57.95433,1
1988,-34.68631,-58.52847,1
1988,-34.61768,-58.44444,17
1988,-34.17033,-70.74082,1
1988,-34.08959,18.85292,2
1988,-34.08328,18.84978,1
1988,-34.06609,18.61458,1
1988,-34.05719,18.86548,2
1988,-34.04769,18.60564,1
1988,-33.99551,18.58454,2
1988,-33.98263,18.56939,1
1988,-33.9585,25.60068,3
1988,-33.951,18.554,1
1988,-33.94185,18.41964,18
1988,-33.93397,18.86069,1
1988,-33.91243,18.54648,1
1988,-33.90916,18.57781,1
1988,-33.81188,25.38422,1
1988,-33.76672,25.40053,1
1988,-33.72445,18.95647,1
1988,-33.65252,26.40756,1
1988,-33.58374,-71.61307,2
1988,-33.58333,-70.7,1
1988,-33.46912,-70.642,2
1988,-33.36624,-70.5053,97
1988,-33.12314,27.46848,2
1988,-33.05012,-71.61225,11
1988,-33.04184,-71.43846,4
1988,-33.0247,-71.55222,6
1988,-33.01406,27.85532,2
1988,-33.01069,-71.52779,6
1988,-32.98577,27.86609,6
1988,-32.94926,27.73496,2
1988,-32.89027,-68.84403,1
1988,-32.8828,27.39968,2
1988,-32.85097,27.43895,1
1988,-32.78268,26.63175,1
1988,-31.89658,26.88319,1
1988,-31.63237,-60.69936,1
1988,-31.60507,28.7765,1
1988,-31.6016,28.7775,2
1988,-31.56414,28.81157,1
1988,-31.51667,-68.61667,2
1988,-31.3993,-64.18213,7
1988,-31.19852,28.25149,1
1988,-30.6901,28.50453,1
1988,-30.55185,29.42499,1
1988,-30.23564,-71.08133,1
1988,-29.9533,-71.3436,4
1988,-29.9186,30.9676,1
1988,-29.9069,-71.25103,3
1988,-29.86182,31.00829,20
1988,-29.81692,30.63829,3
1988,-29.81536,30.84984,2
1988,-29.79903,30.65636,3
1988,-29.79117,30.90177,1
1988,-29.68401,30.93243,1
1988,-29.65888,30.85503,2
1988,-29.64193,30.34736,1
1988,-29.60144,30.3767,1
1988,-29.31001,27.48008,1
1988,-27.74358,29.93544,1
1988,-26.94796,29.24864,3
1988,-26.91698,27.48444,2
1988,-26.80828,-65.21759,1
1988,-26.71435,27.09694,2
1988,-26.42569,28.47368,1
1988,-26.36318,28.15222,3
1988,-26.35316,28.13273,2
1988,-26.31468,27.82831,4
1988,-26.30116,28.38896,1
1988,-26.28681,28.40086,2
1988,-26.26734,28.1215,1
1988,-26.2527,27.87028,22
1988,-26.25069,28.44194,1
1988,-26.24903,27.94412,2
1988,-26.23468,28.37037,1
1988,-26.22168,28.30288,1
1988,-26.21502,28.30536,1
1988,-26.21434,28.16787,3
1988,-26.20931,28.26195,1
1988,-26.18915,28.31707,4
1988,-26.18411,28.03323,41
1988,-26.17848,27.70325,2
1988,-26.16975,27.8243,1
1988,-26.16077,27.78543,1
1988,-26.1601,27.87281,2
1988,-26.10914,28.0843,1
1988,-26.10815,26.172,1
1988,-26.1072,28.05829,2
1988,-26.10353,28.09763,2
1988,-26.09584,27.75859,4
1988,-26.00412,28.21116,1
1988,-25.89197,32.60513,4
1988,-25.89191,32.60512,1
1988,-25.86809,29.24645,2
1988,-25.84006,25.59322,1
1988,-25.74828,28.21207,16
1988,-25.71832,28.4088,1
1988,-25.69485,32.34456,1
1988,-25.4965,32.65386,1
1988,-24.65806,25.91222,2
1988,-24.65648,25.91126,1
1988,-23.55071,-46.63348,1
1988,-22.93866,14.52482,1
1988,-22.68168,29.10278,1
1988,-22.64617,14.60103,1
1988,-22.56734,17.08327,7
1988,-22.51771,17.05973,4
1988,-22.2758,166.458,4
1988,-22.22685,166.55749,1
1988,-21.97565,16.91245,1
1988,-21.12426,164.90045,1
1988,-20.93789,165.33354,1
1988,-20.4522,166.61733,1
1988,-20.25504,57.46414,1
1988,-20.10677,28.54186,1
1988,-19.62085,34.62292,1
1988,-19.2095,33.936,3
1988,-19.20391,34.86242,1
1988,-18.47732,-70.31453,1
1988,-17.8387,25.85457,1
1988,-17.79,15.70629,2
1988,-17.77788,-69.95951,1
1988,-17.19274,-70.93281,1
1988,-16.60909,-71.21552,1
1988,-16.50932,-68.10434,11
1988,-16.42663,36.74591,2
1988,-16.4095,-71.53738,2
1988,-16.09909,-70.27812,1
1988,-15.86472,-74.18833,1
1988,-15.85324,-74.25012,1
1988,-15.84065,-70.02789,1
1988,-15.78694,-70.55556,1
1988,-15.41539,28.28435,3
1988,-15.31795,-70.22417,3
1988,-15.26111,-75.22528,1
1988,-15.11722,-71.56528,1
1988,-15.05957,-69.80161,1
1988,-15.05325,-72.28889,1
1988,-14.99095,-70.10574,1
1988,-14.54279,40.67278,1
1988,-14.46438,-72.91996,1
1988,-14.37458,-73.89281,1
1988,-14.36153,-70.02342,1
1988,-14.31884,-74.37817,4
1988,-14.31271,-72.94484,1
1988,-14.21396,-72.18846,1
1988,-14.07492,-72.4743,1
1988,-14.06347,-75.72938,1
1988,-14.05303,-73.29455,1
1988,-14.00444,-74.95833,1
1988,-13.99036,-73.31944,1
1988,-13.98028,-72.26556,2
1988,-13.93286,-75.67088,1
1988,-13.87025,-72.76994,1
1988,-13.75542,-73.78756,2
1988,-13.75275,-74.06632,2
1988,-13.74639,-72.35667,1
1988,-13.71009,-76.20312,1
1988,-13.65311,-73.95396,2
1988,-13.62928,-74.12819,1
1988,-13.59739,-74.15486,1
1988,-13.56889,-73.85645,1
1988,-13.55042,-73.86548,1
1988,-13.53804,-71.93862,1
1988,-13.53169,-71.96692,1
1988,-13.52488,-71.98206,1
1988,-13.51326,16.76107,1
1988,-13.38112,-75.43244,1
1988,-13.25,-72.21667,1
1988,-13.2165,-73.68685,1
1988,-13.1925,-73.84583,1
1988,-13.16387,-74.22356,8
1988,-13.15271,-74.21863,17
1988,-13.11661,-73.69041,1
1988,-13.1124,-74.09923,1
1988,-13.08068,-73.84923,1
1988,-13.05694,-74.21361,1
1988,-13.04917,-74.13861,2
1988,-13.02944,-74.24528,1
1988,-13.01455,-74.4449,1
1988,-12.99238,-74.20839,1
1988,-12.95521,-74.25273,1
1988,-12.94815,-74.02084,1
1988,-12.93978,-74.24748,4
1988,-12.90584,-76.36405,1
1988,-12.87054,-74.15634,1
1988,-12.8425,-74.47194,1
1988,-12.80388,-72.64908,1
1988,-12.79952,-75.8919,1
1988,-12.78715,-74.97321,2
1988,-12.78431,-74.20546,1
1988,-12.76554,15.73286,4
1988,-12.7414,-75.8094,1
1988,-12.73861,-74.38698,1
1988,-12.68112,-72.27931,1
1988,-12.52028,-73.82806,2
1988,-12.4875,-73.94611,1
1988,-12.45428,-76.22677,1
1988,-12.4042,-74.78103,1
1988,-12.34345,40.58297,1
1988,-12.32889,-75.06889,1
1988,-12.1199,-75.43739,1
1988,-12.0872,-75.53408,1
1988,-12.08225,-75.23305,1
1988,-12.06831,-75.21016,8
1988,-12.05089,-77.12607,1
1988,-12.04324,-77.04295,1
1988,-12.01621,-76.89966,1
1988,-12.01519,-75.28015,1
1988,-12.00338,-76.91842,1
1988,-11.99024,-75.24409,1
1988,-11.98333,-74.51667,1
1988,-11.96737,-76.97846,112
1988,-11.91848,-75.31289,1
1988,-11.90037,-74.6,1
1988,-11.84472,-76.38611,2
1988,-11.82222,-75.39295,9
1988,-11.78722,-75.93611,1
1988,-11.72237,-75.08265,1
1988,-11.62147,-76.67087,1
1988,-11.59855,-76.19272,1
1988,-11.52049,-75.89978,3
1988,-11.25424,-74.63696,2
1988,-11.16107,-75.99309,2
1988,-11.00224,-76.36479,3
1988,-10.92587,-74.8731,1
1988,-10.79592,-77.71641,1
1988,-10.79257,-76.90911,2
1988,-10.75407,-77.76099,1
1988,-10.68065,-76.25992,4
1988,-10.67476,-77.81807,1
1988,-10.66605,-76.25588,2
1988,-10.47345,-76.40894,5
1988,-10.41522,-76.2356,2
1988,-10.19333,-76.23889,1
1988,-10.13498,-76.20035,1
1988,-10.07096,-75.55069,1
1988,-10.06389,-76.97083,1
1988,-9.92948,-76.23974,1
1988,-9.89982,-75.99224,1
1988,-9.88167,-76.05972,1
1988,-9.86574,-76.98905,1
1988,-9.59448,-77.80884,1
1988,-9.5464,16.33805,2
1988,-9.53885,-77.58272,4
1988,-9.52992,-77.5288,5
1988,-9.38583,-77.68833,1
1988,-9.29748,-75.99631,4
1988,-9.22174,-75.98749,1
1988,-9.14742,-78.28009,1
1988,-9.0634,-78.58361,1
1988,-8.83884,13.23558,2
1988,-8.60648,-77.14943,1
1988,-8.45925,-76.46199,2
1988,-8.43189,-78.83254,1
1988,-8.27666,-77.2964,1
1988,-8.22222,-76.47139,1
1988,-8.18885,-76.51084,1
1988,-8.14532,-78.17328,1
1988,-8.14511,-78.17352,1
1988,-8.11182,-79.02866,1
1988,-7.81562,-78.04888,1
1988,-7.61649,15.04962,1
1988,-7.29417,-76.56861,1
1988,-7.24449,-76.82596,1
1988,-7.16222,-78.51209,1
1988,-7.11957,-34.84503,1
1988,-6.77913,-79.83942,2
1988,-6.77406,-79.84356,2
1988,-6.63932,-79.78782,1
1988,-6.62004,-78.9458,1
1988,-6.03477,-76.97389,2
1988,-5.41639,-78.43583,1
1988,-4.61297,-79.20246,1
1988,-3.78177,-70.36493,2
1988,-3.66944,-76.35389,1
1988,-2.17083,-79.92236,2
1988,-1.05608,-80.45528,1
1988,-0.99623,-77.81356,1
1988,-0.21119,-78.52263,4
1988,0.35085,32.58022,1
1988,0.43595,-75.52767,2
1988,0.49765,-76.49768,1
1988,0.58304,32.53162,1
1988,0.69314,34.1817,1
1988,0.86989,-73.84191,2
1988,1.01028,27.16167,1
1988,1.02545,-76.53917,1
1988,1.14661,-76.64812,1
1988,1.2136,34.11912,1
1988,1.25525,-70.23339,1
1988,1.28978,-75.50634,3
1988,1.47888,-75.43724,1
1988,1.48563,33.93319,1
1988,1.49088,33.75192,1
1988,1.57036,-75.32731,1
1988,1.61456,-75.6053,3
1988,1.71702,33.60242,3
1988,1.78722,33.63445,2
1988,1.85199,-76.04698,1
1988,1.86964,-77.37043,1
1988,1.87855,-76.2671,1
1988,1.97619,-75.79451,2
1988,2.0376,-76.92505,1
1988,2.04392,-72.33111,1
1988,2.11234,-76.98728,1
1988,2.11667,-76.98333,1
1988,2.14825,-77.07959,1
1988,2.17833,-76.7625,1
1988,2.24359,-77.01038,2
1988,2.25808,32.88741,1
1988,2.26108,-76.81083,1
1988,2.34071,-77.23162,1
1988,2.38855,-75.5468,1
1988,2.52417,-75.31615,1
1988,2.53593,-75.52767,2
1988,2.60029,32.16977,1
1988,2.68523,-75.32598,1
1988,2.75674,-76.62993,1
1988,2.77772,-75.25743,1
1988,2.9058,-75.58087,1
1988,2.94818,-75.04098,1
1988,3.00879,-76.4859,1
1988,3.09048,-75.67288,1
1988,3.12389,-73.75139,1
1988,3.13894,101.69132,2
1988,3.17388,-76.25945,1
1988,3.19486,-75.64591,1
1988,3.25058,-76.22764,1
1988,3.2694,-73.37616,1
1988,3.27199,-73.08775,1
1988,3.29968,-73.43275,1
1988,3.38463,-74.04335,1
1988,3.40001,-76.23336,1
1988,3.42934,-76.51604,5
1988,3.54434,-73.70781,3
1988,3.56375,-73.79515,4
1988,3.58335,-67.45247,1
1988,3.69748,-73.69899,1
1988,3.87506,32.47915,1
1988,3.89972,-76.30203,1
1988,4.08509,-72.9536,1
1988,4.15127,-73.63872,2
1988,4.17468,73.50935,1
1988,4.17722,-73.62194,1
1988,4.30252,-76.2858,1
1988,4.33447,-75.82798,1
1988,4.43891,-75.23223,2
1988,4.51,-73.34972,1
1988,4.52869,-75.70385,1
1988,4.53581,-76.10659,3
1988,4.56933,-74.95296,1
1988,4.57398,-76.19864,1
1988,4.66713,-74.10606,34
1988,4.72288,-76.11931,1
1988,4.80038,-75.21661,1
1988,4.80998,-75.84904,2
1988,4.81428,-75.69456,1
1988,4.9357,-55.535,1
1988,4.94806,-74.59389,1
1988,4.99243,-76.01866,2
1988,4.99528,-75.81278,1
1988,4.99936,-74.33936,1
1988,5.02332,-74.00412,1
1988,5.02523,-54.99285,1
1988,5.06133,-75.87165,1
1988,5.25001,-75.50003,1
1988,5.35474,-73.45736,1
1988,5.4,-54.43333,1
1988,5.4206,-75.70269,1
1988,5.42156,-71.73107,1
1988,5.45578,-75.64956,1
1988,5.48758,-74.65505,1
1988,5.49655,-54.05379,3
1988,5.52273,-74.18066,1
1988,5.53813,-73.36219,1
1988,5.54612,120.81843,1
1988,5.57414,-54.23983,1
1988,5.61526,-75.62469,1
1988,5.6559,-75.87712,1
1988,5.65712,-74.18078,1
1988,5.71347,-73.60233,1
1988,5.7146,-72.92778,1
1988,5.72939,-71.99528,1
1988,5.75893,-71.5724,1
1988,5.77944,-72.79778,1
1988,5.7861,101.14022,1
1988,5.79082,-75.78627,1
1988,5.82789,-55.17622,2
1988,5.85936,-73.96559,1
1988,5.86256,118.08062,1
1988,5.93764,80.61326,2
1988,5.94443,80.54994,7
1988,5.94601,-73.34458,1
1988,5.96828,80.47818,1
1988,5.97125,80.45422,1
1988,5.97168,80.6951,1
1988,5.98668,80.32636,1
1988,5.99711,80.28132,1
1988,6.00962,80.51762,2
1988,6.03296,80.21278,5
1988,6.06001,80.18002,1
1988,6.06194,-73.63694,1
1988,6.08035,80.56606,1
1988,6.08373,80.64485,1
1988,6.12439,80.43597,1
1988,6.1264,-73.50897,1
1988,6.13066,81.1262,7
1988,6.15367,-75.37416,4
1988,6.16557,80.90312,2
1988,6.18694,-72.4725,1
1988,6.19009,101.79796,1
1988,6.22425,80.11494,1
1988,6.23983,80.05261,2
1988,6.24203,-75.56477,50
1988,6.26528,80.49105,1
1988,6.26667,80.61667,1
1988,6.2675,-75.56861,1
1988,6.28281,-75.33184,2
1988,6.29535,-75.02828,1
1988,6.30653,80.63061,2
1988,6.33776,80.87499,1
1988,6.34706,81.19687,1
1988,6.40188,-72.5558,1
1988,6.40778,-72.44444,1
1988,6.40945,-72.44404,1
1988,6.41082,-74.75641,1
1988,6.43376,80.00072,4
1988,6.46052,-71.72989,3
1988,6.46262,-72.41179,1
1988,6.46613,79.9827,1
1988,6.49515,-74.82934,1
1988,6.52284,80.11423,1
1988,6.5455,101.2799,1
1988,6.54731,-71.00223,9
1988,6.61891,3.30553,2
1988,6.62792,-72.62677,1
1988,6.64371,-73.65362,4
1988,6.64638,80.6986,1
1988,6.66465,79.92932,1
1988,6.68011,80.40188,6
1988,6.71411,79.90563,2
1988,6.71441,79.98906,1
1988,6.72603,80.03396,1
1988,6.73201,81.10211,2
1988,6.73716,80.17774,1
1988,6.74393,80.17669,2
1988,6.74951,-76.02458,1
1988,6.75005,125.35626,1
1988,6.75528,-75.48889,1
1988,6.78807,79.89128,1
1988,6.81954,79.88008,1
1988,6.82588,80.99816,2
1988,6.82833,-75.51306,8
1988,6.84332,79.9553,1
1988,6.86283,124.44514,2
1988,6.87209,81.72263,1
1988,6.87275,81.35066,5
1988,6.87466,79.86048,1
1988,6.87527,81.83063,3
1988,6.87752,79.8694,1
1988,6.88105,-73.41157,3
1988,6.89799,79.92229,1
1988,6.901,79.85488,2
1988,6.90658,80.90954,3
1988,6.90667,81.55929,1
1988,6.9075,-75.07496,1
1988,6.91282,79.85068,1
1988,6.91831,79.92207,1
1988,6.92396,-76.0308,1
1988,6.92909,122.07885,6
1988,6.93083,79.98422,1
1988,6.94184,79.86169,39
1988,6.94524,79.88148,1
1988,6.95284,-71.87514,6
1988,6.95287,126.22412,1
1988,6.96805,79.95704,1
1988,6.97386,80.76705,1
1988,6.9934,81.05498,1
1988,7.00063,-76.26572,1
1988,7.0015,79.95004,2
1988,7.01029,80.2628,1
1988,7.02104,-75.90933,4
1988,7.02734,-71.42856,4
1988,7.04668,81.15821,1
1988,7.06005,-73.85312,8
1988,7.07786,-74.70355,1
1988,7.08071,-74.70101,3
1988,7.08324,125.601,4
1988,7.08582,-70.75779,1
1988,7.08642,80.03351,1
1988,7.08784,124.90092,1
1988,7.10011,125.11704,1
1988,7.10127,80.86108,1
1988,7.11629,-73.12003,14
1988,7.1312,-73.12497,2
1988,7.13869,-72.66521,1
1988,7.13972,80.03611,1
1988,7.1643,80.56899,1
1988,7.16905,79.94805,1
1988,7.16962,79.89128,1
1988,7.19286,79.86048,1
1988,7.19861,-75.34122,1
1988,7.20959,124.24197,2
1988,7.21382,81.54319,1
1988,7.21939,81.84976,1
1988,7.23596,80.6951,1
1988,7.24677,-70.72917,1
1988,7.25286,80.34315,2
1988,7.25728,80.51984,1
1988,7.26571,79.85912,1
1988,7.26633,80.55218,1
1988,7.28083,80.19556,1
1988,7.28483,81.78634,1
1988,7.28997,-75.39269,2
1988,7.29384,80.64067,3
1988,7.2969,80.23492,1
1988,7.30176,81.67473,2
1988,7.30962,80.71035,1
1988,7.33177,80.12332,1
1988,7.34824,-73.89707,1
1988,7.3621,81.80362,1
1988,7.37263,80.52417,1
1988,7.37658,-72.64831,1
1988,7.37714,-73.91456,1
1988,7.39002,-73.50099,1
1988,7.40242,80.74223,1
1988,7.40944,79.83222,1
1988,7.41438,81.83063,2
1988,7.41667,81.33333,2
1988,7.42151,80.47645,1
1988,7.43667,80.42444,1
1988,7.43962,79.85857,1
1988,7.44306,80.66194,1
1988,7.44797,125.81001,1
1988,7.44813,-75.31076,1
1988,7.46746,80.62342,6
1988,7.48008,-73.92076,3
1988,7.48287,81.76503,1
1988,7.48751,81.807,2
1988,7.48857,80.36516,1
1988,7.49175,-74.86818,1
1988,7.49417,79.84472,1
1988,7.51573,123.17244,1
1988,7.52051,80.67684,1
1988,7.57649,-75.35033,2
1988,7.57938,81.44644,1
1988,7.5794,-75.4001,3
1988,7.59418,-74.81195,5
1988,7.60538,125.9677,1
1988,7.64262,-72.7995,1
1988,7.6676,-76.6803,3
1988,7.67087,-71.52147,1
1988,7.68667,81.72139,1
1988,7.68901,81.72947,1
1988,7.71667,81.70019,3
1988,7.73311,81.68882,12
1988,7.74002,-73.04889,2
1988,7.74586,-76.41147,2
1988,7.75809,-76.65758,1
1988,7.75933,80.57117,1
1988,7.75954,-73.39031,1
1988,7.77347,-72.81118,1
1988,7.77541,81.60625,1
1988,7.82085,-75.6675,1
1988,7.88232,-76.63063,5
1988,7.89014,-75.66967,1
1988,7.8942,-72.50388,2
1988,7.9018,80.73587,1
1988,7.9137,-72.14161,1
1988,7.92133,81.52467,3
1988,7.93952,81.00096,1
1988,7.94628,-72.89881,2
1988,7.95603,-73.94496,1
1988,7.9878,-75.19709,1
1988,7.99221,-76.63719,5
1988,8.00467,124.2913,1
1988,8.04912,124.69372,1
1988,8.04928,-73.08554,1
1988,8.05518,80.35414,3
1988,8.09005,81.44544,1
1988,8.09242,-76.72738,2
1988,8.09417,-74.77556,1
1988,8.15615,123.34587,1
1988,8.16,80.23722,1
1988,8.16336,125.12996,3
1988,8.17361,-76.05917,1
1988,8.23342,-73.35331,2
1988,8.24004,124.24477,2
1988,8.25,81.25,1
1988,8.30859,-73.61354,3
1988,8.31237,81.17151,1
1988,8.32497,81.30074,1
1988,8.34519,80.38813,3
1988,8.36938,-72.40143,1
1988,8.38141,80.58813,1
1988,8.39131,80.44795,1
1988,8.40292,-75.89987,2
1988,8.40458,81.31243,1
1988,8.41003,81.26737,1
1988,8.42414,-76.7868,1
1988,8.43557,-73.28742,1
1988,8.45791,81.2684,3
1988,8.47189,79.88397,1
1988,8.48254,124.6474,1
1988,8.48675,123.80743,1
1988,8.4925,80.49389,1
1988,8.51137,-73.4468,2
1988,8.52333,80.64389,2
1988,8.53167,80.66889,1
1988,8.5501,80.83264,2
1988,8.57783,81.21872,21
1988,8.58155,123.34428,1
1988,8.58944,80.835,2
1988,8.5922,81.1968,1
1988,8.5998,-71.15013,1
1988,8.63781,-72.73464,1
1988,8.63895,-72.91837,1
1988,8.64167,80.425,1
1988,8.6615,-75.12988,1
1988,8.6656,80.29624,2
1988,8.69053,-73.66254,2
1988,8.72194,-76.16,1
1988,8.73816,80.47715,3
1988,8.75,-75.88335,3
1988,8.75782,80.48791,12
1988,8.78668,-76.24083,1
1988,8.8075,80.02167,1
1988,8.81342,80.54662,1
1988,8.82192,-82.97202,1
1988,8.8245,81.0955,1
1988,8.83335,-73.20003,2
1988,8.83427,80.05105,1
1988,8.85017,-76.42671,1
1988,8.85768,-73.81579,1
1988,8.86656,80.5093,1
1988,8.87286,81.03232,1
1988,8.87438,-75.62175,1
1988,8.8855,80.27673,1
1988,8.91669,-76.25001,1
1988,8.94303,125.5348,1
1988,8.94577,-75.44365,1
1988,8.94825,125.54111,1
1988,8.95736,-73.62346,2
1988,8.96404,80.78794,1
1988,8.98012,79.91246,4
1988,8.99427,-79.51879,1
1988,9.00412,80.57114,1
1988,9.05902,80.6593,1
1988,9.08333,80.8,1
1988,9.08616,79.81899,1
1988,9.0921,79.71737,1
1988,9.13699,80.44517,3
1988,9.1519,80.64934,2
1988,9.19974,-73.5433,1
1988,9.24073,-74.42444,1
1988,9.24769,80.13728,1
1988,9.26709,80.81425,6
1988,9.30061,123.30017,1
1988,9.30404,80.4097,1
1988,9.30535,-75.3978,1
1988,9.30708,123.30521,1
1988,9.31585,-75.29277,1
1988,9.31993,80.69642,1
1988,9.32583,-63.4625,1
1988,9.33729,-73.65362,3
1988,9.33842,80.30339,1
1988,9.38029,80.377,2
1988,9.39601,-73.48764,1
1988,9.42472,-73.4775,1
1988,9.52208,45.53541,1
1988,9.54453,31.65402,1
1988,9.55694,44.07414,1
1988,9.64972,123.85701,1
1988,9.66104,80.08073,1
1988,9.66123,80.02558,1
1988,9.6664,80.02048,11
1988,9.703,80.03393,1
1988,9.70417,80.23167,1
1988,9.76242,80.0289,1
1988,9.79824,80.08981,1
1988,9.8125,80.13143,1
1988,9.81494,80.16608,1
1988,9.82486,80.23635,1
1988,9.91604,-62.91347,1
1988,9.93333,-84.08333,1
1988,9.98877,30.06464,1
1988,10.18257,-73.58591,1
1988,10.28327,124.78793,1
1988,10.29467,123.89986,1
1988,10.29533,123.87825,6
1988,10.29595,125.05002,1
1988,10.41371,-75.53355,2
1988,10.48283,-66.96213,2
1988,10.53074,-73.3117,1
1988,10.60485,-72.97948,1
1988,10.66925,122.94905,6
1988,10.69649,122.56445,1
1988,10.79973,122.97627,1
1988,10.83231,-73.66762,2
1988,10.84124,123.49923,1
1988,10.89287,123.41524,1
1988,10.94683,-83.73564,1
1988,10.95684,123.30855,1
1988,10.98141,-74.77832,2
1988,11.01844,-84.39811,1
1988,11.03465,125.7332,1
1988,11.15806,124.99094,1
1988,11.24199,-74.20538,1
1988,11.24204,-74.20538,2
1988,11.42209,122.66593,1
1988,11.58656,122.75372,1
1988,11.58859,43.14534,2
1988,11.59464,124.57494,1
1988,11.6959,-84.44615,2
1988,11.70162,-84.33058,1
1988,11.72747,-86.21585,1
1988,11.98077,124.82422,1
1988,11.99904,-84.77986,1
1988,12.01048,-84.66631,1
1988,12.10382,-86.26701,1
1988,12.10629,-85.36452,1
1988,12.19185,-84.10129,1
1988,12.30004,124.83342,1
1988,12.30556,-85.55227,1
1988,12.61408,-86.75225,1
1988,12.80509,-16.23456,1
1988,12.84265,-87.38287,1
1988,12.85588,74.88872,1
1988,12.87998,-85.41202,1
1988,12.88133,-86.08482,1
1988,12.88651,-85.26863,1
1988,12.92409,-85.83943,1
1988,12.92481,-85.97294,2
1988,12.93048,-87.06764,1
1988,12.93151,-85.22378,1
1988,12.93157,-85.22411,2
1988,12.93194,-86.19528,1
1988,12.9451,100.90464,1
1988,13.04136,124.19402,1
1988,13.04171,-86.90537,1
1988,13.06248,-86.44336,1
1988,13.09168,-86.00031,2
1988,13.09171,-86.00177,1
1988,13.13071,-85.97168,3
1988,13.14166,123.74336,1
1988,13.17318,-84.95545,1
1988,13.18411,-88.41438,1
1988,13.21233,-86.11056,1
1988,13.22278,-88.13861,1
1988,13.23464,-86.23359,1
1988,13.24111,-87.96,2
1988,13.25389,-88.24778,1
1988,13.26667,-88.31667,1
1988,13.27417,-88.05611,1
1988,13.34432,-88.43746,7
1988,13.3464,-86.37153,1
1988,13.35664,-86.26401,1
1988,13.37316,-86.09744,1
1988,13.4203,-88.57131,1
1988,13.44706,-88.55653,3
1988,13.45018,120.73321,1
1988,13.46976,-89.08718,2
1988,13.48333,-88.46667,5
1988,13.48718,-88.76503,2
1988,13.48833,-89.32222,1
1988,13.49124,-88.17313,3
1988,13.49446,-88.53034,11
1988,13.49536,-88.97968,2
1988,13.4961,-85.91634,1
1988,13.49895,-89.06999,3
1988,13.5,-88.9,2
1988,13.5,-88.86667,3
1988,13.5,-88.48333,2
1988,13.5,-88.35,1
1988,13.52628,-84.89873,1
1988,13.53333,-88.38333,2
1988,13.53684,-88.78058,1
1988,13.5443,-86.16517,1
1988,13.55707,-88.34943,1
1988,13.55889,-88.43,1
1988,13.56166,-88.49009,8
1988,13.56425,-86.02984,2
1988,13.56495,-84.31362,1
1988,13.56841,-88.08847,1
1988,13.57856,-89.26528,3
1988,13.5862,-88.75077,1
1988,13.60229,-88.92842,2
1988,13.60787,-89.09534,2
1988,13.61177,-88.02647,1
1988,13.61704,-86.27853,1
1988,13.61903,-88.93014,1
1988,13.64121,-88.78542,2
1988,13.64764,-88.91085,1
1988,13.65,-89.46667,3
1988,13.65378,-88.68139,1
1988,13.65917,-89.1675,1
1988,13.6667,-88.20826,1
1988,13.67694,-89.27972,3
1988,13.67884,-89.27519,1
1988,13.68194,-89.8175,1
1988,13.69288,-89.19916,128
1988,13.69739,-88.00725,1
1988,13.7,-88.1,1
1988,13.70196,-89.14777,5
1988,13.70779,-89.34878,1
1988,13.71667,-88.11667,1
1988,13.71955,-88.36063,4
1988,13.72392,-88.08984,1
1988,13.73222,-89.37417,3
1988,13.73335,-89.21667,1
1988,13.73876,-89.05492,1
1988,13.76667,-88.26667,9
1988,13.7682,-88.12914,1
1988,13.7707,123.8631,1
1988,13.78111,-89.11861,1
1988,13.78579,100.56085,1
1988,13.79833,-89.17889,5
1988,13.80569,-88.14579,2
1988,13.80892,-89.22864,10
1988,13.8142,-88.34682,2
1988,13.81833,-87.97139,2
1988,13.83333,-88.71667,1
1988,13.835,-89.27444,2
1988,13.84222,-89.09694,1
1988,13.84278,-89.44722,1
1988,13.85,-88.85,4
1988,13.85077,-88.90406,1
1988,13.86483,-88.7494,3
1988,13.87458,-88.62778,1
1988,13.88032,-86.1678,1
1988,13.89271,-88.04398,2
1988,13.90756,-89.81929,1
1988,13.91,-89.06972,1
1988,13.91667,-88.23333,2
1988,13.92139,-89.845,3
1988,13.93105,121.61768,1
1988,13.93373,-89.02584,3
1988,13.94861,-87.06361,1
1988,13.94917,-89.76194,1
1988,13.94983,-88.14635,1
1988,13.97694,-89.7525,1
1988,13.98148,-89.55572,3
1988,13.98897,-88.98386,2
1988,13.99,-88.758,2
1988,14.00929,-88.94019,1
1988,14.03233,38.31657,1
1988,14.03488,33.61676,1
1988,14.05063,-88.06705,1
1988,14.05087,-88.99462,1
1988,14.0833,-87.2167,11
1988,14.09194,-88.74705,1
1988,14.09396,-88.88928,1
1988,14.11667,-88.91667,1
1988,14.12458,-89.29317,2
1988,14.15695,-89.01148,2
1988,14.17929,-89.04989,1
1988,14.18038,-88.89227,1
1988,14.19166,-89.1706,3
1988,14.19595,-89.15036,1
1988,14.28333,-91.36667,1
1988,14.29749,121.498,1
1988,14.33141,-89.44239,1
1988,14.38645,121.47816,1
1988,14.45418,-87.64308,1
1988,14.45924,120.92903,1
1988,14.48385,121.0145,1
1988,14.5147,121.06606,1
1988,14.54943,121.03359,2
1988,14.56667,-91.33333,1
1988,14.58423,121.03904,1
1988,14.59605,120.97867,34
1988,14.60986,-61.06873,1
1988,14.62,-90.84417,1
1988,14.62287,-90.52907,11
1988,14.63486,-91.14318,1
1988,14.63558,-89.44147,1
1988,14.66466,-90.82171,1
1988,14.67428,121.0575,2
1988,14.67908,120.53955,1
1988,14.70208,-91.2506,1
1988,14.72724,74.80063,1
1988,14.7645,-17.36603,2
1988,14.80088,120.53695,1
1988,14.83879,120.28502,2
1988,14.85302,120.81704,1
1988,14.91094,121.0495,1
1988,14.98333,-91.85,1
1988,15.03537,77.28146,1
1988,15.11667,-90.16667,1
1988,15.14972,120.76983,1
1988,15.153,120.59194,11
1988,15.22274,120.57289,1
1988,15.32544,44.2119,1
1988,15.326,119.98053,2
1988,15.40833,-91.14722,2
1988,15.47618,120.96069,1
1988,15.4786,120.59974,2
1988,15.50075,32.56008,1
1988,15.50167,-88.02774,5
1988,15.54353,121.08528,1
1988,15.58723,-87.89179,1
1988,15.60447,32.52914,4
1988,15.76679,-86.83306,1
1988,15.92509,-90.91454,1
1988,15.98745,-90.78419,1
1988,15.98881,-90.7817,1
1988,16.03034,120.22992,2
1988,16.1107,120.54547,1
1988,16.2411,-61.5331,1
1988,16.41639,120.59306,2
1988,16.48563,121.15266,2
1988,16.55604,98.23888,1
1988,16.63333,-90.18333,1
1988,16.68778,98.50833,1
1988,16.79904,121.12262,1
1988,16.88778,96.14956,3
1988,16.91667,-89.9,1
1988,17.06126,122.43004,1
1988,17.0843,120.90053,2
1988,17.08829,120.97869,2
1988,17.09201,121.96526,1
1988,17.17063,121.02638,1
1988,17.30337,97.02179,1
1988,17.30819,97.01028,5
1988,17.41262,121.44418,1
1988,17.45087,121.14999,1
1988,17.76067,-92.5949,1
1988,17.96683,77.23598,1
1988,17.98851,76.3261,1
1988,18.20132,-67.14512,1
1988,18.23872,-66.03523,2
1988,18.33232,120.61843,1
1988,18.38693,-66.06113,4
1988,18.4957,-72.47315,1
1988,18.52772,-72.33284,5
1988,18.53714,120.76528,1
1988,18.56163,121.23189,1
1988,19.08416,96.59092,1
1988,19.37189,-99.08662,1
1988,19.45,-70.7,2
1988,19.45592,73.3296,1
1988,19.52417,83.80861,1
1988,19.6481,97.20625,1
1988,19.70059,-101.18642,1
1988,19.75148,75.71389,1
1988,19.93453,86.19933,1
1988,20.24944,75.79333,1
1988,20.40494,85.83455,1
1988,20.58285,81.0746,1
1988,20.78585,97.03935,1
1988,20.9467,72.95203,1
1988,21.26707,78.80924,1
1988,21.60438,92.05072,1
1988,21.97351,96.08208,1
1988,22.11569,92.40102,1
1988,22.124,84.04318,1
1988,22.15243,92.24253,1
1988,22.16733,98.08441,1
1988,22.22193,88.03966,1
1988,22.3419,91.81512,11
1988,22.37294,90.33737,1
1988,22.41545,69.0105,1
1988,22.69892,88.24948,1
1988,22.70694,91.69806,1
1988,22.72621,75.86269,1
1988,22.75071,86.74415,3
1988,22.77364,88.8479,1
1988,22.81634,88.2236,1
1988,22.84172,91.83671,1
1988,22.8725,78.10722,1
1988,22.96333,83.42433,1
1988,22.98676,87.85498,1
1988,23.16396,89.213,1
1988,23.16667,79.93333,1
1988,23.48573,75.65449,1
1988,23.52044,87.31192,1
1988,23.62833,85.52111,1
1988,23.79128,90.4182,5
1988,23.96712,91.11196,1
1988,24.10194,76.39139,1
1988,24.26167,97.23006,1
1988,24.41516,72.31039,1
1988,24.42875,89.62516,1
1988,24.44136,74.26855,1
1988,24.66372,93.90627,1
1988,24.77897,97.03775,1
1988,24.79835,93.94043,1
1988,24.8525,78.27333,1
1988,24.8699,94.05081,1
1988,24.89112,67.14331,8
1988,24.90049,91.88102,3
1988,24.98452,93.50351,1
1988,25.06225,79.43966,2
1988,25.17389,77.68833,1
1988,25.2825,74.68056,1
1988,25.32242,89.36892,1
1988,25.558,85.58436,1
1988,25.59123,85.14016,1
1988,25.72129,-80.26866,1
1988,25.73333,98.03333,1
1988,25.77459,-80.2142,4
1988,25.82528,83.27111,1
1988,25.92,82.2,2
1988,25.97867,81.09409,1
1988,26.32901,91.00543,1
1988,26.33443,127.80558,1
1988,26.33806,76.15194,1
1988,26.34637,92.68404,2
1988,26.40729,80.07782,1
1988,26.43028,82.53667,2
1988,26.44462,91.44105,1
1988,26.44992,80.33187,1
1988,26.52434,88.71971,1
1988,26.55,31.7,1
1988,26.62132,81.39218,1
1988,26.65141,82.81911,1
1988,26.74278,82.52556,1
1988,26.88284,88.27982,6
1988,26.94001,94.73163,1
1988,26.97292,88.37007,1
1988,26.99804,88.16736,1
1988,27.00054,49.6708,1
1988,27.04632,88.27116,20
1988,27.06799,88.47127,7
1988,27.08833,81.2025,1
1988,27.26106,80.20145,1
1988,27.48946,95.36014,1
1988,27.50105,97.81699,1
1988,27.59944,76.8625,1
1988,27.7275,79.13,1
1988,28.09537,74.98495,2
1988,28.58584,77.15334,9
1988,28.69007,77.21398,4
1988,28.92877,77.09128,1
1988,29.05878,76.0856,1
1988,29.0696,75.85194,1
1988,29.25694,76.69469,1
1988,29.3477,47.94912,4
1988,29.39095,76.9635,2
1988,29.39568,71.67692,1
1988,29.42017,77.78454,1
1988,29.42301,79.42749,1
1988,29.77874,79.76422,1
1988,29.80367,76.39411,1
1988,29.88802,76.93006,1
1988,29.92075,74.20766,1
1988,29.96951,76.87828,1
1988,29.98068,76.58448,1
1988,29.98361,75.08278,1
1988,30.02122,75.7793,1
1988,30.08463,31.33431,8
1988,30.10108,77.85745,1
1988,30.20082,66.99435,1
1988,30.21099,74.94547,3
1988,30.2458,75.84207,2
1988,30.26888,75.23706,1
1988,30.34,76.38,3
1988,30.37,75.87,1
1988,30.371,75.79964,1
1988,30.37818,76.7767,2
1988,30.38167,74.55298,1
1988,30.39706,76.05732,1
1988,30.45083,74.88288,1
1988,30.46458,77.64073,3
1988,30.48667,76.80056,1
1988,30.50014,50.00084,1
1988,30.54135,77.91246,1
1988,30.58014,47.78188,1
1988,30.61596,76.38109,1
1988,30.61716,75.48302,1
1988,30.6497,76.85336,1
1988,30.65762,77.05645,1
1988,30.67239,74.75505,3
1988,30.68222,74.87972,1
1988,30.70722,75.30139,1
1988,30.73332,76.77942,7
1988,30.77664,74.88288,1
1988,30.79503,75.47607,1
1988,30.81554,74.54193,1
1988,30.81646,75.17171,1
1988,30.81792,74.47528,1
1988,30.82912,75.63972,1
1988,30.85833,77.15444,1
1988,30.89802,75.86008,17
1988,30.90096,75.85728,1
1988,30.91693,74.81928,1
1988,30.95442,74.61208,2
1988,30.96606,76.52316,3
1988,31.00789,76.2146,1
1988,31.02055,75.21922,1
1988,31.03566,72.95347,1
1988,31.05071,74.82001,1
1988,31.05788,76.30004,1
1988,31.10715,74.9764,1
1988,31.14093,76.31452,1
1988,31.14713,75.34122,1
1988,31.16843,75.59389,1
1988,31.1689,74.9428,1
1988,31.20745,74.6413,1
1988,31.22402,75.7708,2
1988,31.22833,74.73444,1
1988,31.24225,75.01876,1
1988,31.24848,34.78785,1
1988,31.26202,75.97488,1
1988,31.2905,73.00627,1
1988,31.30058,34.93582,1
1988,31.31102,75.63498,1
1988,31.32602,75.57618,5
1988,31.36227,75.44103,1
1988,31.37148,75.39368,2
1988,31.37849,74.89772,1
1988,31.39202,74.84633,1
1988,31.40612,74.91138,1
1988,31.41707,34.35103,1
1988,31.4236,75.09908,1
1988,31.44894,74.92526,2
1988,31.46028,75.11222,1
1988,31.47722,75.07754,1
1988,31.50124,75.08942,1
1988,31.50241,34.45974,4
1988,31.50547,74.34288,1
1988,31.51084,74.69347,1
1988,31.52973,35.11823,1
1988,31.53024,35.09416,1
1988,31.5325,75.09389,1
1988,31.53333,74.98333,1
1988,31.5349,75.91057,5
1988,31.53783,34.48953,1
1988,31.56036,75.02899,1
1988,31.56816,75.2778,1
1988,31.56988,75.14432,1
1988,31.60648,75.14724,1
1988,31.63308,74.87829,18
1988,31.63398,74.87226,7
1988,31.6484,75.50583,1
1988,31.67194,75.23306,1
1988,31.67898,75.63827,2
1988,31.68728,75.48015,1
1988,31.68731,75.14724,1
1988,31.70292,74.90129,1
1988,31.70434,35.19436,1
1988,31.72119,75.43593,1
1988,31.7716,35.2034,14
1988,31.78484,35.22461,1
1988,31.8186,75.2028,4
1988,31.81903,75.37658,1
1988,31.83433,70.90905,1
1988,31.84,74.76,3
1988,31.85948,75.0991,1
1988,31.8625,35.46188,1
1988,31.91725,35.21859,1
1988,31.93694,75.205,1
1988,31.95,35.93333,1
1988,31.9585,75.32324,2
1988,31.97054,34.79172,1
1988,31.9895,75.04505,1
1988,32.04076,75.40189,10
1988,32.08297,34.81189,7
1988,32.08778,76.78222,1
1988,32.08916,34.88382,1
1988,32.11344,35.07756,1
1988,32.1423,35.28639,1
1988,32.17834,34.90798,1
1988,32.18957,34.97056,1
1988,32.22227,35.25351,3
1988,32.26434,75.64211,2
1988,32.27071,75.53544,1
1988,32.3013,35.19406,2
1988,32.31197,35.0266,1
1988,32.52021,35.15196,1
1988,32.52389,74.97444,1
1988,32.69499,35.36898,1
1988,32.7266,74.85703,1
1988,32.76978,75.13082,1
1988,32.77684,-96.79776,3
1988,32.79392,34.99062,1
1988,32.88816,74.98517,2
1988,32.99435,74.46612,1
1988,33.00422,35.09257,1
1988,33.11806,35.13972,1
1988,33.17611,35.44333,2
1988,33.19399,35.40967,1
1988,33.19576,35.5444,1
1988,33.225,35.40833,1
1988,33.24626,35.5001,2
1988,33.26615,35.21406,1
1988,33.275,74.47417,1
1988,33.27722,35.55167,1
1988,33.30357,44.37177,2
1988,33.36326,70.54785,1
1988,33.4326,35.64847,1
1988,33.46667,74.96361,1
1988,33.47454,35.35925,1
1988,33.51861,35.36611,1
1988,33.52253,-117.70755,1
1988,33.53465,35.87161,1
1988,33.542,35.38115,1
1988,33.55043,35.37096,9
1988,33.58041,130.39636,1
1988,33.59401,73.06908,2
1988,33.67164,73.05607,3
1988,33.70394,70.32865,1
1988,33.73965,72.80207,1
1988,33.76634,72.35734,1
1988,33.76672,-118.1924,1
1988,33.77282,35.8979,1
1988,33.81573,35.8533,1
1988,33.82287,74.85364,1
1988,33.83333,36.0,1
1988,33.88852,35.50351,74
1988,33.898,70.10754,1
1988,33.9877,35.63892,1
1988,34.006,71.53743,14
1988,34.01562,36.17626,1
1988,34.03492,36.22784,1
1988,34.08374,74.7899,7
1988,34.09787,-118.40738,1
1988,34.1075,35.65806,1
1988,34.123,35.65193,1
1988,34.14658,71.74354,4
1988,34.17183,70.62168,1
1988,34.25729,35.66695,1
1988,34.41712,70.44959,1
1988,34.43809,35.83084,12
1988,34.45104,35.81075,2
1988,34.5169,69.14701,8
1988,34.70733,33.0234,3
1988,34.77448,72.36405,1
1988,34.91786,33.633,1
1988,35.15954,126.8526,2
1988,35.16675,33.3676,1
1988,35.17955,129.07564,1
1988,35.1982,-111.6513,1
1988,35.3292,25.13867,2
1988,35.33045,139.90268,1
1988,35.41634,47.06134,1
1988,35.44371,139.63803,1
1988,35.68912,139.74774,10
1988,35.72453,51.40519,4
1988,35.77216,140.32178,1
1988,35.77675,140.00079,1
1988,35.87144,128.60145,1
1988,35.92105,64.77454,1
1988,36.05488,-112.1221,1
1988,36.61698,-6.3582,1
1988,36.62179,-4.50027,1
1988,36.71928,37.11557,1
1988,37.24989,40.45848,1
1988,37.3342,40.73787,1
1988,37.33848,-121.88579,1
1988,37.39708,42.91209,1
1988,37.5174,42.45985,1
1988,37.5407,-77.43365,1
1988,37.56654,126.97797,4
1988,37.56992,42.0126,1
1988,37.74258,20.8965,1
1988,37.7468,23.42676,1
1988,37.93555,41.93683,3
1988,37.94284,23.64692,4
1988,37.99749,23.76273,25
1988,38.11463,15.65023,1
1988,38.17845,41.49528,1
1988,38.27968,26.37644,1
1988,38.39565,27.13564,1
1988,38.44631,42.16456,1
1988,38.62863,21.41232,1
1988,38.7253,-9.15004,2
1988,38.88845,40.50114,1
1988,38.9861,-3.92726,1
1988,39.03865,44.12938,1
1988,39.14434,39.54844,2
1988,39.22812,40.07126,1
1988,39.93077,32.76754,7
1988,39.98607,-0.03602,1
1988,40.01499,-105.27055,1
1988,40.02583,38.91471,1
1988,40.0305,-6.08825,1
1988,40.05632,0.06565,2
1988,40.39766,30.49061,1
1988,40.4656,-3.69626,7
1988,40.50191,-3.2548,1
1988,40.62066,22.952,2
1988,40.67476,-111.28087,1
1988,40.75069,37.5163,1
1988,40.8401,14.25164,1
1988,41.10618,28.68986,13
1988,41.11866,1.24533,1
1988,41.11887,25.40553,2
1988,41.15135,34.71004,1
1988,41.15546,-73.42686,1
1988,41.35561,2.07043,1
1988,41.35958,2.0997,1
1988,41.40064,2.15091,25
1988,41.45014,2.24742,1
1988,41.47931,2.31924,1
1988,41.65294,-4.72838,1
1988,41.65628,-0.87653,1
1988,41.89096,12.49007,3
1988,41.93061,8.74291,14
1988,42.01685,9.40398,5
1988,42.23136,-8.71245,5
1988,42.34001,-7.86464,1
1988,42.37637,-7.41191,1
1988,42.43362,-8.64805,6
1988,42.46578,-2.45,4
1988,42.56765,8.75722,3
1988,42.5772,-2.8463,1
1988,42.66993,-2.03091,1
1988,42.7,9.44732,2
1988,42.7338,-1.64533,1
1988,42.81537,-1.65362,1
1988,42.84964,-2.69236,6
1988,42.88045,-8.5463,3
1988,42.89522,-2.1688,1
1988,43.01209,-7.55585,1
1988,43.05436,-2.33364,1
1988,43.11822,-2.41336,2
1988,43.12423,5.928,1
1988,43.13698,-2.07391,1
1988,43.14333,-2.96298,2
1988,43.15227,-2.64198,1
1988,43.16907,-2.63266,1
1988,43.18418,-2.47329,4
1988,43.20104,-3.04989,1
1988,43.20752,-2.88784,1
1988,43.21378,-3.13149,1
1988,43.21519,-2.4157,1
1988,43.22218,-2.88567,4
1988,43.22408,-2.71894,1
1988,43.25843,-2.92182,16
1988,43.27217,-2.83217,1
1988,43.28036,-2.17159,1
1988,43.29162,-1.9779,9
1988,43.29648,5.36978,6
1988,43.29722,-2.99167,1
1988,43.30746,-2.94642,1
1988,43.3282,-3.03151,1
1988,43.34417,-3.00639,1
1988,43.34872,-3.01009,1
1988,43.35361,-2.90746,1
1988,43.37087,-8.39584,9
1988,43.37542,-8.20869,1
1988,43.38377,-3.7381,1
1988,43.38503,-5.70297,1
1988,43.40159,-3.81816,1
1988,43.41667,-2.93333,1
1988,43.48839,-8.22251,2
1988,43.49295,-1.47484,2
1988,43.52315,-1.48586,1
1988,43.55285,7.01737,1
1988,43.66374,7.14882,1
1988,43.69604,7.26559,1
1988,44.10674,9.82922,1
1988,45.07273,7.67954,1
1988,45.46921,9.17451,2
1988,45.73861,8.97985,1
1988,46.19839,6.1423,2
1988,46.49671,11.35801,11
1988,46.60067,11.53299,4
1988,46.63963,11.56482,1
1988,46.6691,11.16398,1
1988,46.73894,11.63974,1
1988,46.7953,11.93515,1
1988,46.94792,7.44461,1
1988,47.23783,6.02405,1
1988,47.36865,8.53918,1
1988,47.97658,-122.20642,1
1988,47.99754,-4.0979,2
1988,48.06615,-2.96706,1
1988,48.11348,-1.67571,2
1988,48.13913,11.58019,1
1988,48.20817,16.37382,1
1988,48.70316,9.654,1
1988,48.85664,2.34233,11
1988,49.35027,8.13792,1
1988,49.92044,8.48483,1
1988,49.94156,11.57102,1
1988,50.11797,8.64419,1
1988,50.17968,8.5086,1
1988,50.37038,-4.14265,1
1988,50.73267,7.0963,1
1988,50.83643,4.36742,4
1988,51.19244,5.9947,1
1988,51.21392,6.78069,1
1988,51.21502,2.9288,1
1988,51.38881,9.76683,1
1988,51.43515,6.76269,1
1988,51.45531,-2.5919,1
1988,51.48131,-3.1805,1
1988,51.50439,-0.14004,13
1988,51.52275,-0.72021,1
1988,51.60319,6.0492,1
1988,51.69796,0.11023,1
1988,52.02306,8.53307,1
1988,52.05081,-1.77843,1
1988,52.19204,-2.22353,1
1988,52.20254,0.13124,1
1988,52.22034,6.89596,1
1988,52.37022,4.89517,1
1988,52.48296,-1.89359,1
1988,52.50153,13.40185,5
1988,52.58573,-2.12925,1
1988,52.59986,-2.08284,1
1988,52.67773,-2.44928,1
1988,53.19146,-2.89501,2
1988,53.28222,-3.05588,1
1988,53.41078,-2.97784,1
1988,53.48071,-2.23438,1
1988,53.55381,9.99159,1
1988,54.06307,-6.00698,1
1988,54.07731,-6.60879,1
1988,54.08629,-6.57697,1
1988,54.10153,-6.52644,1
1988,54.118,-6.354,1
1988,54.1314,-6.58639,1
1988,54.18305,-6.34139,4
1988,54.19068,-7.56295,1
1988,54.25372,-7.44106,1
1988,54.25858,-5.84266,2
1988,54.32863,-5.71667,1
1988,54.34542,-7.63636,2
1988,54.34754,-6.65611,3
1988,54.37199,-6.55133,1
1988,54.40993,-7.17256,1
1988,54.41195,-6.74573,1
1988,54.42071,-6.44377,1
1988,54.48206,-8.08824,1
1988,54.49051,-7.98751,1
1988,54.51569,-6.05572,4
1988,54.53671,-6.70361,2
1988,54.54426,-6.78006,1
1988,54.59456,-6.93139,1
1988,54.59694,-7.05062,1
1988,54.6003,-7.2984,2
1988,54.60771,-5.95621,78
1988,54.62069,-6.21773,1
1988,54.64586,-6.74515,4
1988,54.64786,-6.61872,3
1988,54.65906,-5.73539,1
1988,54.70672,-7.59287,2
1988,54.71338,-6.21676,1
1988,54.78772,-6.49231,2
1988,54.81916,-7.46791,2
1988,54.84282,-6.66773,1
1988,55.01156,-7.31204,13
1988,55.03036,-7.21588,2
1988,55.12015,-3.35594,1
1988,55.12934,-6.66344,1
1988,55.67608,12.56832,1
1988,56.11282,-3.16073,1
1989,-40.57472,-73.13192,4
1989,-38.73413,-72.58465,6
1989,-37.89566,-65.09578,1
1989,-37.09202,-73.15458,3
1989,-36.81601,-73.03766,4
1989,-36.74815,-73.11232,5
1989,-36.60928,-72.10206,1
1989,-35.96396,-71.68285,1
1989,-35.43058,-71.65762,2
1989,-35.13895,-71.36839,1
1989,-34.9213,-57.95433,1
1989,-34.89115,-56.18721,1
1989,-34.68631,-58.52847,4
1989,-34.61768,-58.44444,16
1989,-34.17033,-70.74082,2
1989,-34.04769,18.60564,3
1989,-34.03993,18.66289,1
1989,-34.02668,18.74893,1
1989,-33.9985,18.73858,1
1989,-33.96304,18.50167,2
1989,-33.9585,25.60068,2
1989,-33.95,18.63333,1
1989,-33.94911,18.57716,2
1989,-33.94185,18.41964,7
1989,-33.93397,18.86069,1
1989,-33.92942,18.57553,1
1989,-33.92634,18.41629,1
1989,-33.90029,18.63344,1
1989,-33.87365,151.20689,2
1989,-33.76672,25.40053,1
1989,-33.36624,-70.5053,92
1989,-33.33347,-60.21103,1
1989,-33.2,-64.43334,1
1989,-33.13271,-64.34952,1
1989,-33.05012,-71.61225,5
1989,-33.04184,-71.43846,1
1989,-33.01069,-71.52779,12
1989,-32.98577,27.86609,1
1989,-32.98239,27.82774,1
1989,-32.94926,27.73496,4
1989,-32.89027,-68.84403,1
1989,-32.8828,27.39968,3
1989,-32.87177,27.26878,1
1989,-32.84255,27.44283,2
1989,-32.83389,-70.59722,1
1989,-32.5654,27.41758,1
1989,-32.50715,-71.44818,1
1989,-31.60507,28.7765,1
1989,-31.3993,-64.18213,1
1989,-31.24241,-64.46261,1
1989,-30.80758,30.334,1
1989,-29.9069,-71.25103,1
1989,-29.86182,31.00829,8
1989,-29.76764,30.9131,1
1989,-29.75086,30.98335,3
1989,-29.73954,30.9483,1
1989,-29.68401,30.93243,1
1989,-29.56227,30.17517,2
1989,-29.41284,-66.85598,1
1989,-28.8329,30.6831,1
1989,-27.89155,31.64517,1
1989,-27.56606,-70.05031,1
1989,-27.45163,-58.9862,1
1989,-27.3621,-55.90081,2
1989,-26.54938,28.33217,1
1989,-26.42569,28.47368,1
1989,-26.37148,28.40881,3
1989,-26.36318,28.15222,7
1989,-26.35316,28.13273,2
1989,-26.3486,28.36469,2
1989,-26.32875,31.1439,1
1989,-26.28681,28.40086,1
1989,-26.2527,27.87028,16
1989,-26.25069,28.44194,2
1989,-26.24903,27.94412,1
1989,-26.19981,27.87631,1
1989,-26.18915,28.31707,1
1989,-26.18411,28.03323,25
1989,-26.17848,27.70325,3
1989,-26.10863,28.04012,1
1989,-26.1072,28.05829,1
1989,-26.00412,28.21116,3
1989,-26.00384,32.55738,1
1989,-25.96347,32.58054,1
1989,-25.92403,32.46584,2
1989,-25.89231,32.60515,1
1989,-25.89197,32.60513,5
1989,-25.88491,32.56726,1
1989,-25.85932,25.64336,1
1989,-25.74828,28.21207,6
1989,-25.74336,28.18529,1
1989,-25.71832,28.4088,1
1989,-25.69485,32.34456,1
1989,-25.54333,32.11278,3
1989,-25.47419,30.96946,1
1989,-25.44849,32.77669,1
1989,-25.44449,31.99311,6
1989,-25.27748,32.81741,1
1989,-25.27292,32.80845,1
1989,-25.06041,33.69593,1
1989,-25.05126,32.7821,2
1989,-25.01942,33.79717,1
1989,-25.01087,32.63903,1
1989,-24.69671,33.54487,2
1989,-24.66798,25.97636,1
1989,-24.65806,25.91222,1
1989,-24.53218,32.9832,2
1989,-23.97228,33.56379,1
1989,-23.84756,32.62194,1
1989,-23.55071,-46.63348,3
1989,-22.94848,30.48337,3
1989,-22.68168,29.10278,1
1989,-22.56734,17.08327,5
1989,-22.52311,-55.72428,1
1989,-22.50821,-44.09434,1
1989,-22.4541,-68.94591,1
1989,-22.19168,29.5,1
1989,-21.53399,-64.73432,1
1989,-20.4522,166.61733,1
1989,-20.42007,57.54903,1
1989,-20.10765,16.15686,1
1989,-19.79638,34.88449,1
1989,-19.61144,34.7409,1
1989,-19.50598,33.43835,1
1989,-19.25462,34.24204,3
1989,-19.20472,-68.90111,1
1989,-19.10379,33.46081,2
1989,-19.09249,33.65303,1
1989,-19.04794,-65.25954,2
1989,-19.02361,31.61417,1
1989,-18.88446,31.27837,1
1989,-18.40038,36.10286,1
1989,-18.22008,32.74637,1
1989,-18.11005,21.6213,1
1989,-17.85027,36.92182,1
1989,-17.8387,25.85457,2
1989,-17.78322,-63.18204,3
1989,-17.78176,15.76486,1
1989,-17.77788,-69.95951,1
1989,-17.77082,15.76778,2
1989,-17.62417,177.45278,2
1989,-17.51577,15.86704,1
1989,-17.50897,33.35773,1
1989,-16.84136,36.96604,1
1989,-16.51044,-68.21086,14
1989,-16.50932,-68.10434,20
1989,-16.41975,-71.53054,3
1989,-16.4095,-71.53738,2
1989,-16.28332,-70.60018,1
1989,-16.24433,-69.09267,1
1989,-16.13295,33.60631,2
1989,-16.03556,28.23944,1
1989,-15.84065,-70.02789,3
1989,-15.83668,-71.75582,1
1989,-15.69902,-70.60638,1
1989,-15.65059,-72.50578,1
1989,-15.49858,-72.35623,1
1989,-15.4933,-70.13557,1
1989,-15.46667,23.13333,1
1989,-15.45,-69.3,1
1989,-15.41539,28.28435,10
1989,-15.40402,33.2588,2
1989,-15.26111,-69.93028,1
1989,-15.18821,-72.96421,1
1989,-15.14485,-70.11204,1
1989,-15.12609,39.26919,1
1989,-15.05957,-69.80161,3
1989,-15.05301,-70.27791,2
1989,-15.042,-70.36797,1
1989,-15.01699,-73.78042,1
1989,-14.95513,-70.40187,1
1989,-14.95107,-72.71616,1
1989,-14.90987,-70.19747,2
1989,-14.89832,33.61404,1
1989,-14.78444,-71.86806,1
1989,-14.77684,32.83387,1
1989,-14.77234,-69.95358,1
1989,-14.77057,-70.90266,3
1989,-14.7425,-74.22222,1
1989,-14.72784,-70.51148,1
1989,-14.68099,-69.53507,1
1989,-14.65205,17.6841,1
1989,-14.58376,-70.31745,1
1989,-14.53374,-75.18529,6
1989,-14.44989,-72.08211,1
1989,-14.43333,31.4,1
1989,-14.38528,-73.96261,1
1989,-14.31884,-74.37817,3
1989,-14.31096,-72.13975,1
1989,-14.2952,-73.2423,1
1989,-14.28584,-72.04068,1
1989,-14.24118,31.31975,1
1989,-14.22098,-69.15382,2
1989,-14.18318,40.52565,2
1989,-14.08455,-73.58969,1
1989,-14.06347,-75.72938,8
1989,-14.01846,-75.75839,1
1989,-14.0113,-75.7351,2
1989,-14.00611,32.9025,1
1989,-13.98028,-73.98778,1
1989,-13.92139,-73.90528,1
1989,-13.86809,-73.66747,1
1989,-13.82056,-73.52861,1
1989,-13.74639,-72.35667,1
1989,-13.71009,-76.20312,1
1989,-13.634,-72.881,1
1989,-13.62938,-74.12813,1
1989,-13.58914,-73.99518,1
1989,-13.57726,-72.56326,1
1989,-13.56167,-74.67139,1
1989,-13.53169,-71.96692,1
1989,-13.46507,-72.14328,2
1989,-13.35774,-76.18997,1
1989,-13.33683,-74.52703,1
1989,-13.33036,-74.9771,4
1989,-13.2875,-73.62278,1
1989,-13.28338,-75.3191,1
1989,-13.28313,-75.31924,1
1989,-13.27536,-73.61221,1
1989,-13.27316,-74.20546,1
1989,-13.22528,-74.13917,1
1989,-13.21096,-75.78646,1
1989,-13.18788,37.5055,1
1989,-13.18028,-73.59917,2
1989,-13.16387,-74.22356,7
1989,-13.16015,-75.07216,1
1989,-13.15271,-74.21863,43
1989,-13.13312,38.99815,1
1989,-13.12103,-75.78366,1
1989,-13.1124,-74.09923,1
1989,-13.07806,-76.38887,1
1989,-13.06694,-75.80444,1
1989,-13.06098,-76.35303,1
1989,-13.05694,-74.21361,2
1989,-13.04917,-74.13861,1
1989,-13.03698,-75.60923,1
1989,-13.01262,-73.9809,2
1989,-13.01124,-74.17345,1
1989,-12.94815,-74.02084,2
1989,-12.93978,-74.24748,2
1989,-12.93972,-74.2475,1
1989,-12.90583,-75.28294,1
1989,-12.87701,-74.22197,1
1989,-12.86554,-76.0545,1
1989,-12.84195,-74.57114,1
1989,-12.84028,32.13944,1
1989,-12.8095,36.6026,1
1989,-12.78715,-74.97321,7
1989,-12.76554,15.73286,1
1989,-12.73861,-74.38698,1
1989,-12.5971,-73.83088,1
1989,-12.51842,-74.37366,2
1989,-12.51737,-76.73399,1
1989,-12.46007,-75.91802,2
1989,-12.38126,16.93367,1
1989,-12.33355,39.32062,1
1989,-12.30735,-76.14321,2
1989,-12.2672,-75.17292,1
1989,-12.24451,-76.8716,1
1989,-12.21791,-76.51486,1
1989,-12.14549,-76.21242,1
1989,-12.13311,-75.26832,1
1989,-12.11492,37.66663,1
1989,-12.06864,-75.2103,1
1989,-12.06831,-75.21016,38
1989,-12.05093,-77.12604,1
1989,-12.02748,-75.21308,1
1989,-12.02107,40.14706,1
1989,-12.01676,-75.58342,1
1989,-12.00603,-76.90411,3
1989,-12.00338,-76.91842,1
1989,-11.97581,-76.7699,1
1989,-11.96737,-76.97846,150
1989,-11.94956,-75.28238,1
1989,-11.91848,-75.31289,1
1989,-11.87827,-77.12659,1
1989,-11.83321,-75.43448,1
1989,-11.82222,-75.39295,44
1989,-11.81719,-75.62428,1
1989,-11.80696,-75.42402,1
1989,-11.7756,-75.50068,16
1989,-11.77503,-75.50011,3
1989,-11.75922,-76.30024,1
1989,-11.73894,-75.54645,1
1989,-11.62147,-76.67087,1
1989,-11.60592,-76.13242,2
1989,-11.54253,-75.52355,1
1989,-11.52049,-75.89978,9
1989,-11.5192,-75.89914,1
1989,-11.475,-75.95866,1
1989,-11.43179,-74.4848,1
1989,-11.4193,-75.68888,2
1989,-11.3252,-74.53046,1
1989,-11.30639,-75.94056,1
1989,-11.25424,-74.63696,1
1989,-11.18028,-76.97139,1
1989,-11.16107,-75.99309,1
1989,-11.12272,-77.61057,4
1989,-11.05603,-75.32824,1
1989,-11.05129,-75.78826,1
1989,-11.00224,-76.36479,1
1989,-10.92587,-74.8731,1
1989,-10.8885,-75.28716,1
1989,-10.85572,-76.11038,1
1989,-10.79592,-77.71641,1
1989,-10.78128,-76.81451,1
1989,-10.7562,-77.27176,1
1989,-10.75407,-77.76099,9
1989,-10.68359,-76.25621,2
1989,-10.68065,-76.25992,8
1989,-10.67476,-77.81807,1
1989,-10.50417,-76.62194,1
1989,-10.47273,-76.99179,1
1989,-10.40349,-77.39672,1
1989,-10.39221,-76.87211,1
1989,-10.26811,-76.41541,1
1989,-10.21667,-76.56667,1
1989,-10.15206,-77.15683,1
1989,-10.14049,-77.44333,1
1989,-10.13498,-76.20035,2
1989,-10.07719,-76.21301,1
1989,-10.04039,-75.80691,1
1989,-10.0075,-76.24306,1
1989,-9.94069,-76.24107,3
1989,-9.92948,-76.23974,2
1989,-9.86273,-76.16995,1
1989,-9.78738,-77.67652,1
1989,-9.57456,-76.57844,1
1989,-9.52992,-77.5288,8
1989,-9.52326,-77.15642,4
1989,-9.48752,14.35548,1
1989,-9.36515,-77.58057,1
1989,-9.29874,14.91519,2
1989,-9.29748,-75.99631,3
1989,-9.29748,-75.9963,2
1989,-9.29677,18.27983,1
1989,-9.25012,14.68331,1
1989,-9.18878,-76.92773,1
1989,-9.12015,-78.19411,1
1989,-9.0378,-76.95258,1
1989,-9.03694,-75.5075,1
1989,-8.95172,-77.81479,2
1989,-8.86501,-77.35736,1
1989,-8.83884,13.23558,2
1989,-8.79167,-76.24972,1
1989,-8.63043,-77.08395,1
1989,-8.58052,13.66392,1
1989,-8.54966,125.5666,1
1989,-8.45925,-76.46199,2
1989,-8.4489,-76.32465,1
1989,-8.41658,-77.45017,1
1989,-8.38089,-74.53129,5
1989,-8.3548,-74.5758,1
1989,-8.33787,-74.59443,2
1989,-8.27666,-77.2964,1
1989,-8.25,147.06667,1
1989,-8.14511,-78.17352,1
1989,-8.11182,-79.02866,5
1989,-8.10586,-79.03802,1
1989,-7.81562,-78.04888,1
1989,-7.79469,-76.1964,6
1989,-7.78656,-78.14146,2
1989,-7.45112,-78.26982,1
1989,-7.42435,-79.50325,1
1989,-7.34728,-75.00562,1
1989,-7.28639,-78.57531,1
1989,-7.24449,-76.82596,1
1989,-7.18906,-79.5136,1
1989,-6.78358,-76.8721,1
1989,-6.76456,-79.96847,1
1989,-6.72367,146.99091,1
1989,-6.48812,-76.3599,2
1989,-6.32065,155.47686,7
1989,-6.30405,155.72656,1
1989,-6.2723,155.66859,1
1989,-6.22834,155.56522,3
1989,-6.21926,155.62707,2
1989,-6.21923,155.49629,1
1989,-6.15837,155.38221,5
1989,-5.89791,-76.10995,3
1989,-5.85819,144.24293,1
1989,-5.54993,-80.53308,1
1989,-5.19704,-80.62662,1
1989,-5.16445,-80.13926,1
1989,-5.11812,-79.67379,1
1989,-4.37341,139.35148,1
1989,-3.98331,-79.20014,1
1989,-2.90758,38.06491,2
1989,-2.17083,-79.92236,4
1989,-1.24174,-78.61957,1
1989,-0.21119,-78.52263,7
1989,0.20296,35.09784,1
1989,0.35085,32.58022,1
1989,0.51598,35.27999,1
1989,0.67823,34.18657,1
1989,1.47813,33.93054,1
1989,1.48563,33.93319,1
1989,1.61456,-75.6053,2
1989,1.68731,31.71385,1
1989,1.71702,33.60242,3
1989,1.72245,-76.1309,1
1989,1.80488,-75.89077,1
1989,1.80741,-78.76375,1
1989,1.86964,-77.37043,1
1989,1.91851,33.30091,1
1989,1.99147,-76.04537,1
1989,2.24359,-77.01038,3
1989,2.44186,-76.60617,6
1989,2.45051,-77.98001,1
1989,2.46071,31.49417,1
1989,2.57622,32.35468,1
1989,2.58411,-75.45187,1
1989,2.76701,32.25212,1
1989,2.77168,32.28842,1
1989,2.77172,-77.66461,1
1989,2.93685,-75.58664,1
1989,2.9694,31.39704,1
1989,3.00879,-76.4859,1
1989,3.12389,-73.75139,1
1989,3.13894,101.69132,2
1989,3.17342,-74.96582,1
1989,3.24121,31.55127,1
1989,3.27199,-73.08775,1
1989,3.42934,-76.51604,26
1989,3.52987,-75.6455,1
1989,3.5299,-76.29801,1
1989,3.62122,-75.09282,1
1989,3.69748,-73.69899,1
1989,3.80089,-76.64127,1
1989,3.88182,-77.07042,1
1989,3.91272,-75.47591,2
1989,3.94972,-76.27417,1
1989,4.04812,-76.41002,1
1989,4.08509,-72.9536,1
1989,4.08581,-76.19719,1
1989,4.09252,-75.15454,2
1989,4.09995,30.67022,1
1989,4.15086,-74.88372,1
1989,4.15127,-73.63872,1
1989,4.17871,-74.42302,3
1989,4.24319,-75.24112,1
1989,4.25988,-74.54496,1
1989,4.26995,-73.48676,1
1989,4.33447,-75.82798,1
1989,4.3724,-55.80509,1
1989,4.41024,32.57404,2
1989,4.48896,-69.79124,1
1989,4.48953,-55.3642,1
1989,4.53581,-76.10659,2
1989,4.5823,-74.21946,1
1989,4.66713,-74.10606,128
1989,4.70783,96.73279,1
1989,4.74871,-75.91319,1
1989,4.79961,-74.74089,1
1989,4.81428,-75.69456,10
1989,4.85851,-74.05903,1
1989,4.87257,-74.14356,1
1989,4.91497,-55.15789,1
1989,4.98248,-54.99194,1
1989,4.99243,-76.01866,3
1989,4.99936,-74.33936,1
1989,5.0,-54.98333,1
1989,5.017,-55.167,1
1989,5.06787,-75.51748,1
1989,5.0694,-74.59806,1
1989,5.16074,-76.68516,1
1989,5.16741,-75.97881,1
1989,5.16754,-57.16942,1
1989,5.18017,-55.07966,1
1989,5.19812,-74.39364,1
1989,5.27444,-73.0575,1
1989,5.29587,-75.88259,1
1989,5.38095,-55.09896,1
1989,5.40832,-71.6623,1
1989,5.45394,-73.36205,1
1989,5.53813,-73.36219,1
1989,5.60097,-54.41644,1
1989,5.61667,-54.4,3
1989,5.67528,-74.89944,1
1989,5.69433,-56.29294,1
1989,5.75893,-71.5724,1
1989,5.78582,-55.89639,1
1989,5.82789,-55.17622,2
1989,5.85936,-73.96559,1
1989,5.89895,-76.14195,1
1989,5.92851,121.02792,1
1989,5.93764,80.61326,2
1989,5.94443,80.54994,7
1989,5.96332,-75.97872,1
1989,5.96478,-75.10166,1
1989,5.96981,125.28694,1
1989,5.97168,80.6951,4
1989,5.97364,80.42819,3
1989,5.98274,80.73114,1
1989,5.99861,80.49471,1
1989,6.00254,80.36952,1
1989,6.02194,80.28091,1
1989,6.0221,80.79977,2
1989,6.03296,80.21278,5
1989,6.03568,80.38892,1
1989,6.04816,80.73391,2
1989,6.05703,-75.18513,1
1989,6.06378,80.42514,1
1989,6.08035,80.56606,4
1989,6.08373,80.64485,4
1989,6.10036,80.47605,3
1989,6.10847,80.22377,1
1989,6.11009,80.93207,2
1989,6.12126,80.74481,1
1989,6.13027,81.02025,1
1989,6.13066,81.1262,12
1989,6.15367,-75.37416,3
1989,6.15554,80.69781,3
1989,6.16557,80.90312,1
1989,6.16667,81.03333,1
1989,6.16889,80.72,1
1989,6.17834,80.19002,1
1989,6.18676,-74.58397,1
1989,6.1876,-74.99429,1
1989,6.18983,80.09539,1
1989,6.2,80.51667,1
1989,6.20153,101.25184,1
1989,6.20333,101.72,1
1989,6.21324,31.56087,1
1989,6.23738,80.54384,1
1989,6.23983,80.05261,2
1989,6.24203,-75.56477,98
1989,6.25362,80.91312,1
1989,6.25415,101.7296,1
1989,6.26362,80.69094,1
1989,6.26528,80.49105,3
1989,6.2675,-75.56861,2
1989,6.27915,81.28767,2
1989,6.288,80.1596,1
1989,6.30015,80.31726,1
1989,6.30653,80.63061,1
1989,6.30657,101.71822,1
1989,6.30911,81.00306,3
1989,6.31623,80.84331,4
1989,6.33477,124.95315,3
1989,6.33776,80.87499,1
1989,6.34053,-75.56223,3
1989,6.34248,80.55966,6
1989,6.34278,80.22301,3
1989,6.34706,81.19687,1
1989,6.37728,-75.44612,1
1989,6.41422,81.33444,1
1989,6.41848,80.82394,3
1989,6.41871,121.97244,1
1989,6.41892,80.00598,2
1989,6.44284,-73.3367,1
1989,6.46052,-71.72989,3
1989,6.47116,-75.16472,1
1989,6.48508,-75.0194,1
1989,6.52284,80.11423,2
1989,6.5455,101.2799,1
1989,6.54731,-71.00223,4
1989,6.55194,-74.78722,1
1989,6.56577,79.98361,1
1989,6.5868,79.96264,3
1989,6.63348,124.60052,1
1989,6.64371,-73.65362,4
1989,6.6752,-74.84211,1
1989,6.67633,80.08693,3
1989,6.67786,-75.81146,2
1989,6.68011,80.40188,6
1989,6.68578,80.10215,1
1989,6.68628,80.409,1
1989,6.70041,121.97256,1
1989,6.70139,101.61667,2
1989,6.71411,79.90563,3
1989,6.73201,81.10211,1
1989,6.7449,80.89282,1
1989,6.75005,125.35626,3
1989,6.78807,79.89128,4
1989,6.79223,-71.77554,1
1989,6.79761,79.87378,2
1989,6.8018,79.92268,2
1989,6.81954,79.88008,3
1989,6.82588,80.99816,2
1989,6.82833,-75.51306,1
1989,6.8292,81.03406,1
1989,6.83012,79.88008,1
1989,6.83191,-73.71195,1
1989,6.83196,124.87886,1
1989,6.84088,80.00259,1
1989,6.84276,81.33994,3
1989,6.84344,80.90007,1
1989,6.84432,81.02566,1
1989,6.85222,79.92487,1
1989,6.85595,79.86297,1
1989,6.86066,124.44733,1
1989,6.86283,124.44514,1
1989,6.86867,79.88988,2
1989,6.86948,101.25048,1
1989,6.87275,81.35066,3
1989,6.87466,79.86048,1
1989,6.88608,79.96264,1
1989,6.89068,79.89719,1
1989,6.89665,81.23811,1
1989,6.90584,80.08422,2
1989,6.90608,79.96963,1
1989,6.90658,80.90954,1
1989,6.90667,81.55929,2
1989,6.91074,79.87123,1
1989,6.91218,79.88288,1
1989,6.92454,79.90388,1
1989,6.92695,-68.52472,2
1989,6.92708,79.86124,1
1989,6.92909,122.07885,9
1989,6.93083,79.98422,1
1989,6.93492,80.33802,1
1989,6.9389,-71.81009,1
1989,6.94184,79.86169,57
1989,6.95284,-71.87514,3
1989,6.95575,79.92369,1
1989,6.96379,80.42083,1
1989,6.97057,-70.59832,1
1989,6.98773,125.27191,1
1989,6.98823,81.19748,2
1989,6.9934,81.05498,7
1989,7.01086,125.08992,1
1989,7.01152,81.09271,1
1989,7.01444,81.12056,1
1989,7.02556,124.315,1
1989,7.02734,-71.42856,2
1989,7.06005,-73.85312,1
1989,7.06803,81.55386,2
1989,7.07968,79.89098,3
1989,7.08324,125.601,1
1989,7.08582,-70.75779,1
1989,7.09216,79.85028,1
1989,7.0928,79.99461,6
1989,7.09638,-73.56664,1
1989,7.09876,80.56051,1
1989,7.10736,124.82777,1
1989,7.11629,-73.12003,13
1989,7.13869,-72.66521,1
1989,7.14408,80.0956,1
1989,7.15406,80.05938,1
1989,7.15944,81.04917,1
1989,7.1643,80.56899,1
1989,7.16669,-73.54995,1
1989,7.16972,-73.58861,2
1989,7.17227,80.4199,3
1989,7.18167,80.5851,1
1989,7.19861,-75.34122,1
1989,7.20639,80.57083,1
1989,7.2088,79.83802,1
1989,7.20959,124.24197,4
1989,7.21939,81.84976,3
1989,7.23031,80.01647,2
1989,7.25167,80.44528,1
1989,7.25286,80.34315,3
1989,7.25306,80.18639,1
1989,7.2565,80.72144,1
1989,7.26389,80.3875,1
1989,7.26633,80.55218,1
1989,7.26986,80.59383,1
1989,7.29361,80.84055,1
1989,7.29384,80.64067,29
1989,7.29861,-72.49427,1
1989,7.30176,81.67473,5
1989,7.30962,80.71035,2
1989,7.30986,-72.48288,1
1989,7.31538,80.74493,1
1989,7.31746,80.70204,1
1989,7.32039,-75.61524,1
1989,7.32234,-73.01493,1
1989,7.33337,-73.74993,1
1989,7.33973,80.99196,2
1989,7.3621,81.80362,3
1989,7.3717,122.2891,1
1989,7.37708,81.84156,1
1989,7.38124,80.58661,1
1989,7.41278,81.77674,2
1989,7.41438,81.83063,5
1989,7.41979,80.32829,1
1989,7.43752,80.56884,1
1989,7.45139,79.86333,1
1989,7.46083,80.56861,2
1989,7.46292,81.01749,1
1989,7.46746,80.62342,4
1989,7.47291,-73.2037,2
1989,7.48722,124.29917,1
1989,7.48857,80.36516,22
1989,7.49175,-74.86818,1
1989,7.50717,81.78687,1
1989,7.50969,124.25702,1
1989,7.51008,124.37142,1
1989,7.52748,80.62521,1
1989,7.55152,80.77132,3
1989,7.5794,-75.4001,1
1989,7.59418,-74.81195,4
1989,7.70467,80.65314,1
1989,7.73311,81.68882,7
1989,7.74002,-73.04889,2
1989,7.74586,-76.41147,1
1989,7.75809,-76.65758,1
1989,7.75933,80.57117,1
1989,7.8484,123.16233,1
1989,7.88232,-76.63063,1
1989,7.8942,-72.50388,5
1989,7.90591,80.42252,1
1989,7.9137,-72.14161,1
1989,7.92133,81.52467,1
1989,7.92708,80.33663,1
1989,7.93952,81.00096,6
1989,7.94628,-72.89881,3
1989,7.9878,-75.19709,1
1989,7.99221,-76.63719,1
1989,8.00237,124.29178,1
1989,8.00467,124.2913,6
1989,8.01162,80.55773,1
1989,8.03034,79.82872,1
1989,8.03867,80.90639,1
1989,8.03994,80.75552,1
1989,8.04011,80.59794,1
1989,8.04159,80.95313,1
1989,8.05658,79.95564,1
1989,8.09242,-76.72738,2
1989,8.09417,-74.77556,1
1989,8.13167,81.08444,1
1989,8.14147,80.96473,1
1989,8.14443,80.41154,1
1989,8.15781,123.84676,1
1989,8.16336,125.12996,1
1989,8.17361,-76.05917,3
1989,8.19956,80.63269,1
1989,8.2133,80.52718,1
1989,8.21722,81.00167,1
1989,8.22786,124.33784,1
1989,8.23342,-73.35331,2
1989,8.25749,-76.14641,2
1989,8.29766,-74.61812,1
1989,8.34519,80.38813,8
1989,8.3775,-73.11994,1
1989,8.40292,-75.89987,1
1989,8.40458,81.31243,1
1989,8.41056,80.05111,1
1989,8.42188,125.8396,2
1989,8.46771,-74.53563,1
1989,8.47783,80.26445,1
1989,8.49973,81.09441,1
1989,8.51137,-73.4468,1
1989,8.51583,80.63917,1
1989,8.5501,80.83264,1
1989,8.55701,80.53933,1
1989,8.55763,81.14962,1
1989,8.56845,-74.55436,1
1989,8.57783,81.21872,9
1989,8.58497,123.34284,1
1989,8.5922,81.1968,1
1989,8.5998,-71.15013,1
1989,8.61284,80.46288,1
1989,8.62513,81.03268,1
1989,8.64068,80.99954,1
1989,8.64108,80.6696,3
1989,8.73306,76.71667,1
1989,8.73816,80.47715,4
1989,8.75,-75.88335,3
1989,8.75782,80.48791,9
1989,8.76722,80.91,1
1989,8.8341,80.76074,1
1989,8.88179,-75.79619,2
1989,8.8855,80.27673,1
1989,8.91484,-74.46216,2
1989,8.91966,80.02816,1
1989,8.96404,80.78794,3
1989,8.98012,79.91246,5
1989,8.98509,124.79353,1
1989,8.99427,-79.51879,2
1989,9.00889,80.06417,2
1989,9.02,-73.33278,1
1989,9.05902,80.6593,1
1989,9.10631,79.73087,2
1989,9.1519,80.64934,1
1989,9.24605,-74.7595,1
1989,9.26709,80.81425,7
1989,9.30535,-75.3978,3
1989,9.33729,-73.65362,2
1989,9.3625,-73.60158,1
1989,9.39,80.40417,1
1989,9.40642,-75.69812,1
1989,9.43359,80.5712,1
1989,9.4955,-75.35205,1
1989,9.55694,44.07414,1
1989,9.56049,-73.33269,1
1989,9.65907,80.13169,1
1989,9.6664,80.02048,15
1989,9.71708,80.07968,1
1989,9.74506,80.10582,1
1989,9.78801,125.49266,1
1989,9.80077,80.03533,1
1989,9.80128,123.79444,1
1989,9.81494,80.16608,1
1989,9.82486,80.23635,1
1989,9.82916,-75.12192,1
1989,9.93333,-84.08333,1
1989,9.93575,43.18314,1
1989,9.96749,-72.52048,1
1989,9.98161,-75.30104,1
1989,10.41371,-75.53355,7
1989,10.47692,-73.25049,1
1989,10.48283,-66.96213,3
1989,10.53333,122.83333,1
1989,10.66667,-61.51667,1
1989,10.9747,124.89349,1
1989,10.98141,-74.77832,5
1989,11.00868,29.71532,1
1989,11.12712,78.65689,1
1989,11.24204,-74.20538,2
1989,11.4293,-84.83917,1
1989,11.70125,122.36377,1
1989,11.81788,-85.03364,2
1989,11.83362,122.0838,1
1989,11.90155,-84.40348,1
1989,12.22318,-85.42284,1
1989,12.36792,123.62076,2
1989,12.38241,-85.51372,1
1989,12.80001,-85.13335,2
1989,12.84,75.29,1
1989,12.86176,-85.94147,1
1989,12.88651,-85.26863,1
1989,12.92981,-85.91703,1
1989,12.9451,100.90464,1
1989,12.9716,77.59456,1
1989,13.08956,-86.35436,1
1989,13.1,103.2,2
1989,13.2209,120.59918,1
1989,13.25389,-88.24778,1
1989,13.25875,74.77467,1
1989,13.31667,-88.58333,8
1989,13.33332,-85.37201,1
1989,13.34432,-88.43746,3
1989,13.36497,-85.83496,1
1989,13.36899,-88.65807,1
1989,13.4203,-88.57131,1
1989,13.42778,-87.93333,1
1989,13.43264,123.41307,1
1989,13.43333,-88.7,1
1989,13.4451,-88.24612,1
1989,13.44706,-88.55653,2
1989,13.48718,-88.76503,1
1989,13.49124,-88.17313,4
1989,13.49446,-88.53034,2
1989,13.49895,-89.06999,1
1989,13.49898,-88.2029,1
1989,13.5,-88.86667,5
1989,13.5,-88.35,3
1989,13.51667,-88.38333,3
1989,13.53333,-88.35,1
1989,13.53684,-88.78058,1
1989,13.55707,-88.34943,1
1989,13.55889,-88.43,3
1989,13.56166,-88.49009,1
1989,13.5862,-88.75077,2
1989,13.58944,-89.28889,3
1989,13.5926,122.3215,1
1989,13.61177,-88.02647,3
1989,13.61667,-88.56667,1
1989,13.61903,-88.93014,1
1989,13.62472,-87.89361,1
1989,13.63333,-88.26667,1
1989,13.63917,-89.37833,1
1989,13.64121,-88.78542,1
1989,13.65,-88.9,1
1989,13.65889,-89.18356,1
1989,13.66667,-89.26667,1
1989,13.6667,-88.20826,1
1989,13.67356,-89.24833,1
1989,13.67694,-89.27972,2
1989,13.69288,-89.19916,133
1989,13.7,-88.1,3
1989,13.70196,-89.14777,3
1989,13.71667,-88.65,1
1989,13.71667,-88.11667,1
1989,13.71694,-89.22913,2
1989,13.71889,-89.72417,1
1989,13.71955,-88.36063,1
1989,13.72322,-88.8191,2
1989,13.72528,-89.74639,1
1989,13.73333,-88.88333,3
1989,13.73333,-87.93333,1
1989,13.73876,-89.05492,1
1989,13.74999,-89.4233,1
1989,13.76667,-88.26667,3
1989,13.7682,-88.12914,1
1989,13.77214,-88.07664,3
1989,13.78333,-88.13333,1
1989,13.78579,100.56085,2
1989,13.78944,-86.01216,1
1989,13.79833,-89.17889,5
1989,13.80205,-87.89673,1
1989,13.80254,-87.89792,1
1989,13.80569,-88.14579,4
1989,13.80892,-89.22864,1
1989,13.8142,-88.34682,1
1989,13.81816,121.13339,1
1989,13.81833,-87.97139,1
1989,13.83333,-88.71667,1
1989,13.835,-89.27444,4
1989,13.84222,-89.09694,2
1989,13.84278,-89.44722,1
1989,13.85,-88.85,3
1989,13.85,-88.3,2
1989,13.85077,-88.90406,1
1989,13.86483,-88.7494,5
1989,13.87458,-88.62778,1
1989,13.87611,-89.35972,1
1989,13.87694,-89.17356,1
1989,13.87949,-89.01261,1
1989,13.88333,-88.96667,1
1989,13.88889,-88.90163,2
1989,13.89271,-88.04398,1
1989,13.90295,-89.49661,5
1989,13.90909,-89.16484,1
1989,13.91667,-88.23333,1
1989,13.93373,-89.02584,4
1989,13.93852,-88.90137,1
1989,13.94983,-88.14635,2
1989,13.95,-88.63333,1
1989,13.95722,-89.18972,1
1989,13.96291,121.52671,1
1989,13.96555,-88.89227,1
1989,13.97556,-89.34,1
1989,13.97667,-89.7472,1
1989,13.98148,-89.55572,7
1989,13.99,-88.758,1
1989,14.0,-88.9,2
1989,14.00929,-88.94019,4
1989,14.02953,-88.88169,1
1989,14.03246,-88.91069,1
1989,14.04111,-88.93857,2
1989,14.05017,-88.8377,2
1989,14.07074,-88.90545,2
1989,14.0833,-87.2167,15
1989,14.08892,-88.95783,2
1989,14.10707,-89.07286,2
1989,14.11556,122.95646,1
1989,14.11923,-87.23195,1
1989,14.12458,-89.29317,3
1989,14.14732,-89.51969,2
1989,14.15695,-89.01148,2
1989,14.16963,-89.10269,4
1989,14.17224,-89.99655,1
1989,14.17687,-88.92043,1
1989,14.19096,-89.42811,1
1989,14.19109,-90.98207,3
1989,14.19166,-89.1706,3
1989,14.24515,98.20375,1
1989,14.31651,-89.17139,1
1989,14.33141,-89.44239,3
1989,14.33769,-89.39379,1
1989,14.3389,-89.17827,1
1989,14.37024,-89.20957,1
1989,14.38432,-90.87212,1
1989,14.4,-91.3167,1
1989,14.45418,-87.64308,1
1989,14.48772,-90.80596,1
1989,14.52389,-90.79833,1
1989,14.52806,-91.36742,1
1989,14.54839,-91.35433,1
1989,14.55194,-90.94222,1
1989,14.56348,-90.98207,1
1989,14.59605,120.97867,52
1989,14.62287,-90.52907,37
1989,14.67428,121.0575,1
1989,14.67793,-92.14893,1
1989,14.76143,-90.99188,1
1989,14.77312,-91.18304,1
1989,14.8,-89.55,1
1989,14.83333,-91.51667,1
1989,14.93239,-91.91359,1
1989,14.96526,-91.79581,2
1989,14.97385,102.08365,2
1989,15.03,-91.15,1
1989,15.04737,-91.81156,1
1989,15.09528,-91.15083,1
1989,15.13333,-87.13333,1
1989,15.153,120.59194,4
1989,15.2151,120.6596,1
1989,15.25,-89.75,1
1989,15.31972,-91.47833,1
1989,15.33269,120.59021,1
1989,15.33351,38.93365,1
1989,15.3979,-90.87088,2
1989,15.433,-87.917,1
1989,15.45185,-86.67502,1
1989,15.49838,-90.98207,1
1989,15.50167,-88.02774,6
1989,15.5687,97.78075,1
1989,15.60447,32.52914,2
1989,15.64758,32.48069,1
1989,15.76679,-86.83306,3
1989,15.89152,-89.22949,1
1989,15.9129,79.73999,1
1989,15.92509,-90.91454,4
1989,16.03034,120.22992,1
1989,16.0728,97.7417,1
1989,16.19194,76.82056,1
1989,16.55604,98.23888,1
1989,16.59845,98.04216,1
1989,16.63365,80.85992,1
1989,16.68778,98.50833,5
1989,16.72621,97.91146,1
1989,16.7417,77.9859,1
1989,16.8,-89.93333,1
1989,16.85,-90.88333,1
1989,16.86495,11.95377,1
1989,16.88115,97.63852,1
1989,16.88357,97.64277,1
1989,16.88778,96.14956,3
1989,16.91203,-90.29958,1
1989,16.93318,97.36545,1
1989,17.08457,120.60064,1
1989,17.10894,96.02802,1
1989,17.11601,74.98809,1
1989,17.31237,78.13854,1
1989,17.85589,77.51464,1
1989,17.96566,102.62303,1
1989,17.98406,-66.11366,1
1989,18.08003,-66.35795,1
1989,18.11641,76.30956,1
1989,18.20791,-71.09953,1
1989,18.23872,-66.03523,1
1989,18.28588,99.51336,1
1989,18.32444,83.43667,1
1989,18.3692,-66.16597,2
1989,18.38078,-65.95739,2
1989,18.45679,-69.95116,7
1989,18.52772,-72.33284,2
1989,18.58653,79.05906,1
1989,18.78979,78.91486,1
1989,19.37189,-99.08662,1
1989,19.38333,-70.41667,3
1989,19.66802,98.68206,1
1989,19.67,78.53,1
1989,19.75778,-72.20417,1
1989,19.87171,82.77516,1
1989,20.64833,83.09639,1
1989,20.73094,82.66387,1
1989,21.06694,79.83028,1
1989,21.25138,81.62964,1
1989,21.26707,78.80924,2
1989,21.29167,77.40111,1
1989,21.42251,39.82621,3
1989,21.4888,83.88441,1
1989,21.74556,80.00639,1
1989,21.8211,92.4357,2
1989,21.82604,75.61781,2
1989,22.0409,96.46254,1
1989,22.10534,85.37896,1
1989,22.31118,114.16926,1
1989,22.3419,91.81512,5
1989,22.48583,85.192,1
1989,22.55173,88.35234,1
1989,22.65735,92.17327,5
1989,22.84564,89.54033,1
1989,23.11092,91.98242,2
1989,23.13531,91.9471,3
1989,23.16988,92.19837,1
1989,23.24142,92.06364,2
1989,23.25505,77.41433,1
1989,23.47458,89.1711,1
1989,23.79128,90.4182,5
1989,23.83119,91.28654,1
1989,23.94085,91.98815,2
1989,24.16745,96.73325,1
1989,24.31389,80.9775,1
1989,24.35194,83.735,1
1989,24.37532,87.8427,1
1989,24.37938,73.33845,1
1989,24.42875,89.62516,1
1989,24.79835,93.94043,1
1989,24.86722,84.14361,1
1989,24.89112,67.14331,12
1989,25.09607,85.31312,2
1989,25.18557,55.30336,1
1989,25.21667,84.98333,1
1989,25.3,96.93333,1
1989,25.38929,68.35734,1
1989,25.4,88.51667,1
1989,25.77459,-80.2142,2
1989,25.83361,75.59944,1
1989,25.85752,-80.27818,1
1989,26.05383,77.36905,1
1989,26.11417,85.902,1
1989,26.14979,91.76393,2
1989,26.2006,92.93757,6
1989,26.30714,92.61396,1
1989,26.32901,91.00543,1
1989,26.33611,91.01793,1
1989,26.36468,90.18345,1
1989,26.40144,90.2667,6
1989,26.40424,92.23412,1
1989,26.43916,89.97828,2
1989,26.44401,90.36424,1
1989,26.44462,91.44105,3
1989,26.48,90.56,2
1989,26.53152,90.45318,1
1989,26.54643,81.26954,1
1989,26.61815,85.18613,1
1989,26.63419,90.3819,2
1989,26.63932,90.47629,1
1989,26.64084,-81.86819,1
1989,26.74602,92.09594,4
1989,26.96079,88.2736,1
1989,26.98199,93.88335,1
1989,27.05674,76.21443,1
1989,27.48946,95.36014,1
1989,27.56008,68.21571,1
1989,27.59944,76.8625,1
1989,27.71917,79.52167,1
1989,28.0787,79.41131,1
1989,28.0871,30.76184,1
1989,28.09537,74.98495,2
1989,28.2023,80.91583,1
1989,28.33497,77.77989,1
1989,28.58584,77.15334,3
1989,28.69007,77.21398,1
1989,28.88167,76.24278,1
1989,29.05878,76.0856,1
1989,29.06083,79.98278,2
1989,29.18752,-82.14039,2
1989,29.31171,30.83881,2
1989,29.68569,76.99048,1
1989,29.69494,75.23522,1
1989,29.75778,77.0625,1
1989,29.86834,121.54399,1
1989,29.93367,78.17987,1
1989,30.08463,31.33431,3
1989,30.09918,74.65907,1
1989,30.12905,77.26739,1
1989,30.19375,74.40933,1
1989,30.20082,66.99435,2
1989,30.21099,74.94547,1
1989,30.21099,74.94548,1
1989,30.2458,75.84207,1
1989,30.33138,-81.6558,1
1989,30.34,76.38,5
1989,30.46216,79.44542,1
1989,30.66667,34.83333,1
1989,30.66856,31.50176,1
1989,30.67239,74.75505,1
1989,30.678,75.827,1
1989,30.67844,75.29165,1
1989,30.67972,76.72194,1
1989,30.68059,74.46355,1
1989,30.73332,76.77942,2
1989,30.75694,75.32444,1
1989,30.81646,75.17171,1
1989,30.82151,75.42428,1
1989,30.86077,75.74475,1
1989,30.89802,75.86008,12
1989,30.90096,75.85728,3
1989,30.95442,74.61208,7
1989,30.96606,76.52316,1
1989,31.05788,76.30004,1
1989,31.06288,75.73933,1
1989,31.06574,75.41013,1
1989,31.10715,74.9764,1
1989,31.12702,75.48177,1
1989,31.13228,75.84541,1
1989,31.14713,75.34122,9
1989,31.19682,75.75643,1
1989,31.22402,75.7708,1
1989,31.23176,121.48444,1
1989,31.2609,74.67954,1
1989,31.27879,34.25644,10
1989,31.32602,75.57618,6
1989,31.34347,34.32324,1
1989,31.34696,34.30143,7
1989,31.35655,34.3269,3
1989,31.4446,35.09107,1
1989,31.44894,74.92526,4
1989,31.50241,34.45974,24
1989,31.50336,74.80977,1
1989,31.50547,74.34288,3
1989,31.51084,74.69347,1
1989,31.51395,75.34514,1
1989,31.53024,35.09416,1
1989,31.5349,75.91057,2
1989,31.53619,34.53957,1
1989,31.53783,34.48953,1
1989,31.55861,34.97417,1
1989,31.56036,75.02899,1
1989,31.57158,66.51529,1
1989,31.59737,74.83843,1
1989,31.62818,74.79922,1
1989,31.63308,74.87829,22
1989,31.63398,74.87226,13
1989,31.6528,35.22958,1
1989,31.6894,75.4797,2
1989,31.70191,35.22699,1
1989,31.70434,35.19436,5
1989,31.72468,75.03221,1
1989,31.73212,34.74565,1
1989,31.77083,74.88833,1
1989,31.7716,35.2034,25
1989,31.78777,75.6019,1
1989,31.80255,35.09997,1
1989,31.80544,76.10444,1
1989,31.8186,75.2028,3
1989,31.82144,34.66517,1
1989,31.86227,74.72287,1
1989,31.8625,35.46188,2
1989,31.8715,35.06624,1
1989,31.88556,75.04361,1
1989,31.89266,75.363,1
1989,31.90714,35.19822,5
1989,31.91725,35.21859,2
1989,31.92879,34.86666,3
1989,31.96959,35.19398,1
1989,31.9793,35.26195,1
1989,31.99596,35.27111,1
1989,32.04076,75.40189,2
1989,32.0721,35.09923,1
1989,32.08078,-81.09072,1
1989,32.08297,34.81189,12
1989,32.08916,34.88382,5
1989,32.09473,35.0394,1
1989,32.12862,75.46922,1
1989,32.14983,35.11463,1
1989,32.15252,35.04414,1
1989,32.16512,34.97734,1
1989,32.17015,35.08539,1
1989,32.17715,35.05591,1
1989,32.17848,34.9082,1
1989,32.19124,34.97595,1
1989,32.22223,-110.92575,1
1989,32.22227,35.25351,23
1989,32.26198,35.13129,1
1989,32.28235,35.19628,1
1989,32.28343,35.38478,3
1989,32.285,35.14944,1
1989,32.30867,35.19211,1
1989,32.31197,35.0266,1
1989,32.3701,35.07244,1
1989,32.43346,35.08439,1
1989,32.45755,35.55567,1
1989,32.46062,35.30125,2
1989,32.4736,34.97509,1
1989,32.48657,35.10331,1
1989,32.52903,35.25911,1
1989,32.54512,35.19879,1
1989,32.5652,72.16537,1
1989,32.58139,35.18246,1
1989,32.69893,35.30463,1
1989,32.71569,-117.16172,1
1989,32.7266,74.85703,2
1989,32.79392,34.99062,2
1989,32.85242,35.20135,1
1989,32.85414,35.34021,1
1989,32.89952,74.74248,1
1989,32.9,35.33333,2
1989,33.09895,35.28859,2
1989,33.15892,35.42112,2
1989,33.20851,35.57035,1
1989,33.20872,35.57262,1
1989,33.23359,35.62097,1
1989,33.23945,35.21463,1
1989,33.24626,35.5001,3
1989,33.26851,35.73065,1
1989,33.27841,35.57881,2
1989,33.30357,44.37177,3
1989,33.32942,35.61485,2
1989,33.35333,35.51278,1
1989,33.39849,35.64392,1
1989,33.43995,35.6044,1
1989,33.46385,35.57652,1
1989,33.47454,35.35925,3
1989,33.50212,-86.75551,1
1989,33.54135,35.58622,2
1989,33.54333,35.475,1
1989,33.5495,35.8532,1
1989,33.55043,35.37096,13
1989,33.56647,35.40601,1
1989,33.59401,73.06908,4
1989,33.66555,35.51213,1
1989,33.67164,73.05607,2
1989,33.73222,75.15791,3
1989,33.74502,-84.39167,2
1989,33.74557,-117.86783,1
1989,33.77282,35.8979,1
1989,33.77817,76.57617,5
1989,33.78903,35.48074,1
1989,33.82356,-113.54202,1
1989,33.83333,36.0,1
1989,33.88852,35.50351,71
1989,33.91469,35.6888,1
1989,33.97631,71.43716,1
1989,33.9866,74.73151,1
1989,34.006,71.53743,15
1989,34.08374,74.7899,39
1989,34.08812,74.03398,1
1989,34.09787,-118.40738,1
1989,34.19844,-78.34413,1
1989,34.21728,71.56104,1
1989,34.26402,74.90106,1
1989,34.26739,47.11118,1
1989,34.34672,62.19732,2
1989,34.41668,71.92459,1
1989,34.43809,35.83084,28
1989,34.5169,69.14701,7
1989,34.52167,36.13083,1
1989,34.53333,76.30972,1
1989,34.69374,135.50216,1
1989,34.91786,33.633,1
1989,35.04356,46.35993,1
1989,35.16675,33.3676,1
1989,35.16675,33.36761,1
1989,35.16676,33.36761,3
1989,35.3292,25.13867,3
1989,35.60506,140.12331,1
1989,35.68043,140.02653,1
1989,35.68912,139.74774,5
1989,35.77216,140.32178,2
1989,35.90626,139.62863,2
1989,35.9139,47.0239,1
1989,36.20172,37.14352,1
1989,36.24992,46.2735,1
1989,36.37741,25.47997,1
1989,36.59468,136.62557,1
1989,36.59994,-121.88352,1
1989,36.74068,-119.78573,2
1989,36.75752,34.32893,1
1989,36.7652,45.72242,1
1989,36.79733,34.62236,1
1989,36.94715,14.60588,1
1989,37.01624,37.80004,1
1989,37.08018,41.2202,1
1989,37.08953,127.0327,1
1989,37.15741,42.56758,2
1989,37.16552,41.13428,2
1989,37.23354,37.94619,1
1989,37.23964,44.44645,1
1989,37.2466,42.47946,3
1989,37.25317,43.61223,1
1989,37.2564,41.18467,2
1989,37.32186,40.72501,1
1989,37.3512,41.86738,1
1989,37.37916,42.35044,2
1989,37.39861,42.51155,2
1989,37.41875,42.49183,1
1989,37.4433,42.00316,1
1989,37.44619,42.85229,1
1989,37.45505,42.203,1
1989,37.45929,44.30912,1
1989,37.48283,42.54799,2
1989,37.49081,40.68221,1
1989,37.50126,-3.67242,1
1989,37.51163,29.16682,1
1989,37.51939,42.46104,5
1989,37.52702,43.00835,2
1989,37.54641,41.71931,1
1989,37.55186,45.05777,1
1989,37.5696,43.1658,1
1989,37.57704,43.73737,7
1989,37.59027,42.8186,1
1989,37.64959,42.09354,2
1989,37.68778,44.375,1
1989,37.74941,42.17923,1
1989,37.83852,40.17647,1
1989,37.87404,-122.28002,2
1989,37.92222,40.18438,1
1989,37.92715,40.89013,1
1989,37.93544,41.93497,1
1989,37.93662,42.54749,3
1989,37.94284,23.64692,1
1989,37.98345,-1.12989,1
1989,37.99749,23.76273,38
1989,38.09584,43.26083,1
1989,38.11727,42.56834,1
1989,38.12612,42.80535,1
1989,38.24175,39.32541,1
1989,38.36936,27.19286,1
1989,38.38225,27.16885,1
1989,38.39565,27.13564,1
1989,38.44546,-121.8233,1
1989,38.46452,23.60507,1
1989,38.57906,-121.49101,1
1989,38.66413,40.0584,1
1989,38.7253,-9.15004,1
1989,38.86078,-77.14335,1
1989,38.99765,-1.86007,1
1989,39.09325,-94.41563,1
1989,39.10789,26.55537,2
1989,39.26125,42.03958,1
1989,39.35505,31.77486,1
1989,39.47024,-0.3768,2
1989,39.6425,-77.71758,1
1989,39.70677,-3.43101,1
1989,39.74109,39.50412,1
1989,39.811,46.75115,1
1989,39.90556,116.39583,1
1989,39.90731,41.27699,1
1989,39.91902,44.06299,2
1989,39.93077,32.76754,7
1989,40.17857,44.53576,1
1989,40.18982,39.12555,1
1989,40.19745,37.61729,1
1989,40.21693,37.95748,1
1989,40.30849,42.88477,1
1989,40.43834,-79.99746,1
1989,40.4589,-3.47977,1
1989,40.4656,-3.69626,7
1989,40.48166,-3.36414,2
1989,40.61722,47.15,1
1989,40.62066,22.952,1
1989,40.62982,-3.16649,1
1989,40.69713,-73.93135,1
1989,40.87662,42.23531,1
1989,40.8861,-74.28094,1
1989,40.99376,22.87629,1
1989,41.00534,-2.78473,1
1989,41.00836,28.9729,1
1989,41.10618,28.68986,19
1989,41.21878,36.61998,1
1989,41.28003,-3.47758,1
1989,41.3182,36.31557,1
1989,41.33048,2.09315,1
1989,41.34778,26.49313,1
1989,41.39768,35.86018,2
1989,41.40064,2.15091,4
1989,41.44181,32.61075,1
1989,41.6342,-1.27299,1
1989,41.6998,9.34693,1
1989,41.72518,1.82335,2
1989,41.8426,-87.68123,1
1989,41.89096,12.49007,3
1989,41.93061,8.74291,2
1989,41.9541,33.6613,1
1989,42.06388,-1.60572,1
1989,42.11383,8.70155,1
1989,42.11812,2.76475,1
1989,42.12921,-1.13743,1
1989,42.16784,-1.69064,1
1989,42.23136,-8.71245,1
1989,42.29196,-85.58744,1
1989,42.35861,20.825,1
1989,42.46578,-2.45,4
1989,42.53033,-1.67427,1
1989,42.56765,8.75722,1
1989,42.5772,-2.8463,1
1989,42.69539,-1.67607,9
1989,42.77484,-1.65576,1
1989,42.81537,-1.65362,5
1989,42.84964,-2.69236,2
1989,42.85459,-1.74492,2
1989,42.88045,-8.5463,1
1989,42.89522,-2.1688,1
1989,42.91056,21.19306,1
1989,42.97568,-2.29007,1
1989,43.0033,-2.61258,15
1989,43.00732,40.98915,2
1989,43.02904,-1.93296,1
1989,43.0542,-2.17812,2
1989,43.06647,-2.48915,1
1989,43.10861,-2.91111,1
1989,43.13698,-2.07391,1
1989,43.14333,-2.96298,1
1989,43.16314,-1.23811,1
1989,43.18994,-2.05245,1
1989,43.20725,-71.5366,1
1989,43.22218,-2.88567,2
1989,43.22408,-2.71894,3
1989,43.23056,-2.84583,1
1989,43.23265,-3.01389,1
1989,43.25843,-2.92182,21
1989,43.26745,-2.02017,1
1989,43.28036,-2.17159,1
1989,43.29162,-1.9779,7
1989,43.29648,5.36978,1
1989,43.31131,-1.9009,2
1989,43.31707,-2.67898,1
1989,43.3207,-2.42048,1
1989,43.32524,-3.01148,3
1989,43.33823,-1.78927,3
1989,43.35361,-2.90746,2
1989,43.37087,-8.39584,1
1989,43.38754,-1.67543,1
1989,43.38805,-1.66306,1
1989,43.46096,-3.80793,6
1989,43.48315,-1.55863,2
1989,43.49295,-1.47484,1
1989,43.5076,-5.60445,1
1989,43.54526,-5.66193,1
1989,43.76873,11.2569,1
1989,44.39142,8.19436,1
1989,44.69623,10.6278,4
1989,44.913,-0.24398,1
1989,45.40954,11.87655,1
1989,45.46921,9.17451,2
1989,45.50168,-73.56722,1
1989,45.52978,9.03813,1
1989,45.5516,18.68077,1
1989,45.76404,4.83566,2
1989,47.19504,-120.93942,1
1989,47.21837,-1.55362,1
1989,47.49841,19.04076,1
1989,48.20817,16.37382,2
1989,48.5623,-1.92817,1
1989,48.85664,2.34233,8
1989,49.00808,8.40376,1
1989,49.60694,15.57935,1
1989,50.08781,14.42046,2
1989,50.11797,8.64419,2
1989,50.22715,8.61592,1
1989,50.66103,14.033,1
1989,50.83643,4.36742,7
1989,50.94066,6.95991,1
1989,51.09192,6.88881,1
1989,51.12471,6.19314,1
1989,51.22181,1.40273,1
1989,51.23642,-0.57029,1
1989,51.45531,-2.5919,1
1989,51.50439,-0.14004,14
1989,51.53447,7.68588,1
1989,51.80112,-4.97154,1
1989,51.8898,0.90124,1
1989,51.92942,7.68112,1
1989,51.96471,7.6285,1
1989,52.0422,-0.7047,1
1989,52.06986,4.29111,4
1989,52.09014,5.10966,1
1989,52.27991,8.04718,1
1989,52.37207,9.73569,3
1989,52.50153,13.40185,6
1989,52.57009,-1.79833,1
1989,52.57025,-0.24373,1
1989,52.70817,-2.75432,1
1989,52.72282,-4.05541,1
1989,52.95512,-1.14917,1
1989,53.10497,-3.91158,1
1989,53.11909,-4.13031,1
1989,53.22733,-4.12944,1
1989,53.28172,-3.82844,1
1989,53.35472,-4.23476,1
1989,53.36168,-6.24548,1
1989,53.41078,-2.97784,1
1989,53.55381,9.99159,2
1989,53.9577,-1.08229,1
1989,53.99385,-6.39659,1
1989,54.07731,-6.60879,3
1989,54.08846,-6.37122,1
1989,54.10153,-6.52644,1
1989,54.10281,-6.25941,1
1989,54.18064,-6.41052,1
1989,54.18091,-6.22972,1
1989,54.18305,-6.34139,3
1989,54.20842,-5.89174,2
1989,54.23808,-6.1612,2
1989,54.23863,-7.17091,1
1989,54.2557,-5.9488,1
1989,54.25858,-5.84266,1
1989,54.34754,-6.65611,3
1989,54.41114,-6.60015,2
1989,54.42071,-6.44377,1
1989,54.42887,-7.13241,1
1989,54.46284,-7.02694,1
1989,54.46337,-6.3286,4
1989,54.46738,-6.26137,1
1989,54.48206,-8.08824,1
1989,54.50853,-6.76313,1
1989,54.51569,-6.05572,5
1989,54.53671,-6.70361,2
1989,54.54296,-6.92629,1
1989,54.54345,-6.03996,1
1989,54.57704,-8.12623,1
1989,54.57739,-6.67734,1
1989,54.60771,-5.95621,60
1989,54.6197,-6.50612,1
1989,54.64586,-6.74515,1
1989,54.6477,-6.6184,1
1989,54.71338,-6.21676,1
1989,54.78772,-6.49231,2
1989,54.78808,-7.47303,1
1989,54.81916,-7.46791,1
1989,54.95108,-6.559,2
1989,54.98108,-6.68238,1
1989,55.01156,-7.31204,15
1989,55.07114,-6.51315,1
1989,55.12934,-6.66344,1
1989,55.67608,12.56832,1
1989,55.75138,37.57991,2
1989,59.33279,18.06449,3
1990,-45.57111,-72.06852,2
1990,-39.82008,-73.2454,2
1990,-38.73413,-72.58465,3
1990,-37.99757,-57.54823,1
1990,-36.81601,-73.03766,2
1990,-36.74815,-73.11232,2
1990,-36.73339,-72.98319,1
1990,-36.60928,-72.10206,3
1990,-35.43058,-71.65762,1
1990,-34.9213,-57.95433,2
1990,-34.89115,-56.18721,1
1990,-34.68631,-58.52847,4
1990,-34.61768,-58.44444,22
1990,-34.04008,18.6778,1
1990,-33.99551,18.58454,1
1990,-33.98263,18.56939,1
1990,-33.94471,18.5321,1
1990,-33.94185,18.41964,5
1990,-33.92634,18.41629,1
1990,-33.36624,-70.5053,136
1990,-33.05012,-71.61225,1
1990,-33.04482,-71.37347,1
1990,-33.01069,-71.52779,3
1990,-32.98577,27.86609,1
1990,-32.95105,-60.66636,2
1990,-32.94926,27.73496,1
1990,-32.88034,-71.24981,1
1990,-31.60507,28.7765,1
1990,-31.07999,28.36627,1
1990,-30.7387,30.28186,1
1990,-30.57945,29.88527,1
1990,-30.55185,29.42499,1
1990,-30.52356,30.46194,1
1990,-30.20137,30.79447,1
1990,-30.17245,30.76708,1
1990,-30.15722,30.06472,1
1990,-30.04141,30.56077,1
1990,-29.96582,30.88298,2
1990,-29.9069,-71.25103,2
1990,-29.88772,31.03946,1
1990,-29.86182,31.00829,4
1990,-29.81692,30.63829,1
1990,-29.76764,30.9131,1
1990,-29.75086,30.98335,3
1990,-29.73954,30.9483,1
1990,-29.68401,30.93243,1
1990,-29.65888,30.85503,3
1990,-29.64193,30.34736,1
1990,-29.63182,30.3126,1
1990,-29.61767,24.09566,2
1990,-29.60144,30.3767,1
1990,-29.35676,30.52779,1
1990,-29.23565,26.72588,1
1990,-29.1159,26.21981,1
1990,-28.74673,24.77129,1
1990,-28.56488,29.8224,1
1990,-27.98299,26.7199,1
1990,-26.68705,27.87096,1
1990,-26.57429,27.84076,3
1990,-26.49671,29.97127,1
1990,-26.36318,28.15222,1
1990,-26.3587,27.39633,1
1990,-26.35577,28.20804,3
1990,-26.32973,27.3179,1
1990,-26.26734,28.1215,1
1990,-26.2527,27.87028,12
1990,-26.24335,28.03844,1
1990,-26.21434,28.16787,1
1990,-26.19981,27.87631,1
1990,-26.18411,28.03323,23
1990,-26.1737,27.92295,1
1990,-26.16077,27.78543,4
1990,-26.1601,27.87281,2
1990,-26.15752,27.87031,1
1990,-26.10289,28.69828,6
1990,-26.09583,28.23316,1
1990,-26.09134,28.0053,1
1990,-26.07289,27.75396,1
1990,-26.00412,28.21116,2
1990,-25.99251,28.21881,5
1990,-25.98456,32.03261,1
1990,-25.92403,32.46584,1
1990,-25.89197,32.60513,1
1990,-25.80617,28.73602,1
1990,-25.74828,28.21207,12
1990,-25.71832,28.4088,2
1990,-25.69189,30.24716,1
1990,-25.64742,25.57462,1
1990,-25.54333,32.11278,2
1990,-25.44449,31.99311,1
1990,-25.38576,28.06277,1
1990,-25.04289,32.79061,1
1990,-24.70028,33.88047,1
1990,-24.63333,26.4,1
1990,-23.55071,-46.63348,2
1990,-23.54318,-46.62918,1
1990,-23.30749,30.70593,1
1990,-23.30536,-51.17071,1
1990,-23.04848,29.90437,2
1990,-23.02433,32.7178,1
1990,-22.94848,30.48337,3
1990,-22.90828,-43.19703,1
1990,-22.56734,17.08327,2
1990,-22.25367,35.11104,1
1990,-20.06402,30.15885,1
1990,-19.83331,34.84999,2
1990,-19.61144,34.7409,1
1990,-19.23389,34.86142,1
1990,-19.2095,33.936,1
1990,-17.82517,31.03351,1
1990,-17.78322,-63.18204,1
1990,-17.77788,-69.95951,1
1990,-17.38279,-66.16644,2
1990,-16.64652,32.26539,1
1990,-16.50932,-68.10434,7
1990,-16.43805,37.58012,1
1990,-16.4095,-71.53738,1
1990,-16.11658,33.7238,1
1990,-15.7885,20.3631,1
1990,-15.64425,-74.07848,3
1990,-15.49645,30.06652,1
1990,-15.12609,39.26919,1
1990,-15.042,-70.36797,4
1990,-14.90987,-70.19747,1
1990,-14.84521,-74.94408,1
1990,-14.79461,-70.35736,1
1990,-14.72784,-70.51148,1
1990,-14.58376,-70.31745,1
1990,-14.47619,-70.63648,2
1990,-14.40851,-71.33505,1
1990,-14.38742,-73.96207,1
1990,-14.38528,-73.96261,1
1990,-14.3722,39.91997,1
1990,-14.35218,30.62302,1
1990,-14.31884,-74.37817,1
1990,-14.07492,-72.4743,1
1990,-14.06347,-75.72938,2
1990,-13.95227,-71.65381,1
1990,-13.75542,-73.78756,3
1990,-13.71327,19.86708,9
1990,-13.6575,-73.38333,1
1990,-13.65311,-73.95396,2
1990,-13.63381,32.30531,1
1990,-13.62583,-72.29139,1
1990,-13.58503,-74.352,1
1990,-13.53169,-71.96692,7
1990,-13.46504,-74.10045,1
1990,-13.31704,-71.59618,1
1990,-13.306,-72.11558,1
1990,-13.2093,-76.1562,1
1990,-13.16387,-74.22356,6
1990,-13.15271,-74.21863,32
1990,-13.1124,-74.09923,1
1990,-13.05694,-74.21361,1
1990,-12.95521,-74.25273,1
1990,-12.94815,-74.02084,1
1990,-12.93978,-74.24748,3
1990,-12.91667,-73.83333,2
1990,-12.90224,15.24679,1
1990,-12.78715,-74.97321,3
1990,-12.76554,15.73286,3
1990,-12.68306,-73.8725,1
1990,-12.59043,13.4162,3
1990,-12.51737,-76.73399,2
1990,-12.47156,13.73111,8
1990,-12.40954,-73.90806,1
1990,-12.4095,-73.90801,1
1990,-12.40171,-76.7735,1
1990,-12.39929,-74.86594,1
1990,-12.38333,-73.87,1
1990,-12.3832,16.93384,4
1990,-12.38126,16.93367,1
1990,-12.32889,-75.06889,1
1990,-12.15553,18.55572,1
1990,-12.13794,-75.22352,2
1990,-12.06831,-75.21016,33
1990,-12.06165,-75.28783,4
1990,-12.05828,-77.10538,1
1990,-12.05093,-77.12604,7
1990,-12.05089,-77.12607,1
1990,-12.00338,-76.91842,2
1990,-11.96845,-75.30915,1
1990,-11.96737,-76.97846,201
1990,-11.89017,-75.26652,1
1990,-11.86103,-77.07915,1
1990,-11.84648,-75.47115,1
1990,-11.82083,-76.43333,3
1990,-11.79259,19.9066,7
1990,-11.78546,-75.42641,1
1990,-11.69386,15.46733,1
1990,-11.63753,-76.2333,1
1990,-11.52049,-75.89978,2
1990,-11.48301,16.69308,1
1990,-11.475,-75.95866,1
1990,-11.45083,-74.43583,1
1990,-11.43179,-74.4848,1
1990,-11.4193,-75.68888,8
1990,-11.2957,-75.77283,1
1990,-11.27056,-75.69944,1
1990,-11.25424,-74.63696,3
1990,-11.24954,-75.86273,1
1990,-11.16107,-75.99309,3
1990,-11.12472,-75.35694,1
1990,-11.12272,-77.61057,11
1990,-11.11944,-74.585,2
1990,-11.06974,-77.59906,2
1990,-11.05715,-75.06112,1
1990,-11.05603,-75.32824,1
1990,-10.9371,-77.10313,1
1990,-10.92587,-74.8731,1
1990,-10.8885,-75.28716,1
1990,-10.84767,14.36622,1
1990,-10.75407,-77.76099,1
1990,-10.68065,-76.25992,4
1990,-10.53415,-76.164,1
1990,-10.28508,-77.1987,1
1990,-10.12396,-77.14632,3
1990,-9.94867,-78.22666,1
1990,-9.91005,-76.60584,1
1990,-9.88528,-76.57694,1
1990,-9.78738,-77.67652,3
1990,-9.78333,-76.58333,1
1990,-9.68571,14.42702,24
1990,-9.6428,-76.77368,1
1990,-9.5464,16.33805,1
1990,-9.53885,-77.58272,1
1990,-9.52992,-77.5288,5
1990,-9.52326,-77.15642,2
1990,-9.48752,14.35548,42
1990,-9.47689,16.85202,1
1990,-9.45189,-77.17655,1
1990,-9.41806,18.43528,1
1990,-9.39697,16.45,1
1990,-9.39366,-77.57533,1
1990,-9.31226,-76.97196,1
1990,-9.29748,-75.99631,1
1990,-9.2518,14.10507,41
1990,-9.07791,-77.03416,1
1990,-9.0634,-78.58361,1
1990,-9.05621,-78.57861,2
1990,-8.97441,146.6095,1
1990,-8.87222,-77.89361,1
1990,-8.83884,13.23558,31
1990,-8.77671,13.37119,2
1990,-8.76502,13.43372,1
1990,-8.76131,-63.90048,1
1990,-8.71595,13.4389,1
1990,-8.62319,-35.52908,1
1990,-8.58052,13.66392,3
1990,-8.57932,13.66415,1
1990,-8.48661,-76.3876,1
1990,-8.45925,-76.46199,1
1990,-8.4489,-76.32465,1
1990,-8.18885,-76.51084,3
1990,-8.14511,-78.17352,1
1990,-8.00798,-76.64777,1
1990,-7.79469,-76.1964,1
1990,-7.78656,-78.14146,3
1990,-7.62376,-78.04606,1
1990,-7.61649,15.04962,2
1990,-7.31498,16.00245,1
1990,-7.24449,-76.82596,1
1990,-7.22713,-79.42984,1
1990,-7.18906,-79.5136,1
1990,-7.16222,-78.51209,1
1990,-6.92064,-76.33039,3
1990,-6.7465,155.68517,2
1990,-6.48812,-76.3599,1
1990,-6.35667,12.47917,1
1990,-6.32065,155.47686,4
1990,-6.23237,155.6508,2
1990,-6.22834,155.56522,3
1990,-6.22048,155.63763,1
1990,-6.15837,155.38221,2
1990,-6.13355,12.36683,2
1990,-6.03477,-76.97389,1
1990,-5.98815,-79.74739,1
1990,-5.90233,-76.1204,1
1990,-5.87477,155.20299,1
1990,-5.75961,155.11799,1
1990,-5.69832,-78.80712,1
1990,-5.56032,12.1904,1
1990,-5.2994,12.23415,1
1990,-5.19704,-80.62662,1
1990,-4.76916,11.86637,1
1990,-3.98331,-79.20014,2
1990,-3.78177,-70.36493,1
1990,-3.58434,141.2166,1
1990,-3.57072,-80.45959,1
1990,-1.24174,-78.61957,1
1990,-0.21119,-78.52263,3
1990,0.24575,-76.55478,1
1990,0.34271,32.56131,1
1990,0.35085,32.58022,1
1990,0.36227,-78.13078,1
1990,0.43595,-75.52767,1
1990,0.86989,-73.84191,3
1990,1.03033,-76.61475,1
1990,1.2053,-76.91619,1
1990,1.42591,-77.09727,1
1990,1.49088,33.75192,2
1990,1.61456,-75.6053,1
1990,1.70085,-76.57288,2
1990,2.05437,34.56557,2
1990,2.05982,45.32612,10
1990,2.10002,-76.66664,1
1990,2.11234,-76.98728,4
1990,2.17469,-77.04489,2
1990,2.24359,-77.01038,2
1990,2.25808,32.88741,1
1990,2.35217,-76.68408,1
1990,2.44186,-76.60617,3
1990,2.56426,-72.63798,1
1990,2.85,-76.31667,1
1990,2.878,32.71814,2
1990,2.92556,-75.29078,1
1990,2.94818,-75.04098,1
1990,2.95373,32.93532,1
1990,3.11408,101.69231,1
1990,3.17388,-76.25945,2
1990,3.24114,-74.35539,1
1990,3.25058,-76.22764,1
1990,3.28848,32.87895,2
1990,3.42063,-76.52212,1
1990,3.42934,-76.51604,17
1990,3.56375,-73.79515,1
1990,3.58375,-76.49573,1
1990,3.80089,-76.64127,1
1990,3.86547,-67.92671,1
1990,3.88182,-77.07042,1
1990,3.99641,-76.97442,1
1990,4.08581,-76.19719,1
1990,4.21238,-76.31923,1
1990,4.21557,-73.81502,1
1990,4.42344,-69.28775,1
1990,4.5981,-74.07603,1
1990,4.66713,-74.10606,24
1990,4.70783,96.73279,3
1990,4.71298,-73.947,1
1990,4.81428,-75.69456,3
1990,4.97061,-73.37856,1
1990,4.99936,-74.33936,1
1990,5.0,-54.98333,2
1990,5.0162,-72.74969,1
1990,5.026,-74.03001,1
1990,5.19688,-73.14554,1
1990,5.21389,-72.86952,1
1990,5.49655,-54.05379,1
1990,5.53813,-73.36219,1
1990,5.61667,-54.4,4
1990,5.7146,-72.92778,1
1990,5.85071,-76.02301,1
1990,5.87337,-74.64024,1
1990,5.89895,-76.14195,1
1990,5.96347,-75.7341,1
1990,5.96478,-75.10166,1
1990,5.97515,-74.58614,1
1990,6.03296,80.21278,1
1990,6.05046,121.01224,3
1990,6.05703,-75.18513,1
1990,6.05746,-75.50277,1
1990,6.09188,-75.63615,1
1990,6.11278,-75.98467,1
1990,6.11622,125.1694,3
1990,6.15782,-75.6436,2
1990,6.17215,-75.60957,4
1990,6.17346,-75.59278,4
1990,6.1876,-74.99429,2
1990,6.20153,101.25184,2
1990,6.23738,80.54384,1
1990,6.24203,-75.56477,115
1990,6.25415,101.7296,1
1990,6.26528,80.49105,1
1990,6.26667,80.05,1
1990,6.2675,-75.56861,1
1990,6.27053,-75.57217,2
1990,6.31371,-73.95015,1
1990,6.34053,-75.56223,1
1990,6.38333,81.21667,1
1990,6.46052,-71.72989,1
1990,6.52111,-76.97222,1
1990,6.65197,121.96368,1
1990,6.68117,-75.21928,1
1990,6.7252,79.91839,1
1990,6.78628,125.21272,2
1990,6.82181,-58.15922,5
1990,6.84276,-8.66006,1
1990,6.84276,81.33994,1
1990,6.8668,124.46669,1
1990,6.87275,81.35066,1
1990,6.885,116.85453,2
1990,6.92387,80.0179,1
1990,6.92909,122.07885,3
1990,6.92948,79.88708,1
1990,6.94184,79.86169,2
1990,6.95178,125.09748,2
1990,6.95575,79.92369,1
1990,7.00056,-72.10833,2
1990,7.00063,-76.26572,1
1990,7.00507,-73.22388,1
1990,7.01086,125.08992,1
1990,7.02107,-8.71915,1
1990,7.02556,124.315,1
1990,7.03147,124.50267,1
1990,7.05487,124.67262,1
1990,7.06005,-73.85312,2
1990,7.07786,-74.70355,2
1990,7.08071,-74.70101,1
1990,7.08324,125.601,17
1990,7.11629,-73.12003,4
1990,7.15588,-73.27617,1
1990,7.19861,-75.34122,1
1990,7.2041,-72.75732,1
1990,7.20959,124.24197,2
1990,7.21939,81.84976,2
1990,7.23573,-8.98527,2
1990,7.23658,80.20802,1
1990,7.24389,-76.43556,1
1990,7.2565,80.72144,2
1990,7.2776,80.54199,1
1990,7.28997,-75.39269,1
1990,7.29384,80.64067,1
1990,7.30176,81.67473,8
1990,7.30984,125.68396,2
1990,7.31448,125.45084,1
1990,7.33141,81.83337,2
1990,7.33238,124.56728,2
1990,7.3621,81.80362,4
1990,7.38934,-73.55599,1
1990,7.41438,81.83063,9
1990,7.42818,81.56513,1
1990,7.44797,125.81001,1
1990,7.48722,124.29917,1
1990,7.48857,80.36516,1
1990,7.49175,-74.86818,1
1990,7.4918,-74.86823,1
1990,7.50278,81.80361,1
1990,7.51008,124.37142,3
1990,7.52937,81.79461,4
1990,7.53193,124.12016,1
1990,7.57649,-75.35033,1
1990,7.5794,-75.4001,1
1990,7.59418,-74.81195,1
1990,7.64262,-72.7995,1
1990,7.66667,-75.3,1
1990,7.6676,-76.6803,2
1990,7.68901,81.72947,2
1990,7.71667,81.70019,9
1990,7.731,81.67473,1
1990,7.73311,81.68882,2
1990,7.75024,81.21674,1
1990,7.76277,125.00417,1
1990,7.77541,81.60625,5
1990,7.7853,81.4279,1
1990,7.78586,81.5898,1
1990,7.82075,124.32655,1
1990,7.8252,123.43738,1
1990,7.82846,123.43661,1
1990,7.83334,-72.86667,1
1990,7.86778,81.51027,2
1990,7.88232,-76.63063,3
1990,7.8942,-72.50388,1
1990,7.92133,81.52467,1
1990,7.93952,81.00096,1
1990,7.94628,-72.89881,1
1990,7.98092,-75.41919,1
1990,8.00467,124.2913,1
1990,8.04053,-77.09336,1
1990,8.05703,123.79136,1
1990,8.06186,123.75077,1
1990,8.08327,-73.2245,1
1990,8.08652,-76.66582,2
1990,8.09242,-76.72738,4
1990,8.09417,-74.77556,1
1990,8.11379,123.89773,1
1990,8.16126,123.95879,1
1990,8.23342,-73.35331,1
1990,8.24004,124.24477,2
1990,8.25749,-76.14641,1
1990,8.2928,-73.38513,1
1990,8.30859,-73.61354,2
1990,8.32045,-73.14476,2
1990,8.34519,80.38813,2
1990,8.34776,81.00834,1
1990,8.36637,81.07222,1
1990,8.40255,-73.20768,1
1990,8.40292,-75.89987,4
1990,8.42414,-76.7868,1
1990,8.4278,-82.43064,3
1990,8.43557,-73.28742,1
1990,8.45791,81.2684,1
1990,8.48254,124.6474,1
1990,8.50099,-75.50833,1
1990,8.51137,-73.4468,2
1990,8.53767,80.38204,1
1990,8.57234,80.25288,1
1990,8.57783,81.21872,5
1990,8.58944,80.835,4
1990,8.5922,81.1968,2
1990,8.63781,-72.73464,2
1990,8.73816,80.47715,2
1990,8.75782,80.48791,3
1990,8.83427,80.05105,1
1990,8.85,80.03333,1
1990,8.85017,-76.42671,1
1990,8.89508,-76.35459,1
1990,8.94167,80.9867,1
1990,8.94605,-74.10697,2
1990,8.94825,125.54111,1
1990,8.97715,38.77323,4
1990,8.98012,79.91246,2
1990,8.99427,-79.51879,11
1990,9.00412,80.57114,1
1990,9.01867,-76.26141,1
1990,9.07873,80.614,1
1990,9.10631,79.73087,1
1990,9.13699,80.44517,1
1990,9.24675,118.4085,1
1990,9.26093,-73.8097,1
1990,9.26709,80.81425,2
1990,9.30535,-75.3978,1
1990,9.3136,80.69623,1
1990,9.33729,-73.65362,1
1990,9.35858,-79.90002,1
1990,9.37743,-75.26841,2
1990,9.37988,-75.26837,1
1990,9.51848,80.40606,1
1990,9.52167,-73.68917,1
1990,9.54453,31.65402,1
1990,9.61654,79.992,1
1990,9.65945,-73.75058,1
1990,9.66123,80.02558,1
1990,9.6664,80.02048,5
1990,9.66833,80.33306,1
1990,9.74807,79.88288,3
1990,9.75639,123.97275,1
1990,9.79824,80.08981,3
1990,9.81494,80.16608,1
1990,9.81667,80.18333,1
1990,9.82486,80.23635,1
1990,9.93333,-84.08333,1
1990,10.03286,-69.26333,1
1990,10.12085,123.27388,1
1990,10.29348,-74.35217,1
1990,10.29533,123.87825,1
1990,10.41371,-75.53355,8
1990,10.41662,-73.58351,1
1990,10.47692,-73.25049,1
1990,10.7158,122.26624,1
1990,10.90212,123.07152,1
1990,10.90584,-74.17248,1
1990,10.98141,-74.77832,1
1990,11.12712,78.65689,1
1990,11.15806,124.99094,1
1990,11.55883,104.91744,2
1990,11.58859,43.14534,1
1990,11.5901,122.0945,1
1990,11.72747,-86.21585,1
1990,12.10382,-86.26701,2
1990,12.10629,-85.36452,1
1990,12.14988,39.63184,1
1990,12.19185,-84.10129,1
1990,12.36792,123.62076,1
1990,12.55314,-16.22926,1
1990,12.56917,-16.17361,1
1990,12.58333,-16.26667,3
1990,12.62439,-87.12978,1
1990,12.91614,-16.43617,1
1990,12.91911,-85.91661,2
1990,12.97019,124.00418,2
1990,13.08268,80.27072,1
1990,13.09171,-86.00177,3
1990,13.13192,-86.34574,1
1990,13.14374,-16.57756,1
1990,13.3027,-87.19442,1
1990,13.3049,-86.18626,1
1990,13.34432,-88.43746,2
1990,13.41444,-88.34363,1
1990,13.43204,-88.59224,1
1990,13.4451,-88.24612,3
1990,13.48333,-88.46667,1
1990,13.49124,-88.17313,2
1990,13.49446,-88.53034,1
1990,13.51667,-88.38333,1
1990,13.55707,-88.34943,1
1990,13.5862,-88.75077,4
1990,13.62472,-87.89361,1
1990,13.63333,-88.26667,1
1990,13.64121,-88.78542,5
1990,13.67694,-89.27972,3
1990,13.69288,-89.19916,71
1990,13.69803,123.48998,1
1990,13.70346,-89.19182,1
1990,13.709,-89.23973,1
1990,13.71667,-89.23333,1
1990,13.73333,-88.88333,1
1990,13.7576,121.05832,1
1990,13.76667,-88.26667,1
1990,13.7682,-88.12914,4
1990,13.77214,-88.07664,1
1990,13.78579,100.56085,3
1990,13.79833,-89.17889,2
1990,13.82755,122.92404,1
1990,13.83333,-88.71667,1
1990,13.835,-89.27444,7
1990,13.84222,-89.09694,1
1990,13.85,-88.85,1
1990,13.86483,-88.7494,1
1990,13.87694,-89.17356,1
1990,13.90295,-89.49661,1
1990,13.93105,121.61768,1
1990,13.93852,-88.90137,2
1990,13.9388,121.62083,3
1990,13.95,-88.63333,1
1990,13.95722,-89.18972,2
1990,13.97138,121.68689,1
1990,13.98148,-89.55572,13
1990,14.07003,-90.46313,1
1990,14.0833,-87.2167,11
1990,14.09396,-88.88928,1
1990,14.13379,122.04916,1
1990,14.15937,-90.25708,1
1990,14.1693,-88.92396,1
1990,14.19166,-89.1706,1
1990,14.1928,-90.37484,1
1990,14.23374,-83.53886,1
1990,14.24267,-87.37528,1
1990,14.24552,98.20089,1
1990,14.27735,-90.30378,1
1990,14.29778,-90.78694,1
1990,14.4,-91.3167,1
1990,14.4299,120.93661,1
1990,14.48333,-90.53333,1
1990,14.55,103.73333,1
1990,14.59605,120.97867,131
1990,14.62021,120.58158,1
1990,14.62287,-90.52907,26
1990,14.63073,-90.60764,1
1990,14.67428,121.0575,11
1990,14.7,-91.86667,1
1990,14.72449,121.03331,1
1990,14.73657,-90.89002,1
1990,14.74061,-91.15942,1
1990,14.74516,105.35996,1
1990,14.77312,-91.18304,1
1990,14.78632,-90.19858,5
1990,14.79191,-91.71342,1
1990,14.80121,-91.82213,1
1990,14.83879,120.28502,1
1990,14.85472,-91.14909,1
1990,14.86667,-91.93333,1
1990,14.93096,-91.90992,1
1990,14.93216,-92.00552,1
1990,14.93561,-91.87123,1
1990,14.95305,120.76817,1
1990,14.96526,-91.79581,7
1990,14.96555,120.63249,1
1990,14.96833,-91.7795,1
1990,15.02917,-91.32944,1
1990,15.03537,77.28146,1
1990,15.06524,120.72005,1
1990,15.09528,-91.15083,2
1990,15.153,120.59194,4
1990,15.24778,97.85762,1
1990,15.31728,75.71389,1
1990,15.31953,120.93772,4
1990,15.33269,120.59021,1
1990,15.33351,38.93365,3
1990,15.35562,38.93546,2
1990,15.47618,120.96069,4
1990,15.48128,120.59663,1
1990,15.49838,-90.98207,4
1990,15.54353,121.08528,2
1990,15.56372,-88.6258,1
1990,15.60263,121.05144,1
1990,15.63333,-90.95,1
1990,15.69018,-88.62041,1
1990,15.80122,-91.75523,1
1990,15.9129,79.73999,4
1990,15.91443,2.39737,1
1990,16.33111,-89.41694,1
1990,16.41639,120.59306,1
1990,16.48274,97.62219,1
1990,16.52592,-90.18931,2
1990,16.68778,98.50833,3
1990,16.72354,98.58437,1
1990,16.77664,121.08651,1
1990,16.85,-90.88333,1
1990,16.87967,121.01604,1
1990,16.88348,120.97472,3
1990,16.88778,96.14956,1
1990,16.91203,-90.29958,5
1990,17.05435,-96.71295,1
1990,17.38504,78.48667,1
1990,17.41262,121.44418,1
1990,17.55985,121.69734,2
1990,17.59965,120.61691,2
1990,17.61184,121.72723,1
1990,17.80308,120.48566,1
1990,17.92,77.51972,1
1990,17.96566,102.62303,1
1990,17.97336,79.59996,2
1990,18.10298,74.09243,1
1990,18.19581,120.59227,1
1990,18.20132,-67.14512,1
1990,18.24436,76.14356,1
1990,18.29673,121.57596,1
1990,18.38078,-65.95739,1
1990,18.38693,-66.06113,1
1990,18.446,-66.38755,1
1990,18.45679,-69.95116,2
1990,18.47239,-66.71973,1
1990,18.52772,-72.33284,3
1990,18.56163,120.78709,1
1990,18.56163,121.23189,1
1990,19.07598,72.87766,4
1990,19.18029,78.46441,1
1990,19.37189,-99.08662,1
1990,19.7,-100.47917,1
1990,19.89392,76.29715,1
1990,19.95,79.3,1
1990,20.67334,-103.34418,1
1990,22.15243,92.24253,1
1990,22.25865,71.19238,2
1990,22.28187,114.16133,1
1990,22.30077,70.74807,1
1990,22.3419,91.81512,2
1990,22.37929,91.91709,1
1990,22.55173,88.35234,2
1990,22.60056,74.76722,1
1990,22.63354,91.79739,1
1990,22.65735,92.17327,2
1990,22.70164,91.8891,1
1990,22.79822,91.98815,1
1990,22.93859,92.18433,2
1990,23.00814,70.18725,1
1990,23.02688,75.36927,1
1990,23.30233,91.89782,1
1990,23.30693,90.4086,1
1990,23.79128,90.4182,4
1990,24.01083,79.71,1
1990,24.75389,80.83111,1
1990,24.80485,-107.3855,1
1990,24.89112,67.14331,35
1990,25.01923,85.87421,1
1990,25.09108,121.55983,1
1990,25.37915,97.38807,1
1990,25.38929,68.35734,10
1990,25.5598,81.48556,1
1990,25.77459,-80.2142,1
1990,25.92,82.2,1
1990,25.99941,63.04745,1
1990,26.14979,91.76393,3
1990,26.15844,94.56244,1
1990,26.17,32.72722,1
1990,26.2006,92.93757,5
1990,26.32901,91.00543,2
1990,26.39668,85.66275,1
1990,26.43725,91.62011,1
1990,26.44992,80.33187,1
1990,26.49645,90.70156,1
1990,26.52776,91.72343,1
1990,26.59018,85.49427,1
1990,26.84444,80.35582,1
1990,26.9215,94.75724,1
1990,26.93474,77.3066,1
1990,27.18112,31.17943,1
1990,27.1867,56.28167,1
1990,27.20533,33.80377,1
1990,27.45274,95.00135,1
1990,27.49241,77.67367,1
1990,27.5289,68.75982,1
1990,27.55779,30.81189,1
1990,27.56008,68.21571,1
1990,27.9392,77.84245,1
1990,28.08691,30.76184,1
1990,28.21962,77.94174,1
1990,28.58584,77.15334,10
1990,28.69007,77.21398,4
1990,28.98446,77.70641,1
1990,29.04084,78.17775,1
1990,29.21826,79.51298,1
1990,29.31171,30.83881,1
1990,29.39095,76.9635,1
1990,29.41362,30.86575,1
1990,29.48358,60.8627,1
1990,29.49794,79.60388,1
1990,29.53419,73.44768,1
1990,29.81382,-95.3653,1
1990,29.88025,71.29426,1
1990,29.96951,76.87828,1
1990,30.08463,31.33431,6
1990,30.14529,74.1993,2
1990,30.20082,66.99435,1
1990,30.21099,74.94547,3
1990,30.34,76.38,3
1990,30.475,74.515,1
1990,30.59133,74.61223,1
1990,30.6586,104.06486,1
1990,30.67239,74.75505,1
1990,30.678,75.827,1
1990,30.73332,76.77942,6
1990,30.7775,75.36222,1
1990,30.79503,75.47607,1
1990,30.8623,74.92901,3
1990,30.88444,77.9325,1
1990,30.89475,34.45011,1
1990,30.89802,75.86008,2
1990,30.91693,74.81928,1
1990,30.95442,74.61208,5
1990,30.96606,76.52316,1
1990,30.99667,75.28639,2
1990,31.00879,75.00536,1
1990,31.10715,74.9764,1
1990,31.12328,76.11567,1
1990,31.14713,75.34122,4
1990,31.20066,74.78783,1
1990,31.20745,74.6413,1
1990,31.22794,74.99247,1
1990,31.25297,34.79146,1
1990,31.26889,75.70153,1
1990,31.27484,76.70389,2
1990,31.27685,72.32133,1
1990,31.27879,34.25644,9
1990,31.28075,74.55072,1
1990,31.30703,34.36009,1
1990,31.31904,34.34012,1
1990,31.32324,34.34701,1
1990,31.32602,75.57618,4
1990,31.34333,34.32333,1
1990,31.34696,34.30143,11
1990,31.34802,34.49109,1
1990,31.3661,76.33721,2
1990,31.37457,34.95705,1
1990,31.40882,73.08302,1
1990,31.44894,74.92526,3
1990,31.45199,35.38429,1
1990,31.50241,34.45974,18
1990,31.50547,74.34288,10
1990,31.53024,35.09416,2
1990,31.5349,75.91057,1
1990,31.53619,34.53957,2
1990,31.53783,34.48953,2
1990,31.59737,74.83843,1
1990,31.6267,35.10497,2
1990,31.62818,74.79922,1
1990,31.63308,74.87829,17
1990,31.63398,74.87226,5
1990,31.6578,35.1208,1
1990,31.70191,35.22699,1
1990,31.70434,35.19436,1
1990,31.74057,74.68834,1
1990,31.7574,74.95303,1
1990,31.7716,35.2034,42
1990,31.7717,75.1044,1
1990,31.78484,35.22461,1
1990,31.8022,74.25732,1
1990,31.80555,35.10917,1
1990,31.8186,75.2028,7
1990,31.82144,34.66517,1
1990,31.85752,35.26077,1
1990,31.8625,35.46188,1
1990,31.86446,74.95592,1
1990,31.87123,35.19167,1
1990,31.89814,35.17324,1
1990,31.90714,35.19822,6
1990,31.91725,35.21859,1
1990,31.92462,35.09874,1
1990,31.92736,35.14971,1
1990,31.92768,34.79767,1
1990,31.95,35.93333,3
1990,31.96287,75.01316,1
1990,31.96556,75.62722,1
1990,31.97054,34.79172,2
1990,31.9727,35.09214,1
1990,31.99596,35.27111,3
1990,32.03219,75.03045,1
1990,32.04076,75.40189,6
1990,32.05383,35.1278,1
1990,32.07087,35.24196,1
1990,32.08297,34.81189,12
1990,32.08916,34.88382,2
1990,32.10355,35.09216,1
1990,32.11086,76.53625,1
1990,32.16378,34.97946,1
1990,32.1769,35.33551,1
1990,32.20129,35.03418,1
1990,32.22223,-110.92575,1
1990,32.22227,35.25351,10
1990,32.22673,35.04727,1
1990,32.22924,34.8245,1
1990,32.25141,35.26936,1
1990,32.26434,75.64211,2
1990,32.31197,35.0266,3
1990,32.33389,35.11139,1
1990,32.33551,35.03554,1
1990,32.34603,74.16438,1
1990,32.3717,75.52291,1
1990,32.38183,74.12982,1
1990,32.40264,76.49535,1
1990,32.40515,35.20181,1
1990,32.41022,35.28172,1
1990,32.43862,74.11699,1
1990,32.44648,35.17037,1
1990,32.46062,35.30125,5
1990,32.48772,35.10299,1
1990,32.49354,74.53034,1
1990,32.50892,35.22749,1
1990,32.52938,35.25926,1
1990,32.57232,74.07662,1
1990,32.62083,35.55111,1
1990,32.69689,35.66426,1
1990,32.69893,35.30463,1
1990,32.71361,-117.16474,1
1990,32.7266,74.85703,3
1990,32.75029,129.87767,1
1990,32.75996,35.1146,1
1990,32.79392,34.99062,2
1990,32.83333,35.33333,1
1990,32.97422,35.23297,1
1990,33.26615,35.21406,8
1990,33.28182,35.3384,1
1990,33.28551,35.5001,1
1990,33.30986,35.29086,1
1990,33.31972,35.4725,1
1990,33.34749,35.74916,1
1990,33.35601,35.65886,1
1990,33.44101,35.49897,1
1990,33.47454,35.35925,2
1990,33.48127,35.72654,1
1990,33.51861,35.36611,4
1990,33.55043,35.37096,8
1990,33.56647,35.40601,1
1990,33.58889,35.78,1
1990,33.5927,75.16584,2
1990,33.59401,73.06908,3
1990,33.67164,73.05607,4
1990,33.68344,75.21957,1
1990,33.72401,75.01785,1
1990,33.73222,75.15791,10
1990,33.74557,-117.86783,1
1990,33.77817,76.57617,5
1990,33.7895,75.10339,1
1990,33.87403,74.9015,1
1990,33.88003,35.56057,1
1990,33.88302,35.62038,3
1990,33.88523,35.63867,1
1990,33.88852,35.50351,35
1990,33.898,70.10754,1
1990,33.91469,35.6888,1
1990,33.97082,35.63261,1
1990,34.006,71.53743,8
1990,34.01608,75.31498,1
1990,34.02124,74.72228,1
1990,34.02188,35.69345,1
1990,34.08374,74.7899,103
1990,34.09787,-118.40738,1
1990,34.11404,74.67041,1
1990,34.2056,74.35387,2
1990,34.2165,74.77194,1
1990,34.22581,74.64102,1
1990,34.26402,74.90106,1
1990,34.28889,74.46371,7
1990,34.33194,35.895,1
1990,34.33254,74.38147,1
1990,34.34428,74.20252,1
1990,34.35946,73.46888,1
1990,34.43809,35.83084,5
1990,34.46333,135.74024,1
1990,34.48751,136.70934,1
1990,34.50945,135.79263,1
1990,34.51505,135.73639,1
1990,34.5169,69.14701,2
1990,34.52618,74.25461,3
1990,34.68509,135.805,6
1990,34.68535,135.83274,4
1990,34.69374,135.50216,3
1990,34.77201,32.42974,1
1990,34.78431,135.40095,1
1990,35.01164,135.76803,10
1990,35.13298,33.93462,2
1990,35.16676,33.36761,5
1990,35.16676,33.36762,1
1990,35.18019,136.90656,2
1990,35.18145,136.9064,2
1990,35.18948,46.46719,1
1990,35.3292,25.13867,1
1990,35.33045,139.90268,1
1990,35.34167,33.31667,1
1990,35.44308,139.36249,1
1990,35.44371,139.63803,4
1990,35.61048,138.94003,2
1990,35.68912,139.74774,37
1990,35.72453,51.40519,4
1990,35.77216,140.32178,3
1990,35.78765,139.90309,1
1990,35.84242,71.36294,1
1990,35.857,139.64885,2
1990,35.88829,-5.3162,1
1990,35.90626,139.62863,1
1990,35.97937,140.14952,1
1990,36.01258,-84.01628,1
1990,36.08349,140.07664,1
1990,36.16778,-86.77836,1
1990,36.16809,53.34278,1
1990,36.27529,50.00544,1
1990,36.32191,139.00329,1
1990,36.48045,2.83388,1
1990,36.655,51.4204,1
1990,36.71723,37.43367,1
1990,36.84831,-75.97928,1
1990,36.86302,40.05243,1
1990,36.8902,140.0087,1
1990,36.94056,-121.78944,1
1990,36.98642,35.87827,1
1990,37.00673,35.32412,1
1990,37.06685,37.3828,1
1990,37.10932,37.78298,1
1990,37.14707,41.12345,1
1990,37.1545,41.33991,1
1990,37.16436,39.18824,1
1990,37.1644,35.90164,1
1990,37.18782,31.68479,1
1990,37.25051,42.4726,1
1990,37.25317,43.61223,2
1990,37.27665,36.33878,2
1990,37.28107,49.583,1
1990,37.2814,37.69565,1
1990,37.28379,42.15103,1
1990,37.29886,44.20364,1
1990,37.30694,41.17806,1
1990,37.32222,40.72834,1
1990,37.33012,43.28158,2
1990,37.33059,42.18727,6
1990,37.33226,43.71335,1
1990,37.34223,41.88664,1
1990,37.35551,-121.95426,1
1990,37.36293,40.26617,1
1990,37.37386,44.08533,1
1990,37.38264,-5.9963,3
1990,37.3929,43.10688,1
1990,37.3938,37.147,2
1990,37.40315,40.95294,1
1990,37.43192,41.79725,1
1990,37.44613,42.8522,1
1990,37.47588,42.78282,2
1990,37.47749,40.48635,1
1990,37.47769,37.16724,1
1990,37.49542,42.9941,1
1990,37.51682,42.46029,11
1990,37.52694,44.16889,1
1990,37.5362,41.9,1
1990,37.53756,40.888,1
1990,37.55875,44.39589,1
1990,37.56654,126.97797,3
1990,37.5696,43.1658,1
1990,37.57704,43.7361,3
1990,37.59245,41.03542,1
1990,37.60565,-0.99129,1
1990,37.60697,42.74804,1
1990,37.64373,41.30583,1
1990,37.64452,42.461,2
1990,37.65388,44.36906,1
1990,37.66183,43.10692,2
1990,37.69513,42.107,2
1990,37.79193,-122.22591,1
1990,37.80554,38.19175,1
1990,37.81901,40.19119,1
1990,37.8452,40.67561,1
1990,37.85749,42.74086,1
1990,37.86779,43.56848,1
1990,37.88782,41.13622,1
1990,37.92222,40.18438,2
1990,37.92574,41.69837,1
1990,37.93632,41.93496,1
1990,37.93662,42.54749,2
1990,37.95249,42.04258,1
1990,37.96772,37.4532,1
1990,37.97798,-122.03107,1
1990,37.99303,42.14126,1
1990,37.99749,23.76273,50
1990,38.02475,42.96386,1
1990,38.0341,42.06463,1
1990,38.04169,44.02121,1
1990,38.08716,38.33173,1
1990,38.12655,42.80602,1
1990,38.14965,37.93935,1
1990,38.16408,41.78508,1
1990,38.21754,28.06691,1
1990,38.24671,21.73451,1
1990,38.26884,140.8721,1
1990,38.35198,38.30227,1
1990,38.39329,42.12399,1
1990,38.46838,40.17509,1
1990,38.49417,43.38,2
1990,38.56697,40.55773,2
1990,38.64314,42.09959,1
1990,38.67105,40.57022,1
1990,38.793,-77.08738,1
1990,38.8061,-123.01771,1
1990,38.8177,39.39971,1
1990,38.84803,-77.12916,1
1990,38.99007,43.76485,1
1990,39.03476,33.23773,1
1990,39.13415,32.91992,1
1990,39.31944,46.14609,1
1990,39.3934,32.44795,1
1990,39.47024,-0.3768,4
1990,39.54068,43.6827,1
1990,39.58726,26.92452,1
1990,39.64036,36.53482,1
1990,39.70362,141.15268,1
1990,39.71834,43.04895,1
1990,39.72001,140.10256,1
1990,39.80416,44.06028,1
1990,39.811,46.75115,2
1990,39.8298,46.75985,2
1990,39.83093,44.55295,1
1990,39.84074,72.89881,1
1990,39.87872,33.79384,1
1990,39.93077,32.76754,8
1990,39.93156,39.964,1
1990,39.93667,46.83278,2
1990,40.00174,42.3441,1
1990,40.03548,44.29284,1
1990,40.0691,45.03819,2
1990,40.17857,44.53576,4
1990,40.21028,46.80917,2
1990,40.29528,42.83,2
1990,40.4656,-3.69626,10
1990,40.47694,36.98032,1
1990,40.48316,36.37021,1
1990,40.53,72.8,1
1990,40.58752,-122.39293,1
1990,40.62066,22.952,3
1990,40.65641,-4.70043,2
1990,40.65642,-4.70032,1
1990,40.67344,42.53442,1
1990,40.68278,46.36056,1
1990,40.69713,-73.93135,4
1990,40.7933,42.60889,1
1990,40.81278,44.48833,1
1990,40.88079,40.41639,3
1990,40.93,45.46706,1
1990,41.09333,45.36611,4
1990,41.09667,45.08194,2
1990,41.10618,28.68986,35
1990,41.11866,1.24533,2
1990,41.12667,45.3075,1
1990,41.21287,32.1799,2
1990,41.31771,41.37867,1
1990,41.3275,19.81889,1
1990,41.36667,9.26684,2
1990,41.40064,2.15091,5
1990,41.45014,2.24742,1
1990,41.47186,2.08214,1
1990,41.54862,2.10742,1
1990,41.56095,2.01044,1
1990,41.59137,9.27831,1
1990,41.65294,-4.72838,1
1990,41.65628,-0.87653,1
1990,41.67615,8.90395,1
1990,41.72518,1.82335,1
1990,41.79523,8.74182,1
1990,41.86081,2.66777,1
1990,41.89096,12.49007,2
1990,41.93061,8.74291,6
1990,42.15,24.75,1
1990,42.23222,48.15528,2
1990,42.25228,-71.00416,1
1990,42.26299,-71.80235,1
1990,42.34089,-3.69976,1
1990,42.35852,9.16496,1
1990,42.39783,9.49234,4
1990,42.43366,-8.64812,4
1990,42.56765,8.75722,1
1990,42.59387,-8.76596,1
1990,42.69539,-1.67607,3
1990,42.69649,23.32601,4
1990,42.7,9.44732,4
1990,42.79877,47.10872,1
1990,42.81537,-1.65362,2
1990,42.84964,-2.69236,1
1990,42.88045,-8.5463,1
1990,42.88089,20.86721,1
1990,43.0013,-1.89192,1
1990,43.0033,-2.61258,3
1990,43.04999,-76.14739,1
1990,43.05265,-3.00102,1
1990,43.07563,-2.22367,1
1990,43.16907,-2.63266,1
1990,43.17579,-2.27985,1
1990,43.18965,-8.47028,1
1990,43.2205,-2.73324,2
1990,43.23056,-2.84583,1
1990,43.25843,-2.92182,10
1990,43.27205,-2.94908,1
1990,43.29162,-1.9779,21
1990,43.29218,5.56934,1
1990,43.30964,-3.00694,1
1990,43.31137,-3.05595,2
1990,43.32412,-1.92986,2
1990,43.32756,-1.03304,1
1990,43.3282,-3.03151,1
1990,43.34872,-3.01009,1
1990,43.35361,-2.90746,2
1990,43.37087,-8.39584,3
1990,43.38395,-1.30525,1
1990,43.40443,-2.9501,1
1990,43.48839,-8.22251,2
1990,43.54526,-5.66193,1
1990,43.57038,7.07751,1
1990,44.03153,15.60671,1
1990,44.14299,16.09855,1
1990,45.03193,35.38243,1
1990,45.06894,16.3759,1
1990,45.07273,7.67954,2
1990,45.1178,39.4238,1
1990,45.40954,11.87655,1
1990,45.44506,8.61863,1
1990,45.5118,-122.67563,1
1990,45.7963,15.96072,1
1990,46.3172,6.19385,1
1990,47.03922,-122.89143,1
1990,48.11348,-1.67571,1
1990,48.30694,14.28583,1
1990,48.85664,2.34233,4
1990,50.08781,14.42046,1
1990,50.14334,8.56908,1
1990,50.72364,-1.60028,1
1990,50.73267,7.0963,1
1990,50.79891,-1.09116,1
1990,50.82716,0.2925,1
1990,50.83643,4.36742,2
1990,50.92888,-2.8568,1
1990,51.09456,-1.67456,1
1990,51.19244,5.9947,1
1990,51.24843,-0.75598,2
1990,51.3056,-0.90125,1
1990,51.37049,6.17239,1
1990,51.45531,-2.5919,1
1990,51.45794,7.01483,1
1990,51.50439,-0.14004,14
1990,51.51205,7.46357,1
1990,51.55373,-1.15032,1
1990,52.06986,4.29111,1
1990,52.10403,9.35726,1
1990,52.22968,21.01223,3
1990,52.37022,4.89517,3
1990,52.37207,9.73569,2
1990,52.50153,13.40185,5
1990,52.63477,-1.12952,1
1990,52.66386,-8.62677,1
1990,52.68356,-1.82236,1
1990,52.74368,-3.88544,1
1990,52.9219,-1.47564,1
1990,53.09683,-4.2474,1
1990,53.19146,-2.89501,1
1990,53.341,-1.28488,1
1990,53.63525,-6.23385,1
1990,53.72438,-1.86158,1
1990,53.82393,9.2879,1
1990,54.06307,-6.00698,1
1990,54.1314,-6.58639,1
1990,54.18305,-6.34139,5
1990,54.19293,-6.57605,1
1990,54.23326,-7.15129,1
1990,54.23863,-7.17091,1
1990,54.31781,-7.53655,1
1990,54.32863,-5.71667,1
1990,54.34754,-6.65611,8
1990,54.35199,18.64661,4
1990,54.41114,-6.60015,1
1990,54.42071,-6.44377,2
1990,54.46337,-6.3286,4
1990,54.50853,-6.76313,2
1990,54.51569,-6.05572,2
1990,54.51863,-5.88813,1
1990,54.53072,-6.81101,1
1990,54.57739,-6.67734,1
1990,54.57779,-2.5188,1
1990,54.6003,-7.2984,4
1990,54.60771,-5.95621,41
1990,54.64586,-6.74515,2
1990,54.67325,-7.62748,1
1990,54.70672,-7.59287,6
1990,54.70819,-6.5325,1
1990,54.7554,-6.60603,3
1990,54.76777,-7.25111,1
1990,54.78772,-6.49231,4
1990,54.78808,-7.47303,2
1990,54.81916,-7.46791,3
1990,54.84282,-6.66773,2
1990,54.86312,-6.27834,1
1990,54.95108,-6.559,1
1990,55.01156,-7.31204,6
1990,55.03347,-7.35776,1
1990,55.75138,37.57991,2
1990,58.53371,31.29106,1
1990,58.5366,15.03733,1
1990,58.70975,13.82374,1
1990,59.33279,18.06449,1
1990,59.61646,16.55152,2
1990,59.85814,17.64459,1
1991,-43.53205,172.63622,1
1991,-38.73413,-72.58465,4
1991,-37.20173,-59.84107,3
1991,-36.81601,-73.03766,1
1991,-36.60928,-72.10206,1
1991,-35.84729,-71.59899,1
1991,-35.43058,-71.65762,1
1991,-34.9213,-57.95433,1
1991,-34.89115,-56.18721,3
1991,-34.68631,-58.52847,2
1991,-34.65462,-59.42837,1
1991,-34.61768,-58.44444,8
1991,-34.45872,-58.90725,1
1991,-34.2875,-71.08576,1
1991,-34.04008,18.6778,5
1991,-33.99551,18.58454,3
1991,-33.98263,18.56939,1
1991,-33.9585,25.60068,2
1991,-33.94185,18.41964,1
1991,-33.87365,151.20689,1
1991,-33.83481,20.05445,1
1991,-33.77122,150.84467,1
1991,-33.65252,26.40756,1
1991,-33.36624,-70.5053,101
1991,-33.33347,-60.21103,1
1991,-33.3024,-66.3368,1
1991,-33.22197,-68.89441,1
1991,-33.05012,-71.61225,3
1991,-33.01069,-71.52779,5
1991,-32.95105,-60.66636,1
1991,-32.89027,-68.84403,3
1991,-32.52334,28.23002,1
1991,-31.95285,115.85734,2
1991,-31.89658,26.88319,1
1991,-31.5352,-68.53832,1
1991,-31.3993,-64.18213,1
1991,-31.3304,-54.10046,1
1991,-30.74981,30.45005,2
1991,-30.72673,30.35756,1
1991,-30.59866,-71.2003,1
1991,-30.20137,30.79447,2
1991,-30.15722,30.06472,1
1991,-30.03411,-51.21784,1
1991,-30.0311,30.86774,2
1991,-29.96582,30.88298,1
1991,-29.9533,-71.3436,3
1991,-29.91811,30.21546,1
1991,-29.9069,-71.25103,2
1991,-29.88791,30.24521,1
1991,-29.87045,30.27584,1
1991,-29.86182,31.00829,1
1991,-29.85591,30.77533,1
1991,-29.84475,30.09913,1
1991,-29.65888,30.85503,3
1991,-29.64193,30.34736,1
1991,-29.60144,30.3767,1
1991,-29.59578,30.2689,1
1991,-29.22168,30.01163,1
1991,-29.07265,30.6069,1
1991,-29.06409,30.58492,1
1991,-28.75392,31.89313,1
1991,-27.98299,26.7199,1
1991,-27.9709,26.80201,1
1991,-27.85982,26.76668,1
1991,-27.7844,-64.26728,1
1991,-27.36653,-70.33232,2
1991,-26.95526,26.63461,1
1991,-26.85826,26.63252,2
1991,-26.57429,27.84076,4
1991,-26.36318,28.15222,2
1991,-26.35577,28.20804,3
1991,-26.35316,28.13273,7
1991,-26.32875,31.1439,1
1991,-26.31662,26.81629,1
1991,-26.30346,27.91005,1
1991,-26.28061,27.7037,2
1991,-26.2527,27.87028,16
1991,-26.24903,27.94412,2
1991,-26.22741,28.30312,1
1991,-26.18411,28.03323,21
1991,-26.17741,27.69789,1
1991,-26.17061,27.75004,1
1991,-26.16077,27.78543,2
1991,-26.14115,28.4275,1
1991,-26.10353,28.09763,5
1991,-26.00412,28.21116,1
1991,-25.97025,32.59588,1
1991,-25.93526,32.56063,1
1991,-25.90826,32.54986,1
1991,-25.89197,32.60513,4
1991,-25.84006,25.59322,1
1991,-25.74828,28.21207,1
1991,-25.70147,28.33246,1
1991,-25.58608,32.65713,1
1991,-25.44449,31.99311,2
1991,-25.09017,30.42123,1
1991,-25.01942,33.79717,2
1991,-25.01368,32.63866,3
1991,-24.97405,33.52244,1
1991,-24.69671,33.54487,2
1991,-24.18579,-65.29948,1
1991,-23.85718,35.5483,1
1991,-23.55071,-46.63348,4
1991,-23.02433,32.7178,1
1991,-23.02219,32.71814,2
1991,-22.90828,-43.19703,4
1991,-22.86319,-43.7779,1
1991,-22.74297,-45.59638,1
1991,-22.52311,-55.72428,1
1991,-20.2168,-70.14136,1
1991,-19.79687,34.90193,1
1991,-19.65167,-63.67592,2
1991,-19.57217,-65.75499,1
1991,-18.41688,-66.58297,1
1991,-18.1416,178.4419,1
1991,-18.1035,178.43898,1
1991,-17.82517,31.03351,1
1991,-17.79,15.70629,1
1991,-17.78322,-63.18204,3
1991,-17.5,177.84983,1
1991,-17.4945,-67.44381,1
1991,-17.38279,-66.16644,1
1991,-17.14944,-71.78581,1
1991,-16.97083,-70.12,1
1991,-16.50932,-68.10434,10
1991,-16.50019,-68.15016,5
1991,-16.46667,-69.91667,2
1991,-16.42663,36.74591,1
1991,-16.41975,-71.53054,1
1991,-16.4095,-71.53738,1
1991,-16.32843,-48.95388,1
1991,-16.13295,33.60631,1
1991,-16.11658,33.7238,1
1991,-16.05,-68.48333,4
1991,-16.04375,-71.40229,1
1991,-15.84065,-70.02789,8
1991,-15.82609,-47.92232,3
1991,-15.69902,-70.60638,1
1991,-15.4933,-70.13557,1
1991,-15.43366,-74.61701,1
1991,-15.36076,-69.49984,1
1991,-15.12609,39.26919,1
1991,-15.042,-70.36797,1
1991,-14.78958,-71.41212,1
1991,-14.66534,-70.70255,1
1991,-14.65205,17.6841,1
1991,-14.33722,-69.79194,1
1991,-14.31884,-74.37817,2
1991,-14.13005,14.49915,1
1991,-14.12012,-71.47298,1
1991,-14.05464,-73.08841,1
1991,-13.9457,-72.1757,1
1991,-13.9329,-75.6709,1
1991,-13.89667,-73.51389,1
1991,-13.7325,-72.35056,1
1991,-13.65311,-73.95396,2
1991,-13.60536,-73.96719,1
1991,-13.60197,-74.00108,1
1991,-13.55745,-74.19566,1
1991,-13.53169,-71.96692,8
1991,-13.51944,-71.94054,1
1991,-13.48333,-72.31667,4
1991,-13.43994,-73.60004,1
1991,-13.41655,-74.20437,1
1991,-13.31704,-71.59618,1
1991,-13.25778,-74.39694,1
1991,-13.24206,-74.35445,1
1991,-13.16387,-74.22356,3
1991,-13.15271,-74.21863,38
1991,-13.1325,-74.33278,1
1991,-13.11297,-74.41885,2
1991,-13.10525,-72.04465,1
1991,-13.08512,-74.39293,1
1991,-13.05694,-74.21361,1
1991,-13.04917,-74.13861,2
1991,-13.04039,-76.39411,1
1991,-13.01262,-73.9809,2
1991,-12.94815,-74.02084,2
1991,-12.93978,-74.24748,2
1991,-12.93333,-71.18333,1
1991,-12.8425,-74.47194,1
1991,-12.78715,-74.97321,3
1991,-12.78439,-74.20578,1
1991,-12.76554,15.73286,1
1991,-12.73861,-74.38698,1
1991,-12.6522,-74.62121,1
1991,-12.56439,-74.94732,5
1991,-12.46007,-75.91802,1
1991,-12.38394,-76.13612,1
1991,-12.36471,13.53298,1
1991,-12.33578,16.94234,1
1991,-12.31224,49.2949,1
1991,-12.2298,-76.85957,1
1991,-12.12242,-76.01331,1
1991,-12.08139,-75.35139,1
1991,-12.06864,-75.2103,1
1991,-12.06831,-75.21016,30
1991,-12.06165,-75.28783,1
1991,-12.05828,-77.10538,1
1991,-12.05093,-77.12604,5
1991,-12.05089,-77.12607,5
1991,-12.04227,-75.3599,1
1991,-12.03878,-76.11987,1
1991,-12.00338,-76.91842,3
1991,-11.97581,-76.7699,3
1991,-11.96737,-76.97846,343
1991,-11.91848,-75.31289,1
1991,-11.89204,-75.34778,1
1991,-11.79259,19.9066,1
1991,-11.74889,-75.48611,1
1991,-11.52049,-75.89978,1
1991,-11.49553,-77.20719,4
1991,-11.45067,-75.254,1
1991,-11.43179,-74.4848,1
1991,-11.36264,-75.32377,2
1991,-11.26483,-75.64915,1
1991,-11.25424,-74.63696,1
1991,-11.25381,-75.58007,1
1991,-11.24954,-75.86273,3
1991,-11.16107,-75.99309,1
1991,-11.12272,-77.61057,1
1991,-11.06974,-77.59906,3
1991,-11.05603,-75.32824,1
1991,-11.02502,-77.60564,1
1991,-10.9675,-75.87944,2
1991,-10.95413,-75.22894,1
1991,-10.75407,-77.76099,1
1991,-10.73719,-75.27163,1
1991,-10.69638,-77.77976,1
1991,-10.68359,-76.25621,1
1991,-10.68065,-76.25992,3
1991,-10.66818,-76.77323,1
1991,-10.39221,-76.87211,1
1991,-10.26183,-76.66565,1
1991,-9.97573,-67.82484,1
1991,-9.92948,-76.23974,3
1991,-9.82512,-73.08775,1
1991,-9.80222,-77.43111,1
1991,-9.64979,-35.70898,1
1991,-9.55916,-77.89055,3
1991,-9.5464,16.33805,1
1991,-9.53954,-76.68572,1
1991,-9.53885,-77.58272,1
1991,-9.52992,-77.5288,2
1991,-9.48155,147.19024,1
1991,-9.37763,-74.9648,1
1991,-9.29748,-75.99631,3
1991,-9.15986,-76.79929,1
1991,-9.12015,-78.19411,1
1991,-9.05621,-78.57861,1
1991,-8.96028,-78.63028,1
1991,-8.94854,-72.7869,1
1991,-8.83884,13.23558,3
1991,-8.76131,-63.90048,1
1991,-8.74875,-76.22388,1
1991,-8.71889,-76.12917,1
1991,-8.45925,-76.46199,1
1991,-8.34782,-77.3895,1
1991,-8.26845,-77.85243,1
1991,-8.18885,-76.51084,2
1991,-8.12707,-77.39527,1
1991,-8.11182,-79.02866,3
1991,-8.08108,-79.00074,1
1991,-7.86158,13.11759,1
1991,-7.79469,-76.1964,1
1991,-7.78583,-77.59333,1
1991,-7.61649,15.04962,2
1991,-7.59615,-78.4657,1
1991,-7.5194,-77.96931,1
1991,-7.31463,-50.04642,1
1991,-7.28917,112.7344,1
1991,-7.24449,-76.82596,1
1991,-7.1803,-76.72644,1
1991,-7.16222,-78.51209,2
1991,-7.11492,-78.82169,1
1991,-7.0849,-78.34275,1
1991,-6.93643,-76.77177,2
1991,-6.87597,-79.9221,2
1991,-6.77913,-79.83942,1
1991,-6.70412,-79.90623,1
1991,-6.61388,-76.69504,2
1991,-6.51111,-76.48,2
1991,-6.48812,-76.3599,4
1991,-6.47501,-78.88568,2
1991,-6.20882,106.84605,1
1991,-6.15837,155.38221,1
1991,-6.13966,-77.10158,1
1991,-6.13355,12.36683,1
1991,-6.06254,-77.16793,1
1991,-6.03477,-76.97389,2
1991,-5.98734,-79.7456,1
1991,-5.09651,-80.16083,1
1991,-5.03537,-79.92804,1
1991,-4.58963,-81.28507,1
1991,-4.38917,15.33762,6
1991,-4.23146,-69.93694,1
1991,-3.38294,29.3671,1
1991,-3.37583,29.36411,1
1991,-3.08016,29.39791,1
1991,-2.8889,29.12002,4
1991,-2.17083,-79.92236,2
1991,-1.67324,-78.64776,1
1991,-1.50376,29.63264,1
1991,-1.45472,29.69639,1
1991,-1.43557,30.01885,1
1991,-1.28518,36.82111,1
1991,-0.35785,42.54665,2
1991,-0.3014,36.08255,1
1991,-0.21119,-78.52263,12
1991,0.28242,34.75266,1
1991,0.35085,32.58022,2
1991,0.36227,-78.13078,1
1991,0.42529,-76.90507,4
1991,0.43595,-75.52767,2
1991,0.66643,-76.87192,3
1991,0.86989,-73.84191,1
1991,1.02545,-76.53917,1
1991,1.04482,-77.74659,1
1991,1.06772,34.85966,1
1991,1.10091,-75.40091,2
1991,1.14661,-76.64812,1
1991,1.19855,-75.60772,1
1991,1.27986,103.84899,1
1991,1.47888,-75.43724,2
1991,1.61456,-75.6053,1
1991,1.68448,-75.28659,1
1991,1.7767,-76.1736,2
1991,1.80488,-75.89077,1
1991,1.85199,-76.04698,1
1991,1.9137,-76.85494,1
1991,1.93514,-77.30609,1
1991,1.96602,-77.11858,1
1991,2.03955,-77.21702,1
1991,2.05982,45.32612,5
1991,2.08337,-78.61664,1
1991,2.11319,-74.76921,1
1991,2.17833,-76.7625,1
1991,2.18265,-73.78572,1
1991,2.19673,-75.62909,1
1991,2.24359,-77.01038,12
1991,2.33056,-72.6278,1
1991,2.44994,-76.80785,1
1991,2.51379,-76.38945,1
1991,2.53593,-75.52767,1
1991,2.56426,-72.63798,3
1991,2.62241,-76.56961,1
1991,2.66324,-75.51651,1
1991,2.68523,-75.32598,1
1991,2.75674,-76.62993,2
1991,2.92556,-75.29078,1
1991,2.95485,-76.26825,1
1991,2.96937,-78.18523,1
1991,3.0358,-76.40833,1
1991,3.06695,-75.13872,1
1991,3.13894,101.69132,2
1991,3.18333,-76.68333,1
1991,3.24114,-74.35539,1
1991,3.27199,-73.08775,7
1991,3.28469,-63.85148,1
1991,3.32222,-76.23472,1
1991,3.38463,-74.04335,2
1991,3.42063,-76.52212,3
1991,3.42934,-76.51604,6
1991,3.52721,-74.02371,1
1991,3.5299,-76.29801,1
1991,3.54434,-73.70781,4
1991,3.56375,-73.79515,1
1991,3.68415,-76.31235,1
1991,3.7246,-75.4841,1
1991,3.80089,-76.64127,1
1991,3.85861,-74.93111,1
1991,3.88182,-77.07042,3
1991,3.91272,-75.47591,1
1991,3.93036,-75.64885,1
1991,3.98977,-73.76696,1
1991,4.01,-75.60381,1
1991,4.09252,-75.15454,1
1991,4.15127,-73.63872,5
1991,4.17722,-73.62194,1
1991,4.20107,-75.69359,1
1991,4.21238,-76.31923,1
1991,4.21557,-73.81502,1
1991,4.25135,-76.22789,1
1991,4.28007,-74.54193,1
1991,4.30831,-74.30138,1
1991,4.33076,-73.86296,1
1991,4.3308,-73.86313,1
1991,4.34386,-74.36195,1
1991,4.35952,-75.73834,1
1991,4.37474,18.55129,3
1991,4.40556,-73.94667,3
1991,4.44251,-74.04416,1
1991,4.52869,-75.70385,1
1991,4.5981,-74.07603,1
1991,4.62999,-75.09535,1
1991,4.66713,-74.10606,14
1991,4.70783,96.73279,1
1991,4.72288,-76.11931,2
1991,4.7698,-73.92202,1
1991,4.81428,-75.69456,2
1991,4.83771,-75.66807,1
1991,4.85535,31.56778,2
1991,4.94806,-74.59389,1
1991,5.25001,-70.26667,1
1991,5.29307,-72.70293,1
1991,5.36367,100.31077,1
1991,5.4495,-74.66791,2
1991,5.45394,-73.36205,2
1991,5.54147,95.34296,3
1991,5.61667,-54.4,1
1991,5.65663,-73.97893,1
1991,5.73004,-73.93303,1
1991,5.75893,-71.5724,1
1991,5.81914,121.16588,1
1991,5.82932,-72.16271,2
1991,5.96305,10.15912,1
1991,6.05046,121.01224,1
1991,6.05703,-75.18513,1
1991,6.11278,-75.98467,1
1991,6.15367,-75.37416,1
1991,6.15782,-75.6436,1
1991,6.17215,-75.60957,4
1991,6.17255,1.23157,2
1991,6.18468,-75.65658,1
1991,6.18694,-72.4725,2
1991,6.1876,-74.99429,1
1991,6.24203,-75.56477,40
1991,6.2675,-75.56861,3
1991,6.27053,-75.57217,7
1991,6.28596,-70.28343,1
1991,6.29074,-10.76052,1
1991,6.31217,-70.21194,1
1991,6.31371,-73.95015,2
1991,6.33972,-73.61694,1
1991,6.46283,-75.55639,1
1991,6.51338,14.28747,2
1991,6.5455,101.2799,2
1991,6.54731,-71.00223,4
1991,6.63348,124.60052,1
1991,6.64371,-73.65362,17
1991,6.70041,121.97256,3
1991,6.70639,81.39917,1
1991,6.77099,-76.13185,1
1991,6.79993,-76.8,1
1991,6.81429,-75.2406,1
1991,6.83196,124.87886,1
1991,6.85514,124.14581,1
1991,6.86283,124.44514,2
1991,6.87527,81.83063,1
1991,6.88105,-73.41157,1
1991,6.88333,81.05,1
1991,6.89554,126.014,1
1991,6.89852,-76.17332,1
1991,6.9075,-75.07496,1
1991,6.91539,-75.67538,1
1991,6.92909,122.07885,1
1991,6.92948,79.88708,1
1991,6.94184,79.86169,4
1991,6.97895,-75.29625,2
1991,6.98848,-73.05084,1
1991,7.00702,-73.9094,3
1991,7.0209,125.09147,1
1991,7.02556,124.315,2
1991,7.02734,-71.42856,1
1991,7.06005,-73.85312,14
1991,7.07786,-74.70355,1
1991,7.08071,-74.70101,2
1991,7.08324,125.601,18
1991,7.08582,-70.75779,1
1991,7.0928,79.99461,1
1991,7.11629,-73.12003,4
1991,7.1312,-73.12497,3
1991,7.19479,124.53475,2
1991,7.19861,-75.34122,3
1991,7.20959,124.24197,6
1991,7.21939,81.84976,1
1991,7.24389,-76.43556,1
1991,7.28018,-72.96774,1
1991,7.30176,81.67473,11
1991,7.30986,-72.48288,1
1991,7.31393,-11.30624,1
1991,7.32234,-73.01493,2
1991,7.32954,80.02275,1
1991,7.34824,-73.89707,1
1991,7.37658,-72.64831,1
1991,7.37714,-73.91456,1
1991,7.39002,-73.50099,3
1991,7.44797,125.81001,1
1991,7.48008,-73.92076,3
1991,7.48751,81.807,1
1991,7.49175,-74.86818,6
1991,7.50336,81.73036,1
1991,7.50506,-11.47793,3
1991,7.528,81.47783,1
1991,7.57709,81.46345,1
1991,7.5794,-75.4001,1
1991,7.5825,81.32861,1
1991,7.59418,-74.81195,1
1991,7.61227,81.70897,2
1991,7.65387,-11.96762,1
1991,7.6676,-76.6803,3
1991,7.68901,81.72947,1
1991,7.71667,81.70019,4
1991,7.73311,81.68882,2
1991,7.7392,-74.71665,1
1991,7.75024,81.21674,1
1991,7.75954,-73.39031,1
1991,7.7853,81.4279,1
1991,7.78748,-75.53575,1
1991,7.79194,81.52083,1
1991,7.83542,81.39321,1
1991,7.86322,-11.19572,1
1991,7.86778,81.51027,1
1991,7.88232,-76.63063,1
1991,7.89014,-75.66967,1
1991,7.8942,-72.50388,2
1991,7.91667,81.13333,1
1991,7.93556,-72.60504,1
1991,7.93952,81.00096,3
1991,7.94628,-72.89881,5
1991,7.94644,81.24785,1
1991,7.95603,-73.94496,1
1991,7.975,-76.00889,1
1991,7.98092,-75.41919,1
1991,7.99221,-76.63719,1
1991,8.00237,124.29178,2
1991,8.00467,124.2913,1
1991,8.04081,-72.86804,1
1991,8.09242,-76.72738,2
1991,8.13691,81.43408,1
1991,8.14083,81.10556,1
1991,8.15781,123.84676,2
1991,8.19127,-12.69809,1
1991,8.23342,-73.35331,1
1991,8.24004,124.24477,2
1991,8.25,81.25,1
1991,8.25749,-76.14641,1
1991,8.3023,-62.71499,3
1991,8.34519,80.38813,3
1991,8.40292,-75.89987,1
1991,8.42188,125.8396,1
1991,8.4618,-10.33805,1
1991,8.51137,-73.4468,1
1991,8.56969,81.1737,1
1991,8.57451,-73.09339,2
1991,8.57783,81.21872,6
1991,8.5922,81.1968,8
1991,8.59946,-73.3722,1
1991,8.60075,-73.58638,1
1991,8.60798,-72.90889,1
1991,8.63781,-72.73464,4
1991,8.69053,-73.66254,1
1991,8.72608,80.675,1
1991,8.73816,80.47715,3
1991,8.75152,79.9505,1
1991,8.75782,80.48791,2
1991,8.7602,-76.52787,1
1991,8.76709,27.39984,1
1991,8.76889,80.30222,1
1991,8.7786,80.48524,1
1991,8.8341,80.76074,2
1991,8.83427,80.05105,1
1991,8.85017,-76.42671,1
1991,8.91458,-79.53189,1
1991,8.91861,126.30111,2
1991,8.91886,80.05962,1
1991,8.93761,-74.03515,1
1991,8.95736,-73.62346,2
1991,8.96404,80.78794,1
1991,8.97715,38.77323,1
1991,8.98012,79.91246,6
1991,8.99427,-79.51879,14
1991,9.00889,80.06417,1
1991,9.05491,-79.45211,1
1991,9.07724,126.19783,1
1991,9.14204,-75.06112,1
1991,9.14513,-75.50938,1
1991,9.26709,80.81425,2
1991,9.30535,-75.3978,2
1991,9.30708,123.30521,1
1991,9.33729,-73.65362,5
1991,9.40101,-75.68177,1
1991,9.43359,80.5712,1
1991,9.51848,80.40606,6
1991,9.56049,-73.33269,2
1991,9.56084,80.19769,1
1991,9.60088,41.85014,3
1991,9.66123,80.02558,2
1991,9.6664,80.02048,1
1991,9.69789,79.86048,1
1991,9.71941,79.85669,1
1991,9.74506,80.10582,1
1991,9.78162,80.04647,1
1991,9.78472,125.48969,1
1991,9.79824,80.08981,1
1991,9.8125,80.13143,1
1991,9.81525,80.03705,3
1991,9.82486,80.23635,1
1991,9.93123,76.2673,1
1991,9.93333,-84.08333,2
1991,10.06351,-69.33472,3
1991,10.08232,-75.13784,1
1991,10.15661,-67.99721,1
1991,10.2,-71.3,1
1991,10.26667,-75.46667,1
1991,10.29533,123.87825,2
1991,10.33087,37.72857,1
1991,10.36139,-69.13944,1
1991,10.3879,-73.1698,2
1991,10.4113,-74.40566,2
1991,10.41371,-75.53355,6
1991,10.47692,-73.25049,1
1991,10.48283,-66.96213,8
1991,10.60485,-72.97948,1
1991,10.63213,-74.92172,2
1991,10.63333,-61.4,1
1991,10.64404,122.97079,1
1991,10.69649,122.56445,1
1991,10.7737,-73.14935,1
1991,10.81528,78.69639,1
1991,10.85887,-74.77304,1
1991,10.89402,-74.09978,1
1991,10.95684,123.30855,1
1991,10.98141,-74.77832,2
1991,11.01079,-74.25162,1
1991,11.03336,-72.64995,1
1991,11.24204,-74.20538,1
1991,11.35477,-72.52048,1
1991,11.58859,43.14534,1
1991,11.84627,125.12675,2
1991,11.84632,-86.44023,1
1991,11.84962,-86.19903,1
1991,11.97433,8.50026,1
1991,11.99141,105.4654,1
1991,12.0129,-85.24166,1
1991,12.01667,-86.26667,1
1991,12.10382,-86.26701,21
1991,12.12669,15.0284,2
1991,12.16349,-84.21894,1
1991,12.16984,6.6743,1
1991,12.29344,-84.41114,1
1991,12.324,7.52048,1
1991,12.3476,-1.53806,2
1991,12.38105,-84.95391,1
1991,12.43257,-86.8812,6
1991,12.43491,98.60773,1
1991,12.48165,-87.17321,1
1991,12.55,-86.81667,1
1991,12.58333,-16.26667,1
1991,12.71092,-87.02386,1
1991,12.82166,-84.20388,1
1991,12.87054,-86.54232,1
1991,12.87998,-85.41202,1
1991,12.90056,-86.38966,1
1991,12.91911,-85.91661,8
1991,12.92981,-85.91703,1
1991,12.93194,-86.19528,1
1991,12.93312,79.9196,1
1991,12.96589,-86.23141,1
1991,12.97019,124.00418,1
1991,13.0,105.0,1
1991,13.08268,80.27072,1
1991,13.09168,-86.00031,3
1991,13.09171,-86.00177,1
1991,13.1,103.2,1
1991,13.1182,-86.22526,1
1991,13.12099,-85.67192,1
1991,13.14699,123.75456,2
1991,13.19643,-85.82687,3
1991,13.19822,-86.08562,1
1991,13.21233,-86.11056,1
1991,13.24111,-87.96,5
1991,13.24951,-85.9007,1
1991,13.25389,-88.24778,1
1991,13.29378,-87.98554,1
1991,13.3049,-86.18626,1
1991,13.31667,-88.58333,1
1991,13.31889,-87.64389,2
1991,13.32786,-86.54622,1
1991,13.33053,-86.1624,1
1991,13.33332,-85.37201,2
1991,13.33796,-88.37459,1
1991,13.34583,-87.94389,1
1991,13.35,-88.35,1
1991,13.37984,-86.48075,1
1991,13.38333,-88.35,3
1991,13.41321,121.17524,1
1991,13.41406,-88.58141,1
1991,13.41444,-88.34363,2
1991,13.4203,-88.57131,3
1991,13.43114,-89.11431,1
1991,13.43204,-88.59224,4
1991,13.43333,-88.65,1
1991,13.4451,-88.24612,3
1991,13.44706,-88.55653,4
1991,13.46583,-89.17944,1
1991,13.48333,-88.46667,3
1991,13.48718,-88.76503,1
1991,13.48833,-89.32222,3
1991,13.49124,-88.17313,11
1991,13.49446,-88.53034,1
1991,13.49536,-88.97968,2
1991,13.49842,-89.52027,1
1991,13.49895,-89.06999,2
1991,13.5,-88.35,3
1991,13.50236,-88.92342,4
1991,13.51387,80.0919,1
1991,13.51667,-88.38333,9
1991,13.51667,2.11667,1
1991,13.53333,-88.38333,2
1991,13.53684,-88.78058,2
1991,13.55707,-88.34943,7
1991,13.55889,-88.43,3
1991,13.56425,-86.02984,3
1991,13.5676,-89.8285,1
1991,13.5862,-88.75077,3
1991,13.58958,80.03337,1
1991,13.59278,-89.8275,1
1991,13.59421,-88.77465,2
1991,13.59525,-88.44892,2
1991,13.59773,-89.41853,1
1991,13.61177,-88.02647,3
1991,13.61667,-88.76667,1
1991,13.61667,-88.56667,1
1991,13.61667,-88.48333,1
1991,13.62319,-88.56112,1
1991,13.62504,123.19829,1
1991,13.62679,-85.8254,1
1991,13.63325,-86.4763,2
1991,13.63333,-88.26667,1
1991,13.63917,-89.37833,1
1991,13.64121,-88.78542,6
1991,13.64861,-89.26528,1
1991,13.66667,-89.26667,2
1991,13.66667,-88.83333,4
1991,13.66667,-88.78333,1
1991,13.67694,-89.27972,4
1991,13.67862,-89.2681,3
1991,13.68161,-89.65932,1
1991,13.68516,-88.78764,1
1991,13.68702,-88.81091,1
1991,13.69288,-89.19916,68
1991,13.69739,-88.00725,2
1991,13.69825,-89.21403,1
1991,13.70196,-89.14777,1
1991,13.70262,-88.72777,1
1991,13.70374,-88.80457,1
1991,13.71013,-87.75911,1
1991,13.71667,-88.93333,1
1991,13.71722,-89.09917,1
1991,13.71889,-89.72417,1
1991,13.71968,-89.84086,1
1991,13.73333,-89.43333,1
1991,13.73333,-88.88333,1
1991,13.73639,-89.47194,1
1991,13.74361,-89.49889,2
1991,13.74917,-89.3156,1
1991,13.75,-88.88333,1
1991,13.76667,-88.26667,1
1991,13.7682,-88.12914,4
1991,13.76918,-88.09326,1
1991,13.77214,-88.07664,2
1991,13.78484,-87.83556,1
1991,13.78579,100.56085,4
1991,13.78646,-89.04541,1
1991,13.79833,-89.17889,7
1991,13.8,-86.53333,1
1991,13.80205,-87.89673,1
1991,13.80569,-88.14579,1
1991,13.80849,-88.40907,1
1991,13.80892,-89.22864,3
1991,13.81278,-87.81917,1
1991,13.81557,-88.9534,1
1991,13.81667,-88.21667,1
1991,13.81833,-87.97139,1
1991,13.81838,-89.05735,1
1991,13.82422,-88.48519,1
1991,13.83333,-88.71667,2
1991,13.835,-89.27444,1
1991,13.83553,-88.98546,1
1991,13.84222,-89.09694,7
1991,13.85,-88.85,6
1991,13.85077,-88.90406,3
1991,13.85133,-88.15621,1
1991,13.8537,-85.59315,1
1991,13.85738,-85.73339,1
1991,13.86483,-88.7494,21
1991,13.8662,-89.05615,2
1991,13.87458,-88.62778,1
1991,13.87694,-89.17356,8
1991,13.88333,-88.96667,10
1991,13.88444,-89.44583,1
1991,13.89833,-89.19694,1
1991,13.90668,-88.15702,2
1991,13.91,-89.06972,1
1991,13.91541,-89.46526,1
1991,13.91667,-88.13333,2
1991,13.92139,-89.845,1
1991,13.92361,-89.18917,1
1991,13.92637,-89.50259,1
1991,13.93373,-89.02584,9
1991,13.93852,-88.90137,13
1991,13.94983,-88.14635,3
1991,13.95,-88.63333,3
1991,13.95722,-89.18972,5
1991,13.9664,122.5383,1
1991,13.97667,-89.7472,2
1991,13.97941,-89.64282,1
1991,13.98148,-89.55572,2
1991,13.98897,-88.98386,1
1991,13.99,-88.758,8
1991,14.0,-88.1,2
1991,14.00799,-88.8444,1
1991,14.02985,-88.61585,2
1991,14.03279,-88.19906,1
1991,14.04111,-88.93857,2
1991,14.05017,-88.8377,8
1991,14.05097,101.37274,1
1991,14.05188,-89.43571,1
1991,14.07074,-88.90545,1
1991,14.07354,-88.78784,1
1991,14.0833,-87.2167,11
1991,14.08729,-89.3662,1
1991,14.08892,-88.95783,1
1991,14.10707,-89.07286,1
1991,14.11728,122.95129,1
1991,14.12458,-89.29317,2
1991,14.12858,-89.00479,1
1991,14.14633,-87.21551,1
1991,14.14732,-89.51969,3
1991,14.15695,-89.01148,4
1991,14.16963,-89.10269,5
1991,14.17687,-88.92043,1
1991,14.17929,-89.04989,2
1991,14.18038,-88.89227,1
1991,14.19166,-89.1706,8
1991,14.19595,-89.15036,2
1991,14.2308,-90.9472,1
1991,14.28333,-91.36667,1
1991,14.29285,-89.89901,1
1991,14.29778,-90.78694,2
1991,14.31651,-89.17139,3
1991,14.32583,-89.50472,1
1991,14.3389,-89.17827,4
1991,14.40198,121.03278,2
1991,14.40475,-90.54706,1
1991,14.41472,77.71972,1
1991,14.48385,121.0145,1
1991,14.49806,-4.19814,1
1991,14.5,-89.65,1
1991,14.53872,-90.52814,1
1991,14.54943,121.03359,1
1991,14.5786,121.1222,1
1991,14.59605,120.97867,23
1991,14.59935,120.98477,1
1991,14.62287,-90.52907,42
1991,14.63073,-90.60764,1
1991,14.67428,121.0575,1
1991,14.67908,120.53955,1
1991,14.68115,-92.10936,1
1991,14.68153,1.9542,1
1991,14.70208,-91.2506,2
1991,14.72091,-91.27346,1
1991,14.72278,-92.03444,1
1991,14.83333,-91.51667,1
1991,14.91244,-91.35987,1
1991,14.91667,0.85,1
1991,14.93096,-91.90992,1
1991,14.97934,-91.40027,1
1991,15.153,120.59194,1
1991,15.22274,120.57289,1
1991,15.31972,-91.47833,1
1991,15.32544,44.2119,2
1991,15.37536,-90.42917,1
1991,15.40833,-91.14722,2
1991,15.45639,45.32487,2
1991,15.47857,78.48309,1
1991,15.4786,120.59974,1
1991,15.49838,-90.98207,1
1991,15.50167,-88.02774,7
1991,15.54481,120.76356,1
1991,15.54789,121.0858,1
1991,15.62023,7.89426,1
1991,15.66682,0.50853,1
1991,15.75936,121.56334,1
1991,15.82399,-89.76022,4
1991,15.86719,-90.04432,1
1991,15.88988,-89.31724,1
1991,15.9129,79.73999,2
1991,15.98745,-90.78419,2
1991,16.01611,98.8625,1
1991,16.03034,120.22992,1
1991,16.13444,-3.74877,1
1991,16.2324,95.51892,1
1991,16.25777,97.7252,2
1991,16.27397,-0.04107,1
1991,16.30435,-61.07284,1
1991,16.3167,121.2965,1
1991,16.41639,120.59306,3
1991,16.41667,-3.66667,2
1991,16.45173,120.5752,1
1991,16.4655,97.53488,1
1991,16.55604,98.23888,1
1991,16.65768,95.25916,1
1991,16.77532,-3.00826,2
1991,16.79904,121.12262,1
1991,16.85,-90.88333,1
1991,16.88357,97.64277,1
1991,16.88778,96.14956,4
1991,16.99624,120.82047,1
1991,17.09201,121.96526,1
1991,17.09357,-96.73615,1
1991,17.0961,-88.83838,2
1991,17.1667,97.2333,1
1991,17.34134,82.01716,1
1991,17.35275,-89.55366,1
1991,17.38504,78.48667,1
1991,17.41262,121.44418,1
1991,17.56491,120.65183,1
1991,17.61184,121.72723,1
1991,17.66749,120.94965,1
1991,17.6698,-0.29973,1
1991,17.79574,121.3228,1
1991,17.81208,81.38304,1
1991,17.90542,6.04542,1
1991,17.97336,79.59996,1
1991,18.02143,-76.79828,1
1991,18.03496,-66.84984,1
1991,18.046,78.263,1
1991,18.15361,81.96139,1
1991,18.19581,120.59227,1
1991,18.20189,79.39671,1
1991,18.22083,-66.59015,1
1991,18.23872,-66.03523,1
1991,18.38693,-66.06113,2
1991,18.41625,-70.10936,3
1991,18.42142,-70.02136,1
1991,18.45448,121.43906,1
1991,18.45679,-69.95116,2
1991,18.47346,-67.15942,1
1991,18.52334,-70.0304,1
1991,18.52772,-72.33284,15
1991,18.56163,121.23189,1
1991,18.58056,82.12,1
1991,18.65,-74.11667,1
1991,18.70218,73.50272,1
1991,18.87107,97.30877,1
1991,18.87177,78.77171,1
1991,19.0625,8.42,1
1991,19.07598,72.87766,4
1991,19.10893,-72.69755,1
1991,19.14972,77.33306,1
1991,19.2,-96.13333,1
1991,19.24033,73.13054,1
1991,19.37189,-99.08662,6
1991,19.58035,-70.98743,1
1991,19.67,78.53,1
1991,20.1175,85.61222,2
1991,20.15402,-103.9144,1
1991,20.82374,92.37079,1
1991,20.95166,85.09852,1
1991,21.07396,80.43769,1
1991,21.1458,79.08816,1
1991,21.36676,95.46666,1
1991,21.39666,80.66056,1
1991,21.54316,39.17491,1
1991,21.74417,82.57861,1
1991,21.97351,96.08208,1
1991,22.05744,78.93817,1
1991,22.25384,73.09808,1
1991,22.29755,114.17195,1
1991,22.3419,91.81512,5
1991,22.50846,91.80746,1
1991,22.55173,88.35234,1
1991,22.61331,88.09466,1
1991,22.65735,92.17327,3
1991,22.71634,88.47797,1
1991,22.90573,88.33817,1
1991,22.93859,92.18433,1
1991,23.11092,91.98242,1
1991,23.13269,93.061,1
1991,23.16454,92.93757,1
1991,23.17109,-82.12776,1
1991,23.24142,92.06364,1
1991,23.33208,86.36521,1
1991,23.40888,81.21884,1
1991,23.47428,95.11083,1
1991,23.47458,89.1711,1
1991,23.619,90.49803,2
1991,23.79128,90.4182,16
1991,23.83098,91.28637,1
1991,23.86033,91.47973,1
1991,23.99729,91.9906,1
1991,23.9992,90.79132,1
1991,24.00658,89.24413,2
1991,24.68786,78.41202,1
1991,24.7492,90.40262,1
1991,24.80472,120.97139,1
1991,24.89112,67.14331,37
1991,24.89813,91.87119,1
1991,24.94173,94.21312,1
1991,24.95,74.13,1
1991,24.97145,84.97314,1
1991,25.09108,121.55983,1
1991,25.09607,85.31312,3
1991,25.16677,67.80192,1
1991,25.17211,-107.47952,1
1991,25.3,96.93333,1
1991,25.31764,82.97391,2
1991,25.38929,68.35734,10
1991,25.47283,82.57053,1
1991,25.52303,69.01259,2
1991,25.6077,85.4848,1
1991,25.66851,83.6303,1
1991,25.697,82.80616,1
1991,25.75035,89.2559,1
1991,25.77459,-80.2142,3
1991,26.05088,32.78763,1
1991,26.0737,83.18595,1
1991,26.14979,91.76393,4
1991,26.15839,84.00979,1
1991,26.17212,68.83592,1
1991,26.17735,90.62469,1
1991,26.18785,68.61744,10
1991,26.2006,92.93757,12
1991,26.24196,68.39929,2
1991,26.32901,91.00543,1
1991,26.42148,67.86095,2
1991,26.43661,92.02808,1
1991,26.75602,94.20945,2
1991,26.8,82.2,1
1991,26.83565,92.86519,1
1991,26.84669,80.94617,1
1991,26.84671,80.94616,4
1991,26.94945,68.19935,1
1991,27.00054,49.6708,1
1991,27.1,31.28333,1
1991,27.1769,68.29353,1
1991,27.18112,31.17943,1
1991,27.22056,77.95051,1
1991,27.28636,68.50688,1
1991,27.28668,95.67041,1
1991,27.33696,53.17931,1
1991,27.35721,95.32225,1
1991,27.5289,68.75982,1
1991,27.55779,30.81189,1
1991,27.56008,68.21571,1
1991,27.66305,68.3773,1
1991,27.7066,68.8482,1
1991,27.70875,85.3295,1
1991,27.90639,81.04722,1
1991,27.90646,80.79625,1
1991,27.9344,-82.47392,1
1991,28.02342,69.55004,1
1991,28.0366,81.36677,1
1991,28.24517,69.1837,1
1991,28.42112,70.29876,1
1991,28.58584,77.15334,12
1991,28.62079,79.81286,2
1991,28.69007,77.21398,4
1991,28.71197,77.65446,1
1991,28.89374,64.40585,2
1991,28.94617,63.1498,1
1991,28.97838,79.39972,1
1991,28.98446,77.70641,1
1991,29.03441,69.15866,1
1991,29.07321,31.09886,2
1991,29.3477,47.94912,5
1991,29.39095,76.9635,1
1991,29.53359,75.0177,1
1991,29.71631,75.90568,1
1991,29.94569,78.16425,1
1991,30.07012,71.18874,1
1991,30.08463,31.33431,1
1991,30.15543,76.19576,1
1991,30.19446,75.68151,1
1991,30.19784,71.46763,3
1991,30.20082,66.99435,4
1991,30.21099,74.94547,5
1991,30.2458,75.84207,14
1991,30.30175,75.37037,1
1991,30.34,76.38,3
1991,30.37367,76.14519,1
1991,30.38194,75.5468,1
1991,30.55934,76.69919,1
1991,30.5758,75.12754,1
1991,30.59131,74.81153,1
1991,30.67239,74.75505,8
1991,30.6864,-88.05324,1
1991,30.73332,76.77942,8
1991,30.762,75.8228,1
1991,30.7775,75.36222,2
1991,30.79793,75.53786,1
1991,30.80226,76.07618,1
1991,30.805,76.40833,1
1991,30.81646,75.17171,2
1991,30.83348,71.90429,1
1991,30.86077,75.74475,1
1991,30.89802,75.86008,25
1991,30.90096,75.85728,1
1991,30.91092,67.48338,1
1991,30.91556,76.2,1
1991,30.92417,75.42722,1
1991,30.95442,74.61208,4
1991,30.96422,70.9406,1
1991,30.96606,76.52316,1
1991,30.96853,74.98809,1
1991,31.02054,76.58177,1
1991,31.09061,72.35952,2
1991,31.10278,74.89889,1
1991,31.11684,-97.72711,1
1991,31.12402,75.77785,1
1991,31.14713,75.34122,7
1991,31.19211,34.44947,1
1991,31.24848,34.78785,1
1991,31.27685,72.32133,5
1991,31.27879,34.25644,13
1991,31.29289,75.62506,1
1991,31.32602,75.57618,5
1991,31.34224,34.3252,1
1991,31.34696,34.30143,8
1991,31.37336,75.81984,1
1991,31.41725,34.3509,1
1991,31.41754,31.81444,1
1991,31.43289,35.1822,1
1991,31.44894,74.92526,5
1991,31.45166,34.39413,1
1991,31.50241,34.45974,7
1991,31.50336,74.80977,1
1991,31.50547,74.34288,10
1991,31.51655,75.28897,1
1991,31.53024,35.09416,2
1991,31.53402,75.25306,1
1991,31.55101,75.17351,1
1991,31.55227,35.01762,1
1991,31.56036,75.02899,1
1991,31.60819,75.86356,2
1991,31.61088,75.47088,1
1991,31.63108,65.74223,1
1991,31.63308,74.87829,19
1991,31.63398,74.87226,3
1991,31.67248,75.28145,1
1991,31.70434,35.19436,3
1991,31.71309,73.98403,2
1991,31.71706,74.63272,1
1991,31.72941,35.15848,1
1991,31.7574,74.95303,1
1991,31.7716,35.2034,27
1991,31.78374,35.1608,1
1991,31.78484,35.22461,1
1991,31.8186,75.2028,2
1991,31.82286,76.2117,1
1991,31.90714,35.19822,12
1991,31.91725,35.21859,3
1991,31.92768,34.79767,1
1991,31.95,35.93333,10
1991,31.95629,75.61684,1
1991,31.97054,34.79172,1
1991,31.99596,35.27111,1
1991,32.04076,75.40189,2
1991,32.08297,34.81189,4
1991,32.11236,35.49255,1
1991,32.12754,74.70505,1
1991,32.14971,34.88409,1
1991,32.15649,74.18766,1
1991,32.19969,35.43735,1
1991,32.22227,35.25351,11
1991,32.23401,35.33392,1
1991,32.28434,34.91123,1
1991,32.28538,34.98169,1
1991,32.31197,35.0266,2
1991,32.32274,34.85392,1
1991,32.33223,35.1103,1
1991,32.34777,35.53074,1
1991,32.38611,35.28778,1
1991,32.38668,35.38285,1
1991,32.40529,35.20173,1
1991,32.4095,35.28063,3
1991,32.41022,35.28172,4
1991,32.43556,64.42611,1
1991,32.43862,74.11699,1
1991,32.46062,35.30125,9
1991,32.49354,74.53034,1
1991,32.49609,35.49835,1
1991,32.54375,35.22399,1
1991,32.57232,74.07662,2
1991,32.58916,35.55458,1
1991,32.69448,35.05587,1
1991,32.7027,73.9582,1
1991,32.71569,-117.16172,1
1991,32.7266,74.85703,8
1991,32.75029,129.87767,2
1991,32.7613,34.97464,1
1991,32.85219,35.33913,1
1991,33.08462,35.4234,1
1991,33.11472,35.33389,1
1991,33.11725,35.42888,1
1991,33.11829,35.13987,1
1991,33.12699,35.21907,1
1991,33.13927,35.40059,1
1991,33.14299,35.36249,1
1991,33.145,35.36444,1
1991,33.15372,35.3289,1
1991,33.15892,35.42112,1
1991,33.17611,35.44333,1
1991,33.24626,35.5001,2
1991,33.26615,35.21406,1
1991,33.26851,35.73065,1
1991,33.27333,35.4636,1
1991,33.27357,35.46366,2
1991,33.27409,35.2785,1
1991,33.29197,35.50284,1
1991,33.30218,35.47066,1
1991,33.30357,44.37177,2
1991,33.36375,6.86058,1
1991,33.36752,35.43745,1
1991,33.37701,35.48371,1
1991,33.39849,35.64392,1
1991,33.41544,35.86373,1
1991,33.41944,35.68556,1
1991,33.46385,35.57652,3
1991,33.47454,35.35925,3
1991,33.4925,35.58722,2
1991,33.51667,6.95,1
1991,33.54135,35.58622,1
1991,33.55043,35.37096,10
1991,33.56143,35.41069,1
1991,33.57888,35.53856,1
1991,33.59401,73.06908,3
1991,33.62076,35.48608,1
1991,33.64542,75.01968,1
1991,33.67164,73.05607,3
1991,33.7062,69.38311,2
1991,33.71098,35.91469,1
1991,33.72129,74.83106,1
1991,33.73334,75.14898,1
1991,33.767,74.0924,1
1991,33.77282,35.8979,1
1991,33.77817,76.57617,6
1991,33.81515,35.85326,1
1991,33.87403,74.9015,2
1991,33.88852,35.50351,33
1991,33.898,70.10754,1
1991,33.91701,35.58873,1
1991,33.97082,35.63261,1
1991,33.99768,72.12736,1
1991,34.0,78.0,1
1991,34.006,71.53743,11
1991,34.01023,74.91726,2
1991,34.0114,71.7981,1
1991,34.01192,35.65722,1
1991,34.02124,74.72228,1
1991,34.03492,36.22784,1
1991,34.08374,74.7899,24
1991,34.11033,71.1638,1
1991,34.12983,74.83755,1
1991,34.2056,74.35387,1
1991,34.20768,74.41831,1
1991,34.2165,74.77194,1
1991,34.28889,74.46371,3
1991,34.34672,62.19732,1
1991,34.35946,73.46888,1
1991,34.37834,72.25463,1
1991,34.3965,72.61583,1
1991,34.41668,71.92459,1
1991,34.41712,70.44959,4
1991,34.43809,35.83084,2
1991,34.5169,69.14701,15
1991,34.52618,74.25461,3
1991,34.68032,-1.90779,3
1991,34.69374,135.50216,1
1991,34.70733,33.0234,4
1991,34.76723,72.37678,1
1991,34.85046,5.73544,1
1991,34.8569,71.42994,1
1991,34.88278,-1.31667,1
1991,34.91786,33.633,4
1991,35.07801,-78.96365,1
1991,35.13298,33.93462,1
1991,35.15954,126.8526,3
1991,35.16676,33.36762,2
1991,35.28134,139.6722,3
1991,35.3292,25.13867,1
1991,35.44308,139.36249,1
1991,35.53091,139.70305,1
1991,35.66897,139.47766,1
1991,35.68912,139.74774,9
1991,35.72453,51.40519,7
1991,35.77216,140.32178,1
1991,35.91809,74.2898,1
1991,36.00539,0.18674,1
1991,36.06899,-79.7947,2
1991,36.28376,7.95538,1
1991,36.35,6.6,2
1991,36.46,2.43,1
1991,36.48045,2.83388,2
1991,36.50994,-4.88635,1
1991,36.56222,3.59444,2
1991,36.62179,-4.50027,1
1991,36.63523,2.94708,1
1991,36.71965,-4.42002,1
1991,36.72796,3.08793,3
1991,36.73048,-119.72453,1
1991,36.73333,68.86667,1
1991,36.74068,-119.78573,1
1991,36.76376,3.05541,12
1991,36.80278,10.17972,2
1991,36.99154,35.33105,15
1991,37.06763,37.37315,1
1991,37.07784,36.07285,1
1991,37.08018,41.2202,2
1991,37.1032,37.44127,1
1991,37.1075,43.36111,1
1991,37.16498,41.38843,1
1991,37.19288,40.58114,2
1991,37.20898,-93.29156,1
1991,37.25317,43.61223,1
1991,37.2626,35.38511,1
1991,37.30222,42.49444,1
1991,37.3129,40.73395,1
1991,37.33083,42.1846,1
1991,37.34528,40.61948,1
1991,37.38264,-5.9963,3
1991,37.41567,41.3715,5
1991,37.45626,126.70521,1
1991,37.46316,42.70971,1
1991,37.47689,40.48704,1
1991,37.52265,42.45264,2
1991,37.56654,126.97797,2
1991,37.60697,42.74804,1
1991,37.6309,42.17726,1
1991,37.67131,-1.69879,1
1991,37.71462,41.41841,1
1991,37.74963,42.17991,1
1991,37.75045,42.17989,1
1991,37.75536,-122.44335,1
1991,37.76454,38.27676,1
1991,37.79749,-1.00916,1
1991,37.87104,42.14945,2
1991,37.89099,24.00234,1
1991,37.92222,40.18438,5
1991,37.92608,41.70203,2
1991,37.92917,41.94111,1
1991,37.93219,-4.67297,1
1991,37.93662,42.54749,3
1991,37.93859,22.93202,1
1991,37.96608,23.57224,1
1991,37.97747,-0.68323,1
1991,37.99749,23.76273,47
1991,38.05983,37.18827,1
1991,38.06295,42.02803,1
1991,38.10946,40.56705,1
1991,38.1415,41.01149,2
1991,38.1923,-0.55521,1
1991,38.23437,42.42811,1
1991,38.25234,40.78157,1
1991,38.25343,37.39023,1
1991,38.25447,21.73707,1
1991,38.26702,39.76532,1
1991,38.29049,42.11741,1
1991,38.39565,27.13564,21
1991,38.4004,42.1092,2
1991,38.40865,41.92248,1
1991,38.41235,-0.44324,1
1991,38.4909,42.29486,1
1991,38.49975,41.01119,2
1991,38.65466,22.99489,1
1991,38.68603,-4.11215,1
1991,38.72202,36.39132,1
1991,38.75501,42.48701,1
1991,38.88845,40.50114,1
1991,38.90222,46.23833,1
1991,38.90806,46.02778,1
1991,38.94354,41.7485,1
1991,38.95561,41.06359,2
1991,38.97141,41.05465,1
1991,38.98417,43.58089,1
1991,39.03468,40.60274,1
1991,39.068,40.77764,1
1991,39.14547,43.91353,1
1991,39.29028,41.00583,1
1991,39.30736,39.43878,1
1991,39.47024,-0.3768,3
1991,39.5695,2.64996,2
1991,39.74492,39.74492,1
1991,39.811,46.75115,1
1991,39.8298,46.75985,1
1991,39.85678,-4.02448,1
1991,39.87772,46.65815,1
1991,39.90556,116.39583,1
1991,39.92004,44.04351,1
1991,39.93077,32.76754,23
1991,39.96196,-83.00298,3
1991,40.13999,43.11836,1
1991,40.165,46.51389,3
1991,40.18863,29.06085,3
1991,40.35329,18.17402,1
1991,40.41724,49.90346,1
1991,40.4656,-3.69626,13
1991,40.55452,-74.27852,1
1991,40.62066,22.952,4
1991,40.76694,29.91694,1
1991,40.83454,8.41,1
1991,41.10618,28.68986,138
1991,41.11889,45.45389,1
1991,41.15861,-95.93417,1
1991,41.33731,1.99578,1
1991,41.40064,2.15091,3
1991,41.59137,9.27831,13
1991,41.62182,8.97472,1
1991,41.65628,-0.87653,2
1991,41.70998,44.793,3
1991,41.76054,-88.32023,1
1991,41.77036,-1.12195,1
1991,41.7726,8.77176,1
1991,41.83711,9.37265,1
1991,41.88333,8.78333,2
1991,41.89096,12.49007,12
1991,41.91889,8.73755,2
1991,41.91959,8.73769,1
1991,41.93029,2.25435,1
1991,41.93061,8.74291,18
1991,41.9818,2.8237,2
1991,42.01246,-4.53118,1
1991,42.11383,8.70155,31
1991,42.22416,43.9632,1
1991,42.26667,23.11667,1
1991,42.29172,-2.52366,1
1991,42.30941,9.14902,3
1991,42.35722,20.07306,1
1991,42.43362,-8.64805,3
1991,42.44586,9.36544,1
1991,42.46185,-2.42839,1
1991,42.47612,9.4555,1
1991,42.5,27.46667,1
1991,42.54792,-2.9132,1
1991,42.56765,8.75722,1
1991,42.5709,-2.19322,1
1991,42.60035,8.82912,1
1991,42.63024,47.05471,1
1991,42.63524,-3.11059,1
1991,42.63651,8.93705,2
1991,42.69649,23.32601,1
1991,42.7,9.44732,8
1991,42.74917,20.82028,1
1991,42.81537,-1.65362,1
1991,42.84964,-2.69236,1
1991,42.95845,9.45036,1
1991,43.1107,12.38917,1
1991,43.1782,-2.31164,1
1991,43.22218,-2.88567,1
1991,43.22408,-2.71894,1
1991,43.23056,-2.84583,1
1991,43.25843,-2.92182,7
1991,43.28489,-3.0539,1
1991,43.29162,-1.9779,9
1991,43.2951,-0.3708,4
1991,43.29648,5.36978,5
1991,43.29722,-2.99167,3
1991,43.31137,-3.05595,1
1991,43.32524,-3.01148,1
1991,43.3331,-3.11323,1
1991,43.33823,-1.78927,3
1991,43.35441,-2.84671,3
1991,43.36111,-1.39938,3
1991,43.36253,-1.7915,1
1991,43.38754,-1.67543,1
1991,43.38805,-1.66306,1
1991,43.41667,-2.93333,2
1991,43.45266,-1.02069,1
1991,43.47056,-0.92485,1
1991,43.4814,-1.5147,4
1991,43.48315,-1.55863,2
1991,43.49295,-1.47484,7
1991,43.5129,16.4425,2
1991,43.52111,16.55917,1
1991,43.53187,46.37225,1
1991,43.54981,16.3831,1
1991,43.55188,10.30801,1
1991,43.69604,7.26559,1
1991,43.74417,20.45056,1
1991,43.76873,11.2569,2
1991,43.85,18.38333,1
1991,44.01687,15.51806,1
1991,44.04112,16.19656,1
1991,44.06092,12.5663,1
1991,44.22868,15.57942,1
1991,44.40706,8.93399,1
1991,44.43333,26.1,1
1991,44.49419,11.34652,1
1991,44.50861,19.91083,1
1991,44.54589,15.37541,1
1991,44.56378,-123.27944,1
1991,44.66757,9.52932,1
1991,44.74377,15.70679,1
1991,45.07273,7.67954,1
1991,45.26631,17.28974,1
1991,45.29275,19.14147,1
1991,45.33832,16.09098,4
1991,45.34038,-123.18787,1
1991,45.34333,18.99972,1
1991,45.35617,16.05168,1
1991,45.39842,16.28849,1
1991,45.40954,11.87655,1
1991,45.41428,17.16119,1
1991,45.42407,1.56346,1
1991,45.43794,17.19322,1
1991,45.44043,16.27832,1
1991,45.44046,16.2783,1
1991,45.46921,9.17451,7
1991,45.47602,16.368,2
1991,45.49167,15.55,1
1991,45.5516,18.68077,2
1991,45.55496,18.69551,2
1991,45.76404,4.83566,1
1991,45.81281,15.97828,3
1991,46.94792,7.44461,1
1991,46.96201,14.79502,1
1991,47.26637,29.15687,1
1991,47.36865,8.53918,1
1991,47.46995,11.98564,1
1991,47.49841,19.04076,2
1991,47.81094,-122.37707,1
1991,47.96884,-123.86309,1
1991,48.06787,-123.91639,1
1991,48.20817,16.37382,1
1991,48.7836,2.45418,1
1991,48.8014,2.13011,1
1991,48.85664,2.34233,9
1991,49.00808,8.40376,1
1991,49.30072,10.57144,1
1991,49.32778,6.77083,1
1991,49.39508,8.53467,1
1991,49.45052,11.08048,1
1991,49.75374,6.64625,1
1991,49.87242,8.65086,2
1991,49.9935,36.23038,1
1991,50.08428,8.23872,1
1991,50.11797,8.64419,5
1991,50.20943,15.83263,1
1991,50.4501,30.5234,1
1991,50.63256,5.57967,1
1991,50.73267,7.0963,3
1991,50.76376,6.9847,1
1991,50.83643,4.36742,4
1991,50.91254,13.33722,2
1991,50.94066,6.95991,1
1991,50.94376,-2.62975,1
1991,50.9579,13.9374,1
1991,51.05099,13.73363,2
1991,51.12544,12.21155,1
1991,51.21392,6.78069,1
1991,51.30519,10.06868,1
1991,51.33967,12.37136,3
1991,51.43502,-0.50878,1
1991,51.50439,-0.14004,26
1991,51.5326,9.92844,1
1991,51.92422,4.48178,1
1991,51.92751,-8.3916,1
1991,52.02306,8.53307,2
1991,52.06986,4.29111,3
1991,52.1448,14.66958,1
1991,52.20729,9.55568,1
1991,52.26008,6.16484,1
1991,52.28333,104.3,1
1991,52.29892,13.62781,1
1991,52.37022,4.89517,2
1991,52.37207,9.73569,2
1991,52.39685,13.05848,1
1991,52.40842,12.56249,1
1991,52.50153,13.40185,10
1991,52.58333,4.85,1
1991,52.83391,8.15489,1
1991,53.05446,14.28522,1
1991,53.07498,8.80708,1
1991,53.36168,-6.24548,8
1991,53.43025,10.37409,1
1991,53.48071,-2.23438,10
1991,53.50516,13.99018,1
1991,53.53188,-2.42272,1
1991,53.55381,9.99159,2
1991,53.75773,-2.70344,2
1991,53.81416,-3.05351,7
1991,53.82991,-6.39485,2
1991,53.95237,-6.53901,1
1991,54.08327,12.10033,2
1991,54.0972,13.38799,3
1991,54.09779,13.44243,1
1991,54.10153,-6.52644,1
1991,54.1314,-6.58639,2
1991,54.18305,-6.34139,4
1991,54.19293,-6.57605,2
1991,54.2248,-6.33532,1
1991,54.23863,-7.17091,1
1991,54.23932,-6.5023,1
1991,54.24853,-6.96916,1
1991,54.2706,-8.47153,1
1991,54.29812,-6.52129,1
1991,54.31781,-7.53655,1
1991,54.32863,-5.71667,2
1991,54.34542,-7.63636,1
1991,54.34754,-6.65611,5
1991,54.35104,-6.26702,2
1991,54.3879,9.2136,1
1991,54.41996,-6.26032,1
1991,54.42071,-6.44377,1
1991,54.44661,-6.69075,1
1991,54.44697,-6.39292,3
1991,54.45945,-5.83764,1
1991,54.46337,-6.3286,1
1991,54.46677,-8.45008,1
1991,54.48206,-8.08824,1
1991,54.50853,-6.76313,1
1991,54.51569,-6.05572,1
1991,54.53373,-5.98591,1
1991,54.53889,25.65,1
1991,54.54296,-6.92629,2
1991,54.59456,-6.93139,2
1991,54.6003,-7.2984,2
1991,54.60771,-5.95621,148
1991,54.60949,25.72242,1
1991,54.64586,-6.74515,1
1991,54.64786,-6.61872,2
1991,54.6718,-5.95718,1
1991,54.67325,-7.62748,1
1991,54.68939,25.28002,1
1991,54.70672,-7.59287,1
1991,54.71176,25.64396,1
1991,54.71338,-6.21676,1
1991,54.717,-7.37974,1
1991,54.7554,-6.60603,1
1991,54.78772,-6.49231,3
1991,54.78808,-7.47303,1
1991,54.80821,-6.51897,1
1991,54.90743,-6.66753,1
1991,54.95108,-6.559,1
1991,55.01156,-7.31204,7
1991,55.13283,-7.45274,1
1991,55.20143,-6.25204,1
1991,55.60333,13.0013,1
1991,55.67608,12.56832,1
1991,55.75138,37.57991,2
1991,56.20486,24.76018,1
1991,56.22872,24.41456,2
1991,56.83333,60.6,1
1991,56.9462,24.10429,6
1991,57.69699,11.9865,2
1991,57.86394,24.36009,1
1991,57.87766,24.36306,1
1991,59.33279,18.06449,3
1991,59.44269,24.7532,3
1991,59.91387,10.75224,2
1992,-40.57472,-73.13192,1
1992,-39.82008,-73.2454,1
1992,-38.73413,-72.58465,4
1992,-38.71308,-62.26863,4
1992,-37.99757,-57.54823,2
1992,-37.81319,144.96298,1
1992,-36.81601,-73.03766,2
1992,-36.73339,-72.98319,1
1992,-35.43058,-71.65762,2
1992,-35.30824,149.12422,1
1992,-35.11619,-71.28319,1
1992,-34.90004,-54.94978,1
1992,-34.89115,-56.18721,8
1992,-34.86309,-55.27289,1
1992,-34.68631,-58.52847,1
1992,-34.61768,-58.44444,24
1992,-34.36673,-55.2329,1
1992,-34.04008,18.6778,2
1992,-33.94185,18.41964,3
1992,-33.9328,25.42078,1
1992,-33.4658,-71.09596,1
1992,-33.36624,-70.5053,88
1992,-33.05012,-71.61225,4
1992,-33.02552,-60.63376,1
1992,-33.01069,-71.52779,1
1992,-32.95105,-60.66636,1
1992,-32.94926,27.73496,1
1992,-32.8828,27.39968,2
1992,-32.85097,27.43895,2
1992,-32.84906,27.43824,1
1992,-32.84255,27.44283,1
1992,-31.89658,26.88319,2
1992,-31.41324,23.94748,2
1992,-31.3993,-64.18213,4
1992,-30.76167,30.42259,1
1992,-30.75042,30.45005,1
1992,-30.74981,30.45005,2
1992,-30.71104,27.21866,1
1992,-30.57148,30.57305,1
1992,-30.20137,30.79447,2
1992,-30.15722,30.06472,1
1992,-30.13961,30.83576,1
1992,-30.08301,30.80553,1
1992,-30.05038,30.88127,2
1992,-30.03411,-51.21784,4
1992,-30.03214,30.88759,1
1992,-29.99483,30.82482,3
1992,-29.9849,30.70334,4
1992,-29.96582,30.88298,5
1992,-29.9533,-71.3436,2
1992,-29.93407,30.14663,1
1992,-29.9069,-71.25103,2
1992,-29.86182,31.00829,2
1992,-29.85591,30.77533,1
1992,-29.81536,30.84984,1
1992,-29.77925,30.79055,1
1992,-29.76764,30.9131,1
1992,-29.75086,30.98335,4
1992,-29.68401,30.93243,1
1992,-29.66334,30.28345,1
1992,-29.65888,30.85503,5
1992,-29.64872,30.29427,1
1992,-29.64193,30.34736,1
1992,-29.60144,30.3767,14
1992,-29.33494,31.28875,1
1992,-29.1159,26.21981,1
1992,-29.02484,29.77485,5
1992,-28.87096,27.87724,1
1992,-28.86782,31.91637,2
1992,-28.84972,30.07305,1
1992,-28.77582,31.85326,1
1992,-28.75225,31.89317,3
1992,-28.74425,31.84052,1
1992,-28.73901,30.46179,1
1992,-28.40024,26.71002,1
1992,-27.75095,30.07112,1
1992,-27.47093,153.0235,1
1992,-27.41408,-70.27598,1
1992,-26.6996,27.83408,1
1992,-26.68705,27.87096,3
1992,-26.66556,27.84917,2
1992,-26.57429,27.84076,11
1992,-26.54938,28.33217,1
1992,-26.52612,27.84631,1
1992,-26.37148,28.40881,2
1992,-26.36318,28.15222,10
1992,-26.35577,28.20804,4
1992,-26.35316,28.13273,3
1992,-26.32875,31.1439,1
1992,-26.30346,27.91005,2
1992,-26.28681,28.40086,2
1992,-26.28061,27.7037,1
1992,-26.26734,28.1215,1
1992,-26.2527,27.87028,35
1992,-26.25069,28.44194,2
1992,-26.24443,28.19624,2
1992,-26.21434,28.16787,2
1992,-26.20931,28.26195,1
1992,-26.19981,27.87631,6
1992,-26.18915,28.31707,1
1992,-26.18411,28.03323,38
1992,-26.16972,28.34554,2
1992,-26.16077,27.78543,1
1992,-26.14115,28.4275,2
1992,-26.10353,28.09763,20
1992,-26.09584,27.75859,1
1992,-26.00412,28.21116,3
1992,-26.00384,32.55738,1
1992,-25.9477,32.60245,1
1992,-25.90827,32.48986,1
1992,-25.89197,32.60513,4
1992,-25.86273,28.19252,1
1992,-25.74828,28.21207,2
1992,-25.71265,28.12723,1
1992,-25.66922,28.52068,1
1992,-25.59938,32.23704,1
1992,-25.51671,-54.61686,1
1992,-25.47419,30.96946,2
1992,-25.38868,-49.23347,1
1992,-25.28277,-57.63561,3
1992,-25.05176,33.6509,1
1992,-24.98857,33.5414,1
1992,-24.70116,28.40536,1
1992,-24.69671,33.54487,1
1992,-23.67422,-46.5436,1
1992,-23.65019,-70.40002,1
1992,-23.55071,-46.63348,7
1992,-23.27609,-63.28296,1
1992,-22.92251,-43.2032,1
1992,-22.90828,-43.19703,6
1992,-22.51132,-43.17791,1
1992,-22.2758,166.458,2
1992,-21.55445,-67.51465,1
1992,-21.2861,-64.83058,1
1992,-20.2168,-70.14136,1
1992,-20.121,28.62729,1
1992,-19.65167,-63.67592,2
1992,-19.57217,-65.75499,3
1992,-19.04794,-65.25954,5
1992,-18.92232,47.51724,4
1992,-18.91356,47.52539,1
1992,-18.48766,34.48764,1
1992,-17.96671,-67.11662,1
1992,-17.78322,-63.18204,1
1992,-17.77788,-69.95951,1
1992,-17.71725,37.19152,2
1992,-17.5,177.84983,1
1992,-17.38788,-66.25196,2
1992,-17.38279,-66.16644,5
1992,-16.91667,-67.6,1
1992,-16.50932,-68.10434,8
1992,-16.43544,-71.51712,2
1992,-15.78666,35.00519,2
1992,-15.60932,-72.08963,2
1992,-15.53305,-69.25246,1
1992,-15.4705,39.61698,1
1992,-15.22076,-72.31742,1
1992,-15.01699,-73.78042,2
1992,-14.99322,-38.99842,2
1992,-14.91922,13.48991,3
1992,-14.84521,-74.94408,1
1992,-14.77057,-70.90266,1
1992,-14.69409,-74.12421,1
1992,-14.66534,-70.70255,1
1992,-14.54279,40.67278,1
1992,-14.4955,14.12041,1
1992,-14.31884,-74.37817,12
1992,-14.16278,-73.3125,1
1992,-14.04815,-66.10192,1
1992,-13.98315,33.78132,1
1992,-13.92,-74.33389,1
1992,-13.81811,15.79364,1
1992,-13.73158,-76.2231,1
1992,-13.72909,-74.27204,1
1992,-13.72632,-74.12426,1
1992,-13.69861,-74.11584,1
1992,-13.64544,39.78973,1
1992,-13.62928,-74.12819,1
1992,-13.57582,13.9413,1
1992,-13.53169,-71.96692,4
1992,-13.50882,-72.52796,2
1992,-13.38333,-73.13333,9
1992,-13.31704,-71.59618,1
1992,-13.28313,-75.31924,1
1992,-13.27719,-72.21787,1
1992,-13.21879,-75.10414,1
1992,-13.15271,-74.21863,9
1992,-13.07234,-74.64241,1
1992,-12.8425,-74.47194,2
1992,-12.84136,-74.57419,1
1992,-12.79028,-73.64139,1
1992,-12.76554,15.73286,5
1992,-12.72804,-73.947,1
1992,-12.46282,130.84177,1
1992,-12.38126,16.93367,2
1992,-12.31224,49.2949,2
1992,-12.12242,-76.01331,1
1992,-12.10768,-75.20998,1
1992,-12.06831,-75.21016,4
1992,-12.05093,-77.12604,7
1992,-12.05089,-77.12607,7
1992,-12.01621,-76.89966,1
1992,-11.96737,-76.97846,222
1992,-11.91848,-75.31289,1
1992,-11.86103,-77.07915,1
1992,-11.79259,19.9066,2
1992,-11.79004,19.90544,1
1992,-11.75922,-76.30024,1
1992,-11.71722,43.24732,1
1992,-11.49553,-77.20719,2
1992,-11.35721,15.11915,1
1992,-11.3252,-74.53046,1
1992,-11.26483,-75.64915,1
1992,-11.2631,-75.60044,2
1992,-11.25424,-74.63689,1
1992,-11.24954,-75.86273,2
1992,-11.16107,-75.99309,2
1992,-11.12286,-77.61039,1
1992,-11.12272,-77.61057,3
1992,-11.08993,-77.59827,1
1992,-11.06974,-77.59906,1
1992,-11.05603,-75.32824,2
1992,-10.9675,-75.87944,1
1992,-10.95413,-75.22894,1
1992,-10.93993,-75.19712,1
1992,-10.92587,-74.8731,1
1992,-10.86675,-75.27382,1
1992,-10.79257,-76.90911,1
1992,-10.644,-75.86947,1
1992,-10.63576,-75.94962,1
1992,-10.5745,-75.4059,1
1992,-10.34291,-76.29196,1
1992,-9.87517,-77.70821,1
1992,-9.59002,-76.50257,1
1992,-9.5464,16.33805,2
1992,-9.52992,-77.5288,4
1992,-9.48155,147.19024,1
1992,-9.40947,-75.97172,1
1992,-9.40049,-77.57725,1
1992,-9.34838,-77.1708,1
1992,-9.32505,-77.56194,4
1992,-9.05621,-78.57861,2
1992,-9.05583,-76.04361,1
1992,-8.83884,13.23558,12
1992,-8.83806,125.59722,1
1992,-8.74875,-76.22388,1
1992,-8.48851,140.99351,1
1992,-8.46643,126.4497,1
1992,-8.41864,20.73555,1
1992,-8.18885,-76.51084,1
1992,-8.13213,-78.05594,1
1992,-8.11182,-79.02866,1
1992,-7.79469,-76.1964,1
1992,-7.66517,-76.78736,1
1992,-7.53833,-77.56528,1
1992,-7.36443,20.81801,1
1992,-6.22834,155.56522,1
1992,-6.22048,155.63763,1
1992,-6.15837,155.38221,3
1992,-6.06254,-77.16793,1
1992,-5.96491,-77.94674,1
1992,-5.87839,144.7057,1
1992,-5.8225,-79.51222,1
1992,-5.70763,-78.80984,2
1992,-5.59793,145.4603,1
1992,-5.56032,12.1904,4
1992,-5.46342,143.14537,2
1992,-5.31667,-80.71667,1
1992,-5.23899,-79.4507,1
1992,-5.23333,12.13333,1
1992,-5.22326,12.14415,1
1992,-4.38917,15.33762,4
1992,-4.04118,39.67761,4
1992,-3.41684,-65.85606,1
1992,-3.37583,29.36411,1
1992,-2.90008,-79.0059,1
1992,-2.8889,29.12002,1
1992,-2.60774,29.73619,1
1992,-2.41981,-72.84865,1
1992,-2.26951,40.90099,1
1992,-2.26833,40.11083,1
1992,-2.23256,29.78043,2
1992,-2.20083,30.14448,1
1992,-2.17083,-79.92236,5
1992,-2.13498,-79.58712,1
1992,-2.07797,30.07224,1
1992,-1.9528,30.0463,1
1992,-1.94901,30.05785,10
1992,-1.9484,30.11122,1
1992,-1.67324,-78.64776,1
1992,-1.59957,29.38169,1
1992,-1.47526,36.9617,1
1992,-1.28518,36.82111,14
1992,-0.93191,-78.61618,1
1992,-0.61866,-80.42736,1
1992,-0.36946,35.28542,1
1992,-0.35785,42.54665,3
1992,-0.21119,-78.52263,13
1992,-0.09204,34.7696,1
1992,0.05797,37.64355,1
1992,0.35085,32.58022,3
1992,0.43595,-75.52767,3
1992,0.53071,38.51519,1
1992,0.56947,34.55992,1
1992,0.63368,35.0472,1
1992,0.66643,-76.87192,1
1992,0.82376,-77.63491,1
1992,1.14646,-77.00389,1
1992,1.21059,-77.99333,1
1992,1.27986,103.84899,1
1992,1.60372,-76.97371,1
1992,1.61456,-75.6053,1
1992,1.6379,-77.74521,1
1992,1.68448,-75.28659,2
1992,1.71012,103.52715,1
1992,1.71619,44.76886,1
1992,1.86964,-77.37043,1
1992,2.0376,-76.92505,1
1992,2.05982,45.32612,9
1992,2.34931,42.28033,3
1992,2.38855,-75.5468,1
1992,2.53593,-75.52767,3
1992,2.61444,-76.10444,1
1992,2.62722,-76.29111,1
1992,2.67211,12.68084,1
1992,2.68523,-75.32598,1
1992,2.80909,40.92744,1
1992,2.89206,-72.13573,1
1992,3.11564,43.64658,2
1992,3.13894,101.69132,1
1992,3.22154,-75.23727,1
1992,3.25058,-76.22764,1
1992,3.2694,-73.37616,1
1992,3.27199,-73.08775,2
1992,3.32222,-76.23472,2
1992,3.37246,-73.87377,1
1992,3.37833,-76.61611,1
1992,3.42063,-76.52212,1
1992,3.42934,-76.51604,14
1992,3.45694,-74.02972,1
1992,3.46056,-73.61959,1
1992,3.56375,-73.79515,2
1992,3.7246,-75.4841,2
1992,3.7496,-76.16686,1
1992,3.80089,-76.64127,1
1992,3.82161,-76.52225,1
1992,3.86667,11.51667,1
1992,4.05,9.7,1
1992,4.09252,-75.15454,2
1992,4.15127,-73.63872,3
1992,4.24319,-75.24112,1
1992,4.25824,15.78983,1
1992,4.3517,-73.71336,1
1992,4.40464,-74.38643,2
1992,4.43333,14.36667,1
1992,4.52234,-76.03639,1
1992,4.52869,-75.70385,1
1992,4.58447,114.21344,1
1992,4.59567,8.27064,1
1992,4.66713,-74.10606,62
1992,4.70303,-75.73597,1
1992,4.73538,45.2024,1
1992,4.81428,-75.69456,2
1992,4.81664,-72.28333,1
1992,4.85535,31.56778,2
1992,4.91444,-1.78756,1
1992,5.02523,-54.99285,2
1992,5.026,-74.03001,2
1992,5.06787,-75.51748,2
1992,5.17069,-72.54683,3
1992,5.19688,-73.14554,1
1992,5.20649,-74.73641,2
1992,5.21389,-72.86952,1
1992,5.22285,-76.0296,1
1992,5.31667,-4.03333,3
1992,5.33996,-72.40158,1
1992,5.3461,-74.49167,1
1992,5.37349,-72.39246,1
1992,5.45394,-73.36205,1
1992,5.55,-0.2,4
1992,5.65066,-0.18696,1
1992,5.65712,-74.18078,1
1992,5.72939,-71.99528,1
1992,5.75893,-71.5724,1
1992,5.77602,125.35452,1
1992,5.82789,-55.17622,3
1992,5.89895,-76.14195,1
1992,5.9509,43.56008,1
1992,5.97515,-74.58614,1
1992,6.04009,-72.63664,1
1992,6.05402,120.9997,1
1992,6.05703,-75.18513,1
1992,6.05746,-75.50277,1
1992,6.09188,-75.63615,2
1992,6.10395,125.2914,1
1992,6.11622,125.1694,3
1992,6.13962,-75.26557,1
1992,6.17215,-75.60957,3
1992,6.17255,1.23157,13
1992,6.17346,-75.59278,3
1992,6.18694,-72.4725,1
1992,6.1876,-74.99429,1
1992,6.20592,-67.45422,1
1992,6.24203,-75.56477,117
1992,6.2675,-75.56861,6
1992,6.27053,-75.57217,22
1992,6.29074,-10.76052,3
1992,6.33634,5.62175,1
1992,6.33686,-10.73982,1
1992,6.34593,-75.50811,2
1992,6.36667,2.43333,1
1992,6.39503,-75.25944,1
1992,6.40945,-72.44404,1
1992,6.41871,121.97244,1
1992,6.46473,12.62314,1
1992,6.48927,-74.40176,1
1992,6.50072,124.84887,1
1992,6.51338,14.28747,1
1992,6.5454,121.87376,1
1992,6.55868,80.15681,1
1992,6.58168,122.17951,1
1992,6.60261,101.60643,1
1992,6.61891,3.30553,4
1992,6.64371,-73.65362,5
1992,6.69509,-10.87406,1
1992,6.70041,121.97256,3
1992,6.75005,125.35626,1
1992,6.79223,-71.77554,1
1992,6.82181,-58.15922,4
1992,6.8668,124.46669,1
1992,6.86948,101.25048,1
1992,6.89554,126.014,1
1992,6.90926,0.63,1
1992,6.92695,-68.52472,1
1992,6.92909,122.07885,6
1992,6.93186,-71.15752,2
1992,6.9389,-71.81009,2
1992,6.94184,79.86169,11
1992,6.95284,-71.87514,5
1992,6.98626,81.86478,2
1992,6.98773,125.27191,1
1992,7.00063,-76.26572,2
1992,7.00243,-9.47282,1
1992,7.01086,125.08992,1
1992,7.01398,100.47124,1
1992,7.0209,125.09147,1
1992,7.02556,124.315,3
1992,7.02734,-71.42856,1
1992,7.02754,-71.42872,1
1992,7.03147,124.50267,2
1992,7.04773,-11.07193,1
1992,7.06005,-73.85312,15
1992,7.07386,-75.14591,1
1992,7.07786,-74.70355,5
1992,7.08071,-74.70101,2
1992,7.08324,125.601,8
1992,7.08582,-70.75779,2
1992,7.09027,-11.40411,1
1992,7.10773,-10.90014,1
1992,7.11629,-73.12003,7
1992,7.1312,-73.12497,3
1992,7.16047,81.22561,1
1992,7.19861,-75.34122,2
1992,7.20959,124.24197,5
1992,7.25,5.195,1
1992,7.28018,-72.96774,1
1992,7.28778,-75.39444,1
1992,7.30176,81.67473,4
1992,7.37528,80.16667,1
1992,7.39305,81.8361,2
1992,7.41438,81.83063,1
1992,7.41535,81.81014,1
1992,7.46667,81.65,1
1992,7.48008,-73.92076,1
1992,7.48287,81.76503,1
1992,7.49175,-74.86818,6
1992,7.50855,122.3716,3
1992,7.528,81.47783,1
1992,7.52854,1.13083,4
1992,7.52937,81.79461,1
1992,7.59418,-74.81195,1
1992,7.63859,-73.32733,1
1992,7.68901,81.72947,1
1992,7.71667,81.70019,7
1992,7.73311,81.68882,5
1992,7.75954,-73.39031,2
1992,7.76083,-73.39194,1
1992,7.7853,81.4279,1
1992,7.84904,-73.8147,1
1992,7.8942,-72.50388,30
1992,7.91667,81.13333,1
1992,7.92133,81.52467,2
1992,7.93338,-72.60005,1
1992,7.93952,81.00096,3
1992,7.94628,-72.89881,4
1992,7.95,81.13333,1
1992,7.95603,-73.94496,1
1992,8.00467,124.2913,8
1992,8.01677,-10.26512,1
1992,8.04053,-77.09336,1
1992,8.06611,124.25833,1
1992,8.0827,-72.80035,1
1992,8.09242,-76.72738,1
1992,8.11667,-63.55,2
1992,8.14083,81.10556,1
1992,8.23342,-73.35331,2
1992,8.24004,124.24477,5
1992,8.24857,-73.58163,1
1992,8.25722,81.01,1
1992,8.26695,123.10104,1
1992,8.28339,-76.3834,1
1992,8.30859,-73.61354,1
1992,8.31146,-13.03524,1
1992,8.32,-81.21,4
1992,8.3314,80.97649,1
1992,8.34519,80.38813,3
1992,8.40292,-75.89987,1
1992,8.44095,76.94846,1
1992,8.49614,76.94372,1
1992,8.49795,81.18408,1
1992,8.51137,-73.4468,1
1992,8.56938,-73.4674,2
1992,8.57234,80.25288,1
1992,8.57451,-73.09339,2
1992,8.57783,81.21872,3
1992,8.58155,123.34428,1
1992,8.58944,80.835,1
1992,8.5922,81.1968,4
1992,8.59946,-73.3722,1
1992,8.5998,-71.15013,2
1992,8.60075,-73.58638,1
1992,8.6187,125.49242,1
1992,8.63781,-72.73464,5
1992,8.63895,-72.91837,2
1992,8.64481,-10.9694,2
1992,8.66917,80.32611,1
1992,8.67044,-74.03001,6
1992,8.67827,16.85759,1
1992,8.69053,-73.66254,4
1992,8.73816,80.47715,2
1992,8.75782,80.48791,5
1992,8.80187,126.30035,1
1992,8.82298,125.69992,1
1992,8.82769,125.09986,1
1992,8.83335,-73.20003,3
1992,8.85017,-76.42671,1
1992,8.85768,-73.81579,1
1992,8.8855,80.27673,1
1992,8.9,11.36666,1
1992,8.94825,125.54111,1
1992,8.95,-79.65,1
1992,8.95,-79.56667,1
1992,8.95736,-73.62346,3
1992,8.96404,80.78794,5
1992,8.97715,38.77323,4
1992,8.97792,1.14534,3
1992,8.98012,79.91246,5
1992,8.99427,-79.51879,19
1992,9.00889,80.06417,1
1992,9.03333,-79.5,1
1992,9.08702,-79.38464,1
1992,9.14204,-75.06112,1
1992,9.15,-79.62,1
1992,9.17,-79.1,6
1992,9.18158,80.84608,1
1992,9.19974,-73.5433,1
1992,9.26101,0.77711,2
1992,9.26709,80.81425,4
1992,9.30535,-75.3978,2
1992,9.33729,-73.65362,1
1992,9.35678,42.79552,2
1992,9.3568,1.2482,3
1992,9.35858,-79.90002,2
1992,9.3625,-73.60158,2
1992,9.40465,-0.84251,1
1992,9.47062,-78.96103,1
1992,9.50404,80.21217,1
1992,9.50913,-13.71214,2
1992,9.56049,-73.33269,1
1992,9.575,80.46611,1
1992,9.60088,41.85014,1
1992,9.66123,80.02558,5
1992,9.6664,80.02048,2
1992,9.69789,79.86048,1
1992,9.70219,-73.27915,1
1992,9.78228,-69.79294,1
1992,9.78333,80.03333,1
1992,9.78472,125.48969,1
1992,9.79109,8.28116,1
1992,9.79191,-74.78297,1
1992,9.80038,-74.39254,2
1992,9.93333,-84.08333,1
1992,9.98942,-83.03739,1
1992,10.06351,-69.33472,2
1992,10.15661,-67.99721,1
1992,10.17107,-64.67967,1
1992,10.19952,-64.63239,1
1992,10.24705,-67.59634,1
1992,10.33382,-73.18128,3
1992,10.41371,-75.53355,3
1992,10.47692,-73.25049,1
1992,10.48283,-66.96213,14
1992,10.5302,7.43734,1
1992,10.6063,104.1819,1
1992,10.6163,47.36667,1
1992,10.63281,-71.63298,2
1992,10.65828,104.75939,1
1992,10.69086,-61.45522,1
1992,10.74457,-75.26391,1
1992,10.82926,106.63307,1
1992,10.91833,-74.76444,1
1992,10.98141,-74.77832,7
1992,11.02429,105.46509,1
1992,11.24004,-74.21316,1
1992,11.24204,-74.20538,3
1992,11.2615,122.53696,1
1992,11.2636,122.68865,1
1992,11.26483,123.71473,1
1992,11.2748,49.17966,1
1992,11.34769,-71.96586,1
1992,11.39431,-69.68103,1
1992,11.43333,-85.83333,1
1992,11.48511,105.3281,1
1992,11.51005,42.10496,1
1992,11.51918,42.2625,1
1992,11.55883,104.91744,7
1992,11.58859,43.14534,2
1992,11.65666,104.9429,1
1992,11.69889,-72.61222,1
1992,11.75935,42.79177,1
1992,11.84627,125.12675,1
1992,11.84882,42.65729,1
1992,11.88556,105.36694,1
1992,11.95202,105.14929,1
1992,11.96839,-86.09462,1
1992,11.98472,105.30528,1
1992,11.98907,104.94151,1
1992,11.99141,105.4654,5
1992,12.05651,105.26629,1
1992,12.06248,106.67667,1
1992,12.10382,-86.26701,6
1992,12.12669,15.0284,2
1992,12.26919,123.54042,1
1992,12.35,-16.71667,3
1992,12.36792,123.62076,1
1992,12.38241,-85.51372,1
1992,12.39885,105.35407,1
1992,12.43235,105.09409,1
1992,12.48,106.03,1
1992,12.49313,-16.17037,1
1992,12.49528,-16.19333,1
1992,12.53722,-16.25167,1
1992,12.56778,-15.90977,1
1992,12.58333,-16.26667,4
1992,12.61667,-16.56667,1
1992,12.80509,-16.23456,1
1992,12.84673,102.613,1
1992,12.85147,-86.09696,3
1992,12.85269,44.89484,3
1992,12.90193,104.52576,1
1992,12.905,105.39143,1
1992,12.95659,102.6078,2
1992,12.96176,-86.34428,1
1992,12.99055,7.60298,1
1992,13.0,105.0,5
1992,13.06205,-85.03206,1
1992,13.09171,-86.00177,1
1992,13.1,103.2,4
1992,13.20016,101.24907,1
1992,13.20232,-59.52676,1
1992,13.22695,105.25725,1
1992,13.24578,103.5338,1
1992,13.29184,123.49158,1
1992,13.33332,-85.37201,2
1992,13.34464,103.84706,5
1992,13.36061,-86.39815,1
1992,13.36448,-85.29338,1
1992,13.45029,99.63115,1
1992,13.45504,-86.40576,1
1992,13.49446,-88.53034,1
1992,13.51667,2.11667,1
1992,13.52579,105.97416,2
1992,13.52725,105.95812,1
1992,13.54204,-85.53942,1
1992,13.5458,101.61177,1
1992,13.54924,104.24592,1
1992,13.56425,-86.02984,1
1992,13.61278,104.1125,2
1992,13.61667,103.25,1
1992,13.61846,103.2418,1
1992,13.62679,-85.8254,1
1992,13.63325,-86.4763,1
1992,13.64121,-88.78542,1
1992,13.65,102.56667,1
1992,13.65302,41.66258,1
1992,13.66472,104.08413,1
1992,13.68177,-89.36063,1
1992,13.69288,-89.19916,19
1992,13.70196,-89.14777,1
1992,13.74556,-87.87361,1
1992,13.7576,121.05832,1
1992,13.78579,100.56085,11
1992,13.79161,10.64151,1
1992,13.79833,-89.17889,1
1992,13.80085,104.02918,1
1992,13.86084,103.49914,1
1992,13.98148,-89.55572,2
1992,14.0,-88.9,1
1992,14.03507,-83.38882,2
1992,14.05097,101.37274,1
1992,14.06029,-88.69523,1
1992,14.0833,-87.2167,8
1992,14.08333,-91.05,1
1992,14.10371,104.0509,1
1992,14.14556,-90.66111,1
1992,14.14632,79.85039,1
1992,14.25459,122.83492,1
1992,14.29285,-89.89901,1
1992,14.3124,122.7192,1
1992,14.33039,122.49388,2
1992,14.35,-90.76667,1
1992,14.49978,-91.8555,1
1992,14.53333,100.91667,1
1992,14.5775,0.72722,1
1992,14.58423,121.03904,1
1992,14.59605,120.97867,26
1992,14.60986,-61.06873,1
1992,14.62287,-90.52907,29
1992,14.66639,-86.21861,2
1992,14.67428,121.0575,1
1992,14.7195,46.86827,1
1992,14.73139,0.91944,1
1992,14.74189,-83.9717,1
1992,14.77312,-91.18304,2
1992,14.77588,-90.45385,1
1992,14.79936,100.63474,1
1992,14.83333,103.75,1
1992,14.8829,103.49371,1
1992,14.88506,-5.22022,1
1992,14.9411,5.7509,1
1992,15.00043,120.65248,1
1992,15.03,-91.15,1
1992,15.0408,2.705,1
1992,15.04444,-91.40833,1
1992,15.0746,-3.25133,1
1992,15.11447,105.8021,1
1992,15.22274,120.57289,2
1992,15.28333,-16.68333,1
1992,15.32544,44.2119,14
1992,15.41078,5.72867,1
1992,15.45639,45.32487,2
1992,15.49838,-90.98207,2
1992,15.50167,-88.02774,1
1992,15.83335,120.2002,1
1992,15.9129,79.73999,1
1992,15.9201,120.414,1
1992,16.09796,49.52757,1
1992,16.13239,4.7878,1
1992,16.27397,-0.04107,1
1992,16.41639,120.59306,1
1992,16.48274,97.62219,1
1992,16.52592,-90.18931,1
1992,16.71314,98.57459,1
1992,16.87111,99.125,1
1992,16.88357,97.64277,1
1992,16.91203,-90.29958,2
1992,16.97417,7.98654,3
1992,17.0843,120.90053,1
1992,17.11753,-61.84556,1
1992,17.19453,120.44881,1
1992,17.225,-89.61333,1
1992,17.25139,-88.76694,1
1992,17.38504,78.48667,1
1992,17.45609,50.58154,1
1992,17.49771,-88.18665,1
1992,17.55573,120.83872,1
1992,17.57167,8.94056,1
1992,17.61184,121.72723,1
1992,17.61388,121.72672,1
1992,17.79074,121.47783,1
1992,17.79574,121.3228,1
1992,17.83579,121.72385,2
1992,17.8679,82.35258,1
1992,17.92964,81.79921,1
1992,17.96762,102.6036,1
1992,18.02143,-76.79828,5
1992,18.17456,73.87035,1
1992,18.2,-73.75,1
1992,18.25638,121.03498,1
1992,18.25918,121.99731,1
1992,18.28183,8.00003,1
1992,18.3274,-73.86103,1
1992,18.38693,-66.06113,1
1992,18.4,-76.95,1
1992,18.43856,79.12884,1
1992,18.45679,-69.95116,4
1992,18.50334,-69.88878,1
1992,18.52772,-72.33284,23
1992,18.7,101.56667,1
1992,18.7325,7.36806,1
1992,18.90118,-100.7373,1
1992,19.03987,98.99079,1
1992,19.04187,95.5908,1
1992,19.0625,8.42,2
1992,19.07598,72.87766,11
1992,19.10893,-72.69755,1
1992,19.14667,99.61944,1
1992,19.18054,-70.02048,2
1992,19.37189,-99.08662,2
1992,19.38333,-70.41667,2
1992,19.51391,73.68642,1
1992,19.58035,-70.98743,2
1992,19.61313,93.89864,1
1992,19.61639,37.22064,2
1992,19.6481,97.20625,1
1992,19.75086,96.10157,1
1992,19.75778,-72.20417,1
1992,20.805,78.8875,1
1992,21.43946,92.00773,8
1992,21.83409,91.86247,7
1992,22.07962,82.13914,1
1992,22.10003,92.08123,1
1992,22.18194,114.30333,1
1992,22.25865,71.19238,1
1992,22.28187,114.16133,5
1992,22.3419,91.81512,3
1992,22.55307,91.80931,1
1992,22.61778,120.30139,3
1992,22.61949,91.65819,1
1992,22.64404,91.90654,1
1992,22.65735,92.17327,1
1992,22.68437,92.72169,1
1992,22.79822,91.98815,3
1992,22.80457,86.20288,2
1992,22.97342,78.65689,2
1992,22.98676,87.85498,2
1992,23.0225,72.57136,1
1992,23.12916,113.26444,2
1992,23.13194,-82.36417,4
1992,23.16988,92.19837,2
1992,23.36997,85.32501,2
1992,23.4743,90.32073,1
1992,23.61018,85.27994,1
1992,23.70956,120.43187,1
1992,23.72711,92.71764,1
1992,23.73896,81.96985,1
1992,23.79128,90.4182,32
1992,23.81694,87.80417,1
1992,23.85072,90.74853,1
1992,23.88568,90.40269,1
1992,23.94085,91.98815,2
1992,24.03167,79.15139,1
1992,24.11667,97.3,1
1992,24.18,88.27,1
1992,24.25081,97.34905,1
1992,24.37994,91.41395,1
1992,24.43344,91.45012,1
1992,24.46615,75.44176,1
1992,24.79835,93.94043,1
1992,24.89112,67.14331,17
1992,25.0,121.49611,1
1992,25.03772,102.7222,1
1992,25.06687,91.40736,3
1992,25.09108,121.55983,15
1992,25.09607,85.31312,2
1992,25.1818,93.11902,1
1992,25.18557,55.30336,1
1992,25.38929,68.35734,6
1992,25.4163,68.28673,2
1992,25.47283,82.57053,3
1992,25.57877,91.89325,1
1992,25.68927,75.70215,1
1992,25.71468,32.7175,2
1992,25.78463,68.85766,1
1992,25.86525,-100.39259,1
1992,25.86903,-97.50274,1
1992,26.05133,32.22001,1
1992,26.05383,77.36905,1
1992,26.11647,92.86374,1
1992,26.14077,68.27228,1
1992,26.14111,85.17645,1
1992,26.14979,91.76393,3
1992,26.15844,94.56244,2
1992,26.17,32.72722,3
1992,26.17212,68.83592,8
1992,26.2006,92.93757,5
1992,26.22976,90.2304,1
1992,26.23453,81.24087,1
1992,26.24582,127.7218,1
1992,26.24701,68.69345,1
1992,26.302,68.10254,1
1992,26.39759,91.89717,1
1992,26.55,31.7,1
1992,26.61726,86.70139,1
1992,26.8,82.2,2
1992,26.83505,86.01216,1
1992,26.84669,80.94617,1
1992,26.84671,80.94616,2
1992,26.90861,31.43278,3
1992,26.91243,75.78727,1
1992,27.09041,67.73459,1
1992,27.18112,31.17943,21
1992,27.18278,31.18278,1
1992,27.18388,56.27184,1
1992,27.20139,31.10611,1
1992,27.25038,31.12521,2
1992,27.25688,85.97132,1
1992,27.35,30.79028,1
1992,27.37361,30.84167,1
1992,27.41421,-9.04656,1
1992,27.44042,30.81781,1
1992,27.48002,-99.51054,1
1992,27.55779,30.81189,16
1992,27.56008,68.21571,3
1992,27.61419,87.14229,1
1992,27.61667,30.76667,3
1992,27.64139,30.84944,2
1992,27.66897,85.31982,1
1992,27.7066,68.8482,3
1992,27.70875,85.3295,3
1992,27.79352,-17.94053,1
1992,27.85839,69.11096,1
1992,27.85979,69.53534,1
1992,28.24517,69.1837,1
1992,28.26368,78.40373,1
1992,28.31216,65.66389,4
1992,28.36704,79.43044,1
1992,28.55255,77.555,1
1992,28.58584,77.15334,8
1992,28.62079,79.81286,1
1992,28.69007,77.21398,3
1992,29.07437,31.0985,1
1992,29.31171,30.83881,2
1992,29.3477,47.94912,8
1992,29.48358,60.8627,1
1992,29.54828,67.87919,1
1992,29.55455,34.94753,1
1992,29.68569,76.99048,1
1992,29.81382,-95.3653,1
1992,29.83445,47.15405,2
1992,29.91874,73.87504,1
1992,29.99951,75.39368,1
1992,30.03806,47.92579,2
1992,30.0725,47.34972,1
1992,30.08463,31.33431,7
1992,30.08615,-94.10158,1
1992,30.15543,76.19576,1
1992,30.20082,66.99435,2
1992,30.21099,74.94547,1
1992,30.2458,75.84207,6
1992,30.26,75.43944,1
1992,30.34,76.38,3
1992,30.37818,76.7767,1
1992,30.38194,75.5468,4
1992,30.44512,69.09418,1
1992,30.46554,70.96822,1
1992,30.51005,47.7781,2
1992,30.52321,75.88825,1
1992,30.55441,79.56587,1
1992,30.678,75.827,1
1992,30.70773,76.21508,1
1992,30.72346,76.06093,1
1992,30.73332,76.77942,1
1992,30.74888,76.64136,2
1992,30.79503,75.47607,1
1992,30.79887,47.57524,2
1992,30.82912,75.63972,1
1992,30.84335,74.96037,1
1992,30.89802,75.86008,12
1992,30.92211,66.45153,1
1992,30.94106,75.23323,1
1992,31.04437,46.26145,1
1992,31.09791,75.52852,1
1992,31.14357,74.90626,1
1992,31.14713,75.34122,2
1992,31.19806,29.91917,1
1992,31.26526,32.30173,4
1992,31.27685,72.32133,2
1992,31.27879,34.25644,7
1992,31.28551,48.64342,1
1992,31.30556,30.29917,1
1992,31.32602,75.57618,3
1992,31.34212,34.32494,1
1992,31.34696,34.30143,12
1992,31.36728,34.30039,1
1992,31.40362,34.35907,4
1992,31.41726,34.35096,1
1992,31.41891,34.3526,1
1992,31.41944,31.815,1
1992,31.45088,34.54657,1
1992,31.45166,34.39413,2
1992,31.45393,74.78186,1
1992,31.50241,34.45974,40
1992,31.50547,74.34288,2
1992,31.50722,75.84889,1
1992,31.52948,35.11558,1
1992,31.53024,35.09416,10
1992,31.5349,75.91057,1
1992,31.55302,34.50635,1
1992,31.55861,34.97417,1
1992,31.56049,34.56493,1
1992,31.57841,35.10207,2
1992,31.58208,35.14642,1
1992,31.60063,64.36965,1
1992,31.63238,-8.00831,1
1992,31.63308,74.87829,7
1992,31.63855,75.13557,1
1992,31.70434,35.19436,4
1992,31.71664,35.18566,1
1992,31.7181,72.98107,1
1992,31.74153,34.98861,1
1992,31.74917,75.47139,1
1992,31.7716,35.2034,29
1992,31.78484,35.22461,1
1992,31.80302,34.65229,1
1992,31.8186,75.2028,2
1992,31.84822,47.1452,2
1992,31.8532,35.23117,1
1992,31.90714,35.19822,5
1992,31.92879,34.86666,1
1992,31.92928,35.03559,1
1992,31.95,35.93333,2
1992,31.95147,34.88782,1
1992,31.95436,76.89083,1
1992,31.97506,74.2233,1
1992,31.99282,44.92394,1
1992,31.99596,35.27111,3
1992,32.04076,75.40189,1
1992,32.08297,34.81189,2
1992,32.12215,35.17125,1
1992,32.12524,35.30996,1
1992,32.16378,34.97946,1
1992,32.17712,35.05596,1
1992,32.17834,34.90798,1
1992,32.18665,34.87279,1
1992,32.19124,34.97595,1
1992,32.22223,35.14363,1
1992,32.22227,35.25351,11
1992,32.24681,35.48904,1
1992,32.26434,75.64211,1
1992,32.27394,34.96546,1
1992,32.31197,35.0266,1
1992,32.35467,0.60147,1
1992,32.356,35.24519,1
1992,32.36528,35.51602,1
1992,32.37338,35.15588,1
1992,32.38611,35.28778,3
1992,32.38696,35.38283,1
1992,32.40349,35.20594,1
1992,32.41022,35.28172,1
1992,32.46062,35.30125,9
1992,32.52021,35.15196,1
1992,32.52444,35.20472,1
1992,32.55947,-116.97347,1
1992,32.58139,35.18246,2
1992,32.61154,74.8549,1
1992,32.62699,35.23576,1
1992,32.7266,74.85703,2
1992,32.79392,34.99062,2
1992,32.82148,34.9641,1
1992,32.83333,35.33333,2
1992,32.85219,35.33913,1
1992,32.86787,13.18907,1
1992,32.92522,75.13526,1
1992,33.11725,35.42888,1
1992,33.12681,35.3768,1
1992,33.12699,35.21907,2
1992,33.145,35.36444,2
1992,33.14575,75.54805,1
1992,33.15892,35.42112,2
1992,33.17611,35.44333,1
1992,33.18556,35.22306,1
1992,33.20831,35.30021,1
1992,33.20872,35.57262,2
1992,33.20906,35.51627,2
1992,33.21461,35.46176,1
1992,33.22756,35.30641,1
1992,33.22865,35.48641,3
1992,33.23867,35.21526,1
1992,33.24626,35.5001,2
1992,33.26615,35.21406,5
1992,33.27357,35.46366,1
1992,33.30357,44.37177,5
1992,33.33526,69.92847,1
1992,33.35333,35.51278,1
1992,33.36375,6.86058,1
1992,33.36611,35.51333,1
1992,33.3855,35.53486,2
1992,33.39216,35.5039,2
1992,33.39849,35.64392,1
1992,33.40717,35.55566,1
1992,33.43407,35.53375,1
1992,33.44439,35.56762,2
1992,33.46944,35.64083,1
1992,33.47454,35.35925,7
1992,33.49642,73.19434,1
1992,33.51861,35.36611,1
1992,33.54135,35.58622,1
1992,33.542,35.38115,1
1992,33.55043,35.37096,21
1992,33.58953,73.38608,1
1992,33.59401,73.06908,1
1992,33.59863,69.229,2
1992,33.61655,-117.93037,1
1992,33.67164,73.05607,3
1992,33.73222,75.15791,1
1992,33.77817,76.57617,3
1992,33.8,2.88333,4
1992,33.81685,35.86424,1
1992,33.82751,75.07207,1
1992,33.83463,74.98078,1
1992,33.85772,35.56842,1
1992,33.88852,35.50351,7
1992,33.92659,44.77206,1
1992,33.97946,35.63768,1
1992,33.9877,35.63892,1
1992,34.006,71.53743,7
1992,34.03492,36.22784,1
1992,34.04727,74.38585,1
1992,34.08374,74.7899,46
1992,34.08981,64.43319,1
1992,34.0918,49.68873,1
1992,34.0937,-118.12727,1
1992,34.17183,70.62168,2
1992,34.20514,74.34949,1
1992,34.2056,74.35387,1
1992,34.23158,44.95953,1
1992,34.2482,133.00072,1
1992,34.28676,74.4624,1
1992,34.28889,74.46371,3
1992,34.35969,73.47105,1
1992,34.36106,68.84069,1
1992,34.41668,71.92459,1
1992,34.41712,70.44959,2
1992,34.41954,74.63827,2
1992,34.43809,35.83084,2
1992,34.5169,69.14701,25
1992,34.52618,74.25461,2
1992,34.6401,50.87595,1
1992,34.66667,3.25,5
1992,34.70733,33.0234,2
1992,34.88278,-1.31667,4
1992,34.99045,126.48169,1
1992,35.1028,-0.83034,1
1992,35.16677,33.36762,4
1992,35.18019,136.90656,2
1992,35.18145,136.9064,2
1992,35.18861,7.46881,1
1992,35.2,-0.63333,4
1992,35.29115,136.91198,1
1992,35.2958,6.64063,1
1992,35.34663,139.23284,1
1992,35.35639,1.5136,1
1992,35.36704,132.75468,1
1992,35.37849,1.32569,1
1992,35.38901,5.36584,1
1992,35.44371,139.63803,1
1992,35.45211,44.37546,1
1992,35.51944,-0.40833,1
1992,35.53091,139.70305,1
1992,35.53279,44.82772,1
1992,35.55,6.16667,3
1992,35.55947,6.18046,1
1992,35.56701,45.38549,4
1992,35.60722,140.10627,1
1992,35.66416,138.56845,1
1992,35.68912,139.74774,20
1992,35.69694,-0.63306,6
1992,35.72453,51.40519,9
1992,35.84649,0.37719,1
1992,35.85556,14.53333,1
1992,35.857,139.64885,2
1992,35.88556,2.75083,1
1992,35.91809,74.2898,4
1992,35.93333,0.08333,1
1992,36.13332,2.91665,1
1992,36.14722,3.69056,1
1992,36.16525,1.33452,1
1992,36.18898,5.41442,3
1992,36.19259,44.00462,1
1992,36.26261,6.69435,1
1992,36.26667,1.96667,8
1992,36.26667,2.75,4
1992,36.26697,6.68118,1
1992,36.31351,5.73631,1
1992,36.34015,139.4497,1
1992,36.35,6.6,17
1992,36.35223,2.39087,1
1992,36.38066,3.89712,1
1992,36.42583,2.56167,1
1992,36.46667,7.43333,1
1992,36.48045,2.83388,18
1992,36.48172,3.53068,1
1992,36.48667,3.04444,1
1992,36.49561,33.50612,1
1992,36.51833,2.90528,1
1992,36.53254,3.68442,1
1992,36.56222,3.59444,5
1992,36.56522,3.15393,1
1992,36.57412,2.91214,5
1992,36.57834,2.91334,1
1992,36.60637,3.08783,2
1992,36.65156,3.32898,2
1992,36.65894,3.74501,1
1992,36.66655,3.09606,2
1992,36.66914,3.63884,1
1992,36.68656,-6.13717,1
1992,36.69556,2.9725,1
1992,36.70058,3.21167,1
1992,36.70456,3.02462,1
1992,36.71499,3.05002,1
1992,36.72172,3.11823,2
1992,36.72796,3.08793,1
1992,36.73477,70.812,1
1992,36.74068,-119.78573,1
1992,36.74141,43.89326,1
1992,36.74239,3.72282,2
1992,36.74871,3.19248,1
1992,36.75,5.06667,2
1992,36.75904,37.57722,1
1992,36.76029,3.4724,1
1992,36.76376,3.05541,65
1992,36.7677,3.25075,1
1992,36.7689,3.03682,1
1992,36.79262,3.28801,1
1992,36.80246,34.62976,2
1992,36.8219,5.7661,1
1992,36.83565,37.909,1
1992,36.85301,40.04817,1
1992,36.86081,42.97646,3
1992,36.86667,6.9,1
1992,36.88679,30.70622,1
1992,36.90278,7.7552,1
1992,36.91955,3.8914,1
1992,36.97559,38.4264,1
1992,36.97667,36.73847,1
1992,36.99154,35.33105,12
1992,37.02581,36.63097,2
1992,37.08018,41.2202,10
1992,37.10965,41.10261,1
1992,37.11532,41.42654,1
1992,37.13789,42.69901,3
1992,37.14839,41.12274,1
1992,37.1545,41.33991,2
1992,37.15947,41.78842,1
1992,37.17704,38.79415,4
1992,37.19288,40.58114,7
1992,37.2,39.75422,1
1992,37.22995,40.27833,2
1992,37.23582,39.76206,3
1992,37.24894,42.47065,1
1992,37.251,43.61223,1
1992,37.25317,43.61223,1
1992,37.2537,43.52844,1
1992,37.30344,44.57696,1
1992,37.308,41.17615,1
1992,37.31119,13.57696,1
1992,37.31765,37.56804,1
1992,37.33083,42.1846,9
1992,37.33406,42.56976,1
1992,37.34029,41.89263,5
1992,37.34528,40.61948,6
1992,37.37409,41.44737,1
1992,37.37613,40.89864,1
1992,37.40222,40.95389,1
1992,37.41567,41.3715,4
1992,37.42275,42.49233,4
1992,37.44642,43.74516,1
1992,37.44943,43.75066,1
1992,37.45019,42.85373,2
1992,37.45409,37.20533,1
1992,37.45626,126.70521,1
1992,37.47689,40.48704,3
1992,37.48673,71.54984,1
1992,37.48816,37.2948,3
1992,37.50139,37.35917,1
1992,37.50248,15.08784,1
1992,37.51236,41.97121,1
1992,37.52265,42.45264,8
1992,37.53756,40.888,2
1992,37.53969,40.88806,1
1992,37.54062,40.88742,1
1992,37.5407,-77.43365,1
1992,37.54659,41.7207,4
1992,37.56676,41.38502,3
1992,37.5696,43.1658,1
1992,37.57358,44.28581,1
1992,37.57447,36.92589,1
1992,37.57649,42.04211,1
1992,37.57704,43.7361,1
1992,37.58647,38.95651,1
1992,37.59744,69.38319,1
1992,37.64345,40.90872,1
1992,37.67521,-122.07931,1
1992,37.69458,37.86111,1
1992,37.71523,41.9173,1
1992,37.71777,41.76964,1
1992,37.71884,37.33965,1
1992,37.7381,127.03368,1
1992,37.75039,36.95264,1
1992,37.75508,39.31733,5
1992,37.75823,42.096,1
1992,37.76454,38.27676,1
1992,37.79544,40.77816,1
1992,37.83558,41.3578,2
1992,37.86375,40.05647,1
1992,37.86578,68.91458,1
1992,37.87104,42.14945,3
1992,37.87472,41.91528,1
1992,37.88054,42.43417,1
1992,37.88579,41.13012,10
1992,37.88952,41.12928,1
1992,37.89924,38.45879,1
1992,37.91639,40.21844,1
1992,37.92222,40.18438,15
1992,37.92497,40.21098,1
1992,37.92608,41.70203,3
1992,37.92917,41.94111,1
1992,37.93662,42.54749,1
1992,37.98345,-1.12989,1
1992,37.99749,23.76273,28
1992,38.01657,43.05913,1
1992,38.03016,46.35607,1
1992,38.0331,38.2372,1
1992,38.04325,23.54211,1
1992,38.045,44.01694,1
1992,38.04778,13.38867,1
1992,38.06295,42.02803,2
1992,38.09867,39.75387,1
1992,38.10946,40.56705,4
1992,38.11463,15.65023,1
1992,38.11564,13.36141,2
1992,38.13397,40.95592,1
1992,38.13556,39.45125,1
1992,38.1415,41.01149,7
1992,38.14994,16.17494,1
1992,38.1743,40.53018,1
1992,38.1938,41.48886,2
1992,38.20041,13.32637,1
1992,38.25234,40.78157,1
1992,38.26702,39.76532,2
1992,38.27912,42.19824,1
1992,38.29049,42.11741,2
1992,38.30289,40.76801,1
1992,38.35318,38.32083,1
1992,38.36226,140.37789,1
1992,38.3638,26.13723,1
1992,38.38575,27.17464,1
1992,38.38844,43.47349,1
1992,38.39565,27.13564,9
1992,38.4004,42.1092,1
1992,38.40311,37.95607,1
1992,38.40513,42.10933,1
1992,38.40865,41.92248,1
1992,38.4255,40.90082,1
1992,38.45754,40.64707,2
1992,38.46888,40.17266,1
1992,38.49329,39.2332,2
1992,38.49975,41.01119,4
1992,38.50414,43.37526,1
1992,38.52556,68.54722,2
1992,38.55218,68.76744,12
1992,38.57671,42.02071,2
1992,38.57906,-121.49101,1
1992,38.621,27.42864,1
1992,38.63686,27.00882,1
1992,38.69677,39.93223,1
1992,38.73684,41.49156,1
1992,38.74298,39.97253,1
1992,38.75038,40.55419,1
1992,38.76386,23.32146,1
1992,38.88845,40.50114,1
1992,38.95579,40.03604,2
1992,38.95648,30.12048,1
1992,38.96028,40.1175,2
1992,38.97141,41.05465,2
1992,39.00984,39.90006,1
1992,39.068,40.77764,2
1992,39.10802,39.21867,1
1992,39.17332,41.46292,2
1992,39.17609,-94.57413,1
1992,39.19371,43.28432,1
1992,39.21541,9.10932,1
1992,39.23056,43.87694,1
1992,39.23097,43.89485,1
1992,39.23387,42.86235,2
1992,39.29028,41.00583,2
1992,39.40275,40.86034,1
1992,39.47024,-0.3768,1
1992,39.51593,28.22816,1
1992,39.5274,-119.81341,2
1992,39.55027,44.0773,2
1992,39.56358,44.0063,1
1992,39.62692,43.0216,1
1992,39.63185,43.01982,2
1992,39.74232,46.74602,1
1992,39.74492,39.74492,2
1992,39.75652,46.74763,1
1992,39.76845,39.05065,1
1992,39.8298,46.75985,2
1992,39.88892,44.00129,1
1992,39.90482,41.2695,1
1992,39.90556,116.39583,1
1992,39.92004,44.04351,1
1992,39.93077,32.76754,15
1992,39.93667,46.8328,1
1992,40.03209,-3.60329,1
1992,40.03276,44.21202,1
1992,40.03912,43.65996,2
1992,40.06164,46.67331,1
1992,40.06191,41.6868,1
1992,40.0677,46.75119,1
1992,40.10241,-88.22716,1
1992,40.17547,9.04496,1
1992,40.18863,29.06085,2
1992,40.321,9.33036,1
1992,40.33831,48.16079,1
1992,40.35329,18.17402,1
1992,40.41724,49.90346,2
1992,40.4656,-3.69626,13
1992,40.46999,9.48587,3
1992,40.53201,41.53979,1
1992,40.58752,-122.39293,1
1992,40.61318,42.97662,2
1992,40.61722,43.97583,1
1992,40.62066,22.952,4
1992,40.62799,42.36256,1
1992,40.63618,17.93899,1
1992,40.69713,-73.93135,4
1992,40.78944,43.8475,1
1992,40.79284,42.60957,1
1992,40.83049,42.12926,1
1992,40.8401,14.25164,1
1992,40.8946,29.35276,1
1992,40.92594,14.03611,1
1992,40.93796,40.058,3
1992,40.96497,-5.66302,1
1992,41.0333,14.30189,1
1992,41.07595,41.75752,1
1992,41.10618,28.68986,147
1992,41.11295,42.70228,1
1992,41.11555,42.78939,1
1992,41.23562,13.09626,1
1992,41.24123,-3.7444,1
1992,41.25525,42.35561,1
1992,41.26667,69.21667,2
1992,41.31847,-8.14524,1
1992,41.3275,19.81889,2
1992,41.34509,1.69985,1
1992,41.36667,9.26684,1
1992,41.40064,2.15091,7
1992,41.40843,43.53941,1
1992,41.42366,34.97012,1
1992,41.45273,31.79187,1
1992,41.5308,2.08658,1
1992,41.54128,45.0277,1
1992,41.59137,9.27831,2
1992,41.59271,-0.93108,1
1992,41.59444,12.82635,1
1992,41.63318,8.85125,1
1992,41.64655,2.74163,1
1992,41.677,26.55565,1
1992,41.67806,-111.82515,1
1992,41.69134,12.77798,1
1992,41.70998,44.793,5
1992,41.73404,9.33455,3
1992,41.74516,-111.80974,1
1992,41.7952,-87.9774,1
1992,41.82014,41.77636,1
1992,41.8426,-87.68123,1
1992,41.89096,12.49007,7
1992,41.91889,8.73755,24
1992,41.93061,8.74291,20
1992,41.9818,2.8237,2
1992,42.01685,9.40398,1
1992,42.0675,19.51306,1
1992,42.14194,41.67639,3
1992,42.18211,2.48819,1
1992,42.19967,-122.71703,1
1992,42.22416,43.9632,2
1992,42.26877,42.0618,1
1992,42.2771,9.47476,2
1992,42.30941,9.14902,2
1992,42.34089,-3.69976,1
1992,42.35864,-71.0567,1
1992,42.48376,26.51076,1
1992,42.50207,41.86101,5
1992,42.52191,42.12767,1
1992,42.52618,41.78634,1
1992,42.54214,8.88642,1
1992,42.54234,41.85119,1
1992,42.55474,9.42405,3
1992,42.56527,42.08721,1
1992,42.6042,8.92985,1
1992,42.60503,42.06711,1
1992,42.65195,42.06521,1
1992,42.67248,21.16375,1
1992,42.69649,23.32601,1
1992,42.7,9.44732,16
1992,42.7112,41.46161,1
1992,42.73168,-84.47776,1
1992,42.81537,-1.65362,1
1992,42.84964,-2.69236,4
1992,42.87673,-2.70192,1
1992,42.90288,1.93348,1
1992,42.94998,44.81624,1
1992,42.97378,41.44218,3
1992,42.98542,47.45067,2
1992,42.99678,44.67674,1
1992,43.00732,40.98915,6
1992,43.02611,40.9306,1
1992,43.04513,44.2871,1
1992,43.14779,44.71528,1
1992,43.21519,-2.4157,1
1992,43.2547,76.91262,1
1992,43.25843,-2.92182,7
1992,43.29162,-1.9779,8
1992,43.2951,-0.3708,2
1992,43.29648,5.36978,6
1992,43.29722,-2.99167,1
1992,43.30911,40.25382,2
1992,43.31131,-1.9009,1
1992,43.31707,-2.67898,1
1992,43.32023,45.65449,5
1992,43.32335,-1.93043,1
1992,43.3261,-2.9877,1
1992,43.3282,-3.03151,1
1992,43.33417,17.79597,1
1992,43.33823,-1.78927,1
1992,43.34041,17.80837,3
1992,43.34872,-3.01009,1
1992,43.35361,-2.90746,2
1992,43.36175,45.411,1
1992,43.36253,-1.7915,1
1992,43.43924,-1.59006,1
1992,43.46096,-3.80793,1
1992,43.4814,-1.5147,1
1992,43.48412,43.62736,1
1992,43.49295,-1.47484,1
1992,43.52974,5.44743,1
1992,43.66667,-79.41667,1
1992,43.69604,7.26559,3
1992,43.72493,-1.05141,2
1992,43.76065,19.28925,1
1992,43.82564,87.61682,1
1992,43.85,18.25,1
1992,43.85,18.38333,11
1992,43.90785,18.13831,1
1992,44.04992,-123.08854,1
1992,44.11409,42.97968,1
1992,44.1142,15.25487,1
1992,44.14361,17.4,1
1992,44.16252,4.62008,2
1992,44.41472,19.12333,1
1992,44.43885,18.91239,1
1992,44.54278,18.66944,2
1992,44.73624,17.48088,1
1992,44.75475,19.21473,1
1992,44.81861,20.46806,2
1992,44.83779,-0.57918,3
1992,44.87278,18.80833,2
1992,44.8825,16.15139,1
1992,44.96498,-93.26019,1
1992,45.00998,18.3264,1
1992,45.14444,17.99647,1
1992,45.145,18.00166,1
1992,45.28798,18.80251,1
1992,45.34333,18.99972,1
1992,45.42153,-75.69719,2
1992,45.46921,9.17451,5
1992,45.5118,-122.67563,1
1992,45.53984,10.22296,2
1992,45.6949,9.66995,1
1992,45.76404,4.83566,1
1992,45.78607,4.92731,2
1992,45.81281,15.97828,1
1992,46.01348,8.9432,1
1992,46.05258,8.94685,1
1992,46.11667,8.93333,2
1992,46.19839,6.1423,1
1992,46.58976,-112.0212,1
1992,46.71694,29.62056,1
1992,46.78332,29.61686,1
1992,46.82498,29.46986,2
1992,46.84632,29.45374,1
1992,46.85281,29.63267,2
1992,46.86662,29.46686,1
1992,46.87726,-96.79025,1
1992,46.94792,7.44461,1
1992,47.007,29.29693,1
1992,47.1463,29.3017,1
1992,47.26637,29.15687,1
1992,47.49841,19.04076,1
1992,47.5697,-2.94519,1
1992,47.75084,7.33589,1
1992,47.7684,9.15933,1
1992,47.84637,16.52796,1
1992,47.85041,12.06079,1
1992,47.87594,15.88947,1
1992,47.90942,33.39197,1
1992,48.11348,-1.67571,2
1992,48.13913,11.58019,2
1992,48.14838,17.10731,1
1992,48.20817,16.37382,3
1992,48.27176,14.45041,1
1992,48.30694,14.28583,1
1992,48.39962,9.99661,1
1992,48.56697,13.43203,1
1992,48.58315,7.74788,4
1992,48.70846,9.00356,1
1992,48.77156,14.98511,1
1992,48.77711,9.18077,1
1992,48.85664,2.34233,12
1992,48.96023,2.54287,1
1992,49.015,12.09556,1
1992,49.03631,8.70978,1
1992,49.10795,9.13061,3
1992,49.31568,6.75035,4
1992,49.51738,8.24748,1
1992,49.59059,8.65803,1
1992,49.59488,8.46876,1
1992,49.61558,3.21942,1
1992,49.87242,8.65086,1
1992,49.89422,10.88556,1
1992,49.95258,8.63578,2
1992,49.98333,82.61667,1
1992,49.98397,7.96659,1
1992,50.05,72.95,1
1992,50.06373,19.9458,1
1992,50.08428,8.23872,1
1992,50.08781,14.42046,2
1992,50.11797,8.64419,2
1992,50.3567,7.59962,1
1992,50.58259,8.67211,1
1992,50.63137,3.06545,1
1992,50.73267,7.0963,4
1992,50.83643,4.36742,9
1992,50.87379,8.02341,1
1992,50.89782,13.66747,1
1992,50.89878,14.80935,1
1992,50.91667,11.28333,1
1992,50.9217,10.7989,2
1992,50.94066,6.95991,6
1992,50.96198,11.83941,1
1992,50.97373,11.02244,1
1992,51.01265,13.99891,1
1992,51.05099,13.73363,2
1992,51.05907,11.44231,1
1992,51.19126,6.44207,1
1992,51.21392,6.78069,2
1992,51.25587,7.14997,3
1992,51.31893,9.49601,1
1992,51.33967,12.37136,1
1992,51.43552,14.23953,1
1992,51.45531,-2.5919,1
1992,51.48217,11.96581,2
1992,51.50439,-0.14004,49
1992,51.50661,14.64331,1
1992,51.51153,7.09303,1
1992,51.5326,9.92844,1
1992,51.56633,4.93857,1
1992,51.56899,14.37753,1
1992,51.75552,11.04557,1
1992,51.76073,14.32749,1
1992,51.78356,11.14206,5
1992,51.86817,13.96938,2
1992,51.92422,4.48178,1
1992,51.95224,14.71482,1
1992,51.96471,7.6285,4
1992,51.9851,5.89873,1
1992,52.03579,11.24549,1
1992,52.0422,-0.7047,2
1992,52.06986,4.29111,5
1992,52.10666,13.70097,1
1992,52.13108,11.63658,2
1992,52.14171,10.9677,1
1992,52.1448,14.66958,1
1992,52.15611,5.38783,1
1992,52.22968,21.01223,3
1992,52.24311,10.21975,1
1992,52.24362,13.7677,1
1992,52.26008,6.16484,1
1992,52.28333,104.3,1
1992,52.3,76.95,1
1992,52.3277,13.16216,1
1992,52.33686,13.41445,1
1992,52.34617,16.87738,1
1992,52.37022,4.89517,2
1992,52.37207,9.73569,7
1992,52.39685,13.05848,1
1992,52.50153,13.40185,22
1992,52.63477,-1.12952,1
1992,52.70817,-2.75432,2
1992,52.75558,13.24104,1
1992,52.9219,-1.47564,1
1992,52.96308,13.80657,1
1992,53.07498,8.80708,1
1992,53.19208,13.14359,1
1992,53.36168,-6.24548,6
1992,53.46302,12.02558,1
1992,53.48071,-2.23438,2
1992,53.52017,12.68092,1
1992,53.5226,13.79316,7
1992,53.55381,9.99159,3
1992,53.55805,13.26122,1
1992,53.57847,-2.42991,1
1992,53.62574,11.41689,1
1992,53.6302,10.69156,1
1992,53.64516,-1.78493,1
1992,53.69914,10.00079,1
1992,53.73862,14.04294,1
1992,53.7501,-2.48471,1
1992,53.78688,-2.24532,1
1992,53.79676,12.17296,1
1992,53.79964,-1.54912,8
1992,53.81416,-3.05351,1
1992,53.83564,-2.21665,1
1992,53.88308,-1.26395,1
1992,53.97762,13.75385,1
1992,54.05287,13.77427,1
1992,54.07176,11.79192,1
1992,54.07731,-6.60879,1
1992,54.08327,12.10033,4
1992,54.0972,13.38799,3
1992,54.10153,-6.52644,1
1992,54.10689,11.90112,1
1992,54.15955,-6.45815,1
1992,54.18305,-6.34139,3
1992,54.2314,-6.03115,1
1992,54.2964,-7.87146,1
1992,54.32863,-5.71667,1
1992,54.34754,-6.65611,8
1992,54.35104,-6.26702,1
1992,54.37988,-7.31259,1
1992,54.42071,-6.44377,2
1992,54.44661,-6.69075,2
1992,54.46337,-6.3286,2
1992,54.47988,-6.22845,1
1992,54.48206,-8.08824,1
1992,54.50853,-6.76313,4
1992,54.51569,-6.05572,2
1992,54.53671,-6.70361,3
1992,54.53792,-6.88546,1
1992,54.59456,-6.93139,1
1992,54.59546,-5.79776,1
1992,54.60771,-5.95621,124
1992,54.61649,-5.95597,1
1992,54.64586,-6.74515,2
1992,54.65548,-5.67482,1
1992,54.6718,-5.95718,1
1992,54.67325,-7.62748,1
1992,54.78772,-6.49231,6
1992,54.78808,-7.47303,1
1992,54.86186,23.96316,1
1992,54.86312,-6.27834,6
1992,54.89512,-2.93357,1
1992,54.95108,-6.559,1
1992,54.95382,-6.48,1
1992,54.95937,-1.60182,2
1992,55.01156,-7.31204,11
1992,55.02639,-7.18048,1
1992,55.07114,-6.51315,1
1992,55.12934,-6.66344,1
1992,55.67608,12.56832,4
1992,55.75138,37.57991,5
1992,56.98057,23.87268,1
1992,57.04752,24.42028,1
1992,57.69699,11.9865,1
1992,58.70975,13.82374,1
1992,59.23727,17.98118,1
1992,59.26236,23.87417,1
1992,59.33279,18.06449,8
1992,59.35869,18.00183,1
1992,59.44269,24.7532,1
1992,59.85337,30.34843,1
1992,59.91387,10.75224,2
1992,60.16981,24.93824,1
1994,-38.73413,-72.58465,2
1994,-37.99757,-57.54823,1
1994,-37.81319,144.96298,3
1994,-37.13699,-63.66674,1
1994,-36.84846,174.76333,1
1994,-35.30824,149.12422,1
1994,-34.92873,138.59994,1
1994,-34.89115,-56.18721,4
1994,-34.61768,-58.44444,9
1994,-34.59954,138.74914,1
1994,-34.04008,18.6778,1
1994,-33.94185,18.41964,1
1994,-33.87365,151.20689,2
1994,-33.80888,-59.50468,1
1994,-33.65252,26.40756,6
1994,-33.46814,-70.3354,1
1994,-33.36624,-70.5053,11
1994,-32.98577,27.86609,1
1994,-32.94926,27.73496,1
1994,-31.95285,115.85734,1
1994,-31.4427,29.41849,1
1994,-31.41324,23.94748,1
1994,-30.91966,30.2541,1
1994,-30.87372,30.27385,1
1994,-30.86029,30.28731,1
1994,-30.84974,30.36526,1
1994,-30.76745,30.41517,1
1994,-30.75144,30.33776,1
1994,-30.74981,30.45005,2
1994,-30.7387,30.28186,1
1994,-30.57148,30.57305,1
1994,-30.55185,29.42499,2
1994,-30.0311,30.86774,1
1994,-30.02792,29.84125,1
1994,-29.9849,30.70334,2
1994,-29.98306,30.92177,1
1994,-29.96582,30.88298,9
1994,-29.93178,29.87823,1
1994,-29.8881,30.24412,1
1994,-29.86182,31.00829,13
1994,-29.79545,29.7664,1
1994,-29.76764,30.9131,1
1994,-29.75086,30.98335,4
1994,-29.74157,30.9814,1
1994,-29.73954,30.9483,2
1994,-29.68831,30.18725,2
1994,-29.68401,30.93243,2
1994,-29.67029,30.97048,1
1994,-29.65888,30.85503,1
1994,-29.60144,30.3767,1
1994,-29.56959,31.1169,1
1994,-29.52956,30.93269,5
1994,-29.39199,30.94568,1
1994,-29.33494,31.28875,1
1994,-29.31001,27.48008,2
1994,-29.07265,30.6069,1
1994,-28.96098,31.75008,1
1994,-28.95108,28.25266,1
1994,-28.92874,29.61561,1
1994,-28.8889,31.44909,1
1994,-28.86831,31.91686,3
1994,-28.86782,31.91637,1
1994,-28.75225,31.89317,1
1994,-28.60892,29.92596,2
1994,-28.60365,32.0863,2
1994,-28.55981,29.78013,1
1994,-28.46594,30.15649,1
1994,-28.41656,32.18266,1
1994,-28.31152,31.41821,2
1994,-28.27553,29.13324,2
1994,-28.16259,30.23362,1
1994,-27.89155,31.64517,1
1994,-27.84955,26.36485,1
1994,-27.8308,25.90965,1
1994,-27.75095,30.07112,2
1994,-27.74358,29.93544,1
1994,-27.64789,25.59041,1
1994,-26.85826,26.63252,1
1994,-26.81044,27.82708,1
1994,-26.80167,26.00079,1
1994,-26.67195,27.92939,1
1994,-26.53081,25.7994,1
1994,-26.36318,28.15222,4
1994,-26.35316,28.13273,9
1994,-26.32584,27.45288,1
1994,-26.31662,26.81629,3
1994,-26.28061,27.7037,1
1994,-26.2527,27.87028,2
1994,-26.21434,28.16787,1
1994,-26.20931,28.26195,1
1994,-26.18411,28.03323,19
1994,-26.17848,27.70325,1
1994,-26.1072,28.05829,1
1994,-26.09584,27.75859,1
1994,-26.00412,28.21116,2
1994,-25.89197,32.60513,1
1994,-25.8666,26.89982,1
1994,-25.84006,25.59322,1
1994,-25.74828,28.21207,3
1994,-25.74336,28.18529,1
1994,-25.66136,27.24756,1
1994,-25.28277,-57.63561,2
1994,-24.70116,28.40536,1
1994,-23.55071,-46.63348,4
1994,-22.90828,-43.19703,10
1994,-22.56113,17.06573,1
1994,-22.35115,30.03977,1
1994,-21.52638,-64.17331,1
1994,-20.02515,-63.52149,1
1994,-18.41458,35.02252,1
1994,-18.01978,31.06791,1
1994,-16.50932,-68.10434,6
1994,-16.1936,-71.51898,2
1994,-14.31884,-74.37817,1
1994,-13.72041,-74.17097,1
1994,-13.65311,-73.95396,1
1994,-13.28251,-176.17645,1
1994,-12.64208,-74.86307,1
1994,-12.3832,16.93384,3
1994,-12.2298,-76.85957,1
1994,-12.2034,-75.7993,1
1994,-12.06831,-75.21016,1
1994,-12.04637,-77.04279,1
1994,-11.96737,-76.97846,60
1994,-11.84755,43.31735,1
1994,-11.05715,-75.06112,1
1994,-10.92587,-74.8731,1
1994,-10.7327,13.76884,1
1994,-10.68359,-76.25621,1
1994,-10.67476,-77.81807,1
1994,-10.59698,40.51017,1
1994,-9.94069,-76.24107,1
1994,-9.91263,-75.94256,1
1994,-9.69356,20.42677,1
1994,-9.64979,-35.70898,1
1994,-9.52992,-77.5288,1
1994,-9.48452,-77.51395,1
1994,-9.48155,147.19024,1
1994,-9.28669,14.21368,1
1994,-9.0634,-78.58361,1
1994,-8.89861,-75.62722,1
1994,-8.75258,-76.12185,2
1994,-8.54966,125.5666,1
1994,-8.18885,-76.51084,1
1994,-6.92405,106.9222,1
1994,-6.7766,-79.8443,2
1994,-6.7465,155.68517,1
1994,-6.58019,-79.23621,1
1994,-6.20882,106.84605,2
1994,-6.15837,155.3822,1
1994,-5.98815,-79.74739,1
1994,-5.83116,-47.06768,2
1994,-5.56039,14.4374,1
1994,-5.56032,12.1904,1
1994,-5.39344,12.20633,1
1994,-5.25,14.86667,1
1994,-5.23899,-79.4507,1
1994,-4.38917,15.33762,3
1994,-4.23247,-74.21793,3
1994,-4.22536,15.25106,8
1994,-3.37583,29.36411,10
1994,-3.2588,-79.95948,1
1994,-3.02092,30.3624,1
1994,-2.93621,29.56987,1
1994,-2.89535,29.83372,1
1994,-2.60774,29.73619,1
1994,-2.58514,30.09136,1
1994,-2.58175,30.09642,1
1994,-2.52749,29.73392,1
1994,-2.51603,29.26804,1
1994,-2.07965,30.55813,1
1994,-2.07797,30.07224,1
1994,-1.96325,29.99518,1
1994,-1.94901,30.05785,24
1994,-1.93279,30.33246,1
1994,-1.66394,29.98706,1
1994,-1.6585,29.22046,1
1994,-1.4557,-48.49003,1
1994,-1.28518,36.82111,3
1994,-0.63024,41.98452,1
1994,-0.45612,39.64612,1
1994,-0.35785,42.54665,2
1994,-0.25419,-79.17205,1
1994,-0.21119,-78.52263,3
1994,-0.18645,-76.64697,1
1994,0.35085,32.58022,1
1994,0.41281,9.46086,1
1994,0.49534,42.77789,1
1994,0.49765,-76.49768,1
1994,0.51556,42.07333,1
1994,0.57728,31.537,1
1994,0.60458,33.47198,1
1994,0.66643,-76.87192,1
1994,0.74522,-75.23414,1
1994,0.86989,-73.84191,1
1994,0.9623,-77.73246,1
1994,1.03033,-76.61475,1
1994,1.07844,34.18101,2
1994,1.12216,42.65716,1
1994,1.2053,-76.91619,1
1994,1.27986,103.84899,1
1994,1.63999,42.45234,1
1994,1.71619,44.76886,2
1994,1.74683,40.05345,1
1994,1.84306,-76.94111,1
1994,2.04392,-72.33111,1
1994,2.05982,45.32612,36
1994,2.35913,45.38367,2
1994,2.56426,-72.63798,1
1994,2.77168,32.28842,2
1994,2.77726,45.50064,1
1994,2.79797,32.31508,1
1994,2.87797,32.72409,1
1994,2.92556,-75.29078,2
1994,3.03033,30.9073,1
1994,3.0358,-76.40833,1
1994,3.11564,43.64658,5
1994,3.22872,-76.41931,1
1994,3.27199,-73.08775,1
1994,3.28848,32.87895,1
1994,3.32222,-76.23472,1
1994,3.36081,31.84772,2
1994,3.4207,-76.52212,1
1994,3.42934,-76.51604,6
1994,3.53962,39.05109,1
1994,3.65667,-76.68833,1
1994,3.68415,-76.31235,1
1994,3.72273,31.97283,1
1994,3.89972,-76.30203,1
1994,4.01,-75.60381,1
1994,4.15127,-73.63872,2
1994,4.30831,-74.30138,1
1994,4.31195,6.24629,1
1994,4.37474,18.55129,1
1994,4.43891,-75.23223,1
1994,4.51297,-73.9212,1
1994,4.53581,-76.10659,1
1994,4.5823,-74.21946,1
1994,4.5981,-74.07603,3
1994,4.66713,-74.10606,17
1994,4.72067,-73.9685,3
1994,4.73538,45.2024,2
1994,4.80998,-75.84904,1
1994,4.81428,-75.69456,1
1994,4.87411,-74.56226,1
1994,4.95035,8.32476,1
1994,4.98248,-54.99194,1
1994,4.98457,-75.60488,1
1994,5.06787,-75.51748,1
1994,5.08414,-75.7903,1
1994,5.17069,-72.54683,2
1994,5.19688,-73.14554,1
1994,5.20115,-75.868,1
1994,5.21389,-72.86952,1
1994,5.26541,-76.55651,1
1994,5.29307,-72.70293,1
1994,5.6666,-67.6285,2
1994,5.68201,-67.64087,1
1994,5.80083,-72.1675,1
1994,5.80299,-73.97168,1
1994,5.88054,-71.89239,1
1994,5.8808,-10.0466,1
1994,5.9204,-0.05342,1
1994,6.025,-71.7028,1
1994,6.04009,-72.63664,1
1994,6.05046,121.01224,1
1994,6.11553,1.20204,1
1994,6.11622,125.1694,4
1994,6.15782,-75.6436,1
1994,6.17215,-75.60957,1
1994,6.17255,1.23157,9
1994,6.18694,-72.4725,1
1994,6.19009,101.79796,1
1994,6.23084,-9.81249,1
1994,6.24203,-75.56477,51
1994,6.26467,-73.29838,1
1994,6.29074,-10.76052,1
1994,6.33376,1.52814,1
1994,6.35561,-73.24064,1
1994,6.36667,2.43333,3
1994,6.39503,-75.25944,1
1994,6.42062,121.97351,1
1994,6.47116,-75.16472,1
1994,6.5455,101.2799,1
1994,6.58,-8.42,1
1994,6.59845,-75.01156,1
1994,6.61891,3.30553,3
1994,6.62792,-72.62677,1
1994,6.6378,124.59914,1
1994,6.6605,122.13899,1
1994,6.68355,-71.14909,1
1994,6.69971,-72.73301,1
1994,6.70041,121.97256,1
1994,6.70068,101.43398,2
1994,6.70278,124.68342,1
1994,6.70335,121.96869,4
1994,6.75389,-72.97241,1
1994,6.85595,79.86297,2
1994,6.86281,124.44365,1
1994,6.86786,101.25207,2
1994,6.92909,122.07885,2
1994,6.94184,79.86169,6
1994,6.9462,1.16891,1
1994,6.95284,-71.87514,1
1994,6.97895,-75.29625,1
1994,6.98848,-73.05084,1
1994,7.01398,100.47124,2
1994,7.06005,-73.85312,1
1994,7.06253,-73.08581,1
1994,7.06749,-73.16942,1
1994,7.07786,-74.70355,1
1994,7.08324,125.601,2
1994,7.08582,-70.75779,1
1994,7.0928,79.99461,1
1994,7.10736,124.82777,1
1994,7.11629,-73.12003,3
1994,7.19951,124.79698,4
1994,7.20959,124.24197,2
1994,7.25286,80.34315,1
1994,7.2565,80.72144,1
1994,7.29384,80.64067,1
1994,7.30176,81.67473,1
1994,7.32954,80.02275,1
1994,7.34492,124.03272,1
1994,7.44146,-77.11896,1
1994,7.48857,80.36516,1
1994,7.59072,122.14384,1
1994,7.59093,99.63414,1
1994,7.63714,123.30377,1
1994,7.70812,-11.6926,1
1994,7.71667,81.70019,4
1994,7.77792,-11.72532,1
1994,7.79066,-11.88917,2
1994,7.86322,-11.19572,1
1994,7.88232,-76.63063,1
1994,7.8942,-72.50388,1
1994,7.90874,124.39745,1
1994,7.93643,-11.34807,3
1994,7.93952,81.00096,2
1994,7.98431,98.33075,1
1994,8.00258,124.29297,1
1994,8.00467,124.2913,2
1994,8.02765,-11.10358,1
1994,8.11406,123.89685,1
1994,8.17361,-76.05917,1
1994,8.18548,-11.13484,1
1994,8.22953,79.75961,1
1994,8.24004,124.24477,4
1994,8.24589,34.59197,1
1994,8.24738,-10.89031,1
1994,8.28339,-76.3834,1
1994,8.3112,-10.84871,1
1994,8.34519,80.38813,2
1994,8.38565,99.50617,1
1994,8.4304,99.96312,1
1994,8.44011,80.50494,1
1994,8.50956,124.65073,1
1994,8.51137,-73.4468,1
1994,8.57451,-73.09339,1
1994,8.58702,123.34203,1
1994,8.62315,-70.2371,1
1994,8.63015,-11.66231,1
1994,8.63676,-11.47225,2
1994,8.64591,99.94092,1
1994,8.66049,-11.05916,1
1994,8.84853,-9.63009,1
1994,8.96404,80.78794,4
1994,8.97715,38.77323,2
1994,8.98012,79.91246,1
1994,8.99427,-79.51879,2
1994,9.04537,-11.74811,1
1994,9.06655,7.48324,1
1994,9.12617,-12.91765,1
1994,9.14513,-75.50938,2
1994,9.25778,-73.81222,1
1994,9.33729,-73.65362,2
1994,9.35009,-11.70683,1
1994,9.35858,-79.90002,1
1994,9.41274,-0.11717,2
1994,9.575,80.46611,2
1994,9.6535,98.87958,1
1994,9.73889,-82.84556,1
1994,9.74807,79.88288,2
1994,9.82559,-73.79779,1
1994,10.14243,15.47418,1
1994,10.3879,-73.1698,1
1994,10.41371,-75.53355,5
1994,10.43959,45.01432,1
1994,10.48283,-66.96213,9
1994,10.5214,-74.18671,1
1994,10.5302,7.43734,2
1994,10.6063,104.1819,1
1994,10.79765,-61.31041,1
1994,10.82926,106.63307,1
1994,10.98141,-74.77832,2
1994,11.0544,105.81676,1
1994,11.07619,14.56846,1
1994,11.1172,103.74404,1
1994,11.27838,104.21416,1
1994,11.31667,-12.28333,1
1994,11.35477,-72.52048,1
1994,11.55883,104.91744,5
1994,11.58859,43.14534,2
1994,11.67084,104.94947,1
1994,11.72392,-85.82205,1
1994,11.77507,-72.44097,1
1994,11.8162,104.9747,1
1994,11.99141,105.4654,2
1994,12.09284,14.84083,1
1994,12.10382,-86.26701,11
1994,12.21652,103.12403,1
1994,12.25,104.66667,1
1994,12.30814,76.28935,1
1994,12.37903,14.22436,1
1994,12.53314,104.2005,1
1994,12.53333,103.91667,1
1994,12.57007,-86.27921,1
1994,12.57654,104.20798,1
1994,12.64468,-8.00377,1
1994,12.64848,-7.99414,1
1994,12.67373,14.28416,1
1994,12.85269,44.89484,3
1994,12.92477,104.9434,1
1994,12.9716,77.59456,2
1994,13.0,105.0,3
1994,13.08268,80.27072,1
1994,13.1,103.2,4
1994,13.1003,103.19989,2
1994,13.17814,44.6324,1
1994,13.19676,-86.60169,1
1994,13.2546,102.88025,2
1994,13.2833,103.1,1
1994,13.34432,-88.43746,1
1994,13.34464,103.84706,1
1994,13.43489,-85.62164,1
1994,13.4451,-88.24612,1
1994,13.45306,-16.5775,1
1994,13.49124,-88.17313,1
1994,13.49167,7.09639,3
1994,13.5032,1.2872,1
1994,13.5443,-86.16517,1
1994,13.57772,104.26482,1
1994,13.58111,102.9796,1
1994,13.58844,-89.23628,1
1994,13.62679,-85.8254,1
1994,13.65,102.56667,1
1994,13.67694,-89.27972,1
1994,13.69288,-89.19916,14
1994,13.69992,123.49299,1
1994,13.70362,-89.71501,1
1994,13.73864,-88.97986,1
1994,13.78579,100.56085,4
1994,13.80085,104.02918,1
1994,13.88262,4.03014,1
1994,13.97629,45.56,1
1994,14.0833,-87.2167,3
1994,14.09262,104.9398,1
1994,14.29778,-90.78694,1
1994,14.3836,-90.6023,1
1994,14.39048,104.67923,1
1994,14.45418,-87.64308,1
1994,14.46634,75.92384,1
1994,14.53333,-91.5,1
1994,14.54397,49.12458,1
1994,14.54943,121.03359,1
1994,14.58251,121.08424,1
1994,14.59605,120.97867,22
1994,14.60813,-90.66063,1
1994,14.62287,-90.52907,54
1994,14.62916,101.02593,1
1994,14.67428,121.0575,1
1994,14.7,-91.86667,2
1994,14.70208,-91.2506,9
1994,14.76143,-90.99188,1
1994,14.7645,-17.36603,2
1994,14.79191,-91.71342,1
1994,14.79194,-91.92056,1
1994,14.85532,-91.62434,1
1994,14.93096,-91.90992,1
1994,14.93333,-91.11667,1
1994,14.97385,102.08365,1
1994,14.98922,-83.17201,1
1994,15.1742,44.48357,1
1994,15.21203,-85.76923,1
1994,15.23702,44.48794,1
1994,15.24734,-87.8769,1
1994,15.29933,74.124,1
1994,15.32544,44.2119,5
1994,15.36566,-90.47916,1
1994,15.38752,-92.18825,1
1994,15.42399,44.89514,1
1994,15.44989,45.01869,1
1994,15.45639,45.32487,1
1994,15.49838,-90.98207,1
1994,15.59262,32.55096,1
1994,15.60447,32.52914,1
1994,15.63005,44.16314,2
1994,15.64758,32.48069,2
1994,15.66682,0.50853,1
1994,15.72305,43.95734,1
1994,15.74326,-92.28566,1
1994,15.9129,79.73999,2
1994,15.92969,-3.99322,1
1994,15.96652,-92.62885,1
1994,15.98745,-90.78419,1
1994,16.02331,-91.89793,1
1994,16.27397,-0.04107,3
1994,16.3119,-91.98028,1
1994,16.33891,-92.56344,1
1994,16.45274,120.58424,1
1994,16.66739,-92.56495,1
1994,16.68778,98.50833,1
1994,16.7386,-92.63323,2
1994,16.75693,-93.12924,1
1994,16.77427,-92.13126,1
1994,16.77532,-3.00826,1
1994,16.78401,-92.68963,1
1994,16.86344,-99.8816,1
1994,16.88333,-1.91667,1
1994,16.88357,97.64277,1
1994,16.90639,-92.09374,1
1994,16.90663,1.52086,1
1994,16.91203,-90.29958,1
1994,16.97389,7.99083,1
1994,17.00861,-100.0871,1
1994,17.14058,-92.71091,1
1994,17.65,-92.6,1
1994,17.72516,97.73582,2
1994,17.97336,79.59996,2
1994,18.02143,-76.79828,1
1994,18.18333,-76.46667,1
1994,18.34775,-100.65415,1
1994,18.43856,79.12884,2
1994,18.44409,-73.08804,1
1994,18.45679,-69.95116,1
1994,18.46667,-97.4,1
1994,18.51667,-72.5,1
1994,18.52772,-72.33284,19
1994,18.6725,78.09409,1
1994,18.74866,99.16776,1
1994,18.79098,98.96078,2
1994,19.03602,-98.21435,1
1994,19.0413,-98.2062,1
1994,19.07559,-70.60159,1
1994,19.07598,72.87766,2
1994,19.10893,-72.69755,1
1994,19.14343,-72.00389,1
1994,19.24647,-99.10135,1
1994,19.37189,-99.08662,9
1994,19.41362,-102.05278,1
1994,19.45,-72.68333,2
1994,19.47944,-99.23833,1
1994,19.56652,-101.70683,1
1994,19.58035,-70.98743,5
1994,19.67213,-99.18096,1
1994,19.75778,-72.20417,1
1994,19.84444,-72.5227,1
1994,20.20738,78.96948,1
1994,20.46268,85.88325,1
1994,20.58879,-100.38989,1
1994,20.67334,-103.34418,1
1994,20.78321,97.03882,1
1994,21.01858,-101.2591,1
1994,21.09754,81.03778,1
1994,21.24864,72.81794,1
1994,21.54316,39.17491,2
1994,21.8059,78.24243,1
1994,22.2602,101.74034,1
1994,22.28187,114.16133,3
1994,22.3419,91.81512,6
1994,22.40804,114.11276,1
1994,22.49422,89.60162,24
1994,22.52056,-79.46694,1
1994,22.52822,91.92368,1
1994,22.5431,114.05787,1
1994,22.71848,89.07048,1
1994,22.84564,89.54033,3
1994,22.94828,91.39778,1
1994,22.97342,78.65689,1
1994,23.0408,91.8733,1
1994,23.13194,-82.36417,7
1994,23.13806,78.95139,1
1994,23.22447,90.65436,1
1994,23.58796,72.36932,1
1994,23.619,90.49803,3
1994,23.79128,90.4182,26
1994,24.14333,120.68139,1
1994,24.45539,89.69995,1
1994,24.47984,118.08942,1
1994,24.62872,93.76132,2
1994,24.66372,93.90627,1
1994,24.89112,67.14331,119
1994,24.97631,32.87637,3
1994,25.09108,121.55983,3
1994,25.09539,94.36165,1
1994,25.13333,121.73333,1
1994,25.21393,84.98956,1
1994,25.28334,113.05752,1
1994,25.31764,82.97391,1
1994,25.33559,96.80632,1
1994,25.71468,32.7175,2
1994,25.77459,-80.2142,3
1994,25.9,32.71667,1
1994,25.90627,93.72759,1
1994,25.99509,32.81904,2
1994,26.05139,32.23861,2
1994,26.07451,119.29649,1
1994,26.08861,32.42444,1
1994,26.12089,85.36472,2
1994,26.17,32.72722,3
1994,26.2006,92.93757,5
1994,26.217,50.58741,1
1994,26.32901,91.00543,16
1994,26.44992,80.33187,1
1994,26.55,31.7,1
1994,26.55907,31.69567,1
1994,26.5719,31.63836,1
1994,26.74602,92.09594,1
1994,26.76806,31.49389,1
1994,26.76917,31.50194,1
1994,26.83361,92.22389,1
1994,26.84669,80.94617,1
1994,26.87567,31.32828,1
1994,26.91667,31.43333,2
1994,26.93305,85.28001,1
1994,26.96456,31.37904,3
1994,26.99256,31.41381,10
1994,27.0324,31.30269,1
1994,27.04535,31.31928,4
1994,27.06314,31.35966,1
1994,27.1,31.28333,1
1994,27.13861,31.17528,1
1994,27.18112,31.17943,13
1994,27.18333,-0.15,1
1994,27.20533,33.80377,1
1994,27.25038,31.12521,1
1994,27.29497,88.25342,1
1994,27.31284,30.96739,3
1994,27.35068,68.52164,1
1994,27.35542,30.95132,1
1994,27.38333,30.88333,1
1994,27.39028,30.89306,1
1994,27.44042,30.81781,6
1994,27.44169,30.74682,1
1994,27.49111,30.83889,1
1994,27.53297,88.51222,2
1994,27.55779,30.81189,4
1994,27.64139,30.84944,1
1994,27.72993,30.84578,1
1994,27.73236,30.84377,26
1994,27.75139,30.86528,1
1994,27.78333,30.8,1
1994,27.79861,30.77278,3
1994,27.79869,30.77262,1
1994,27.82725,30.79689,2
1994,27.92987,30.83803,3
1994,27.98874,82.30177,1
1994,28.09744,30.7565,4
1994,28.25756,29.97342,1
1994,28.31216,65.66389,2
1994,28.58584,77.15334,5
1994,28.69007,77.21398,3
1994,29.07437,31.0985,1
1994,29.29722,-110.33088,1
1994,29.3477,47.94912,1
1994,29.48358,60.8627,4
1994,29.61763,48.15056,1
1994,29.94569,78.16425,1
1994,30.08463,31.33431,12
1994,30.19784,71.46763,3
1994,30.20082,66.99435,1
1994,30.31278,31.32111,1
1994,30.42084,-87.21724,1
1994,30.44269,48.18399,1
1994,30.47694,35.52056,1
1994,30.6586,104.06486,2
1994,30.68944,31.82083,1
1994,30.75861,31.73583,1
1994,30.98165,48.20598,1
1994,31.0705,35.03053,1
1994,31.07858,109.87605,1
1994,31.19806,29.91917,2
1994,31.24848,34.78785,2
1994,31.27685,72.32133,1
1994,31.27879,34.25644,7
1994,31.28,31.67639,1
1994,31.30819,34.288,4
1994,31.30833,34.28806,1
1994,31.34696,34.30143,2
1994,31.34802,34.49109,1
1994,31.35558,34.27436,2
1994,31.35655,34.3269,2
1994,31.3583,34.31805,3
1994,31.36676,34.30001,1
1994,31.36689,34.31676,1
1994,31.39667,35.06611,1
1994,31.40882,73.08302,1
1994,31.41891,34.3526,1
1994,31.4446,35.09107,1
1994,31.50241,34.45974,57
1994,31.50547,74.34288,6
1994,31.53024,35.09416,37
1994,31.53783,34.48953,4
1994,31.57841,35.10207,4
1994,31.63108,65.74223,1
1994,31.70434,35.19436,8
1994,31.70856,35.13333,1
1994,31.73333,-106.48333,1
1994,31.76964,35.27191,1
1994,31.77071,35.2691,1
1994,31.7716,35.2034,15
1994,31.77755,35.23912,1
1994,31.78484,35.22461,2
1994,31.79009,34.76167,1
1994,31.82144,34.66517,3
1994,31.85104,35.1831,1
1994,31.86147,35.20843,1
1994,31.8625,35.46188,3
1994,31.87244,35.22593,1
1994,31.88939,34.8099,1
1994,31.89814,35.17324,1
1994,31.90714,35.19822,4
1994,31.91914,-1.83848,1
1994,31.92879,34.86666,1
1994,31.95,35.93333,5
1994,31.97054,34.79172,1
1994,31.97506,74.2233,1
1994,31.9754,35.19624,1
1994,31.99596,35.27111,6
1994,32.00426,35.27655,1
1994,32.08297,34.81189,6
1994,32.10905,35.1079,1
1994,32.12541,35.34648,1
1994,32.12962,35.04845,1
1994,32.19124,34.97595,1
1994,32.22227,35.25351,9
1994,32.25326,35.18908,1
1994,32.29869,-90.18049,1
1994,32.31197,35.0266,2
1994,32.33921,71.87915,1
1994,32.43479,34.92157,1
1994,32.46062,35.30125,1
1994,32.49354,74.53034,1
1994,32.49368,-116.95295,2
1994,32.52081,47.37717,1
1994,32.54052,75.96229,1
1994,32.60888,35.28997,2
1994,32.65246,51.67462,1
1994,32.6813,48.24673,1
1994,32.6891,47.26898,1
1994,32.71569,-117.16172,2
1994,32.7266,74.85703,5
1994,32.79392,34.99062,1
1994,32.8031,130.70789,1
1994,32.83333,35.33333,3
1994,32.9,35.33333,1
1994,32.91372,72.17822,1
1994,32.94255,3.25322,1
1994,33.11725,35.42888,1
1994,33.12699,35.21907,1
1994,33.13417,35.33278,1
1994,33.13845,35.3648,2
1994,33.14575,75.54805,2
1994,33.15892,35.42112,1
1994,33.16583,35.39,1
1994,33.17611,35.44333,1
1994,33.22865,35.48641,2
1994,33.27357,35.46366,1
1994,33.30357,44.37177,7
1994,33.32427,35.49416,1
1994,33.32583,35.42444,1
1994,33.32941,35.61485,1
1994,33.3315,35.52586,2
1994,33.34749,35.74916,1
1994,33.36083,35.51944,1
1994,33.37172,74.31531,1
1994,33.40717,35.55566,2
1994,33.42095,43.29566,2
1994,33.43407,35.53375,1
1994,33.44439,35.56762,1
1994,33.46385,35.57652,1
1994,33.47454,35.35925,3
1994,33.48778,48.35583,1
1994,33.4925,35.58722,1
1994,33.51642,73.89884,2
1994,33.52111,35.48333,1
1994,33.54135,35.58622,1
1994,33.542,35.38115,2
1994,33.55043,35.37096,4
1994,33.57786,-101.85481,3
1994,33.59401,73.06908,1
1994,33.61216,74.92548,1
1994,33.63429,46.41542,1
1994,33.67164,73.05607,4
1994,33.68028,1.02028,1
1994,33.73222,75.15791,1
1994,33.73334,75.14898,2
1994,33.77817,76.57617,2
1994,33.7895,75.10339,1
1994,33.87403,74.9015,1
1994,33.88852,35.50351,7
1994,33.95335,-117.39616,1
1994,33.99985,45.49406,1
1994,34.006,71.53743,3
1994,34.01608,75.31498,1
1994,34.02119,-6.84115,1
1994,34.03328,-4.99996,1
1994,34.03492,36.22784,2
1994,34.08374,74.7899,12
1994,34.09787,-118.40738,1
1994,34.14658,71.74354,1
1994,34.20514,74.34949,1
1994,34.2056,74.35387,1
1994,34.22581,74.64102,1
1994,34.26402,74.90106,1
1994,34.3965,72.61583,1
1994,34.40889,69.15556,1
1994,34.41668,71.92459,1
1994,34.5169,69.14701,5
1994,34.52618,74.25461,1
1994,34.69374,135.50216,1
1994,34.72059,-1.39107,1
1994,34.77201,32.42974,1
1994,34.77448,72.36405,1
1994,34.79264,48.5177,2
1994,34.84075,0.14947,1
1994,34.88278,-1.31667,1
1994,34.88333,-0.55,2
1994,34.90472,-1.03389,1
1994,35.09824,0.35601,1
1994,35.10652,32.88811,1
1994,35.15,33.33333,1
1994,35.16677,33.36762,3
1994,35.2,-0.63333,1
1994,35.20855,4.17402,1
1994,35.21683,-1.58879,1
1994,35.33972,3.52694,1
1994,35.37849,1.32569,3
1994,35.3919,0.13819,3
1994,35.40714,8.12086,1
1994,35.45889,-0.00556,1
1994,35.52832,-0.19369,1
1994,35.55947,6.18046,1
1994,35.56701,45.38549,3
1994,35.58333,0.06667,2
1994,35.68912,139.74774,7
1994,35.69694,-0.63306,8
1994,35.72453,51.40519,11
1994,35.73333,0.55,1
1994,35.76056,0.80056,1
1994,35.82706,0.9655,1
1994,35.84972,66.43694,1
1994,35.86621,7.12037,1
1994,35.88556,2.75083,1
1994,35.92296,5.29604,1
1994,35.93333,0.08333,2
1994,35.94798,2.11469,1
1994,35.96111,0.91889,1
1994,36.06667,1.13333,1
1994,36.09038,28.08568,1
1994,36.11423,1.50743,1
1994,36.16525,1.33452,4
1994,36.17939,5.325,1
1994,36.18333,1.53333,1
1994,36.18898,5.41442,1
1994,36.19259,44.00462,3
1994,36.21859,3.81974,1
1994,36.26667,1.96667,5
1994,36.26667,2.21667,1
1994,36.26667,2.75,3
1994,36.31395,28.09607,1
1994,36.32396,59.55696,6
1994,36.35,6.6,6
1994,36.37489,3.902,4
1994,36.44324,28.22701,1
1994,36.45203,28.22443,1
1994,36.46961,52.35077,1
1994,36.48045,2.83388,13
1994,36.54057,3.9577,1
1994,36.54178,3.081,1
1994,36.56222,3.59444,1
1994,36.56332,53.06009,1
1994,36.57412,2.91214,3
1994,36.58715,2.44311,3
1994,36.61667,3.21667,2
1994,36.63709,3.69474,1
1994,36.64969,2.99875,1
1994,36.65,3.33057,1
1994,36.65499,3.40568,1
1994,36.66655,3.09606,1
1994,36.68344,7.75005,1
1994,36.69692,3.0954,1
1994,36.70456,3.02462,1
1994,36.70768,2.91022,2
1994,36.71467,3.10638,1
1994,36.71617,3.15036,1
1994,36.71637,4.04983,4
1994,36.71667,3.11667,1
1994,36.72172,3.11823,1
1994,36.72735,3.40995,1
1994,36.72778,3.55389,1
1994,36.73333,68.86667,1
1994,36.74239,3.72282,1
1994,36.74288,3.72087,1
1994,36.76029,3.4724,6
1994,36.76376,3.05541,65
1994,36.76516,3.25009,1
1994,36.76704,8.31724,1
1994,36.76708,8.3149,1
1994,36.7723,5.95728,1
1994,36.77469,5.89891,1
1994,36.78286,3.30325,1
1994,36.79068,3.24952,1
1994,36.79885,6.15721,1
1994,36.80246,34.62976,2
1994,36.80278,10.17972,1
1994,36.8035,3.56382,1
1994,36.81732,5.88969,1
1994,36.8219,5.7661,5
1994,36.82564,6.88826,1
1994,36.83576,7.45707,1
1994,36.84683,-76.28507,1
1994,36.85465,28.27181,4
1994,36.87617,6.90921,1
1994,36.89124,4.12322,1
1994,36.90165,54.07088,1
1994,36.90278,7.7552,1
1994,36.91955,3.8914,1
1994,36.97559,38.4264,2
1994,36.98029,-76.42756,1
1994,36.98775,35.32745,1
1994,36.99154,35.33105,14
1994,37.00138,6.55432,1
1994,37.01285,38.36766,1
1994,37.06623,15.28429,1
1994,37.06763,37.37315,1
1994,37.07798,50.39725,1
1994,37.10226,43.20292,1
1994,37.17704,38.79415,1
1994,37.19288,40.58114,1
1994,37.20537,50.00332,1
1994,37.24894,42.47065,2
1994,37.25317,43.61223,3
1994,37.29495,42.13581,1
1994,37.31119,13.57696,1
1994,37.3129,40.73395,3
1994,37.33083,42.1846,4
1994,37.33807,41.74613,1
1994,37.33848,-121.88579,1
1994,37.34029,41.89263,4
1994,37.34528,40.61948,2
1994,37.35805,39.15451,1
1994,37.41567,41.3715,2
1994,37.42275,42.49233,8
1994,37.44492,127.13887,1
1994,37.44943,43.75066,5
1994,37.45019,42.85373,1
1994,37.48673,71.54984,1
1994,37.52265,42.45264,5
1994,37.55186,45.05777,3
1994,37.56251,44.29368,1
1994,37.56654,126.97797,1
1994,37.57358,44.28581,1
1994,37.57704,43.7361,1
1994,37.58647,38.95651,1
1994,37.59744,69.38319,4
1994,37.70409,44.23866,1
1994,37.75039,36.95264,1
1994,37.75824,42.24173,1
1994,37.76454,38.27676,3
1994,37.83558,41.3578,1
1994,37.83616,68.77983,1
1994,37.85139,41.32139,1
1994,37.87104,42.14945,2
1994,37.88579,41.13012,7
1994,37.89924,38.45879,1
1994,37.92222,40.18438,13
1994,37.9274,41.94198,1
1994,37.93595,41.907,1
1994,37.94284,23.64692,2
1994,37.97457,-122.53247,1
1994,37.99749,23.76273,34
1994,38.0121,68.89981,1
1994,38.10946,40.56705,6
1994,38.1415,41.01149,2
1994,38.23437,42.42811,1
1994,38.29049,42.11741,2
1994,38.39565,27.13564,1
1994,38.43099,45.77402,1
1994,38.45754,40.64707,1
1994,38.49329,39.2332,2
1994,38.49975,41.01119,2
1994,38.50414,43.37526,1
1994,38.53997,40.05142,1
1994,38.55218,68.76744,17
1994,38.55306,69.01972,1
1994,38.56083,40.0375,1
1994,38.67521,39.22275,1
1994,38.71663,-90.43683,1
1994,38.73684,41.49156,1
1994,38.88549,-77.17362,1
1994,38.90864,-77.01538,2
1994,38.94354,41.7485,3
1994,38.97943,39.81026,1
1994,38.9849,-94.67168,1
1994,39.03024,70.37367,1
1994,39.03186,125.75376,1
1994,39.068,40.77764,7
1994,39.08609,70.24115,1
1994,39.10318,-84.51198,1
1994,39.10671,39.54525,1
1994,39.11379,-94.76536,1
1994,39.14076,-121.6194,1
1994,39.17609,-94.57413,1
1994,39.21574,70.52649,1
1994,39.23358,40.4814,1
1994,39.29109,-84.48295,1
1994,39.29521,39.70912,1
1994,39.30736,39.43878,3
1994,39.36372,39.21553,1
1994,39.42144,39.42886,1
1994,39.47198,-0.91704,1
1994,39.62692,43.0216,2
1994,39.67084,44.21626,1
1994,39.72835,-121.83735,1
1994,39.85844,116.28648,1
1994,39.87556,20.00528,1
1994,39.88752,33.7555,2
1994,39.88892,44.00129,1
1994,39.90528,8.59633,1
1994,39.90556,116.39583,5
1994,39.92004,44.04351,1
1994,39.93077,32.76754,18
1994,39.96196,-83.00298,1
1994,39.97195,44.17524,1
1994,40.06191,41.6868,3
1994,40.06915,29.23034,1
1994,40.10194,43.18583,1
1994,40.17857,44.53576,3
1994,40.41724,49.90346,9
1994,40.41831,36.96327,1
1994,40.4656,-3.69626,7
1994,40.55077,34.9519,1
1994,40.58752,-122.39293,2
1994,40.61318,42.97662,2
1994,40.62066,22.952,1
1994,40.69713,-73.93135,6
1994,40.76694,29.91694,1
1994,40.78672,30.40223,2
1994,40.84144,-74.27664,1
1994,40.84882,25.87319,1
1994,40.8946,29.35276,1
1994,40.89844,9.10454,1
1994,41.01252,14.1258,1
1994,41.10618,28.68986,90
1994,41.23889,44.78778,1
1994,41.24583,44.82111,1
1994,41.37174,-81.81088,1
1994,41.38717,9.15927,3
1994,41.40064,2.15091,5
1994,41.4585,45.09132,1
1994,41.4676,12.9037,1
1994,41.49187,9.05505,4
1994,41.49611,48.29,1
1994,41.5235,-90.57755,1
1994,41.57966,-93.62151,1
1994,41.59137,9.27831,1
1994,41.70998,44.793,12
1994,41.79523,8.74182,4
1994,41.80718,-6.75919,1
1994,41.8426,-87.68123,1
1994,41.88333,8.78333,6
1994,41.89096,12.49007,4
1994,41.91889,8.73755,3
1994,41.92283,9.40579,2
1994,41.93061,8.74291,14
1994,41.98388,8.79683,1
1994,42.01685,9.40398,8
1994,42.02534,-93.6202,1
1994,42.0675,19.51306,1
1994,42.11667,48.18333,1
1994,42.13581,21.7179,1
1994,42.19397,24.33198,1
1994,42.22416,43.9632,1
1994,42.30941,9.14902,1
1994,42.33178,-71.12118,2
1994,42.37611,9.36789,1
1994,42.54714,9.41727,1
1994,42.57759,8.83288,1
1994,42.62803,41.73566,1
1994,42.65144,-73.75525,1
1994,42.69539,-1.67607,1
1994,42.69649,23.32601,1
1994,42.7,9.44732,10
1994,42.81537,-1.65362,9
1994,42.84727,19.86941,1
1994,42.84964,-2.69236,1
1994,42.85244,-2.38946,2
1994,42.94998,44.81624,1
1994,42.97378,41.44218,1
1994,42.98542,47.45067,2
1994,42.99678,44.67674,1
1994,43.0331,41.48117,1
1994,43.04708,-2.2046,1
1994,43.07295,-89.38669,1
1994,43.07563,-2.22367,2
1994,43.07909,45.04657,1
1994,43.11822,-2.41336,1
1994,43.12054,6.12864,1
1994,43.12423,5.928,1
1994,43.16667,131.93333,1
1994,43.18465,132.01394,1
1994,43.22218,-2.88567,1
1994,43.22408,-2.71894,1
1994,43.25843,-2.92182,14
1994,43.26612,2.72072,1
1994,43.26745,-2.02017,1
1994,43.28489,-3.0539,1
1994,43.29162,-1.9779,2
1994,43.29648,5.36978,3
1994,43.31131,-1.9009,1
1994,43.31707,-2.67898,2
1994,43.32023,45.65449,4
1994,43.32524,-3.01148,1
1994,43.33417,17.79597,1
1994,43.34333,17.80806,1
1994,43.34423,3.2158,1
1994,43.3594,-1.76615,1
1994,43.36175,45.411,2
1994,43.3624,-1.70008,1
1994,43.3659,-2.99636,1
1994,43.4049,44.7583,1
1994,43.42096,3.35823,1
1994,43.43924,-1.59006,1
1994,43.66694,18.97639,1
1994,43.69604,7.26559,2
1994,43.72493,-1.05141,1
1994,43.76873,11.2569,1
1994,43.85,18.38333,5
1994,43.94932,4.80553,1
1994,44.05015,43.05102,1
1994,44.08116,-103.23089,1
1994,44.21667,43.13333,1
1994,44.5128,-88.01016,1
1994,44.51761,3.50187,3
1994,44.61665,33.52537,1
1994,44.64712,10.92519,1
1994,44.77583,17.18556,1
1994,44.81302,-73.08303,1
1994,44.81587,-70.21823,1
1994,44.95212,34.10242,4
1994,45.02128,-74.73034,1
1994,45.34179,17.81144,1
1994,45.46921,9.17451,2
1994,45.49167,15.55,1
1994,45.53338,-73.28342,1
1994,45.53984,10.22296,1
1994,45.5459,11.5403,1
1994,45.55496,18.69551,1
1994,45.6558,17.79325,1
1994,45.68333,14.23333,1
1994,45.76404,4.83566,4
1994,45.95409,12.50233,1
1994,46.06671,11.11906,1
1994,46.35316,-94.20069,1
1994,46.62794,14.30899,2
1994,46.80314,-71.2413,1
1994,46.85281,29.63267,1
1994,46.91909,-122.93991,2
1994,47.26921,11.4041,1
1994,47.4124,9.74379,1
1994,47.49841,19.04076,2
1994,47.76406,8.8534,1
1994,47.80949,13.05501,1
1994,47.8162,12.95607,1
1994,47.85404,9.01473,1
1994,48.13913,11.58019,2
1994,48.1919,7.76867,1
1994,48.20164,-114.3149,1
1994,48.36545,10.89477,2
1994,48.38158,-1.98144,1
1994,48.39962,9.99661,1
1994,48.56697,13.43203,1
1994,48.62128,17.72237,1
1994,48.68567,9.01525,1
1994,48.70846,9.00356,1
1994,48.73613,1.37089,1
1994,48.77711,9.18077,3
1994,48.83202,9.31411,1
1994,48.85664,2.34233,7
1994,48.86603,7.68185,1
1994,48.87992,12.57027,1
1994,48.8919,7.25432,1
1994,48.90191,9.19326,1
1994,49.02701,1.15136,3
1994,49.25,-123.13333,1
1994,49.30072,10.57144,1
1994,49.48073,8.44128,1
1994,49.48468,8.47673,1
1994,49.55439,6.32766,1
1994,49.63064,8.35791,1
1994,49.6557,6.08326,1
1994,49.82678,5.96547,1
1994,49.83865,12.04771,1
1994,49.89422,10.88556,1
1994,49.90419,7.81606,1
1994,50.06373,19.9458,2
1994,50.07554,14.4378,1
1994,50.08428,8.23872,1
1994,50.27472,127.53389,1
1994,50.4501,30.5234,5
1994,50.73267,7.0963,1
1994,50.786,-0.67588,1
1994,50.79894,7.208,2
1994,50.81155,7.57404,1
1994,50.81188,10.23228,2
1994,50.81952,-0.13642,1
1994,50.83643,4.36742,4
1994,50.87379,8.02341,1
1994,50.91254,13.33722,1
1994,50.94066,6.95991,1
1994,50.94835,10.69727,1
1994,50.97373,11.02244,1
1994,51.02179,11.247,1
1994,51.02511,4.47658,1
1994,51.14964,15.00656,1
1994,51.21392,6.78069,1
1994,51.26996,0.19308,2
1994,51.30014,13.3021,1
1994,51.31893,9.49601,1
1994,51.3317,6.55935,1
1994,51.43552,14.23953,1
1994,51.45504,-0.96909,1
1994,51.48217,11.96581,1
1994,51.50439,-0.14004,32
1994,51.5326,9.92844,1
1994,51.68037,7.81743,1
1994,51.68661,-1.38952,1
1994,51.86674,-2.24867,1
1994,51.89984,-0.20258,1
1994,52.01599,113.49396,1
1994,52.02306,8.53307,1
1994,52.06986,4.29111,2
1994,52.1164,8.66928,1
1994,52.13108,11.63658,3
1994,52.22968,21.01223,1
1994,52.37022,4.89517,1
1994,52.40842,12.56249,1
1994,52.50153,13.40185,5
1994,52.63646,9.84293,1
1994,52.75558,13.24104,1
1994,52.83393,13.81176,1
1994,53.07498,8.80708,8
1994,53.36168,-6.24548,5
1994,53.40495,9.7024,1
1994,53.43025,10.37409,1
1994,53.55381,9.99159,6
1994,53.71608,-6.35016,2
1994,53.86956,10.68758,2
1994,53.9,27.56667,1
1994,53.99385,-6.39659,2
1994,53.99871,112.89186,1
1994,54.07731,-6.60879,7
1994,54.08327,12.10033,1
1994,54.11788,-6.73338,1
1994,54.18305,-6.34139,6
1994,54.19293,-6.57605,2
1994,54.23863,-7.17091,1
1994,54.25004,-6.70362,1
1994,54.30045,-6.19793,1
1994,54.32863,-5.71667,1
1994,54.33679,-5.82582,1
1994,54.34542,-7.63636,1
1994,54.34754,-6.65611,4
1994,54.3778,-7.45946,1
1994,54.39779,-5.75391,1
1994,54.40993,-7.17256,1
1994,54.41442,-6.97664,1
1994,54.41653,-6.14887,1
1994,54.42071,-6.44377,3
1994,54.44697,-6.39292,1
1994,54.46337,-6.3286,4
1994,54.46493,-6.84612,1
1994,54.50853,-6.76313,3
1994,54.51569,-6.05572,1
1994,54.59502,-5.70311,1
1994,54.60771,-5.95621,144
1994,54.62069,-6.21773,1
1994,54.64058,-5.53485,1
1994,54.64586,-6.74515,1
1994,54.6718,-5.95718,1
1994,54.71338,-6.21676,2
1994,54.7554,-6.60603,2
1994,54.78772,-6.49231,6
1994,54.86312,-6.27834,1
1994,54.87445,-7.31237,1
1994,54.98108,-6.68238,3
1994,55.01156,-7.31204,5
1994,55.03333,82.91667,1
1994,55.05085,-6.95054,1
1994,55.12934,-6.66344,1
1994,55.4805,54.8715,1
1994,55.75138,37.57991,15
1994,55.89,37.44,1
1994,55.95018,-3.18754,1
1994,56.83264,60.60086,3
1994,56.9462,24.10429,2
1994,57.81562,40.78826,1
1994,57.81667,27.6,1
1994,57.84468,27.00228,1
1994,59.2632,24.21343,1
1994,59.33279,18.06449,1
1994,59.457,28.03949,1
1994,59.85337,30.34843,2
1994,59.91387,10.75224,2
1994,60.46663,26.94601,1
1994,61.6702,50.8379,1
1995,-41.13396,-71.31036,1
1995,-40.73443,-66.61764,3
1995,-37.71358,-73.37087,1
1995,-37.20173,-59.84107,1
1995,-35.30824,149.12422,2
1995,-34.89115,-56.18721,1
1995,-34.61768,-58.44444,7
1995,-33.94185,18.41964,1
1995,-33.87365,151.20689,1
1995,-33.86551,25.59623,1
1995,-33.58333,-70.7,1
1995,-33.36624,-70.5053,10
1995,-33.05012,-71.61225,2
1995,-31.95285,115.85734,1
1995,-31.5352,-68.53832,2
1995,-31.4427,29.41849,2
1995,-31.3993,-64.18213,1
1995,-31.07563,-71.13751,1
1995,-30.85759,29.85134,1
1995,-30.8509,28.75698,1
1995,-30.80181,30.13051,1
1995,-30.7738,30.12645,2
1995,-30.7387,30.28186,2
1995,-29.96582,30.88298,2
1995,-29.86182,31.00829,8
1995,-29.60032,30.38159,1
1995,-28.60365,32.0863,1
1995,-28.41656,32.18266,1
1995,-26.32875,31.1439,1
1995,-26.2527,27.87028,3
1995,-26.18411,28.03323,3
1995,-26.14115,28.4275,2
1995,-25.89197,32.60513,1
1995,-25.44449,31.99311,1
1995,-25.37647,-57.60068,1
1995,-25.28277,-57.63561,11
1995,-24.18579,-65.29948,1
1995,-23.68984,-46.56485,1
1995,-23.55071,-46.63348,1
1995,-23.10775,-55.22584,1
1995,-22.90828,-43.19703,10
1995,-19.97493,33.3977,1
1995,-19.92425,-43.93534,6
1995,-19.25762,146.81788,1
1995,-18.92232,47.51724,2
1995,-17.82517,31.03351,2
1995,-17.53498,-149.5695,3
1995,-16.50932,-68.10434,2
1995,-15.82609,-47.92232,1
1995,-15.71664,46.3166,1
1995,-15.41539,28.28435,1
1995,-14.92195,13.48996,1
1995,-12.93208,-73.74779,1
1995,-12.78715,-74.97321,1
1995,-12.78481,-75.03702,1
1995,-12.68187,-56.9211,1
1995,-12.24863,-76.89675,1
1995,-11.96737,-76.97846,23
1995,-11.83126,15.19938,1
1995,-11.05715,-75.06112,1
1995,-10.31036,150.26039,1
1995,-9.48155,147.19024,1
1995,-9.29748,-75.99631,2
1995,-9.05836,-76.07594,1
1995,-8.91356,13.19182,1
1995,-8.8575,126.36472,1
1995,-8.85522,126.36425,1
1995,-8.83884,13.23558,1
1995,-8.75258,-76.12185,1
1995,-8.70909,126.82833,1
1995,-8.54966,125.5666,12
1995,-8.47838,126.58565,1
1995,-8.46643,126.4497,1
1995,-8.4489,-76.32465,1
1995,-8.41825,20.73849,1
1995,-8.08108,-79.00074,1
1995,-8.04389,-78.48778,1
1995,-7.81562,-78.04888,2
1995,-7.78656,-78.14146,1
1995,-7.76315,15.2666,1
1995,-7.40688,36.97352,1
1995,-7.36502,20.81594,1
1995,-7.24449,-76.82596,1
1995,-6.7465,155.68517,2
1995,-6.6842,155.71431,1
1995,-6.22834,155.56522,3
1995,-6.20882,106.84605,2
1995,-5.98815,-79.74739,1
1995,-5.76667,-75.43333,1
1995,-5.56565,154.79407,1
1995,-5.56032,12.1904,1
1995,-5.19704,-80.62662,1
1995,-4.38917,15.33762,1
1995,-4.32758,29.69996,1
1995,-3.94473,29.61916,1
1995,-3.86682,29.84684,1
1995,-3.81085,29.54247,1
1995,-3.42751,29.92425,11
1995,-3.40945,29.39034,1
1995,-3.39093,29.42721,1
1995,-3.37583,29.36411,25
1995,-3.34412,29.39224,1
1995,-3.28332,29.54739,2
1995,-3.27476,29.49537,1
1995,-3.25031,29.4296,1
1995,-3.19354,29.30616,1
1995,-3.17687,30.66562,1
1995,-3.01867,29.76598,1
1995,-2.91764,29.58326,1
1995,-2.91525,29.62306,3
1995,-2.90978,29.51418,2
1995,-2.89884,29.83204,4
1995,-2.88982,29.12151,4
1995,-2.888,29.1196,1
1995,-2.88796,29.11928,1
1995,-2.83962,30.33815,1
1995,-2.78456,28.99841,1
1995,-2.7327,30.39471,1
1995,-2.7309,29.95304,1
1995,-2.71555,29.40821,1
1995,-2.68968,141.29985,1
1995,-2.66667,-75.68333,1
1995,-2.65977,30.30956,1
1995,-2.60774,29.73619,1
1995,-2.58859,29.9956,1
1995,-2.56807,30.33624,1
1995,-2.52878,140.71346,1
1995,-2.5273,30.31698,1
1995,-2.52579,30.21883,2
1995,-2.52489,28.90738,1
1995,-2.47584,28.91845,1
1995,-2.37087,30.77592,1
1995,-2.34778,28.88944,1
1995,-2.17083,-79.92236,2
1995,-2.08097,28.94227,1
1995,-2.00719,29.85859,1
1995,-1.94951,30.10713,1
1995,-1.70509,29.55862,1
1995,-1.69866,29.3715,1
1995,-1.68802,29.34527,1
1995,-1.6585,29.22046,1
1995,-1.64508,29.78314,1
1995,-1.6325,29.60361,1
1995,-1.5791,30.06926,1
1995,-1.28518,36.82111,2
1995,-0.95,100.35306,2
1995,-0.3014,36.08255,1
1995,-0.21119,-78.52263,2
1995,0.06217,-78.68196,1
1995,0.43595,-75.52767,2
1995,0.44095,32.60231,1
1995,0.49765,-76.49768,1
1995,0.75587,34.50558,1
1995,0.81162,-77.71861,1
1995,1.14661,-76.64812,1
1995,1.67155,-78.14099,1
1995,1.71619,44.76886,2
1995,2.05982,45.32612,6
1995,2.44186,-76.60617,1
1995,2.56426,-72.63798,1
1995,2.77168,32.28842,3
1995,2.87797,32.72409,1
1995,2.99048,32.72661,1
1995,3.11564,43.64658,1
1995,3.15,-75.81667,1
1995,3.17388,-76.25945,2
1995,3.18337,-75.2833,1
1995,3.19486,-75.64591,1
1995,3.28723,-75.81777,1
1995,3.42934,-76.51604,4
1995,3.48396,32.82255,1
1995,3.52987,-75.6455,1
1995,3.58375,-76.49573,1
1995,3.59566,98.48242,1
1995,3.7246,-75.4841,1
1995,3.86667,11.51667,1
1995,3.88182,-77.07042,1
1995,3.91272,-75.47591,1
1995,3.92229,-67.85972,1
1995,3.98558,-74.4842,1
1995,4.08581,-76.19719,2
1995,4.21557,-73.81502,1
1995,4.26889,-75.9361,1
1995,4.40306,-74.02528,1
1995,4.44214,-75.42691,1
1995,4.51,-73.34972,1
1995,4.52869,-75.70385,2
1995,4.66713,-74.10606,18
1995,4.70783,96.73279,1
1995,4.76051,-74.46351,1
1995,4.79961,-74.74089,2
1995,4.85535,31.56778,1
1995,5.06787,-75.51748,1
1995,5.17069,-72.54683,1
1995,5.18716,120.01787,1
1995,5.19688,-73.14554,2
1995,5.29307,-72.70293,1
1995,5.31667,-4.03333,3
1995,5.38433,-75.16115,2
1995,5.70905,-75.31102,1
1995,5.88423,-75.31635,1
1995,5.96332,-75.97872,1
1995,5.97514,121.11453,1
1995,6.03296,80.21278,1
1995,6.03413,37.55102,1
1995,6.05046,121.01224,1
1995,6.05298,121.00248,1
1995,6.11622,125.1694,1
1995,6.13053,-5.94637,1
1995,6.13847,80.0995,1
1995,6.16667,-69.26667,1
1995,6.17255,1.23157,1
1995,6.1876,-74.99429,1
1995,6.24203,-75.56477,7
1995,6.27053,-75.57217,1
1995,6.288,80.1596,1
1995,6.34053,-75.56223,1
1995,6.36667,2.43333,1
1995,6.38288,-3.88803,1
1995,6.4052,-75.98269,2
1995,6.47037,10.43966,1
1995,6.5454,121.87376,1
1995,6.54662,122.15033,1
1995,6.61891,3.30553,1
1995,6.6605,122.13899,1
1995,6.70335,121.96869,2
1995,6.71167,81.48167,1
1995,6.86281,124.44365,3
1995,6.87527,81.83063,1
1995,6.89286,124.6218,2
1995,6.90667,81.55929,1
1995,6.92909,122.07885,3
1995,6.94184,79.86169,13
1995,6.95284,-71.87514,1
1995,7.01298,125.09834,1
1995,7.01398,100.47124,1
1995,7.03147,124.50267,1
1995,7.0347,124.17315,1
1995,7.06005,-73.85312,2
1995,7.07786,-74.70355,1
1995,7.10736,124.82777,1
1995,7.11629,-73.12003,3
1995,7.14063,79.90136,1
1995,7.17204,-75.76387,1
1995,7.20959,124.24197,2
1995,7.30176,81.67473,7
1995,7.36833,80.0325,1
1995,7.48858,80.36517,1
1995,7.49175,-74.86818,1
1995,7.5188,122.3697,1
1995,7.52543,81.53926,1
1995,7.52937,81.79461,1
1995,7.53333,81.68333,1
1995,7.55138,81.65653,1
1995,7.58832,-12.98554,1
1995,7.6676,-76.6803,2
1995,7.71667,81.70019,18
1995,7.73311,81.68882,11
1995,7.75003,124.09982,1
1995,7.75809,-76.65758,2
1995,7.75841,80.18751,1
1995,7.76667,80.36667,1
1995,7.77541,81.60625,4
1995,7.78403,122.59308,2
1995,7.78586,81.5898,2
1995,7.8,-69.58333,1
1995,7.82153,81.55011,1
1995,7.88232,-76.63063,2
1995,7.90405,81.11547,2
1995,7.9137,-72.14161,1
1995,7.91997,81.55768,1
1995,7.92133,81.52467,1
1995,7.93952,81.00096,1
1995,7.97165,124.35281,1
1995,8.0,-12.5,3
1995,8.00258,124.29297,1
1995,8.00467,124.2913,2
1995,8.08306,-73.69083,1
1995,8.09242,-76.72738,2
1995,8.1231,-81.07547,1
1995,8.24004,124.24477,1
1995,8.27308,79.88008,1
1995,8.30859,-73.61354,1
1995,8.33517,-13.00833,1
1995,8.34519,80.38813,1
1995,8.40331,48.48801,1
1995,8.41667,81.3,1
1995,8.42411,-76.78696,1
1995,8.48027,-10.8317,1
1995,8.48958,124.65148,1
1995,8.49795,81.18408,1
1995,8.51137,-73.4468,1
1995,8.56731,16.0832,2
1995,8.56845,-74.55436,1
1995,8.57783,81.21872,5
1995,8.58333,-77.3333,1
1995,8.5922,81.1968,2
1995,8.64108,80.6696,2
1995,8.69273,81.18853,2
1995,8.73816,80.47715,1
1995,8.75245,-12.49718,1
1995,8.76869,-12.78535,2
1995,8.7947,-76.44542,1
1995,8.82079,-3.41955,1
1995,8.8245,81.0955,1
1995,8.86656,80.5093,2
1995,8.8855,80.27673,5
1995,8.903,81.00989,1
1995,8.96404,80.78794,2
1995,8.97715,38.77323,4
1995,8.98012,79.91246,1
1995,8.99427,-79.51879,5
1995,9.05,-11.66667,1
1995,9.12617,-12.91765,1
1995,9.18283,-72.23638,2
1995,9.21707,-12.26898,1
1995,9.26765,-10.86673,1
1995,9.33729,-73.65362,2
1995,9.51848,80.40606,1
1995,9.55694,44.07414,2
1995,9.58441,-11.55891,1
1995,9.66123,80.02558,3
1995,9.66221,-73.75195,1
1995,9.6664,80.02048,2
1995,9.69789,79.86048,1
1995,9.74506,80.10582,2
1995,9.74807,79.88288,1
1995,9.79472,80.07278,5
1995,9.79824,80.08981,1
1995,9.81525,80.03705,2
1995,9.96749,-72.52048,1
1995,10.06351,-69.33472,1
1995,10.15661,-67.99721,1
1995,10.24705,-67.59634,1
1995,10.29461,-61.44582,1
1995,10.33821,123.9424,1
1995,10.41371,-75.53355,9
1995,10.48283,-66.96213,2
1995,10.63153,124.95161,1
1995,10.66667,-61.51667,2
1995,10.67713,122.95086,1
1995,10.71422,48.33591,1
1995,10.78332,-61.38824,1
1995,11.06561,-72.76391,1
1995,11.12712,78.65689,4
1995,11.54487,104.89217,1
1995,11.55883,104.91744,6
1995,11.58859,43.14534,2
1995,11.84962,-86.19903,1
1995,11.94159,108.458,1
1995,11.96839,-86.09462,1
1995,11.985,103.65484,1
1995,12.00472,-86.11944,1
1995,12.10382,-86.26701,10
1995,12.25,104.66667,11
1995,12.38241,-85.51372,1
1995,12.40191,-16.40319,1
1995,12.43257,-86.8812,3
1995,12.48333,-16.13333,1
1995,12.485,-16.54694,1
1995,12.58333,-16.26667,1
1995,12.59106,99.94092,1
1995,12.85269,44.89484,1
1995,12.88989,8.83927,1
1995,12.96067,103.04931,1
1995,13.08268,80.27072,5
1995,13.4125,103.86667,1
1995,13.45306,-16.5775,1
1995,13.54204,-85.53942,1
1995,13.65,102.56667,2
1995,13.69288,-89.19916,8
1995,13.69661,13.31583,1
1995,13.75,-88.5,1
1995,13.78579,100.56085,1
1995,14.0833,-87.2167,7
1995,14.11931,15.31345,1
1995,14.28112,121.4146,1
1995,14.2836,121.41864,1
1995,14.29285,-89.89901,1
1995,14.50468,100.61402,2
1995,14.54083,-92.22092,2
1995,14.56111,-90.73444,1
1995,14.58423,121.03904,1
1995,14.59605,120.97867,13
1995,14.60813,-90.66063,1
1995,14.62287,-90.52907,39
1995,14.63167,-90.92694,1
1995,14.66477,120.56396,1
1995,14.67428,121.0575,1
1995,14.67608,40.42299,1
1995,14.67793,-92.14893,1
1995,14.68189,77.60059,1
1995,14.79191,-91.71342,1
1995,14.81667,-13.01667,1
1995,14.85381,120.81818,1
1995,14.89216,-90.03732,1
1995,14.93333,-91.11667,4
1995,14.95,-89.96667,1
1995,14.95062,120.76234,1
1995,14.97191,-89.52902,1
1995,15.02528,43.77828,1
1995,15.1459,120.98088,1
1995,15.21023,-86.51299,3
1995,15.23545,-90.23502,1
1995,15.30451,38.89632,1
1995,15.31972,-91.47833,1
1995,15.32544,44.2119,5
1995,15.36566,-90.47916,1
1995,15.41705,-89.8206,1
1995,15.47618,120.96069,1
1995,15.50167,-88.02774,2
1995,15.50572,80.04992,1
1995,15.54032,121.08694,1
1995,15.58799,-91.67607,4
1995,15.60447,32.52914,1
1995,15.64758,32.48069,1
1995,15.69039,120.4191,1
1995,15.74326,-92.28566,3
1995,15.9129,79.73999,3
1995,15.92509,-90.91454,1
1995,15.98881,-90.7817,1
1995,16.03096,48.99639,1
1995,16.24429,-92.12427,1
1995,16.26864,-92.16252,1
1995,16.3119,-91.98028,1
1995,16.68778,98.50833,1
1995,16.70749,-93.01225,1
1995,16.71726,98.56964,4
1995,16.7386,-92.63323,2
1995,16.75,-93.11667,1
1995,16.77532,-3.00826,1
1995,16.78312,-90.11665,1
1995,16.78401,-92.68963,1
1995,16.88778,96.14956,1
1995,16.90229,99.01279,1
1995,16.91473,-89.86614,1
1995,17.00861,-100.0871,1
1995,17.27698,-92.3159,1
1995,17.30006,-62.73088,1
1995,17.33346,-100.39166,1
1995,17.40089,-92.4639,2
1995,17.73929,-98.65932,1
1995,17.95266,120.52828,1
1995,18.02143,-76.79828,1
1995,18.11218,-93.00579,1
1995,18.15418,-100.49966,1
1995,18.2,-73.75,2
1995,18.23807,-72.53405,1
1995,18.43139,-72.86694,2
1995,18.4957,-72.47315,1
1995,18.51083,-72.63389,1
1995,18.52772,-72.33284,18
1995,18.71427,93.63765,1
1995,19.07598,72.87766,1
1995,19.10893,-72.69755,1
1995,19.21833,72.97809,1
1995,19.37189,-99.08662,4
1995,19.67735,-72.26978,1
1995,19.70594,-72.40249,2
1995,19.75778,-72.20417,4
1995,20.15304,99.25837,1
1995,20.4485,99.88419,5
1995,20.67334,-103.34418,1
1995,21.49498,86.94266,1
1995,21.5,98.0,1
1995,22.15634,113.55277,1
1995,22.28187,114.16133,1
1995,22.3419,91.81512,5
1995,22.37294,90.33737,1
1995,22.38928,92.28274,1
1995,22.5426,114.05761,1
1995,22.5431,114.05787,1
1995,22.55173,88.35234,1
1995,22.59574,88.26368,1
1995,22.61778,120.30139,1
1995,22.71848,89.07048,3
1995,22.71957,75.85773,1
1995,22.84564,89.54033,2
1995,23.01307,91.39405,1
1995,23.14362,89.58748,1
1995,23.22447,90.65436,1
1995,23.23611,-106.41528,1
1995,23.38199,92.29382,1
1995,23.619,90.49803,2
1995,23.63698,88.78029,1
1995,23.79128,90.4182,43
1995,23.90593,89.05495,1
1995,23.96712,91.11196,2
1995,23.99757,85.35935,1
1995,23.9992,90.79132,1
1995,24.25128,94.3013,1
1995,24.36667,88.6,1
1995,24.64732,46.71458,1
1995,24.66372,93.90627,5
1995,24.7492,90.40262,1
1995,24.79835,93.94043,2
1995,24.89112,67.14331,616
1995,24.89778,91.87139,1
1995,24.90454,91.8611,1
1995,24.97631,32.87637,1
1995,25.03772,102.7222,1
1995,25.09108,121.55983,3
1995,25.09607,85.31312,8
1995,25.15192,93.96996,1
1995,25.18557,55.30336,1
1995,25.38929,68.35734,8
1995,25.44843,78.56846,1
1995,25.52377,93.09672,1
1995,25.55104,82.08837,1
1995,25.611,85.144,1
1995,25.6701,94.1077,1
1995,25.77956,84.74989,1
1995,25.84652,93.42988,1
1995,25.99941,63.04745,1
1995,26.02979,88.45596,1
1995,26.055,32.16167,4
1995,26.15844,94.56244,1
1995,26.16908,50.61428,1
1995,26.17,32.72722,4
1995,26.17212,68.83592,1
1995,26.2006,92.93757,2
1995,26.217,50.58741,1
1995,26.21962,84.35666,1
1995,26.2237,50.53663,3
1995,26.40144,90.2667,1
1995,26.40555,68.5249,1
1995,26.42528,36.52361,1
1995,26.55,31.7,1
1995,26.56551,31.74536,1
1995,26.65088,67.50323,1
1995,26.74602,92.09594,2
1995,26.84671,80.94616,1
1995,26.91243,75.78727,1
1995,26.96667,31.45,1
1995,26.99256,31.41381,1
1995,27.09202,84.46517,1
1995,27.18112,31.17943,2
1995,27.53046,68.75815,1
1995,27.64139,30.84944,1
1995,27.66667,30.74444,1
1995,27.67917,30.7725,1
1995,27.7066,68.8482,1
1995,27.73236,30.84377,32
1995,27.745,30.78556,1
1995,27.75361,30.82917,1
1995,27.77118,-82.63932,3
1995,27.775,30.74028,1
1995,27.77559,30.80484,1
1995,27.78333,30.75,1
1995,27.79861,30.77278,5
1995,27.82725,30.79689,1
1995,27.85622,30.77723,1
1995,27.87556,30.79889,1
1995,27.89023,30.75553,1
1995,27.895,30.80306,1
1995,27.92987,30.83803,9
1995,27.95222,30.78083,2
1995,27.9656,-82.79976,1
1995,28.0871,30.76184,1
1995,28.09744,30.7565,8
1995,28.10778,75.48722,1
1995,28.30979,30.70869,7
1995,28.31216,65.66389,1
1995,28.38331,36.58078,1
1995,28.43207,69.58089,1
1995,28.49503,30.80529,1
1995,28.51048,30.70515,1
1995,28.58584,77.15334,1
1995,28.64861,30.84028,2
1995,28.67104,77.41533,1
1995,28.69007,77.21398,3
1995,28.82278,30.89778,1
1995,28.95984,69.39012,1
1995,29.07437,31.0985,1
1995,29.10636,67.68718,1
1995,29.27668,67.89816,1
1995,29.3456,30.9164,1
1995,29.39095,76.9635,1
1995,29.78333,31.3,1
1995,29.85538,67.33993,2
1995,29.89758,69.52422,1
1995,30.04117,72.35468,1
1995,30.08463,31.33431,1
1995,30.19784,71.46763,1
1995,30.28751,73.67998,1
1995,30.32205,35.47836,1
1995,30.33138,-81.6558,1
1995,30.6586,104.06486,3
1995,30.73332,76.77942,1
1995,30.80793,73.45047,1
1995,30.89802,75.86008,1
1995,31.09061,72.35952,1
1995,31.11765,74.44945,1
1995,31.23176,121.48444,1
1995,31.27685,72.32133,1
1995,31.28551,48.64342,2
1995,31.30021,45.27709,1
1995,31.30762,34.24774,1
1995,31.30819,34.288,2
1995,31.32056,65.96111,1
1995,31.32212,-109.54136,1
1995,31.34802,34.49109,1
1995,31.35655,34.3269,10
1995,31.36702,34.29995,1
1995,31.37417,34.39944,1
1995,31.3749,34.39802,2
1995,31.4014,34.36006,1
1995,31.40882,73.08302,1
1995,31.50241,34.45974,12
1995,31.50547,74.34288,5
1995,31.52958,35.11556,1
1995,31.53024,35.09416,9
1995,31.57841,35.10207,1
1995,31.62102,35.13853,1
1995,31.63108,65.74223,2
1995,31.67015,34.57515,1
1995,31.70434,35.19436,2
1995,31.71309,73.98403,1
1995,31.71664,35.18566,1
1995,31.73333,-106.48333,1
1995,31.7716,35.2034,4
1995,31.78484,35.22461,5
1995,31.8022,74.25732,1
1995,31.84432,35.41426,1
1995,31.8625,35.46188,1
1995,31.87854,35.30632,1
1995,31.90714,35.19822,1
1995,31.95,35.93333,1
1995,31.95852,35.22589,1
1995,31.99596,35.27111,5
1995,32.00606,35.12593,1
1995,32.08297,34.81189,2
1995,32.19124,34.97595,1
1995,32.22227,35.25351,2
1995,32.24754,35.48737,1
1995,32.31197,35.0266,2
1995,32.46062,35.30125,2
1995,32.48262,3.70385,1
1995,32.49354,74.53034,1
1995,32.61154,74.8549,2
1995,32.7266,74.85703,10
1995,32.84103,74.46282,1
1995,32.86787,13.18907,1
1995,32.87074,75.51748,1
1995,32.87589,35.15525,1
1995,32.9,35.33333,1
1995,32.93036,72.85548,1
1995,32.98302,75.71098,2
1995,33.01499,-113.35217,1
1995,33.12699,35.21907,1
1995,33.13363,35.33272,2
1995,33.13758,75.5546,1
1995,33.13845,35.3648,1
1995,33.14556,35.20861,1
1995,33.14575,75.54805,1
1995,33.17611,35.44333,2
1995,33.20906,35.51627,2
1995,33.21055,35.28876,1
1995,33.24626,35.5001,2
1995,33.26615,35.21406,1
1995,33.27357,35.46366,1
1995,33.30343,35.54517,1
1995,33.30357,44.37177,5
1995,33.32176,35.46276,1
1995,33.36752,35.43745,1
1995,33.40717,35.55566,1
1995,33.42889,35.51628,1
1995,33.43361,35.53361,1
1995,33.43694,35.65556,1
1995,33.47454,35.35925,7
1995,33.4925,35.58722,1
1995,33.52056,35.51222,1
1995,33.54135,35.58622,2
1995,33.542,35.38115,1
1995,33.57778,-79.98896,1
1995,33.57888,35.53856,1
1995,33.60939,-80.20984,1
1995,33.67164,73.05607,4
1995,33.73112,75.1487,1
1995,33.73334,75.14898,2
1995,33.77817,76.57617,32
1995,33.8,2.88333,1
1995,33.86348,74.76793,2
1995,33.88852,35.50351,1
1995,33.93493,75.15416,1
1995,34.006,71.53743,4
1995,34.01608,75.31498,6
1995,34.02119,-6.84115,1
1995,34.08374,74.7899,38
1995,34.08812,74.03398,1
1995,34.09787,-118.40738,1
1995,34.12983,74.83755,1
1995,34.16154,74.55309,1
1995,34.20842,43.89071,1
1995,34.21728,71.56104,1
1995,34.27461,-119.2292,1
1995,34.28889,74.46371,2
1995,34.35946,73.46888,1
1995,34.38738,7.94379,1
1995,34.41926,-119.69887,1
1995,34.4475,74.58472,1
1995,34.5169,69.14701,2
1995,34.52618,74.25461,1
1995,34.53375,43.48374,3
1995,34.70733,33.0234,1
1995,34.74866,-92.27449,1
1995,34.88278,-1.31667,1
1995,34.92485,43.49141,1
1995,35.00975,-1.74901,1
1995,35.07801,-78.96365,1
1995,35.08418,-106.64864,3
1995,35.15954,126.8526,1
1995,35.16677,33.36762,1
1995,35.22056,4.18361,1
1995,35.28552,-120.66252,1
1995,35.31495,46.99883,1
1995,35.31667,-0.05,1
1995,35.37849,1.32569,1
1995,35.38901,5.36584,1
1995,35.44371,139.63803,4
1995,35.47202,-97.52035,1
1995,35.48191,-0.5982,1
1995,35.55,6.16667,1
1995,35.58333,0.06667,1
1995,35.61572,-87.03545,2
1995,35.68043,140.02653,1
1995,35.68912,139.74774,12
1995,35.6898,-87.22091,1
1995,35.69694,-0.63306,7
1995,35.72453,51.40519,5
1995,35.73333,0.55,1
1995,35.77216,140.32178,1
1995,35.78217,-0.42375,1
1995,35.8338,5.13257,1
1995,35.87111,2.02806,1
1995,35.89779,14.51411,1
1995,35.9096,14.50131,1
1995,35.93333,0.08333,2
1995,35.97937,140.14952,1
1995,36.16525,1.33452,5
1995,36.17639,1.24778,1
1995,36.19259,44.00462,2
1995,36.20475,36.1656,2
1995,36.22984,35.98677,1
1995,36.26667,2.21667,1
1995,36.26667,2.75,1
1995,36.29,2.21,1
1995,36.35,6.6,4
1995,36.37489,3.902,1
1995,36.42583,2.56167,1
1995,36.42694,2.87639,1
1995,36.45028,6.26444,2
1995,36.48045,2.83388,4
1995,36.501,3.77396,1
1995,36.53167,2.99194,1
1995,36.54178,3.081,2
1995,36.54288,31.9956,1
1995,36.57412,2.91214,1
1995,36.58715,2.44311,2
1995,36.59194,2.92,1
1995,36.61667,3.21667,1
1995,36.62516,5.33607,1
1995,36.63528,2.94694,1
1995,36.65156,3.32898,1
1995,36.65293,3.99451,1
1995,36.66655,3.09606,4
1995,36.66861,8.23528,1
1995,36.67306,5.48111,1
1995,36.68167,3.8475,1
1995,36.68288,31.68305,1
1995,36.68306,3.36806,1
1995,36.70456,3.02462,1
1995,36.70768,2.91022,1
1995,36.71499,3.05002,1
1995,36.71637,4.04983,6
1995,36.72735,3.40995,1
1995,36.72796,3.08793,1
1995,36.72944,3.49869,1
1995,36.73333,3.96667,1
1995,36.74,3.34,1
1995,36.74389,3.90028,1
1995,36.74563,3.83024,3
1995,36.74871,3.19248,1
1995,36.76376,3.05541,80
1995,36.76516,3.25009,1
1995,36.80277,2.92185,1
1995,36.8219,5.7661,1
1995,36.845,4.57389,1
1995,36.84683,-76.28507,1
1995,36.86965,3.93137,1
1995,36.88679,30.70622,1
1995,36.89124,4.12322,1
1995,36.97402,-122.03095,1
1995,36.97717,-121.8994,1
1995,36.99154,35.33105,1
1995,37.13789,42.69901,1
1995,37.23333,69.1,1
1995,37.3129,40.73395,2
1995,37.32231,38.91982,1
1995,37.45626,126.70521,1
1995,37.48673,71.54984,2
1995,37.56654,126.97797,1
1995,37.59744,69.38319,1
1995,37.75536,-122.44335,1
1995,37.83333,69.0,1
1995,37.83616,68.77983,1
1995,37.88579,41.13012,3
1995,37.92222,40.18438,5
1995,37.92917,41.94111,1
1995,37.99749,23.76273,5
1995,38.1415,41.01149,1
1995,38.16636,41.78422,1
1995,38.25486,-85.7664,1
1995,38.39565,27.13564,3
1995,38.40311,37.95607,2
1995,38.49975,41.01119,1
1995,38.55218,68.76744,23
1995,38.55306,69.01972,1
1995,38.57906,-121.49101,1
1995,38.62774,-90.19951,1
1995,38.7253,-9.15004,3
1995,38.7553,-90.40638,1
1995,38.90864,-77.01538,1
1995,38.92709,39.73011,1
1995,39.10671,39.54525,3
1995,39.10802,39.21867,1
1995,39.16488,-119.767,2
1995,39.17913,39.82844,1
1995,39.21574,70.52649,1
1995,39.36372,39.21553,1
1995,39.45251,37.12916,1
1995,39.47024,-0.3768,2
1995,39.5274,-119.81341,1
1995,39.5695,2.64996,1
1995,39.67084,44.21626,1
1995,39.74887,37.0165,3
1995,39.75897,-104.8763,1
1995,39.89752,37.75812,1
1995,39.90556,116.39583,1
1995,39.93077,32.76754,2
1995,40.28333,69.63333,2
1995,40.41724,49.90346,2
1995,40.4656,-3.69626,4
1995,40.62066,22.952,2
1995,40.65691,-111.88836,1
1995,40.66404,29.85464,1
1995,40.69214,-89.58776,2
1995,40.69713,-73.93135,2
1995,40.72907,-115.47876,1
1995,40.7335,-111.89398,1
1995,40.79781,-81.37157,1
1995,40.86815,-73.42568,1
1995,40.96497,-5.66302,1
1995,41.06706,1.05642,1
1995,41.07677,1.14404,1
1995,41.10618,28.68986,85
1995,41.15482,1.10868,1
1995,41.1872,28.88391,1
1995,41.23889,44.78778,1
1995,41.24583,44.82111,1
1995,41.26667,69.21667,1
1995,41.36667,9.26684,3
1995,41.38717,9.15927,1
1995,41.40064,2.15091,1
1995,41.57966,-93.62151,1
1995,41.59137,9.27831,4
1995,41.62182,8.97472,2
1995,41.63702,9.34346,1
1995,41.65628,-0.87653,1
1995,41.67615,8.90395,2
1995,41.70998,44.793,8
1995,41.71558,-83.70425,1
1995,41.76879,140.72881,1
1995,41.8426,-87.68123,1
1995,41.88333,8.78333,1
1995,41.93061,8.74291,14
1995,41.94122,9.33064,1
1995,42.00027,21.43254,1
1995,42.072,24.66105,1
1995,42.09383,9.22318,4
1995,42.11264,43.87411,1
1995,42.13486,8.59584,1
1995,42.15,24.75,1
1995,42.22416,43.9632,1
1995,42.22784,-2.10001,1
1995,42.25,42.7,1
1995,42.30941,9.14902,3
1995,42.33106,43.93424,1
1995,42.33178,-71.12118,1
1995,42.34814,-123.33488,1
1995,42.35864,-71.0567,1
1995,42.44321,-123.32464,1
1995,42.51112,-83.02852,1
1995,42.5466,43.06688,1
1995,42.56765,8.75722,1
1995,42.59988,-5.57175,1
1995,42.62803,41.73566,2
1995,42.65798,9.41422,1
1995,42.68186,9.30375,1
1995,42.7,9.44732,10
1995,42.80159,-5.62898,1
1995,42.81537,-1.65362,2
1995,42.83204,21.2618,1
1995,42.83611,9.48018,1
1995,42.84836,9.32585,1
1995,42.8744,9.47143,1
1995,42.94998,44.81624,1
1995,42.98473,-5.70755,1
1995,42.98542,47.45067,3
1995,43.0033,-2.61258,13
1995,43.00732,40.98915,1
1995,43.03871,-76.07379,2
1995,43.06693,-2.16739,1
1995,43.07017,12.61752,1
1995,43.12516,-89.3091,1
1995,43.12595,-87.92841,1
1995,43.15,45.9,1
1995,43.16667,131.93333,1
1995,43.22502,-79.97737,1
1995,43.23295,0.07808,1
1995,43.25843,-2.92182,2
1995,43.28069,-1.6827,1
1995,43.29162,-1.9779,3
1995,43.31131,-1.9009,1
1995,43.32023,45.65449,5
1995,43.34417,-3.00639,1
1995,43.36253,-1.7915,1
1995,43.38593,-4.39809,1
1995,43.42701,46.08799,1
1995,43.47997,-110.76235,1
1995,43.60465,1.44421,1
1995,43.66667,-79.41667,2
1995,43.85,18.38333,4
1995,44.04992,-123.08854,1
1995,44.43333,26.1,1
1995,44.54278,18.66944,1
1995,44.77583,17.18556,1
1995,44.78389,44.16583,1
1995,44.81861,20.46806,1
1995,44.95212,34.10242,1
1995,45.34306,14.40917,1
1995,45.42153,-75.69719,1
1995,45.43333,-73.83333,1
1995,45.76404,4.83566,2
1995,46.10028,19.66556,1
1995,46.19839,6.1423,1
1995,46.48458,30.7326,1
1995,46.94792,7.44461,2
1995,47.07071,15.4395,1
1995,47.20281,16.13232,1
1995,47.29482,16.19914,1
1995,47.39066,8.04592,1
1995,47.4241,9.37088,1
1995,47.50075,9.74231,1
1995,47.71122,10.57027,2
1995,47.80949,13.05501,2
1995,48.05539,8.46007,2
1995,48.13913,11.58019,4
1995,48.15,17.11667,2
1995,48.20817,16.37382,3
1995,48.22304,8.38564,1
1995,48.30694,14.28583,1
1995,48.34279,7.87756,1
1995,48.39962,9.99661,2
1995,48.40983,8.00961,1
1995,48.45733,11.12919,1
1995,48.46667,135.1,1
1995,48.58315,7.74788,1
1995,48.58827,18.84938,1
1995,48.59614,8.87009,1
1995,48.62478,9.82704,1
1995,48.65197,16.29894,1
1995,48.66781,16.62808,1
1995,48.77711,9.18077,1
1995,48.82434,9.06857,1
1995,48.85664,2.34233,12
1995,48.90191,9.19326,1
1995,48.94547,9.43015,1
1995,48.99018,1.91218,1
1995,49.14028,9.22,1
1995,49.23485,6.9944,1
1995,49.25015,6.8603,4
1995,49.2597,8.48501,1
1995,49.34383,7.18006,1
1995,49.4019,8.68028,1
1995,49.45052,11.08048,1
1995,49.48073,8.44128,2
1995,49.48468,8.47673,1
1995,49.56268,15.93981,1
1995,49.80176,9.16468,2
1995,49.90923,8.13581,1
1995,49.94156,11.57102,1
1995,49.99499,8.26732,1
1995,50.00574,8.02928,1
1995,50.04337,8.97556,1
1995,50.06373,19.9458,1
1995,50.07554,14.4378,2
1995,50.08428,8.23872,5
1995,50.10492,8.75856,1
1995,50.11797,8.64419,2
1995,50.58259,8.67211,1
1995,50.58954,8.46686,1
1995,50.64699,8.70337,1
1995,50.69197,7.18614,1
1995,50.73267,7.0963,1
1995,50.79986,6.48699,9
1995,50.83643,4.36742,1
1995,50.87379,8.02341,3
1995,50.91254,13.33722,1
1995,50.94066,6.95991,13
1995,50.96667,6.75,1
1995,51.09304,6.84213,1
1995,51.21392,6.78069,2
1995,51.27374,108.82877,1
1995,51.31893,9.49601,1
1995,51.33887,7.04271,1
1995,51.36232,7.46317,1
1995,51.43515,6.76269,3
1995,51.45794,7.01483,1
1995,51.48292,7.21181,2
1995,51.50439,-0.14004,4
1995,51.51153,7.09303,1
1995,51.51205,7.46357,3
1995,51.57313,6.98838,1
1995,51.76248,7.88604,1
1995,51.81614,1.02128,1
1995,51.83333,107.6,1
1995,51.92422,4.48178,1
1995,51.9763,4.1323,1
1995,51.99271,8.79328,1
1995,52.02306,8.53307,1
1995,52.09014,5.10966,1
1995,52.15226,10.33101,1
1995,52.19581,8.58155,1
1995,52.20571,11.61877,1
1995,52.22968,21.01223,2
1995,52.25741,6.79277,1
1995,52.26728,8.05319,1
1995,52.369,8.31408,1
1995,52.37022,4.89517,3
1995,52.37207,9.73569,2
1995,52.39685,13.05848,1
1995,52.42182,10.78498,1
1995,52.50153,13.40185,6
1995,52.63863,13.20944,1
1995,53.07498,8.80708,4
1995,53.13672,8.21654,1
1995,53.16025,8.6111,1
1995,53.36168,-6.24548,1
1995,53.55381,9.99159,5
1995,53.69338,9.65407,1
1995,53.86956,10.68758,2
1995,53.92823,14.4505,1
1995,53.97774,-6.71962,1
1995,54.0741,9.98458,1
1995,54.0972,13.38799,1
1995,54.18305,-6.34139,1
1995,54.2706,-8.47153,1
1995,54.6003,-7.2984,1
1995,54.60771,-5.95621,13
1995,54.65548,-5.67482,1
1995,54.68939,25.28002,2
1995,54.76667,38.88333,1
1995,55.01156,-7.31204,1
1995,55.31083,61.26361,1
1995,55.67608,12.56832,5
1995,55.75138,37.57991,16
1995,56.70398,11.54488,1
1995,56.9462,24.10429,1
1995,59.33279,18.06449,1
1995,59.37412,28.18223,1
1995,59.44269,24.7532,1
1995,59.85337,30.34843,2
1995,60.16981,24.93824,1
1995,62.03808,129.72938,1
1996,-41.28646,174.77624,2
1996,-36.39351,-72.39763,1
1996,-34.92873,138.59994,1
1996,-34.89115,-56.18721,1
1996,-34.68631,-58.52847,4
1996,-34.61768,-58.44444,14
1996,-33.87365,151.20689,3
1996,-33.64227,19.44159,1
1996,-33.51667,-70.76667,1
1996,-33.36624,-70.5053,5
1996,-31.3993,-64.18213,1
1996,-30.7738,30.12645,1
1996,-30.74981,30.45005,1
1996,-30.29631,153.11567,1
1996,-30.20137,30.79447,1
1996,-30.03411,-51.21784,1
1996,-29.93178,29.87823,5
1996,-29.86182,31.00829,3
1996,-29.81536,30.84984,1
1996,-29.6939,30.6719,1
1996,-29.61111,29.69102,1
1996,-29.60032,30.38159,3
1996,-29.34051,30.63056,19
1996,-29.15628,31.40762,1
1996,-27.76828,30.79788,1
1996,-26.36226,28.12192,1
1996,-26.31662,26.81629,1
1996,-26.30191,28.12992,1
1996,-26.2527,27.87028,1
1996,-26.18411,28.03323,3
1996,-25.74828,28.21207,1
1996,-25.51634,-54.58538,1
1996,-23.65019,-70.40002,1
1996,-23.55071,-46.63348,4
1996,-23.2799,-46.74523,1
1996,-22.90828,-43.19703,4
1996,-19.92425,-43.93534,1
1996,-17.78322,-63.18204,1
1996,-17.73482,168.32203,2
1996,-17.0,-72.10639,3
1996,-15.82609,-47.92232,2
1996,-15.41539,28.28435,1
1996,-13.65343,-70.24109,1
1996,-13.15271,-74.21863,1
1996,-13.02644,13.73721,1
1996,-13.02634,-73.73679,1
1996,-12.98862,28.65334,2
1996,-12.95068,-74.56077,1
1996,-12.85535,15.06435,1
1996,-12.78715,-74.97321,1
1996,-12.34885,14.76656,1
1996,-12.31224,49.2949,2
1996,-12.05828,-77.10538,1
1996,-11.96737,-76.97846,21
1996,-9.92948,-76.23974,1
1996,-9.48155,147.19024,1
1996,-9.2875,-75.97389,1
1996,-9.14742,-78.28009,1
1996,-8.92707,125.22532,1
1996,-8.8679,125.70461,1
1996,-8.69167,-76.24694,1
1996,-8.54966,125.5666,5
1996,-8.46643,126.4497,1
1996,-8.4489,-76.32465,1
1996,-8.18885,-76.51084,1
1996,-7.79722,110.3688,1
1996,-7.70505,113.99528,36
1996,-7.6945,21.36122,1
1996,-7.32795,108.2141,1
1996,-7.28917,112.7344,1
1996,-7.24449,-76.82596,2
1996,-6.82741,155.74639,1
1996,-6.72367,146.99091,1
1996,-6.65673,155.43099,1
1996,-6.277,106.9469,1
1996,-6.20882,106.84605,10
1996,-6.15837,155.38221,4
1996,-5.84889,142.95056,1
1996,-5.82474,-46.15975,1
1996,-5.80871,154.7883,1
1996,-5.77939,-35.20082,1
1996,-4.55013,136.8891,2
1996,-4.48028,14.41194,1
1996,-4.31529,-46.46054,1
1996,-4.26697,137.0472,1
1996,-4.13272,29.79952,1
1996,-3.96706,29.43617,2
1996,-3.92916,29.61865,1
1996,-3.92375,29.98988,1
1996,-3.72605,-73.24836,1
1996,-3.50508,29.34358,1
1996,-3.46829,30.24734,1
1996,-3.42751,29.92425,5
1996,-3.37583,29.36411,6
1996,-3.33681,29.67311,1
1996,-3.20968,29.56358,1
1996,-3.08016,29.39791,1
1996,-3.01603,29.45073,1
1996,-2.99701,28.46662,1
1996,-2.96169,29.1942,1
1996,-2.88982,29.12151,4
1996,-2.86951,30.1307,1
1996,-2.69856,29.00817,1
1996,-2.66667,-75.68333,2
1996,-2.60425,29.74211,1
1996,-2.58987,29.50207,1
1996,-2.58514,30.09136,2
1996,-2.5006,28.86663,3
1996,-2.47584,28.91845,1
1996,-2.17083,-79.92236,1
1996,-2.13498,-79.58712,1
1996,-1.94901,30.05785,1
1996,-1.93895,29.32504,1
1996,-1.87444,30.21278,1
1996,-1.72975,29.85693,1
1996,-1.69116,29.94225,1
1996,-1.67912,29.2612,2
1996,-1.6585,29.22046,2
1996,-1.57248,-79.46874,1
1996,-1.53956,29.63692,1
1996,-1.49846,29.59234,1
1996,-1.29846,29.59358,1
1996,-1.28518,36.82111,2
1996,-1.22702,16.79327,1
1996,-1.22094,29.64992,1
1996,-1.215,28.91694,1
1996,-0.86145,134.06204,1
1996,-0.21119,-78.52263,1
1996,0.03645,29.75998,1
1996,0.25408,31.99281,1
1996,0.35486,32.75201,1
1996,0.41281,9.46086,1
1996,0.49534,42.77789,1
1996,0.49765,-76.49768,2
1996,0.66643,-76.87192,1
1996,0.69905,-75.25521,1
1996,0.86989,-73.84191,1
1996,0.9623,-77.73246,1
1996,1.08907,-77.62068,1
1996,1.14661,-76.64812,1
1996,1.21059,-77.99333,1
1996,1.3325,-75.97608,1
1996,1.35029,-77.52337,1
1996,1.50312,-77.21551,1
1996,1.57036,-75.32731,1
1996,1.6379,-77.74521,2
1996,1.80488,-75.89077,1
1996,1.83333,33.51667,1
1996,2.03955,-77.21702,1
1996,2.04392,-72.33111,1
1996,2.05982,45.32612,11
1996,2.24555,32.24632,2
1996,2.25652,32.24128,1
1996,2.35886,32.68288,1
1996,2.44186,-76.60617,1
1996,2.53544,31.8406,1
1996,2.53593,-75.52767,1
1996,2.70129,32.94491,1
1996,2.77168,32.28842,3
1996,2.7724,32.28807,1
1996,2.87797,32.72409,1
1996,2.878,32.71814,4
1996,2.89608,32.4538,1
1996,2.92391,32.51606,1
1996,2.92556,-75.29078,1
1996,2.96806,33.32168,1
1996,2.99704,32.14343,1
1996,3.03033,30.9073,1
1996,3.10418,32.08374,1
1996,3.24114,-74.35539,1
1996,3.32222,-76.23472,1
1996,3.36081,31.84772,1
1996,3.42934,-76.51604,11
1996,3.52721,-74.02371,1
1996,3.5299,-76.29801,1
1996,3.53318,-76.30991,1
1996,3.53861,-74.89611,1
1996,3.58524,98.6756,2
1996,3.65667,-76.68833,1
1996,3.80089,-76.64127,1
1996,3.86667,-74.41667,1
1996,4.08581,-76.19719,2
1996,4.09252,-75.15454,1
1996,4.15127,-73.63872,2
1996,4.2548,-74.00245,1
1996,4.3308,-73.86313,1
1996,4.37474,18.55129,1
1996,4.52869,-75.70385,1
1996,4.56276,-74.69569,1
1996,4.5981,-74.07603,2
1996,4.66713,-74.10606,38
1996,4.72288,-76.11931,1
1996,4.73538,45.2024,1
1996,4.74871,-75.91319,1
1996,4.92281,-52.32698,2
1996,4.99528,-75.81278,1
1996,5.00488,-76.00311,1
1996,5.02332,-74.00412,1
1996,5.026,-74.03001,4
1996,5.11692,-1.25541,1
1996,5.17069,-72.54683,1
1996,5.19623,-73.88795,1
1996,5.19688,-73.14554,2
1996,5.2528,-76.82596,1
1996,5.31667,-4.03333,1
1996,5.33996,-72.40158,1
1996,5.42156,-71.73107,1
1996,5.54832,-75.6441,1
1996,5.59,-75.86722,1
1996,5.63963,-72.89881,1
1996,5.70905,-75.31102,1
1996,5.72939,-71.99528,1
1996,5.74514,-75.97625,2
1996,5.85071,-76.02301,1
1996,6.04278,-74.99493,1
1996,6.05046,121.01224,1
1996,6.08822,121.10933,1
1996,6.13962,-75.26557,1
1996,6.14045,80.09975,1
1996,6.1429,-75.18417,1
1996,6.15367,-75.37416,1
1996,6.15518,-71.76813,1
1996,6.16667,-69.26667,1
1996,6.17255,1.23157,1
1996,6.18468,-75.65658,1
1996,6.1876,-74.99429,16
1996,6.19009,101.79796,3
1996,6.23384,-75.1617,2
1996,6.24203,-75.56477,29
1996,6.2675,-75.56861,26
1996,6.27053,-75.57217,3
1996,6.27968,81.40143,1
1996,6.27995,-75.44271,2
1996,6.29074,-10.76052,1
1996,6.30484,-75.88064,1
1996,6.31609,-76.13397,2
1996,6.36667,2.43333,1
1996,6.42062,121.97351,1
1996,6.46052,-71.72989,1
1996,6.46283,-75.55639,1
1996,6.47116,-75.16472,1
1996,6.4726,-75.54251,1
1996,6.48508,-75.0194,1
1996,6.48927,-74.40176,2
1996,6.50092,-72.73829,1
1996,6.50842,124.85524,1
1996,6.52787,-72.69603,1
1996,6.5455,101.2799,1
1996,6.54731,-71.00223,4
1996,6.55194,-74.78722,1
1996,6.61891,3.30553,8
1996,6.63887,124.60175,1
1996,6.66405,80.0706,1
1996,6.6667,-1.61591,1
1996,6.70041,121.97256,3
1996,6.70722,80.87832,1
1996,6.7252,79.91839,1
1996,6.73201,81.10211,1
1996,6.75389,-72.97241,1
1996,6.75806,81.80877,1
1996,6.75892,81.24913,1
1996,6.8041,124.63404,1
1996,6.80449,-76.24752,1
1996,6.80631,29.67612,1
1996,6.82833,-75.51306,9
1996,6.84276,81.33994,1
1996,6.85595,79.86297,1
1996,6.87527,81.83063,1
1996,6.88105,-73.41157,1
1996,6.89286,124.6218,1
1996,6.89852,-76.17332,1
1996,6.9075,-75.07496,1
1996,6.92909,122.07885,10
1996,6.94184,79.86169,6
1996,6.94778,-77.67139,1
1996,6.95472,81.48889,2
1996,7.02104,-75.90933,1
1996,7.02734,-71.42856,2
1996,7.05667,81.18528,1
1996,7.05742,124.67894,1
1996,7.06005,-73.85312,5
1996,7.06291,80.03586,1
1996,7.07786,-74.70355,1
1996,7.08071,-74.70101,6
1996,7.08582,-70.75779,1
1996,7.09931,81.85249,1
1996,7.10736,124.82777,1
1996,7.11531,81.85249,2
1996,7.11629,-73.12003,1
1996,7.18977,100.59538,1
1996,7.19479,124.53475,1
1996,7.19861,-75.34122,2
1996,7.19951,124.79698,1
1996,7.20959,124.24197,3
1996,7.21939,81.84976,1
1996,7.2565,80.72144,1
1996,7.28997,-75.39269,2
1996,7.30176,81.67473,7
1996,7.36149,122.36845,1
1996,7.37708,81.84156,1
1996,7.41438,81.83063,3
1996,7.41667,81.8,1
1996,7.42151,80.47645,2
1996,7.43552,81.81424,1
1996,7.44053,-77.11891,1
1996,7.48287,81.76503,1
1996,7.49175,-74.86818,2
1996,7.50336,81.73036,1
1996,7.52937,81.79461,3
1996,7.59072,122.14384,2
1996,7.62831,123.03133,1
1996,7.63865,-8.79751,1
1996,7.64051,80.42709,1
1996,7.66667,79.83333,1
1996,7.6676,-76.6803,1
1996,7.67087,-71.52147,1
1996,7.68901,81.72947,1
1996,7.70737,81.71575,2
1996,7.71667,81.70019,8
1996,7.731,81.67473,1
1996,7.73311,81.68882,5
1996,7.75121,123.1487,2
1996,7.75809,-76.65758,1
1996,7.75954,-73.39031,2
1996,7.77541,81.60625,3
1996,7.7853,81.4279,1
1996,7.78586,81.5898,1
1996,7.79457,122.78811,1
1996,7.79944,81.57722,4
1996,7.81213,81.5569,1
1996,7.81432,81.58503,1
1996,7.82153,81.55011,3
1996,7.86778,81.51027,2
1996,7.87777,80.01112,2
1996,7.88232,-76.63063,10
1996,7.88333,80.4,1
1996,7.89014,-75.66967,1
1996,7.8942,-72.50388,8
1996,7.9137,-72.14161,1
1996,7.92133,81.52467,2
1996,7.92468,81.54494,2
1996,7.9333,-72.59999,1
1996,7.93338,-72.60005,1
1996,7.93952,81.00096,1
1996,7.9459,81.52227,1
1996,7.94596,81.24913,1
1996,7.94628,-72.89881,4
1996,7.94644,81.24785,1
1996,7.95,81.13333,1
1996,7.96667,81.46667,1
1996,7.9878,-75.19709,1
1996,7.99221,-76.63719,1
1996,7.995,80.46083,1
1996,8.04053,-77.09336,1
1996,8.04928,-73.08554,1
1996,8.05,-77.58333,1
1996,8.11406,123.89685,1
1996,8.13675,-76.5505,1
1996,8.14083,81.10556,1
1996,8.16205,-12.43519,1
1996,8.2,80.48333,1
1996,8.22288,81.40386,1
1996,8.27296,79.84235,1
1996,8.29328,79.83843,1
1996,8.30859,-73.61354,1
1996,8.32497,81.30074,2
1996,8.34519,80.38813,2
1996,8.34939,81.28595,1
1996,8.35126,81.00699,1
1996,8.36637,81.07222,1
1996,8.38889,80.58278,1
1996,8.39111,99.82194,1
1996,8.40458,81.31243,3
1996,8.45791,81.2684,1
1996,8.46568,-13.23172,2
1996,8.49795,81.18408,1
1996,8.49973,81.09441,1
1996,8.57783,81.21872,5
1996,8.58493,123.3385,1
1996,8.5922,81.1968,3
1996,8.64108,80.6696,1
1996,8.64568,81.17103,1
1996,8.67044,-74.03001,1
1996,8.69053,-73.66254,1
1996,8.7492,-11.83714,1
1996,8.75,-75.88335,2
1996,8.75782,80.48791,1
1996,8.75898,80.98444,1
1996,8.86656,80.5093,1
1996,8.89972,80.83389,2
1996,8.91667,80.8,1
1996,8.94167,80.9867,1
1996,8.96404,80.78794,4
1996,8.97715,38.77323,5
1996,8.98012,79.91246,2
1996,8.99427,-79.51879,1
1996,9.08616,79.81899,1
1996,9.14204,-75.06112,3
1996,9.14515,-74.22554,2
1996,9.19974,-73.5433,1
1996,9.26709,80.81425,1
1996,9.30535,-75.3978,1
1996,9.33729,-73.65362,32
1996,9.3625,-73.60158,1
1996,9.38029,80.377,1
1996,9.45152,77.55442,4
1996,9.47806,80.01139,1
1996,9.4955,-75.35205,1
1996,9.51667,79.68333,1
1996,9.52167,-73.68917,1
1996,9.52287,-75.5795,5
1996,9.54637,-75.31266,1
1996,9.55694,44.07414,1
1996,9.56049,-73.33269,3
1996,9.575,80.46611,1
1996,9.60088,41.85014,2
1996,9.65907,80.13169,1
1996,9.66069,80.16564,1
1996,9.66123,80.02558,3
1996,9.6664,80.02048,4
1996,9.67402,78.10227,1
1996,9.6778,80.19647,2
1996,9.68219,80.22098,1
1996,9.69636,80.18472,1
1996,9.7,80.31667,1
1996,9.70219,-73.27915,1
1996,9.703,80.03393,1
1996,9.70607,80.05958,1
1996,9.73389,79.87417,1
1996,9.74506,80.10582,1
1996,9.76242,80.0289,1
1996,9.78162,80.04647,1
1996,9.8,80.15,1
1996,9.80038,-74.39254,1
1996,9.81494,80.16608,1
1996,9.82486,80.23635,1
1996,9.88208,-75.25447,1
1996,9.98942,-83.03739,1
1996,10.0355,-73.23725,1
1996,10.08232,-75.13784,1
1996,10.14864,-73.96144,2
1996,10.41371,-75.53355,3
1996,10.47692,-73.25049,1
1996,10.48283,-66.96213,9
1996,10.5214,-74.18671,1
1996,10.5302,7.43734,2
1996,10.59648,-74.19145,1
1996,10.6063,104.1819,2
1996,10.66667,-61.51667,3
1996,10.72883,123.82764,2
1996,10.77669,48.18641,1
1996,10.79549,1.67607,1
1996,10.98141,-74.77832,4
1996,11.06561,-72.76391,2
1996,11.2748,49.17966,1
1996,11.35477,-72.52048,1
1996,11.55883,104.91744,4
1996,11.61551,104.37919,1
1996,11.96839,-86.09462,1
1996,11.97433,8.50026,1
1996,11.98047,-86.31077,1
1996,11.99141,105.4654,1
1996,12.10382,-86.26701,4
1996,12.12669,15.0284,1
1996,12.25,104.66667,2
1996,12.29344,-84.41114,4
1996,12.43257,-86.8812,1
1996,12.71197,104.8886,1
1996,12.85269,44.89484,1
1996,12.91911,-85.91661,1
1996,12.92724,-85.18828,1
1996,12.93151,-85.22378,1
1996,12.9716,77.59456,3
1996,13.08268,80.27072,2
1996,13.09168,-86.00031,1
1996,13.1,103.2,4
1996,13.1003,103.19989,1
1996,13.31489,12.6047,1
1996,13.34464,103.84706,3
1996,13.36866,103.8644,1
1996,13.4034,-86.7257,1
1996,13.4451,-88.24612,1
1996,13.5458,101.61177,1
1996,13.56361,100.21158,1
1996,13.56485,-86.0283,1
1996,13.58648,44.0241,1
1996,13.60958,79.44979,1
1996,13.62679,-85.8254,1
1996,13.65,102.56667,3
1996,13.69288,-89.19916,3
1996,13.70362,-89.71501,1
1996,13.78579,100.56085,2
1996,13.78646,-89.04541,1
1996,13.83945,-83.93208,1
1996,13.8537,-85.59315,1
1996,13.86667,-88.63333,1
1996,13.88032,-86.1678,1
1996,13.97863,100.1668,1
1996,13.99776,74.54047,1
1996,14.0273,-86.56862,1
1996,14.06662,-85.29996,2
1996,14.0833,-87.2167,12
1996,14.15292,-85.07312,1
1996,14.22895,-90.47737,1
1996,14.28242,122.79478,1
1996,14.2836,121.41864,2
1996,14.29768,44.3806,1
1996,14.45418,-87.64308,1
1996,14.48425,120.89958,1
1996,14.50468,100.61402,1
1996,14.54943,121.03359,1
1996,14.56111,-90.73444,1
1996,14.59605,120.97867,9
1996,14.59935,120.98477,1
1996,14.62,-90.84417,1
1996,14.62287,-90.52907,13
1996,14.67428,121.0575,2
1996,14.6808,120.54043,1
1996,14.74061,-91.15942,1
1996,14.97191,-89.52902,1
1996,14.97934,-91.40027,1
1996,15.1742,44.48357,1
1996,15.32544,44.2119,2
1996,15.34789,-90.87235,1
1996,15.45011,36.40002,4
1996,15.45639,45.32487,1
1996,15.4737,-90.37254,2
1996,15.47857,78.48309,2
1996,15.50167,-88.02774,4
1996,15.60447,32.52914,2
1996,15.6144,38.92615,1
1996,15.69874,100.11996,1
1996,15.82921,-96.31958,1
1996,15.86719,-90.04432,1
1996,15.9129,79.73999,4
1996,15.9594,121.06625,1
1996,16.02541,120.4531,1
1996,16.1797,32.08482,1
1996,16.31764,121.2948,1
1996,16.33891,-92.56344,2
1996,16.3667,98.5833,1
1996,16.44295,100.34823,1
1996,16.68762,81.49174,1
1996,16.71726,98.56964,1
1996,16.72354,98.58437,1
1996,16.7386,-92.63323,3
1996,16.75693,-93.12924,4
1996,16.86344,-99.8816,3
1996,16.88778,96.14956,5
1996,16.89348,-92.62649,1
1996,16.91203,-90.29958,1
1996,16.98026,-99.72311,1
1996,16.99435,-92.89175,1
1996,17.00861,-100.0871,1
1996,17.03556,-100.06209,1
1996,17.05435,-96.71295,4
1996,17.06245,-96.69576,1
1996,17.10493,-100.04246,1
1996,17.20795,-100.43269,1
1996,17.21227,-100.11877,1
1996,17.22694,98.22556,1
1996,17.26667,-97.68333,1
1996,17.34522,98.10355,1
1996,17.40626,-100.33632,1
1996,17.43919,-99.5451,2
1996,17.50819,-93.1187,1
1996,17.55155,-99.50065,2
1996,17.56667,-99.4,1
1996,17.65206,-99.52496,1
1996,17.71373,-98.93586,2
1996,17.96444,77.76333,1
1996,17.96566,102.62303,1
1996,17.97336,79.59996,1
1996,17.98756,-92.92915,5
1996,18.33997,96.49167,1
1996,18.34995,-99.4795,1
1996,18.41944,-72.93639,1
1996,18.43139,-72.86694,2
1996,18.45679,-69.95116,1
1996,18.46667,-77.91667,1
1996,18.49151,-71.48769,1
1996,18.5125,-72.28528,1
1996,18.52772,-72.33284,21
1996,18.57667,-72.22694,1
1996,18.65833,84.23601,1
1996,18.93402,-99.23148,1
1996,19.07598,72.87766,1
1996,19.11667,-70.63333,1
1996,19.23442,-101.45774,1
1996,19.24647,-99.10135,1
1996,19.37189,-99.08662,4
1996,19.40638,-101.63997,1
1996,19.47694,79.57117,1
1996,19.5904,-105.1243,1
1996,19.64162,-99.09582,1
1996,19.68508,-98.86665,1
1996,19.70059,-101.18642,1
1996,19.88333,-72.83333,1
1996,20.01738,110.34923,1
1996,20.08333,-98.36667,1
1996,20.21194,-87.46583,4
1996,20.67334,-103.34418,1
1996,20.71645,-103.40014,2
1996,20.94248,-17.03624,1
1996,20.95166,85.09852,4
1996,21.03308,105.84998,1
1996,21.43946,92.00773,3
1996,21.8211,92.4357,2
1996,22.19227,113.54763,10
1996,22.24485,92.01779,1
1996,22.28187,114.16133,2
1996,22.31522,114.17246,1
1996,22.3419,91.81512,33
1996,22.37294,90.33737,8
1996,22.49371,91.5015,2
1996,22.5431,114.05787,1
1996,22.55173,88.35234,2
1996,22.61778,120.30139,1
1996,22.65735,92.17327,2
1996,22.75837,91.73712,1
1996,22.84564,89.54033,9
1996,22.9454,90.83416,1
1996,22.94828,91.39778,1
1996,23.01307,91.39405,2
1996,23.01386,89.82936,1
1996,23.0939,77.51115,1
1996,23.11092,91.98242,1
1996,23.12916,113.26444,1
1996,23.13194,-82.36417,1
1996,23.13531,91.9471,1
1996,23.16988,92.19837,3
1996,23.22447,90.65436,1
1996,23.23823,91.12313,1
1996,23.33035,88.8263,1
1996,23.79128,90.4182,44
1996,23.83078,91.2862,1
1996,23.90593,89.05495,1
1996,23.93191,91.60688,1
1996,23.96712,91.11196,1
1996,23.9992,90.79132,1
1996,24.06718,91.60567,1
1996,24.25692,121.26233,1
1996,24.36667,88.6,5
1996,24.41911,91.75388,2
1996,24.43667,118.31833,1
1996,24.45539,89.69995,1
1996,24.5652,-104.64827,1
1996,24.64492,93.99929,1
1996,24.66009,89.4221,1
1996,24.66372,93.90627,2
1996,24.7492,90.40262,1
1996,24.78147,84.98641,1
1996,24.79835,93.94043,11
1996,24.8861,90.72913,2
1996,24.89112,67.14331,113
1996,24.89778,91.87139,3
1996,25.09108,121.55983,2
1996,25.09607,85.31312,4
1996,25.15539,91.73698,1
1996,25.2727,94.0265,1
1996,25.29161,51.53044,1
1996,25.38929,68.35734,4
1996,25.46882,84.51998,1
1996,25.55,-103.43333,1
1996,25.65833,84.91139,1
1996,25.67321,-100.3092,2
1996,25.67758,89.88092,1
1996,25.76346,68.66184,1
1996,25.77459,-80.2142,3
1996,25.80893,-100.59793,1
1996,25.86525,-100.39259,1
1996,25.90627,93.72759,2
1996,26.01996,89.99357,1
1996,26.09102,90.41959,1
1996,26.09104,94.25897,1
1996,26.11389,50.48167,1
1996,26.15844,94.56244,2
1996,26.17324,50.55097,2
1996,26.2006,92.93757,7
1996,26.20129,50.47988,1
1996,26.217,50.58741,10
1996,26.21879,50.53378,1
1996,26.24196,68.39929,1
1996,26.25386,50.6137,1
1996,26.26622,50.15047,1
1996,26.40144,90.2667,26
1996,26.43916,89.97828,1
1996,26.44462,91.44105,2
1996,26.52447,91.35051,1
1996,26.76056,83.37317,1
1996,26.76806,31.49389,1
1996,26.91243,75.78727,2
1996,26.91667,31.43333,1
1996,26.98048,94.63137,1
1996,26.98111,31.27028,1
1996,26.99256,31.41381,3
1996,27.0238,74.21793,1
1996,27.04997,76.92685,1
1996,27.06427,31.34478,2
1996,27.17667,78.00807,1
1996,27.18112,31.17943,4
1996,27.39028,30.89306,1
1996,27.5289,68.75982,1
1996,27.53052,-99.48005,1
1996,27.53297,88.51222,1
1996,27.54503,14.27771,1
1996,27.64139,30.84944,1
1996,27.67917,30.7725,1
1996,27.70875,85.3295,4
1996,27.73236,30.84377,10
1996,27.86997,30.731,1
1996,27.895,30.80306,2
1996,27.91208,30.77605,1
1996,27.92987,30.83803,7
1996,27.95222,30.78083,1
1996,28.01077,30.78991,1
1996,28.09744,30.7565,4
1996,28.29252,117.2455,1
1996,28.31216,65.66389,1
1996,28.58584,77.15334,3
1996,28.74344,82.47528,1
1996,28.83163,77.57796,1
1996,28.92877,77.09128,2
1996,29.06389,31.08889,2
1996,29.39568,71.67692,2
1996,29.39597,71.67821,1
1996,29.47156,77.69897,2
1996,29.47746,72.78934,1
1996,29.62525,71.91184,1
1996,29.65798,91.1011,1
1996,29.68754,72.41959,1
1996,29.69667,72.55417,1
1996,29.89639,32.45778,1
1996,29.95103,-90.07142,1
1996,29.96667,32.55,1
1996,30.02292,31.18519,1
1996,30.08463,31.33431,3
1996,30.19784,71.46763,3
1996,30.20082,66.99435,1
1996,30.37818,76.7767,1
1996,30.53331,72.69979,1
1996,30.55861,31.06083,1
1996,30.6586,104.06486,1
1996,30.75139,67.80694,1
1996,30.83395,72.07505,1
1996,30.96606,76.52316,1
1996,30.99008,73.83455,1
1996,31.04437,46.26145,1
1996,31.09061,72.35952,1
1996,31.09766,105.09061,1
1996,31.20588,73.94383,1
1996,31.23176,121.48444,1
1996,31.35558,34.27436,1
1996,31.35655,34.3269,1
1996,31.40882,73.08302,1
1996,31.50241,34.45974,1
1996,31.50547,74.34288,19
1996,31.52973,35.11823,1
1996,31.53024,35.09416,11
1996,31.67015,34.57515,1
1996,31.70434,35.19436,2
1996,31.71309,73.98403,2
1996,31.74137,34.87877,1
1996,31.7526,72.92238,1
1996,31.7716,35.2034,6
1996,31.78484,35.22461,1
1996,31.83433,70.90905,1
1996,31.84822,47.1452,1
1996,31.90714,35.19822,2
1996,31.93333,35.21667,1
1996,31.95,35.93333,1
1996,31.96774,35.45558,1
1996,31.97506,74.2233,2
1996,31.99596,35.27111,2
1996,32.06929,20.15114,2
1996,32.08288,72.67145,2
1996,32.08297,34.81189,2
1996,32.11444,35.08028,1
1996,32.15649,74.18766,3
1996,32.22227,35.25351,2
1996,32.40964,35.2801,1
1996,32.41028,35.07028,1
1996,32.45137,-114.77167,1
1996,32.46062,35.30125,2
1996,32.49368,-116.95295,4
1996,32.54533,35.85716,1
1996,32.60439,44.00714,3
1996,32.60888,35.28997,1
1996,32.64557,-115.44534,1
1996,32.6505,-85.38065,1
1996,32.65246,51.67462,1
1996,32.7266,74.85703,1
1996,32.76042,22.63526,1
1996,32.81331,73.88433,1
1996,32.9,35.33333,2
1996,32.94443,35.18525,1
1996,32.98634,35.75464,1
1996,33.11249,73.41201,1
1996,33.11725,35.42888,2
1996,33.13288,35.33321,1
1996,33.13918,35.40055,1
1996,33.14575,75.54805,1
1996,33.15892,35.42112,1
1996,33.17611,35.44333,2
1996,33.20141,75.64699,1
1996,33.20872,35.57262,1
1996,33.20906,35.51627,1
1996,33.21461,35.46176,1
1996,33.23342,35.5168,2
1996,33.24626,35.5001,3
1996,33.24701,35.54859,1
1996,33.27672,35.48094,1
1996,33.27723,35.57824,1
1996,33.30218,35.47066,1
1996,33.30357,44.37177,3
1996,33.31329,75.76337,1
1996,33.3315,35.52586,1
1996,33.36083,35.51944,1
1996,33.38725,35.59953,1
1996,33.39216,35.5039,1
1996,33.40717,35.55566,1
1996,33.42095,43.29566,1
1996,33.42551,-111.93742,1
1996,33.44056,75.80611,1
1996,33.44439,35.56762,1
1996,33.44826,-112.07577,3
1996,33.47454,35.35925,4
1996,33.51642,73.89884,1
1996,33.54135,35.58622,1
1996,33.54333,35.475,1
1996,33.55043,35.37096,1
1996,33.59,-7.61,2
1996,33.64542,75.01968,1
1996,33.67164,73.05607,3
1996,33.68146,75.1691,2
1996,33.73222,75.15791,8
1996,33.73334,75.14898,1
1996,33.74502,-84.39167,1
1996,33.77817,76.57617,10
1996,33.78333,3.15,2
1996,33.7895,75.10339,1
1996,33.84862,44.52212,1
1996,33.86652,74.86455,1
1996,33.86682,35.95937,1
1996,33.87152,74.89955,1
1996,33.87403,74.9015,1
1996,33.88852,35.50351,2
1996,33.898,70.10754,1
1996,33.91523,71.45868,1
1996,33.92513,73.7865,1
1996,34.006,71.53743,1
1996,34.03027,35.62896,1
1996,34.08374,74.7899,54
1996,34.11033,71.1638,1
1996,34.12983,74.83755,1
1996,34.15095,74.64517,1
1996,34.15684,3.49838,1
1996,34.17183,70.62168,1
1996,34.2056,74.35387,3
1996,34.26499,108.94427,1
1996,34.35681,74.6642,1
1996,34.37792,74.40102,1
1996,34.41712,70.44959,1
1996,34.43809,35.83084,1
1996,34.5169,69.14701,1
1996,34.69891,-118.14478,1
1996,34.70733,33.0234,2
1996,34.74661,113.62536,1
1996,34.84075,0.14947,1
1996,34.94608,-1.04876,1
1996,35.03973,33.98172,1
1996,35.04819,-89.62011,1
1996,35.0531,-1.49278,1
1996,35.13298,33.93462,1
1996,35.16677,33.36763,1
1996,35.16678,33.36763,5
1996,35.26936,0.11294,1
1996,35.37563,5.90552,1
1996,35.37849,1.32569,1
1996,35.43913,2.5158,1
1996,35.60722,140.10627,1
1996,35.68912,139.74774,6
1996,35.69694,-0.63306,2
1996,35.88906,3.50208,1
1996,35.96222,3.15528,1
1996,35.9628,116.68518,1
1996,36.05085,-95.7895,2
1996,36.08333,44.63333,1
1996,36.13332,2.91665,2
1996,36.14722,3.69056,1
1996,36.16525,1.33452,1
1996,36.18403,2.24403,1
1996,36.18898,5.41442,1
1996,36.20172,37.14352,2
1996,36.24992,46.2735,1
1996,36.26372,1.9635,1
1996,36.26667,1.96667,1
1996,36.26667,2.75,1
1996,36.27679,1.52185,1
1996,36.27845,1.10685,1
1996,36.29639,3.66993,1
1996,36.31136,139.19677,1
1996,36.35,6.6,2
1996,36.44513,2.84172,1
1996,36.46293,2.73873,2
1996,36.47641,3.75877,1
1996,36.48045,2.83388,10
1996,36.53139,2.96806,1
1996,36.56222,3.59444,1
1996,36.56556,2.90306,1
1996,36.56743,1.90493,1
1996,36.57412,2.91214,1
1996,36.58199,2.91097,2
1996,36.60637,3.08783,3
1996,36.62503,2.65747,1
1996,36.62516,5.33607,1
1996,36.62689,3.4795,1
1996,36.63905,2.76504,2
1996,36.66655,3.09606,1
1996,36.6725,2.78944,1
1996,36.70993,67.1157,1
1996,36.71325,3.08504,1
1996,36.71617,3.15036,2
1996,36.71637,4.04983,5
1996,36.71667,2.85,1
1996,36.71965,-4.42002,3
1996,36.72735,3.40995,2
1996,36.73454,-3.69074,2
1996,36.73914,3.90168,1
1996,36.74,3.34,1
1996,36.74239,3.72282,3
1996,36.74563,3.83024,2
1996,36.75319,2.88783,1
1996,36.76376,3.05541,44
1996,36.78734,3.05135,1
1996,36.81694,3.85722,1
1996,36.84831,-75.97928,1
1996,36.85583,3.85667,1
1996,36.87617,6.90921,1
1996,36.87806,3.72306,1
1996,36.98972,6.46028,1
1996,36.99154,35.33105,1
1996,37.02872,35.81255,1
1996,37.17649,-3.59793,1
1996,37.4116,35.86192,1
1996,37.48673,71.54984,1
1996,37.52265,42.45264,1
1996,37.56654,126.97797,1
1996,37.57704,43.7361,2
1996,37.76574,-3.78952,1
1996,37.87404,-122.28002,1
1996,37.88473,-4.77915,3
1996,37.88579,41.13012,1
1996,37.92222,40.18438,2
1996,37.94284,23.64692,2
1996,37.99749,23.76273,16
1996,38.05983,37.18827,1
1996,38.10139,40.17111,1
1996,38.35136,-121.99343,1
1996,38.46725,70.78856,1
1996,38.51193,68.67256,1
1996,38.55218,68.76744,13
1996,38.57491,68.96737,1
1996,38.67521,39.22275,3
1996,38.72259,69.31979,1
1996,38.73014,69.80235,1
1996,38.7302,35.48072,1
1996,38.78507,38.26446,1
1996,38.88845,40.50114,1
1996,38.90864,-77.01538,1
1996,39.10671,39.54525,6
1996,39.21574,70.52649,1
1996,39.38046,-75.2169,1
1996,39.4704,75.98976,1
1996,39.70355,-91.37611,1
1996,39.74887,37.0165,3
1996,39.93077,32.76754,1
1996,40.17857,44.53576,1
1996,40.28525,70.43053,1
1996,40.41724,49.90346,2
1996,40.4656,-3.69626,4
1996,40.60675,-111.93875,1
1996,40.62066,22.952,2
1996,40.69713,-73.93135,1
1996,40.80228,29.44066,1
1996,41.0027,39.71676,1
1996,41.06706,1.05642,1
1996,41.07677,1.14404,3
1996,41.0842,-81.51406,1
1996,41.10618,28.68986,24
1996,41.15482,1.10868,1
1996,41.27678,80.23896,1
1996,41.3275,19.81889,5
1996,41.35432,-1.64701,1
1996,41.38717,9.15927,4
1996,41.39688,9.23702,1
1996,41.40064,2.15091,1
1996,41.48734,9.13011,3
1996,41.59137,9.27831,12
1996,41.62182,8.97472,4
1996,41.67615,8.90395,3
1996,41.70275,9.12302,1
1996,41.70998,44.793,1
1996,41.75404,9.10088,1
1996,41.84592,8.9936,1
1996,41.85704,9.39965,1
1996,41.87694,8.97889,1
1996,41.89096,12.49007,2
1996,41.91889,8.73755,56
1996,41.93061,8.74291,46
1996,41.94122,9.33064,1
1996,41.98046,-1.44325,1
1996,42.0103,9.32543,2
1996,42.01685,9.40398,2
1996,42.05,25.6,1
1996,42.07694,20.42194,1
1996,42.09383,9.50257,1
1996,42.10351,9.21377,1
1996,42.10425,9.51243,1
1996,42.11809,-8.84958,2
1996,42.30941,9.14902,3
1996,42.34089,-3.69976,1
1996,42.38312,9.50251,1
1996,42.39462,-8.82563,2
1996,42.43306,21.03972,1
1996,42.44321,-123.32464,1
1996,42.44581,9.5078,1
1996,42.46578,-2.45,1
1996,42.48148,-1.65164,1
1996,42.49258,9.43918,1
1996,42.4981,47.8919,1
1996,42.50594,21.17794,1
1996,42.53778,20.29111,1
1996,42.552,8.91529,1
1996,42.55474,9.42405,2
1996,42.56765,8.75722,2
1996,42.57759,8.83288,1
1996,42.58584,9.01796,2
1996,42.61314,9.41926,3
1996,42.6154,41.71987,1
1996,42.6199,25.39466,1
1996,42.62803,41.73566,1
1996,42.63651,8.93705,4
1996,42.65056,18.09139,1
1996,42.65798,9.41422,1
1996,42.65981,20.30712,1
1996,42.67178,-1.81576,1
1996,42.67248,21.16375,1
1996,42.68186,9.30375,1
1996,42.69539,-1.67607,2
1996,42.69649,23.32601,10
1996,42.69868,2.89587,1
1996,42.7,9.44732,30
1996,42.71415,9.43171,2
1996,42.76667,9.45,1
1996,42.79668,21.1552,1
1996,42.81537,-1.65362,1
1996,42.82306,20.9675,1
1996,42.826,-1.61555,1
1996,42.84964,-2.69236,1
1996,42.87002,74.58788,5
1996,42.88045,-8.5463,1
1996,42.88089,20.86721,2
1996,42.88333,47.63333,1
1996,42.88972,21.20472,1
1996,42.90578,-1.09073,1
1996,42.91056,21.19306,2
1996,42.91766,21.12317,1
1996,42.95845,9.45036,1
1996,42.98542,47.45067,3
1996,42.9925,21.1425,1
1996,43.00618,46.44212,1
1996,43.04746,44.66581,2
1996,43.0542,-2.17812,1
1996,43.06647,-2.48915,1
1996,43.12754,45.53997,1
1996,43.1347,45.7785,1
1996,43.22218,-2.88567,2
1996,43.24758,46.40248,1
1996,43.25843,-2.92182,3
1996,43.25861,18.11333,1
1996,43.26652,-1.5039,1
1996,43.29162,-1.9779,7
1996,43.29648,5.36978,2
1996,43.29851,45.78291,1
1996,43.32023,45.65449,8
1996,43.34333,17.80806,5
1996,43.34423,3.2158,1
1996,43.36175,45.411,2
1996,43.38805,-1.66306,2
1996,43.39003,46.61666,1
1996,43.39594,-1.45459,2
1996,43.39978,-1.1079,1
1996,43.42701,46.08799,1
1996,43.49295,-1.47484,1
1996,43.5098,46.3339,1
1996,43.52315,-1.48586,1
1996,43.52974,5.44743,2
1996,43.54526,-5.66193,2
1996,43.61852,-116.21462,2
1996,43.62945,46.20244,2
1996,43.6402,5.09702,1
1996,43.69604,7.26559,7
1996,43.7477,-122.4568,1
1996,43.76873,11.2569,1
1996,43.79303,87.62781,48
1996,43.82317,17.6083,1
1996,43.85,18.38333,1
1996,43.85,46.71667,1
1996,43.87454,10.25689,1
1996,43.91458,46.70992,1
1996,44.04389,16.2,1
1996,44.05015,43.05102,1
1996,44.05722,17.45083,1
1996,44.12904,18.6048,1
1996,44.13525,18.07974,1
1996,44.13593,15.63233,1
1996,44.1381,4.80751,1
1996,44.50556,19.04833,5
1996,44.54278,18.66944,1
1996,44.62306,18.96972,4
1996,44.66722,19.01194,1
1996,44.70833,18.88028,1
1996,44.73573,-122.15085,1
1996,44.74077,18.09296,1
1996,44.81861,20.46806,2
1996,44.82049,-93.30636,1
1996,44.83779,-0.57918,1
1996,44.84028,18.79,6
1996,44.95212,34.10242,1
1996,44.96694,15.94306,3
1996,45.18403,0.72112,1
1996,45.28543,11.40512,1
1996,45.46921,9.17451,1
1996,45.63563,13.05271,1
1996,45.69099,13.13875,1
1996,45.83362,1.2611,1
1996,46.35,48.05,1
1996,46.35917,15.11028,1
1996,46.55472,15.64667,2
1996,46.95896,-0.88966,1
1996,47.02686,28.84155,2
1996,47.07071,15.4395,1
1996,47.16554,9.47086,1
1996,47.22642,8.82262,1
1996,47.41381,9.18582,1
1996,47.49841,19.04076,12
1996,47.55742,7.59257,1
1996,47.65713,-117.24786,2
1996,47.65878,-117.42605,3
1996,47.79331,18.74193,1
1996,48.02945,17.31018,1
1996,48.11348,-1.67571,1
1996,48.13913,11.58019,1
1996,48.15,17.11667,3
1996,48.18954,17.72666,1
1996,48.20817,16.37382,3
1996,48.69716,2.18962,1
1996,48.7,44.51667,2
1996,48.77711,9.18077,1
1996,48.78333,44.76667,1
1996,48.85664,2.34233,8
1996,48.89338,8.70492,2
1996,48.90523,9.13852,1
1996,49.25139,11.23426,1
1996,49.39508,8.53467,1
1996,49.4019,8.68028,1
1996,49.82092,18.26252,1
1996,49.93307,2.93335,1
1996,50.07554,14.4378,2
1996,50.10492,8.75856,1
1996,50.11797,8.64419,2
1996,50.4501,30.5234,2
1996,50.63137,3.06545,1
1996,50.71462,12.49689,1
1996,50.77544,6.08151,1
1996,50.87379,8.02341,1
1996,50.92705,11.58924,2
1996,50.94066,6.95991,7
1996,51.03802,-114.06099,1
1996,51.04592,7.01922,1
1996,51.21392,6.78069,1
1996,51.33967,12.37136,1
1996,51.43515,6.76269,2
1996,51.45794,7.01483,1
1996,51.48217,11.96581,1
1996,51.50439,-0.14004,7
1996,51.51153,7.09303,1
1996,51.51205,7.46357,1
1996,51.65,39.2,1
1996,51.71458,20.34514,1
1996,51.92422,4.48178,2
1996,51.9851,5.89873,2
1996,52.02306,8.53307,2
1996,52.0515,113.47119,1
1996,52.06986,4.29111,1
1996,52.22968,21.01223,5
1996,52.26008,6.16484,1
1996,52.26418,10.52637,1
1996,52.26728,8.05319,1
1996,52.37207,9.73569,1
1996,52.49192,9.85537,1
1996,52.50153,13.40185,2
1996,53.07498,8.80708,2
1996,53.48422,-2.24117,1
1996,53.55381,9.99159,7
1996,53.58377,9.69866,1
1996,54.32268,10.13586,1
1996,54.34542,-7.63636,1
1996,54.34754,-6.65611,1
1996,54.44661,-6.69075,1
1996,54.46337,-6.3286,2
1996,54.47756,-8.28144,1
1996,54.50866,-6.29535,1
1996,54.51569,-6.05572,2
1996,54.60771,-5.95621,14
1996,54.68939,25.28002,2
1996,54.86312,-6.27834,3
1996,55.01156,-7.31204,3
1996,55.20161,61.43839,1
1996,55.6,38.1,1
1996,55.71091,21.39602,1
1996,55.75138,37.57991,23
1996,57.16667,65.5,1
1996,57.69699,11.9865,1
1996,59.35767,27.41336,1
1996,59.40694,75.12884,1
1996,59.85337,30.34843,2
1996,59.90633,30.45504,1
1996,59.91387,10.75224,1
1997,-38.164,-72.90325,1
1997,-37.10268,-56.86536,1
1997,-36.84846,174.76333,1
1997,-35.30824,149.12422,1
1997,-34.89115,-56.18721,2
1997,-34.61768,-58.44444,7
1997,-33.87365,151.20689,3
1997,-33.36624,-70.5053,3
1997,-32.83389,-70.59722,1
1997,-32.75076,-70.7251,1
1997,-31.74126,-60.51126,2
1997,-31.41324,23.94748,5
1997,-30.58474,29.02373,1
1997,-30.05038,30.88127,1
1997,-29.86182,31.00829,1
1997,-29.69094,30.67169,2
1997,-29.60032,30.38159,2
1997,-26.80828,-65.21759,1
1997,-26.49994,31.37596,1
1997,-26.18411,28.03323,2
1997,-25.78859,27.24352,1
1997,-25.69875,27.47472,1
1997,-25.66136,27.24756,1
1997,-25.5302,-54.82913,1
1997,-25.51671,-54.61686,1
1997,-25.28277,-57.63561,4
1997,-25.25209,-52.02154,1
1997,-23.55071,-46.63348,14
1997,-23.54532,-46.31162,1
1997,-22.90828,-43.19703,6
1997,-22.85142,-48.46411,3
1997,-22.45561,-51.76534,1
1997,-21.53605,-49.86036,1
1997,-20.4693,-54.62043,1
1997,-20.2643,-40.42031,1
1997,-18.92232,47.51724,1
1997,-17.96671,-67.11662,1
1997,-16.50932,-68.10434,1
1997,-16.4095,-71.53738,1
1997,-16.28333,-65.38333,2
1997,-16.04906,-51.2693,1
1997,-15.82609,-47.92232,1
1997,-15.69902,-70.60638,1
1997,-15.46257,-39.65295,1
1997,-14.31884,-74.37817,1
1997,-13.73152,15.06629,1
1997,-13.01262,-73.9809,1
1997,-12.97199,-38.5011,3
1997,-12.95068,-74.56077,1
1997,-12.76554,15.73286,2
1997,-12.63862,16.03917,1
1997,-12.28376,43.74162,2
1997,-12.21382,44.43706,1
1997,-12.06831,-75.21016,1
1997,-12.05098,-77.12598,1
1997,-11.96737,-76.97846,29
1997,-11.25424,-74.63696,1
1997,-11.05715,-75.06112,1
1997,-9.82512,-73.08775,6
1997,-9.64979,-35.70898,1
1997,-9.52612,-77.52878,1
1997,-9.34736,-77.1709,1
1997,-9.29748,-75.99631,2
1997,-9.29678,124.28259,1
1997,-8.91394,126.28074,1
1997,-8.85522,126.36425,2
1997,-8.58333,125.35,1
1997,-8.56,28.54028,1
1997,-8.54966,125.5666,3
1997,-8.51667,126.01667,1
1997,-8.46643,126.4497,5
1997,-8.18885,-76.51084,1
1997,-8.12707,-77.39527,1
1997,-7.79469,-76.1964,2
1997,-7.67288,109.27099,1
1997,-7.42906,109.77607,1
1997,-7.36329,20.81808,2
1997,-7.36211,109.8994,1
1997,-7.21667,107.9,1
1997,-7.18018,-76.72644,1
1997,-6.88289,109.67,1
1997,-6.7533,-51.08624,1
1997,-6.49817,-77.4985,1
1997,-6.31228,106.78443,1
1997,-6.15917,107.29806,1
1997,-5.55014,155.00752,2
1997,-5.13448,119.41877,1
1997,-4.6322,-79.8289,1
1997,-4.38917,15.33762,1
1997,-4.3421,29.59975,1
1997,-4.28068,138.05054,1
1997,-4.22536,15.25106,1
1997,-4.16097,-70.55178,1
1997,-4.09051,39.64776,2
1997,-4.04118,39.67761,2
1997,-4.03862,29.52969,1
1997,-3.99589,29.51502,1
1997,-3.98424,29.54706,1
1997,-3.96706,29.43617,4
1997,-3.96662,29.43601,1
1997,-3.94473,29.61916,1
1997,-3.94066,39.75331,2
1997,-3.92375,29.98988,1
1997,-3.73227,-38.52653,1
1997,-3.61637,29.34586,1
1997,-3.4957,29.46623,18
1997,-3.42751,29.92425,18
1997,-3.41255,29.40803,1
1997,-3.39406,29.40405,1
1997,-3.37583,29.36411,8
1997,-3.373,36.68509,1
1997,-3.34202,29.48431,1
1997,-3.28414,30.38187,1
1997,-3.2209,40.11615,1
1997,-3.20968,29.56358,1
1997,-3.19755,30.18278,1
1997,-3.19354,29.30616,2
1997,-3.1493,29.25002,1
1997,-3.08167,29.79778,1
1997,-3.08016,29.39791,1
1997,-2.96169,29.1942,1
1997,-2.91525,29.62306,1
1997,-2.88982,29.12151,2
1997,-2.70634,29.24463,1
1997,-2.47538,28.91791,2
1997,-2.17083,-79.92236,2
1997,-2.15032,30.54359,1
1997,-2.05743,29.34962,1
1997,-1.99689,29.70639,1
1997,-1.95559,30.04634,1
1997,-1.94901,30.05785,3
1997,-1.93465,30.21088,1
1997,-1.86846,29.54266,1
1997,-1.82643,13.01456,1
1997,-1.81246,30.04628,1
1997,-1.76752,29.55064,1
1997,-1.70509,29.55862,2
1997,-1.67912,29.2612,4
1997,-1.6585,29.22046,3
1997,-1.61111,29.49667,1
1997,-1.60772,29.33375,1
1997,-1.59957,29.38169,1
1997,-1.58788,29.38158,2
1997,-1.5739,29.86709,1
1997,-1.50376,29.63264,3
1997,-1.50348,29.63259,1
1997,-1.45312,29.58621,1
1997,-1.44837,29.57641,2
1997,-1.28518,36.82111,1
1997,-1.00627,34.87897,1
1997,-0.53289,34.45684,1
1997,-0.48709,30.20511,1
1997,-0.36971,35.93585,1
1997,-0.35785,42.54665,1
1997,-0.21119,-78.52263,1
1997,-0.09204,34.7696,3
1997,0.06463,30.06652,1
1997,0.1699,30.07808,2
1997,0.22771,34.81525,1
1997,0.25805,30.52791,1
1997,0.34287,-76.90966,1
1997,0.3476,32.58252,1
1997,0.35085,32.58022,5
1997,0.42529,-76.90507,2
1997,0.43595,-75.52767,1
1997,0.69905,-75.25521,1
1997,0.70753,30.06364,1
1997,0.71376,30.61999,2
1997,0.81667,30.41667,1
1997,0.86989,-73.84191,3
1997,0.90861,-77.79139,1
1997,1.14646,-77.00389,1
1997,1.14661,-76.64812,1
1997,1.20779,-77.2772,1
1997,1.25525,-70.23339,1
1997,1.3325,-75.97608,1
1997,1.46623,15.40681,1
1997,1.61456,-75.6053,1
1997,1.6379,-77.74521,2
1997,1.67155,-78.14099,1
1997,1.70085,-76.57288,1
1997,1.80488,-75.89077,1
1997,1.85199,-76.04698,2
1997,1.93235,-78.2,1
1997,1.93514,-77.30609,1
1997,2.03955,-77.21702,1
1997,2.05982,45.32612,6
1997,2.08337,-78.61664,1
1997,2.2437,32.24603,1
1997,2.38855,-75.5468,1
1997,2.3889,-75.89255,1
1997,2.44186,-76.60617,2
1997,2.46071,31.49417,1
1997,2.51379,-76.38945,2
1997,2.53593,-75.52767,3
1997,2.57995,32.44005,1
1997,2.75674,-76.62993,1
1997,2.77168,32.28842,1
1997,2.77772,-75.25743,2
1997,2.7962,-76.48313,1
1997,2.878,32.71814,1
1997,2.89206,-72.13573,1
1997,2.94818,-75.04098,2
1997,2.95258,-76.69297,1
1997,2.99704,32.14343,1
1997,3.0358,-76.40833,1
1997,3.09048,-75.67288,1
1997,3.1,-72.83333,1
1997,3.11564,43.64658,3
1997,3.13256,-76.39211,1
1997,3.24114,-74.35539,3
1997,3.2694,-73.37616,1
1997,3.27199,-73.08775,3
1997,3.28848,32.87895,1
1997,3.32222,-76.23472,1
1997,3.37246,-73.87377,2
1997,3.38463,-74.04335,1
1997,3.38834,-73.59278,1
1997,3.42934,-76.51604,8
1997,3.50395,-75.98857,1
1997,3.5299,-76.29801,1
1997,3.53983,-76.3854,3
1997,3.54434,-73.70781,3
1997,3.58375,-76.49573,1
1997,3.68415,-76.31235,1
1997,3.71231,-73.24362,1
1997,3.80089,-76.64127,1
1997,3.86674,-75.53343,1
1997,3.88182,-77.07042,1
1997,4.08581,-76.19719,2
1997,4.1206,43.89053,1
1997,4.12309,43.89084,1
1997,4.15127,-73.63872,3
1997,4.2548,-74.00245,1
1997,4.34639,43.54972,1
1997,4.37521,-73.21133,1
1997,4.40306,-74.02528,1
1997,4.49137,-74.26049,1
1997,4.51,-73.34972,1
1997,4.5295,-75.64021,1
1997,4.53581,-76.10659,6
1997,4.54939,-74.53601,1
1997,4.5823,-74.21946,1
1997,4.5981,-74.07603,1
1997,4.66713,-74.10606,31
1997,4.69309,-73.52008,1
1997,4.71298,-73.947,1
1997,4.72288,-76.11931,1
1997,4.73538,45.2024,1
1997,4.77837,-73.03359,1
1997,4.78482,7.00545,1
1997,4.80998,-75.84904,1
1997,4.81428,-75.69456,1
1997,4.83124,-72.30002,1
1997,4.87163,-74.53905,1
1997,4.87702,-74.43741,1
1997,4.89791,46.57789,1
1997,4.92281,-52.32698,2
1997,4.99243,-76.01866,1
1997,4.99936,-74.33936,1
1997,5.01126,-74.4702,2
1997,5.06787,-75.51748,1
1997,5.0694,-74.59806,1
1997,5.08414,-75.7903,1
1997,5.19778,-74.89708,1
1997,5.26056,-75.57197,1
1997,5.29307,-72.70293,1
1997,5.29587,-75.88259,1
1997,5.31551,-75.80057,1
1997,5.31667,-4.03333,1
1997,5.40832,-71.6623,1
1997,5.4206,-75.70269,1
1997,5.52372,5.75317,1
1997,5.69224,-76.65809,1
1997,5.70905,-75.31102,1
1997,5.72939,-71.99528,2
1997,5.75893,-71.5724,4
1997,5.77306,101.0725,1
1997,5.82157,125.20095,1
1997,5.82789,-55.17622,1
1997,5.95833,-76.0075,1
1997,5.96622,125.28595,1
1997,5.98983,-73.77051,1
1997,6.012,-75.68772,1
1997,6.03154,80.23352,1
1997,6.04278,-74.99493,1
1997,6.05046,121.01224,3
1997,6.06056,124.49568,2
1997,6.1429,-75.18417,4
1997,6.15367,-75.37416,3
1997,6.16667,-69.26667,1
1997,6.16667,6.78333,2
1997,6.16684,101.19005,1
1997,6.18468,-75.65658,1
1997,6.1876,-74.99429,1
1997,6.19009,101.79796,3
1997,6.20781,-75.73436,1
1997,6.21906,-73.81111,1
1997,6.23384,-75.1617,1
1997,6.24203,-75.56477,42
1997,6.25415,101.7296,1
1997,6.2675,-75.56861,9
1997,6.27053,-75.57217,2
1997,6.29535,-75.02828,1
1997,6.30484,-75.88064,2
1997,6.31371,-73.95015,2
1997,6.31609,-76.13397,2
1997,6.34053,-75.56223,2
1997,6.4052,-75.98269,1
1997,6.41082,-74.75641,1
1997,6.46282,-75.55638,1
1997,6.52111,-76.97222,1
1997,6.5455,101.2799,2
1997,6.54731,-71.00223,5
1997,6.56735,-75.51756,1
1997,6.61891,3.30553,6
1997,6.63797,-73.28621,1
1997,6.63887,124.60175,1
1997,6.64371,-73.65362,1
1997,6.6752,-74.84211,4
1997,6.67786,-75.81146,1
1997,6.68077,-75.95339,1
1997,6.70041,121.97256,1
1997,6.70278,124.68342,1
1997,6.71961,-75.90703,1
1997,6.74951,-76.02458,1
1997,6.77467,-74.79971,3
1997,6.82181,-58.15922,1
1997,6.82184,80.36151,1
1997,6.82833,-75.51306,8
1997,6.83228,-63.33293,1
1997,6.84551,4.90777,1
1997,6.86948,101.25048,1
1997,6.88571,-75.335,1
1997,6.89286,124.6218,1
1997,6.89852,-76.17332,1
1997,6.92695,-68.52472,2
1997,6.92909,122.07885,2
1997,6.9389,-71.81009,1
1997,6.94184,79.86169,4
1997,6.94929,124.88448,2
1997,6.95245,79.87798,2
1997,6.95284,-71.87514,4
1997,6.97125,-75.69982,1
1997,6.97386,80.76705,1
1997,7.00056,-72.10833,1
1997,7.00063,-76.26572,1
1997,7.00702,-73.9094,4
1997,7.02104,-75.90933,2
1997,7.02734,-71.42856,6
1997,7.03147,124.50267,1
1997,7.05606,124.69785,1
1997,7.06005,-73.85312,15
1997,7.06253,-73.08581,1
1997,7.07386,-75.14591,2
1997,7.07786,-74.70355,4
1997,7.08071,-74.70101,1
1997,7.08582,-70.75779,2
1997,7.10577,-77.76488,1
1997,7.11629,-73.12003,10
1997,7.14266,-71.97163,2
1997,7.16114,124.21534,1
1997,7.17204,-75.76387,2
1997,7.18232,124.21571,2
1997,7.19479,124.53475,1
1997,7.19861,-75.34122,5
1997,7.20959,124.24197,5
1997,7.24389,-76.43556,1
1997,7.24553,-73.78456,1
1997,7.24677,-70.72917,4
1997,7.27611,-76.56222,7
1997,7.2792,124.42699,1
1997,7.28778,-75.39444,1
1997,7.28997,-75.39269,1
1997,7.30986,-72.48288,1
1997,7.34824,-73.89707,2
1997,7.37714,-73.91456,1
1997,7.39002,-73.50099,3
1997,7.39639,3.91667,1
1997,7.46667,4.56667,6
1997,7.46778,-76.64501,2
1997,7.48008,-73.92076,1
1997,7.49175,-74.86818,1
1997,7.51784,124.37211,1
1997,7.52005,-80.57491,1
1997,7.528,81.47783,1
1997,7.52937,81.79461,1
1997,7.54444,80.69639,1
1997,7.54724,81.78773,1
1997,7.55862,41.72784,1
1997,7.59211,-74.80908,1
1997,7.60222,-72.315,1
1997,7.62071,5.21829,1
1997,7.65333,-76.96028,1
1997,7.66667,-76.99999,1
1997,7.68612,124.69219,1
1997,7.71667,81.70019,3
1997,7.73311,81.68882,1
1997,7.78403,122.59308,1
1997,7.7853,81.4279,1
1997,7.78586,81.5898,1
1997,7.79525,123.72048,1
1997,7.83372,-72.47423,3
1997,7.85994,-76.59053,1
1997,7.86964,122.56237,1
1997,7.88232,-76.63063,3
1997,7.8836,-76.63192,21
1997,7.8942,-72.50388,20
1997,7.91571,81.52129,4
1997,7.91922,-72.44286,1
1997,7.92133,81.52467,3
1997,7.9277,-72.50848,1
1997,7.93643,-11.34807,1
1997,7.94384,-72.83307,1
1997,7.94628,-72.89881,2
1997,7.94644,81.24785,2
1997,7.95603,-73.94496,2
1997,7.97386,-73.85384,2
1997,7.97639,-73.90028,1
1997,7.99221,-76.63719,2
1997,8.00467,124.2913,2
1997,8.0159,124.05942,1
1997,8.05,-77.58333,1
1997,8.07064,81.08887,1
1997,8.08327,-73.2245,4
1997,8.13333,-77.68333,1
1997,8.17361,-76.05917,1
1997,8.23342,-73.35331,1
1997,8.24004,124.24477,3
1997,8.30859,-73.61354,3
1997,8.31361,-72.48583,1
1997,8.34389,-73.59704,3
1997,8.35126,81.00699,1
1997,8.36291,-72.4081,1
1997,8.36667,-69.26667,2
1997,8.37081,81.31931,1
1997,8.40255,-73.20768,1
1997,8.40458,81.31243,2
1997,8.41667,81.3,1
1997,8.44021,-83.0944,1
1997,8.46771,-74.53563,2
1997,8.48958,124.65148,1
1997,8.49933,-74.32649,1
1997,8.54011,-74.63038,2
1997,8.54145,81.19232,1
1997,8.57783,81.21872,2
1997,8.58866,-73.84014,1
1997,8.58944,80.835,1
1997,8.60169,-73.60818,2
1997,8.63781,-72.73464,3
1997,8.64108,80.6696,1
1997,8.66049,-11.05916,1
1997,8.67044,-74.03001,1
1997,8.69053,-73.66254,1
1997,8.73753,80.50633,1
1997,8.75,-75.88335,2
1997,8.75004,-77.61668,2
1997,8.75782,80.48791,4
1997,8.7786,80.48524,2
1997,8.81342,80.54662,1
1997,8.83335,-73.20003,1
1997,8.83427,80.05105,1
1997,8.83833,-75.47972,1
1997,8.87198,-12.03756,1
1997,8.8855,80.27673,2
1997,8.94167,80.98668,1
1997,8.94167,80.9867,1
1997,8.95778,-75.83766,1
1997,8.96404,80.78794,1
1997,8.97409,-68.39282,2
1997,8.97715,38.77323,3
1997,8.99733,-73.97286,1
1997,8.9985,-72.89724,2
1997,9.08616,79.81899,1
1997,9.14513,-75.50938,1
1997,9.14764,-71.83065,2
1997,9.19974,-73.5433,4
1997,9.21751,-75.01058,1
1997,9.23588,-74.35303,1
1997,9.26709,80.81425,1
1997,9.29196,42.17485,2
1997,9.30535,-75.3978,4
1997,9.33729,-73.65362,5
1997,9.35858,-79.90002,1
1997,9.40465,-0.84251,1
1997,9.52358,-75.23069,2
1997,9.56049,-73.33269,3
1997,9.61128,-75.24805,1
1997,9.6525,80.20444,1
1997,9.66123,80.02558,1
1997,9.6664,80.02048,2
1997,9.70219,-73.27915,1
1997,9.71809,-75.12097,2
1997,9.79528,79.9892,1
1997,9.8,80.2,1
1997,9.82916,-75.12192,2
1997,9.83053,-73.26216,1
1997,9.86667,-74.73333,1
1997,9.88208,-75.25447,1
1997,9.9512,-75.07946,1
1997,10.0355,-73.23725,5
1997,10.18257,-73.58591,1
1997,10.19593,-74.93695,2
1997,10.22357,-73.49156,1
1997,10.22772,-67.33348,1
1997,10.23317,-65.92741,2
1997,10.32929,19.54942,1
1997,10.33382,-73.18128,1
1997,10.3879,-73.1698,3
1997,10.39841,-75.14921,1
1997,10.40194,-74.10833,3
1997,10.4113,-74.40566,5
1997,10.41371,-75.53355,4
1997,10.41861,23.41685,1
1997,10.47692,-73.25049,2
1997,10.48283,-66.96213,20
1997,10.5214,-74.18671,1
1997,10.60485,-72.97948,1
1997,10.6063,104.1819,1
1997,10.61403,103.52952,2
1997,10.6163,47.36667,1
1997,10.63213,-74.92172,1
1997,10.72883,123.82764,1
1997,10.75645,123.08959,1
1997,10.82926,106.63307,1
1997,10.98141,-74.77832,7
1997,11.01079,-74.25162,5
1997,11.01684,76.95583,3
1997,11.0797,77.17584,3
1997,11.24204,-74.20538,3
1997,11.24556,48.8925,1
1997,11.27861,-73.87194,1
1997,11.35477,-72.52048,3
1997,11.55883,104.91744,9
1997,11.80009,34.38763,1
1997,12.10382,-86.26701,3
1997,12.18611,42.89,1
1997,12.43333,-16.4,1
1997,12.43844,98.60878,1
1997,12.48845,-16.54368,2
1997,12.54556,-16.25917,1
1997,12.57444,-16.7525,1
1997,12.58333,-16.26667,3
1997,12.601,-16.07716,1
1997,12.62117,102.859,1
1997,12.64848,-7.99414,1
1997,12.70195,121.37647,1
1997,12.80509,-16.23456,1
1997,12.91911,-85.91661,1
1997,12.93151,-85.22378,1
1997,13.05,-16.6,1
1997,13.05,-15.7,1
1997,13.08268,80.27072,2
1997,13.1,103.2,1
1997,13.1467,-85.43885,1
1997,13.14715,123.74863,1
1997,13.17814,44.6324,1
1997,13.18262,30.21651,1
1997,13.2194,45.30784,1
1997,13.26588,-85.51609,1
1997,13.34464,103.84706,2
1997,13.58648,44.0241,1
1997,13.69288,-89.19916,1
1997,13.76217,46.11685,1
1997,13.78579,100.56085,5
1997,13.79833,-89.17889,1
1997,13.96816,44.0353,1
1997,14.0833,-87.2167,6
1997,14.23327,104.08326,1
1997,14.23333,104.08333,1
1997,14.33333,-91.01667,1
1997,14.4326,-90.44906,1
1997,14.5,-90.95,1
1997,14.52694,-90.5875,1
1997,14.56348,-90.98207,1
1997,14.59605,120.97867,8
1997,14.59784,44.3868,2
1997,14.62287,-90.52907,10
1997,14.62619,121.12507,1
1997,14.6334,-90.64879,1
1997,14.74002,121.14972,1
1997,14.82138,-89.3872,1
1997,14.8978,-88.93153,2
1997,14.93537,43.86522,1
1997,15.02132,120.94244,1
1997,15.10336,-90.31408,1
1997,15.12028,-88.4016,1
1997,15.1742,44.48357,1
1997,15.30067,-92.35284,1
1997,15.32544,44.2119,4
1997,15.36669,-87.56668,1
1997,15.45639,45.32487,2
1997,15.45662,119.95728,1
1997,15.48722,-91.03472,1
1997,15.49838,-90.98207,2
1997,15.50167,-88.02774,10
1997,15.57661,-61.4523,1
1997,15.60702,-90.41848,1
1997,15.62023,7.89426,1
1997,15.65397,-86.00617,1
1997,15.68652,43.59721,1
1997,15.9129,79.73999,1
1997,16.01686,-96.61597,1
1997,16.10563,43.97884,1
1997,16.66261,-92.73309,1
1997,16.71726,98.56964,3
1997,16.7386,-92.63323,1
1997,16.75,-93.11667,1
1997,16.75693,-93.12924,9
1997,16.84022,-2.52331,1
1997,16.86344,-99.8816,2
1997,16.88333,-1.91667,1
1997,16.88778,96.14956,18
1997,16.89348,-92.62649,1
1997,16.95008,-90.61385,1
1997,16.9878,-92.5186,1
1997,17.00861,-100.0871,1
1997,17.04472,78.66528,1
1997,17.05435,-96.71295,1
1997,17.05771,-96.70301,9
1997,17.10676,-92.52572,1
1997,17.14723,-100.02665,1
1997,17.16028,-92.89976,1
1997,17.21227,-100.11877,1
1997,17.21981,-100.63183,1
1997,17.22664,-100.2886,1
1997,17.24348,-97.99859,1
1997,17.2675,-91.83416,1
1997,17.26988,-100.89231,1
1997,17.2845,98.28695,1
1997,17.31179,-100.2981,1
1997,17.37681,78.48781,1
1997,17.43919,-99.5451,1
1997,17.47209,-98.60656,1
1997,17.51003,-91.9815,1
1997,17.55155,-99.50065,2
1997,17.5856,-90.93472,1
1997,17.92181,-101.32246,1
1997,17.97117,-76.76681,1
1997,17.98756,-92.92915,1
1997,18.00921,-99.52129,1
1997,18.02143,-76.79828,6
1997,18.03543,80.57798,1
1997,18.08824,-96.1232,1
1997,18.15896,-100.39065,1
1997,18.2,-73.75,1
1997,18.20791,-71.09953,1
1997,18.26281,-93.22344,1
1997,18.33146,78.4965,1
1997,18.34775,-100.65415,2
1997,18.45679,-69.95116,4
1997,18.47239,-66.71973,1
1997,18.52772,-72.33284,13
1997,18.6725,78.09409,1
1997,18.6813,-99.10135,1
1997,18.80635,-71.22828,2
1997,18.82212,95.21974,3
1997,18.93402,-99.23148,4
1997,19.07598,72.87766,2
1997,19.09433,-96.33243,1
1997,19.10893,-72.69755,1
1997,19.19506,-100.13787,1
1997,19.24647,-99.10135,1
1997,19.3,-70.25,2
1997,19.37189,-99.08662,12
1997,19.37491,-69.84999,3
1997,19.54262,-96.91374,1
1997,19.67417,97.20917,1
1997,19.75778,-72.20417,1
1997,19.77097,-97.55506,1
1997,20.28847,-103.33361,1
1997,20.36442,-103.82359,1
1997,20.67334,-103.34418,2
1997,20.71667,-103.45,1
1997,20.76541,-104.07889,1
1997,21.1458,79.08816,1
1997,21.8818,-102.29127,1
1997,21.93545,13.62614,2
1997,21.97351,96.08208,11
1997,22.0409,96.46254,1
1997,22.19227,113.54763,16
1997,22.19543,92.21974,1
1997,22.3419,91.81512,3
1997,22.61778,120.30139,1
1997,22.81634,88.2236,1
1997,23.01386,89.82936,1
1997,23.11092,91.98242,2
1997,23.12916,113.26444,1
1997,23.13194,-82.36417,12
1997,23.13562,113.30186,1
1997,23.18773,-81.17598,2
1997,23.23611,-106.41528,1
1997,23.48907,91.00764,1
1997,23.79128,90.4182,2
1997,23.8255,-103.03156,1
1997,23.84106,91.6277,1
1997,23.8467,91.90992,1
1997,23.9992,90.79132,1
1997,24.26752,93.28318,1
1997,24.34609,93.6999,4
1997,24.36667,88.6,2
1997,24.62872,93.76132,1
1997,24.64492,93.99929,1
1997,24.66137,90.84135,1
1997,24.66372,93.90627,4
1997,24.71308,93.83844,1
1997,24.751,67.92586,1
1997,24.79835,93.94043,1
1997,24.89112,67.14331,120
1997,25.06,-77.345,2
1997,25.09607,85.31312,5
1997,25.21667,84.98333,1
1997,25.38877,84.7903,1
1997,25.38929,68.35734,1
1997,25.71468,32.7175,1
1997,25.74308,85.45561,1
1997,25.84834,88.94139,1
1997,26.05139,32.23861,2
1997,26.09104,94.25897,1
1997,26.1189,50.50221,1
1997,26.14314,88.02408,1
1997,26.14979,91.76393,2
1997,26.15802,91.8429,1
1997,26.15844,94.56244,3
1997,26.16908,50.61428,1
1997,26.17324,50.55097,2
1997,26.2006,92.93757,14
1997,26.20455,50.53455,1
1997,26.217,50.58741,5
1997,26.2237,50.53663,1
1997,26.32901,91.00543,2
1997,26.43725,91.62011,1
1997,26.45229,92.02732,1
1997,26.48,90.56,1
1997,26.49182,84.68448,1
1997,26.52447,91.35051,1
1997,26.52507,91.63964,1
1997,26.76901,94.23711,1
1997,26.86323,85.07612,1
1997,26.90431,87.931,1
1997,26.91243,75.78727,3
1997,27.00162,94.2243,1
1997,27.31284,30.96739,1
1997,27.493,85.82403,1
1997,27.55779,30.81189,2
1997,27.56008,68.21571,1
1997,27.64315,83.89063,1
1997,27.67917,30.7725,1
1997,27.70875,85.3295,1
1997,27.77559,30.80484,1
1997,27.85779,77.79062,2
1997,27.895,30.80306,1
1997,27.91208,30.77605,1
1997,27.92987,30.83803,2
1997,27.98111,30.80806,1
1997,28.09744,30.7565,5
1997,28.09995,82.86599,1
1997,28.38344,82.6483,1
1997,28.58584,77.15334,20
1997,28.67104,77.41533,1
1997,28.69007,77.21398,3
1997,28.7359,82.48086,1
1997,28.74344,82.47528,1
1997,28.8909,76.5796,2
1997,29.06478,75.8868,1
1997,29.15112,78.41266,1
1997,29.39095,76.9635,1
1997,29.39568,71.67692,2
1997,29.47412,30.95915,1
1997,29.5046,71.22143,1
1997,29.53822,71.63012,1
1997,29.55033,-2.38194,1
1997,29.5798,72.23939,2
1997,29.69339,72.54353,1
1997,29.80326,72.17424,1
1997,29.966,71.04847,1
1997,30.03432,70.63968,1
1997,30.0393,71.81637,1
1997,30.08463,31.33431,2
1997,30.15876,72.68231,1
1997,30.19784,71.46763,6
1997,30.21099,74.94547,1
1997,30.25278,71.98611,1
1997,30.29209,71.93124,2
1997,30.33138,-81.6558,1
1997,30.51005,47.7781,1
1997,30.53331,72.69979,1
1997,30.5885,-103.89466,1
1997,30.595,71.96956,1
1997,30.66138,73.10834,1
1997,30.68568,75.094,1
1997,30.80793,73.45047,1
1997,30.83395,72.07505,1
1997,30.87413,31.15334,1
1997,31.10417,77.655,1
1997,31.10423,46.36247,1
1997,31.19211,34.44947,1
1997,31.20588,73.94383,1
1997,31.27685,72.32133,3
1997,31.32602,75.57618,1
1997,31.40139,34.36,1
1997,31.4014,34.36006,1
1997,31.40882,73.08302,6
1997,31.48219,34.41332,1
1997,31.50241,34.45974,1
1997,31.50547,74.34288,23
1997,31.53024,35.09416,8
1997,31.5349,75.91057,1
1997,31.5398,73.83308,1
1997,31.60799,-2.21895,1
1997,31.6494,35.11554,1
1997,31.71309,73.98403,3
1997,31.71999,72.97881,1
1997,31.73333,-106.48333,6
1997,31.7716,35.2034,3
1997,31.78409,71.10592,1
1997,31.78484,35.22461,1
1997,31.8022,74.25732,1
1997,31.87174,35.53785,1
1997,31.887,74.23797,1
1997,31.90714,35.19822,2
1997,31.91722,35.12083,1
1997,31.94512,35.07198,1
1997,31.95,35.93333,2
1997,31.95179,35.2125,1
1997,31.96658,5.98346,1
1997,32.01786,35.04237,1
1997,32.08297,34.81189,5
1997,32.08916,34.88382,1
1997,32.15438,74.18422,1
1997,32.15649,74.18766,2
1997,32.23401,35.33392,1
1997,32.23551,34.95262,1
1997,32.26434,75.64211,2
1997,32.27192,75.06203,1
1997,32.40964,35.2801,1
1997,32.45137,-114.77167,1
1997,32.49354,74.53034,1
1997,32.49368,-116.95295,5
1997,32.57232,74.07662,2
1997,32.6409,-117.08428,1
1997,32.65504,35.683,1
1997,32.71569,-117.16172,1
1997,32.77684,-96.79776,1
1997,33.00422,35.09257,1
1997,33.11725,35.42888,1
1997,33.11829,35.13987,1
1997,33.12699,35.21907,1
1997,33.15904,35.4211,1
1997,33.18149,35.93353,1
1997,33.21043,-87.56621,1
1997,33.23342,35.5168,2
1997,33.24272,75.23916,1
1997,33.25833,74.76541,1
1997,33.27357,35.46366,1
1997,33.28247,35.30207,1
1997,33.30357,44.37177,3
1997,33.30986,35.29086,1
1997,33.3315,35.52586,1
1997,33.36375,6.86058,1
1997,33.37172,74.31531,1
1997,33.43407,35.53375,3
1997,33.43694,35.65556,1
1997,33.43701,75.19393,2
1997,33.4925,35.58722,1
1997,33.54135,35.58622,9
1997,33.542,35.38115,2
1997,33.55043,35.37096,7
1997,33.55971,133.53108,1
1997,33.56806,35.50889,1
1997,33.59401,73.06908,3
1997,33.72129,74.83106,2
1997,33.72401,75.01785,1
1997,33.73334,75.14898,1
1997,33.73426,114.8885,1
1997,33.74324,44.62382,1
1997,33.74502,-84.39167,2
1997,33.77817,76.57617,9
1997,33.7895,75.10339,1
1997,33.8,2.88333,1
1997,33.87403,74.9015,3
1997,33.88013,2.52832,1
1997,33.88852,35.50351,5
1997,33.93667,-84.37033,2
1997,33.93669,36.09685,1
1997,33.97313,73.79168,1
1997,34.006,71.53743,4
1997,34.02621,74.82439,1
1997,34.03492,36.22784,1
1997,34.08374,74.7899,31
1997,34.09522,74.63675,1
1997,34.09787,-118.40738,1
1997,34.11388,2.09726,2
1997,34.22581,74.64102,1
1997,34.25722,74.68611,1
1997,34.28889,74.46371,2
1997,34.39928,74.28127,2
1997,34.45,-0.2,2
1997,34.50697,0.84964,2
1997,34.5169,69.14701,1
1997,34.52618,74.25461,1
1997,34.53049,3.78161,1
1997,34.58787,36.01833,1
1997,34.61667,2.8,1
1997,34.63776,-1.15387,1
1997,34.66667,3.25,6
1997,34.8,3.13333,1
1997,34.82738,-1.52826,1
1997,34.84075,0.14947,5
1997,34.8548,-1.73173,2
1997,34.87798,-1.23596,2
1997,34.88278,-1.31667,4
1997,34.95139,-1.36806,1
1997,34.96902,-1.7608,1
1997,35.05783,0.88479,1
1997,35.06955,1.05853,1
1997,35.09824,0.35601,2
1997,35.18251,6.00678,1
1997,35.2,-0.63333,4
1997,35.20586,4.17448,1
1997,35.20855,4.17402,1
1997,35.26667,1.16667,1
1997,35.26816,-1.51178,1
1997,35.29917,-0.54889,1
1997,35.3292,25.13867,1
1997,35.33972,3.52694,2
1997,35.34143,-1.32988,1
1997,35.34253,-0.2764,1
1997,35.37322,-119.01879,1
1997,35.3846,-94.4213,1
1997,35.3919,0.13819,1
1997,35.4025,0.21735,1
1997,35.40304,0.34706,1
1997,35.41668,1.47629,1
1997,35.41722,0.32972,1
1997,35.43976,2.51706,1
1997,35.49028,2.00944,1
1997,35.51598,0.30466,1
1997,35.52829,-0.18578,1
1997,35.52832,-0.19369,2
1997,35.56701,45.38549,3
1997,35.60722,1.81056,1
1997,35.64167,0.44222,1
1997,35.66644,1.28379,1
1997,35.68043,140.02653,1
1997,35.68912,139.74774,2
1997,35.69694,-0.63306,2
1997,35.70018,4.54503,1
1997,35.77216,140.32178,1
1997,35.81957,1.79819,1
1997,35.84649,0.37719,2
1997,35.85998,14.48922,1
1997,35.88556,2.75083,1
1997,35.91453,1.83788,1
1997,35.91546,1.83786,1
1997,35.92864,44.96422,3
1997,35.93614,1.55965,1
1997,35.94725,2.60231,1
1997,35.94948,0.45005,1
1997,35.96111,0.91889,1
1997,35.96605,4.69822,1
1997,36.00129,2.90429,2
1997,36.00607,2.80808,1
1997,36.02937,1.81168,1
1997,36.04051,2.96136,1
1997,36.05282,1.48473,1
1997,36.06899,-79.7947,1
1997,36.08,2.56,1
1997,36.08492,2.63986,1
1997,36.10111,1.19944,1
1997,36.10917,1.10972,1
1997,36.12458,3.26446,1
1997,36.13332,2.91665,1
1997,36.14975,-95.99333,6
1997,36.16525,1.33452,1
1997,36.17598,44.38552,1
1997,36.17721,9.12614,1
1997,36.1925,1.72028,1
1997,36.20083,1.73361,1
1997,36.25417,2.84722,1
1997,36.2664,1.961,2
1997,36.26667,1.96667,2
1997,36.26667,2.21667,3
1997,36.26667,2.75,17
1997,36.26667,6.5,1
1997,36.28333,2.93,1
1997,36.2878,2.06582,1
1997,36.30552,1.85366,1
1997,36.30694,8.27861,1
1997,36.30926,2.80081,1
1997,36.31153,2.25705,1
1997,36.32546,1.1377,1
1997,36.34889,2.75472,1
1997,36.35,6.6,3
1997,36.35223,2.39087,1
1997,36.37489,3.902,1
1997,36.41282,3.31007,1
1997,36.42583,2.56167,2
1997,36.46,2.43,1
1997,36.46667,2.68333,2
1997,36.46748,2.62285,3
1997,36.48045,2.83388,10
1997,36.50054,2.8927,1
1997,36.50222,1.61583,1
1997,36.50833,2.90806,1
1997,36.51181,3.19924,2
1997,36.52167,2.98894,1
1997,36.53139,2.96806,1
1997,36.53167,2.99194,1
1997,36.54178,3.081,1
1997,36.54497,3.1049,1
1997,36.54933,1.70577,1
1997,36.54947,1.7043,1
1997,36.55,2.78333,2
1997,36.55545,2.95305,1
1997,36.55548,2.95013,1
1997,36.56222,3.59444,1
1997,36.56522,3.15393,5
1997,36.57051,4.30943,1
1997,36.57333,2.67528,1
1997,36.57412,2.91214,5
1997,36.57741,3.01102,2
1997,36.57834,2.91334,1
1997,36.58715,2.44311,3
1997,36.60637,3.08783,4
1997,36.60712,2.19679,1
1997,36.61243,3.1245,3
1997,36.61667,3.21667,1
1997,36.65069,3.0747,1
1997,36.66334,3.05587,1
1997,36.66386,3.09991,1
1997,36.6661,3.58886,1
1997,36.66655,3.09606,2
1997,36.6725,2.78944,1
1997,36.67306,5.48111,1
1997,36.68084,2.87549,1
1997,36.68306,3.36806,1
1997,36.71454,6.2044,1
1997,36.71567,-4.2755,2
1997,36.72172,3.11823,2
1997,36.73229,3.12414,1
1997,36.73333,3.96667,1
1997,36.74871,3.19248,1
1997,36.75319,2.88783,1
1997,36.76029,3.4724,3
1997,36.76034,3.47237,1
1997,36.76376,3.05541,69
1997,36.76667,3.31667,1
1997,36.78315,2.98324,1
1997,36.79629,2.92038,1
1997,36.80337,44.66359,1
1997,36.81327,5.75171,1
1997,36.8219,5.7661,1
1997,36.83763,3.99513,1
1997,36.85466,6.0527,2
1997,36.88523,3.73797,1
1997,36.90278,7.7552,1
1997,36.99154,35.33105,1
1997,37.06763,37.37315,1
1997,37.0925,43.48722,3
1997,37.17649,-3.59793,4
1997,37.33083,42.1846,1
1997,37.34528,40.61948,1
1997,37.38264,-5.9963,10
1997,37.42275,42.49233,1
1997,37.53756,40.888,1
1997,37.57704,43.7361,1
1997,37.59969,43.16378,1
1997,37.62448,69.64529,1
1997,37.69511,-6.55063,2
1997,37.75508,39.31733,1
1997,37.75536,-122.44335,1
1997,37.88579,41.13012,1
1997,37.92222,40.18438,1
1997,37.94284,23.64692,1
1997,37.99749,23.76273,17
1997,38.39565,27.13564,1
1997,38.50414,43.37526,1
1997,38.50845,68.2251,1
1997,38.53823,-121.76171,1
1997,38.55218,68.76744,34
1997,38.71731,69.70885,1
1997,38.78314,70.30417,1
1997,38.86428,-104.77841,1
1997,38.88549,-77.17362,1
1997,38.90864,-77.01538,1
1997,39.01854,39.60511,1
1997,39.06364,38.91239,2
1997,39.22902,33.97482,1
1997,39.30736,39.43878,2
1997,39.31927,-94.9156,1
1997,39.83978,33.50888,1
1997,39.87556,20.00528,2
1997,39.90556,116.39583,4
1997,40.00817,-75.13549,1
1997,40.07583,20.13889,4
1997,40.07875,20.14862,2
1997,40.11411,-87.7782,1
1997,40.11727,-88.20449,1
1997,40.12167,20.0275,1
1997,40.28333,69.63333,1
1997,40.31429,19.6431,1
1997,40.321,9.33036,1
1997,40.41724,49.90346,1
1997,40.4656,-3.69626,4
1997,40.46667,19.48972,3
1997,40.56494,-111.83905,1
1997,40.59889,19.73472,1
1997,40.62066,22.952,1
1997,40.63724,15.80222,1
1997,40.69713,-73.93135,4
1997,40.72389,19.55611,3
1997,40.73412,19.57997,1
1997,40.7375,19.70222,1
1997,40.80389,19.91444,1
1997,40.93796,40.058,1
1997,40.94194,19.705,1
1997,41.05,19.75,1
1997,41.10618,28.68986,19
1997,41.11679,20.09272,3
1997,41.22237,-111.97046,1
1997,41.29028,19.51694,1
1997,41.3,19.83333,1
1997,41.32306,19.44139,1
1997,41.3275,19.81889,8
1997,41.38717,9.15927,1
1997,41.40064,2.15091,4
1997,41.50695,26.53153,1
1997,41.59137,9.27831,3
1997,41.62182,8.97472,1
1997,41.67615,8.90395,2
1997,41.685,20.42889,1
1997,41.69878,2.84758,1
1997,41.70275,9.12302,1
1997,41.71681,8.91762,1
1997,41.78361,19.64361,1
1997,41.80091,20.91417,1
1997,41.88333,8.78333,1
1997,41.89096,12.49007,1
1997,41.91959,8.73769,61
1997,41.93061,8.74291,13
1997,42.00851,20.9743,1
1997,42.01466,19.84222,1
1997,42.01685,9.40398,2
1997,42.05,19.9,1
1997,42.0675,19.51306,1
1997,42.17796,8.77734,1
1997,42.21372,20.7461,1
1997,42.2138,20.74602,1
1997,42.33107,9.49036,1
1997,42.37489,9.52996,2
1997,42.37611,9.36789,1
1997,42.38703,20.42758,1
1997,42.43559,9.35462,1
1997,42.44581,9.5078,1
1997,42.49258,9.43918,1
1997,42.50754,8.85556,1
1997,42.53778,20.29111,1
1997,42.54234,41.85119,1
1997,42.55474,9.42405,1
1997,42.58056,20.86046,12
1997,42.6154,41.71987,1
1997,42.61551,8.90748,1
1997,42.62167,20.57778,1
1997,42.62302,20.89313,1
1997,42.62389,20.46083,1
1997,42.63024,47.05471,1
1997,42.63651,8.93705,1
1997,42.65798,9.41422,2
1997,42.67248,21.16375,2
1997,42.67639,9.43571,1
1997,42.69649,23.32601,3
1997,42.7,9.44732,8
1997,42.71415,9.43171,1
1997,42.74667,20.78861,3
1997,42.77159,-0.33223,1
1997,42.79222,20.78333,1
1997,42.79877,47.10872,2
1997,42.81537,-1.65362,4
1997,42.83094,-1.60878,1
1997,42.84964,-2.69236,2
1997,42.88424,41.13963,1
1997,42.91056,21.19306,2
1997,42.94028,21.13806,1
1997,42.94998,44.81624,1
1997,42.97378,41.44218,1
1997,42.98542,47.45067,2
1997,43.0024,46.68412,1
1997,43.00732,40.98915,1
1997,43.0331,41.48117,1
1997,43.03908,45.48756,1
1997,43.04746,44.66581,1
1997,43.06647,-2.48915,1
1997,43.07563,-2.22367,2
1997,43.07909,45.04657,2
1997,43.10106,-77.44191,1
1997,43.12403,-1.97943,1
1997,43.12754,45.53997,2
1997,43.13698,-2.07391,1
1997,43.16907,-2.63266,3
1997,43.17742,44.6084,1
1997,43.18664,-2.50261,1
1997,43.19952,-2.07407,1
1997,43.22218,-2.88567,1
1997,43.22408,-2.71894,1
1997,43.2267,44.77057,5
1997,43.22836,44.8335,1
1997,43.23117,44.64203,1
1997,43.24855,46.59784,3
1997,43.2547,76.91262,2
1997,43.25843,-2.92182,7
1997,43.26755,-1.97581,2
1997,43.27772,44.39759,1
1997,43.29162,-1.9779,13
1997,43.29648,5.36978,2
1997,43.31131,-1.9009,3
1997,43.32023,45.65449,18
1997,43.3331,-3.11323,1
1997,43.33823,-1.78927,1
1997,43.33928,-3.8053,1
1997,43.34333,17.80806,5
1997,43.34417,-3.00639,1
1997,43.34766,-3.08615,1
1997,43.35154,-3.81413,3
1997,43.35658,-1.55049,1
1997,43.3594,-1.76615,1
1997,43.3603,-5.84478,1
1997,43.37892,-2.983,1
1997,43.38564,-4.29151,1
1997,43.38805,-1.66306,1
1997,43.39003,46.61666,3
1997,43.40734,-2.69832,1
1997,43.42701,46.08799,1
1997,43.4586,5.2497,1
1997,43.46096,-3.80793,1
1997,43.48412,43.62736,2
1997,43.5492,45.22932,1
1997,43.55188,10.30801,1
1997,43.58604,-119.05465,1
1997,43.62945,46.20244,1
1997,43.64578,44.682,1
1997,43.69604,7.26559,1
1997,43.71806,17.22667,1
1997,43.76873,11.2569,1
1997,43.79303,87.62781,3
1997,43.82564,87.61682,5
1997,43.85,18.38333,4
1997,43.89139,20.34972,1
1997,43.90092,17.65208,1
1997,43.91088,81.31866,1
1997,43.96529,19.08912,1
1997,43.9836,47.03499,1
1997,44.05015,43.05102,1
1997,44.11889,18.19889,1
1997,44.18194,18.94056,1
1997,44.1875,19.33944,1
1997,44.22667,17.67056,2
1997,44.27259,-121.16986,1
1997,44.34222,17.26556,1
1997,44.38694,19.10139,2
1997,44.39235,18.69237,1
1997,44.42653,84.90327,2
1997,44.53333,19.22583,1
1997,44.61694,17.37167,1
1997,44.71645,18.82149,1
1997,44.74077,18.09296,2
1997,44.75694,19.21611,3
1997,44.77583,17.18556,6
1997,44.80893,18.64496,1
1997,44.81861,20.46806,6
1997,44.87278,18.80833,2
1997,44.95212,34.10242,1
1997,44.95665,18.29843,1
1997,44.97898,16.70372,2
1997,45.0,41.11667,1
1997,45.14111,17.25,1
1997,45.22222,19.37694,1
1997,45.25167,19.83694,1
1997,45.34306,14.40917,1
1997,45.34333,18.99972,3
1997,45.43434,12.33879,1
1997,45.46921,9.17451,1
1997,45.50867,-73.55399,1
1997,45.5118,-122.67563,1
1997,45.53984,10.22296,1
1997,45.62506,18.68922,1
1997,45.67932,-111.03318,1
1997,45.69578,18.74127,1
1997,45.76404,4.83566,1
1997,46.05528,14.51444,1
1997,46.31667,44.26667,1
1997,46.38974,16.43796,1
1997,46.48458,30.7326,1
1997,46.60414,-120.50705,1
1997,47.02686,28.84155,1
1997,47.47842,-0.56317,1
1997,47.49841,19.04076,16
1997,47.55742,7.59257,1
1997,47.65196,9.4785,1
1997,48.03272,22.04378,1
1997,48.15,17.11667,3
1997,48.20817,16.37382,1
1997,48.58315,7.74788,1
1997,48.70316,9.654,1
1997,48.85664,2.34233,2
1997,49.00168,21.24003,1
1997,49.75374,6.64625,1
1997,49.89982,-97.13837,1
1997,50.07554,14.4378,4
1997,50.83643,4.36742,2
1997,51.05099,13.73363,1
1997,51.19843,6.69529,1
1997,51.39906,7.18761,1
1997,51.45794,7.01483,1
1997,51.51017,16.26561,1
1997,52.06986,4.29111,1
1997,52.22968,21.01223,2
1997,52.48296,-1.89359,1
1997,52.50153,13.40185,2
1997,52.65371,13.44854,1
1997,53.32116,-2.2377,1
1997,53.79964,-1.54912,2
1997,53.86956,10.68758,1
1997,53.87301,13.92041,1
1997,53.9,27.56667,2
1997,53.95237,-6.53901,2
1997,53.99385,-6.39659,1
1997,54.08164,-6.44878,1
1997,54.18305,-6.34139,1
1997,54.19497,-6.39784,1
1997,54.24853,-6.96916,1
1997,54.25788,-5.79142,1
1997,54.28944,-5.83479,1
1997,54.29812,-6.52129,1
1997,54.31781,-7.53655,1
1997,54.32863,-5.71667,1
1997,54.3552,-7.59593,1
1997,54.3778,-7.45946,1
1997,54.4039,-5.89406,1
1997,54.42071,-6.44377,6
1997,54.46337,-6.3286,1
1997,54.48861,-6.1075,1
1997,54.50853,-6.76313,3
1997,54.5207,-6.26807,2
1997,54.53671,-6.70361,1
1997,54.55342,-6.00331,1
1997,54.59502,-5.70311,1
1997,54.60771,-5.95621,29
1997,54.65548,-5.67482,1
1997,54.6718,-5.95718,1
1997,54.68482,-5.96587,2
1997,54.68939,25.28002,1
1997,54.71338,-6.21676,1
1997,54.74893,-6.3156,1
1997,54.81916,-7.46791,1
1997,54.8551,-5.81125,1
1997,54.9,52.3,1
1997,55.01156,-7.31204,7
1997,55.07114,-6.51315,1
1997,55.60333,13.0013,2
1997,55.75138,37.57991,16
1997,56.9462,24.10429,2
1997,57.69699,11.9865,1
1997,58.58028,32.88194,1
1997,59.33279,18.06449,1
1997,59.85337,30.34843,1
1997,60.67839,29.13638,1
1998,-37.81319,144.96298,1
1998,-36.74815,-73.11232,1
1998,-35.30824,149.12422,1
1998,-33.94185,18.41964,4
1998,-33.91957,151.07683,1
1998,-33.87365,151.20689,1
1998,-33.71102,151.1043,1
1998,-29.91811,30.21546,1
1998,-27.55956,32.0844,1
1998,-26.32875,31.1439,1
1998,-22.90828,-43.19703,2
1998,-14.4955,14.12041,1
1998,-13.9138,16.81736,1
1998,-13.51326,16.76107,1
1998,-13.43088,14.28311,1
1998,-12.67365,132.81754,1
1998,-12.63862,16.03917,1
1998,-11.96737,-76.97846,2
1998,-11.35833,15.11944,1
1998,-11.20329,13.83899,1
1998,-11.20035,13.84162,1
1998,-10.73136,14.98337,1
1998,-9.65522,20.39759,1
1998,-9.51574,17.81666,1
1998,-9.29903,14.91602,1
1998,-9.29748,-75.99631,1
1998,-9.017,125.8294,1
1998,-8.76759,17.99774,1
1998,-8.58058,13.6637,1
1998,-8.52281,126.99717,1
1998,-8.45925,-76.46199,1
1998,-8.41825,20.73849,2
1998,-7.6091,15.05087,1
1998,-7.16667,113.46667,1
1998,-6.93643,-76.77177,1
1998,-6.81355,39.23942,1
1998,-4.38917,15.33762,1
1998,-4.3421,29.59975,1
1998,-3.80583,29.34861,1
1998,-3.57293,29.89935,1
1998,-3.4037,29.40827,1
1998,-3.37583,29.36411,4
1998,-3.26272,29.62234,1
1998,-3.19354,29.30616,1
1998,-3.1528,29.37691,1
1998,-3.11445,30.03937,1
1998,-2.94922,25.92315,2
1998,-2.92278,28.52522,1
1998,-2.70444,29.63528,1
1998,-2.17083,-79.92236,1
1998,-2.08011,29.75988,3
1998,-1.95788,30.11274,2
1998,-1.94901,30.05785,1
1998,-1.69472,29.27417,1
1998,-1.50376,29.63264,1
1998,-1.28518,36.82111,2
1998,-0.21119,-78.52263,2
1998,0.06686,30.06528,1
1998,0.1699,30.07808,2
1998,0.20013,30.10816,1
1998,0.27817,32.58535,1
1998,0.35085,32.58022,4
1998,0.49765,-76.49768,1
1998,0.58508,30.25127,1
1998,1.25525,-70.23339,2
1998,1.33595,-71.9503,1
1998,1.97528,31.99861,1
1998,2.05982,45.32612,1
1998,2.11319,-74.76921,1
1998,2.34071,-77.23162,1
1998,2.56908,31.7704,1
1998,2.77168,32.28842,1
1998,2.7724,32.28807,1
1998,2.90167,-71.74742,1
1998,3.25685,32.12209,1
1998,3.28848,32.87895,2
1998,3.4168,30.95895,1
1998,3.42934,-76.51604,1
1998,3.62122,-75.09282,1
1998,3.69748,-73.69899,1
1998,3.88182,-77.07042,1
1998,4.15127,-73.63872,2
1998,4.2157,-73.81476,1
1998,4.3517,-73.71336,1
1998,4.42344,-69.28775,1
1998,4.43749,-74.52209,1
1998,4.49137,-74.26049,1
1998,4.5823,-74.21946,1
1998,4.6628,119.3996,1
1998,4.66713,-74.10606,13
1998,5.06259,-74.61695,1
1998,5.06787,-75.51748,1
1998,5.08414,-75.7903,1
1998,5.19688,-73.14554,1
1998,5.75864,-73.91527,1
1998,5.75893,-71.5724,1
1998,5.98983,-73.77051,1
1998,6.05709,101.69544,1
1998,6.16886,101.18113,1
1998,6.1876,-74.99429,3
1998,6.24203,-75.56477,3
1998,6.39503,-75.25944,1
1998,6.44056,-76.20583,1
1998,6.48686,121.91331,1
1998,6.52261,3.3787,1
1998,6.64371,-73.65362,1
1998,6.68196,121.98548,3
1998,6.74813,11.80576,1
1998,6.82181,-58.15922,2
1998,6.88571,-75.335,1
1998,6.92909,122.07885,1
1998,6.93186,-71.15752,1
1998,6.94184,79.86169,4
1998,6.95284,-71.87514,3
1998,6.97895,-75.29625,1
1998,7.00063,-76.26572,1
1998,7.06005,-73.85312,4
1998,7.07386,-75.14591,1
1998,7.08071,-74.70101,1
1998,7.19861,-75.34122,1
1998,7.29139,122.06463,1
1998,7.29384,80.64067,3
1998,7.45196,125.80759,2
1998,7.47978,4.56386,1
1998,7.63859,-73.32733,1
1998,7.73311,81.68882,2
1998,7.74612,122.96709,1
1998,7.77541,81.60625,1
1998,7.7853,81.4279,1
1998,7.80791,122.6994,1
1998,7.82961,123.43676,1
1998,7.8942,-72.50388,1
1998,7.92133,81.52467,1
1998,8.0827,-72.80035,2
1998,8.40292,-75.89987,1
1998,8.41003,81.26737,2
1998,8.46568,-13.23172,1
1998,8.48338,124.64658,1
1998,8.57783,81.21872,2
1998,8.58841,123.33978,2
1998,8.68278,80.49861,1
1998,8.79181,-74.1625,1
1998,8.8245,81.0955,1
1998,8.8855,80.27673,1
1998,9.04079,80.58273,1
1998,9.12617,-12.91765,1
1998,9.13699,80.44517,4
1998,9.14174,-12.66474,1
1998,9.1519,80.64934,1
1998,9.25912,-74.26007,1
1998,9.26709,80.81425,2
1998,9.33512,-12.10322,1
1998,9.35009,-11.70683,2
1998,9.38029,80.377,1
1998,9.38346,18.00059,1
1998,9.58441,-11.55891,1
1998,9.58965,79.82407,1
1998,9.61977,80.26785,1
1998,9.6664,80.02048,3
1998,9.82486,80.23635,2
1998,10.48283,-66.96213,1
1998,10.95024,-74.11702,1
1998,11.01684,76.95583,13
1998,11.54409,-72.90688,1
1998,11.55883,104.91744,2
1998,12.3632,106.81784,1
1998,12.51417,104.45389,1
1998,12.58333,-16.26667,1
1998,13.34464,103.84706,1
1998,13.78579,100.56085,1
1998,14.54943,121.03359,2
1998,14.75281,45.24786,1
1998,15.32544,44.2119,2
1998,15.45639,45.32487,1
1998,15.55496,48.1728,1
1998,16.18518,44.39337,1
1998,16.72354,98.58437,1
1998,17.43919,-99.5451,1
1998,17.80474,-97.78076,1
1998,17.86269,121.7168,1
1998,17.96607,-66.40486,1
1998,18.10666,83.39555,1
1998,18.3575,-66.11114,1
1998,18.38693,-66.06113,1
1998,18.47239,-66.71973,1
1998,18.52772,-72.33284,1
1998,18.9,81.35,1
1998,19.07598,72.87766,2
1998,19.45067,72.81257,1
1998,22.19227,113.54763,5
1998,22.19328,113.5483,1
1998,22.3419,91.81512,2
1998,23.51947,91.65421,1
1998,23.85147,91.9955,1
1998,23.94085,91.98815,1
1998,24.89112,67.14331,16
1998,25.20909,93.81789,1
1998,26.14077,68.27228,1
1998,26.14979,91.76393,2
1998,26.2006,92.93757,1
1998,26.20902,92.93844,1
1998,26.27527,92.95338,1
1998,26.30346,89.8511,1
1998,26.39802,90.26942,3
1998,26.44462,91.44105,1
1998,26.45902,92.0248,1
1998,26.51313,91.25735,1
1998,26.55668,91.47986,1
1998,26.67878,92.85767,1
1998,27.17816,94.91665,1
1998,27.43914,68.64445,1
1998,27.44226,94.2584,1
1998,27.49193,95.34783,1
1998,27.5289,68.75982,1
1998,27.70646,68.84824,1
1998,27.71373,-82.29624,1
1998,27.92987,30.83803,1
1998,28.49167,30.80262,1
1998,28.58584,77.15334,2
1998,29.39568,71.67692,1
1998,30.08463,31.33431,1
1998,30.19784,71.46763,4
1998,30.20082,66.99435,1
1998,30.59309,114.30536,1
1998,31.09061,72.35952,1
1998,31.10483,77.17339,1
1998,31.24848,34.78785,1
1998,31.40149,34.36005,1
1998,31.40882,73.08302,1
1998,31.50547,74.34288,3
1998,31.52973,35.11823,1
1998,31.53024,35.09416,3
1998,31.54946,74.84723,1
1998,31.7716,35.2034,7
1998,31.78484,35.22461,2
1998,31.89814,35.17324,2
1998,31.90714,35.19822,1
1998,31.95,35.93333,1
1998,31.99596,35.27111,1
1998,32.01862,35.4398,1
1998,32.08297,34.81189,1
1998,32.15649,74.18766,1
1998,32.16866,35.2362,1
1998,32.17183,35.30944,1
1998,32.29869,-90.18049,1
1998,32.36327,-0.94382,1
1998,32.49354,74.53034,2
1998,32.50194,76.02167,1
1998,32.60439,44.00714,1
1998,32.60888,35.28997,1
1998,32.79598,-117.23966,1
1998,32.92522,75.13526,2
1998,33.14575,75.54805,1
1998,33.16583,35.39,1
1998,33.20029,74.73078,1
1998,33.20872,35.57262,1
1998,33.22389,35.49306,1
1998,33.23342,35.5168,2
1998,33.27306,35.30861,1
1998,33.27357,35.46366,1
1998,33.27393,35.29487,1
1998,33.27841,35.57881,1
1998,33.28551,35.5001,1
1998,33.30357,44.37177,3
1998,33.30986,35.29086,3
1998,33.31774,35.28076,2
1998,33.38725,35.59953,1
1998,33.39778,35.685,1
1998,33.43407,35.53375,1
1998,33.44384,70.90712,1
1998,33.44439,35.56762,1
1998,33.4925,35.58722,2
1998,33.52029,-86.8115,1
1998,33.54135,35.58622,1
1998,33.55043,35.37096,1
1998,33.63987,74.26342,1
1998,33.67164,73.05607,1
1998,33.73222,75.15791,1
1998,33.77817,76.57617,6
1998,33.8,2.88333,1
1998,33.80658,2.87802,1
1998,33.81609,75.21384,1
1998,33.84862,44.52212,1
1998,33.93487,35.59782,1
1998,34.08374,74.7899,4
1998,34.09787,-118.40738,1
1998,34.2382,74.66007,1
1998,34.5169,69.14701,1
1998,34.66667,3.25,1
1998,34.75218,8.05886,1
1998,34.84075,0.14947,4
1998,34.84315,0.15013,1
1998,34.85289,-1.28011,1
1998,34.99107,0.47619,1
1998,35.06427,-1.42917,1
1998,35.06667,1.05,1
1998,35.07801,-78.96365,4
1998,35.15901,33.50397,1
1998,35.17087,0.35962,1
1998,35.19939,-0.63286,1
1998,35.23667,0.33083,1
1998,35.29899,-1.13454,1
1998,35.31583,0.07222,1
1998,35.33972,3.52694,1
1998,35.35215,3.36156,1
1998,35.37849,1.32569,3
1998,35.37956,3.90882,1
1998,35.40017,0.13985,3
1998,35.40714,8.12086,1
1998,35.52832,-0.19369,1
1998,35.56701,45.38549,1
1998,35.67481,4.03938,1
1998,35.68697,-105.9378,2
1998,35.72159,0.75037,1
1998,35.72453,51.40519,5
1998,35.74094,0.75096,1
1998,35.77216,140.32178,1
1998,35.78217,-0.42375,1
1998,35.85,-0.31667,2
1998,35.85528,1.33222,1
1998,35.94809,2.82318,1
1998,36.02583,1.27639,1
1998,36.05798,2.94388,2
1998,36.07292,1.98815,1
1998,36.13332,2.91665,1
1998,36.13333,2.91667,1
1998,36.14722,3.69056,1
1998,36.16525,1.33452,1
1998,36.18898,5.41442,2
1998,36.19371,3.23699,1
1998,36.21859,3.81974,1
1998,36.25372,3.15804,1
1998,36.26283,2.21802,1
1998,36.26667,2.21667,4
1998,36.26667,2.75,3
1998,36.27778,2.76504,1
1998,36.29639,3.66993,1
1998,36.32546,1.1377,1
1998,36.33278,2.30139,1
1998,36.34889,2.75472,1
1998,36.35,1.01667,1
1998,36.35,6.6,3
1998,36.35083,1.68222,2
1998,36.36111,3.5125,1
1998,36.37489,3.902,1
1998,36.37885,2.39721,1
1998,36.38722,5.41361,1
1998,36.40158,0.91659,1
1998,36.46667,2.68333,1
1998,36.46748,2.62285,1
1998,36.47817,2.56393,1
1998,36.48045,2.83388,4
1998,36.4805,2.8339,3
1998,36.50821,2.41209,1
1998,36.53028,3.36333,1
1998,36.54178,3.081,1
1998,36.56222,3.59444,1
1998,36.56522,3.15393,2
1998,36.58624,5.44123,1
1998,36.58715,2.44311,1
1998,36.60361,2.60944,2
1998,36.60712,2.19679,1
1998,36.63709,3.69474,1
1998,36.66163,3.09341,1
1998,36.69592,38.94673,1
1998,36.71499,3.05002,1
1998,36.71617,3.15036,1
1998,36.71637,4.04983,1
1998,36.71667,2.85,1
1998,36.71667,3.18333,1
1998,36.72398,3.67085,1
1998,36.72778,3.55389,1
1998,36.72975,3.14426,1
1998,36.73914,3.90168,1
1998,36.74453,3.05268,1
1998,36.74704,4.37006,1
1998,36.74758,3.05196,1
1998,36.75964,2.90079,1
1998,36.76029,3.4724,1
1998,36.76096,2.86322,2
1998,36.76376,3.05541,21
1998,36.76734,2.96124,1
1998,36.78734,3.05135,1
1998,36.8,4.26667,1
1998,36.80526,3.81321,1
1998,36.80612,5.76171,1
1998,36.86081,42.97646,1
1998,36.88145,3.83344,1
1998,36.89124,4.12322,1
1998,37.38264,-5.9963,1
1998,37.45404,42.20437,1
1998,37.5592,43.72126,1
1998,37.56251,44.29368,1
1998,37.83616,68.77983,3
1998,37.92222,40.18438,1
1998,37.94293,23.64684,2
1998,37.99749,23.76273,26
1998,38.10357,40.53901,1
1998,38.50414,43.37526,1
1998,38.50845,68.2251,1
1998,38.55218,68.76744,3
1998,38.55306,69.01972,1
1998,38.77952,70.09795,1
1998,38.90864,-77.01538,1
1998,39.3915,68.53818,1
1998,39.64026,-106.37427,1
1998,39.83978,33.50888,1
1998,39.93077,32.76754,2
1998,39.96196,-83.00298,1
1998,39.98335,43.07429,1
1998,40.07583,20.13889,3
1998,40.17857,44.53576,2
1998,40.31389,36.55444,1
1998,40.38148,36.12609,1
1998,40.41737,-86.87655,1
1998,40.4656,-3.69626,2
1998,40.46661,37.4455,1
1998,40.46667,19.48972,1
1998,40.51881,37.61052,1
1998,40.8401,14.25164,1
1998,40.86743,-124.08515,2
1998,40.94441,-74.07063,1
1998,41.01722,41.01722,1
1998,41.10618,28.68986,6
1998,41.21885,36.62079,1
1998,41.3275,19.81889,2
1998,41.35173,21.56214,1
1998,41.58616,-109.22277,1
1998,41.70998,44.793,1
1998,41.89096,12.49007,1
1998,41.93061,8.74291,5
1998,42.0,21.47,1
1998,42.00027,21.43254,1
1998,42.0675,19.51306,1
1998,42.09383,9.50257,1
1998,42.13581,21.7179,2
1998,42.19736,20.72268,1
1998,42.21518,20.75993,1
1998,42.35741,-122.86107,1
1998,42.36856,20.71672,1
1998,42.40989,41.86617,1
1998,42.4104,20.85022,1
1998,42.45164,41.56393,1
1998,42.46408,41.67005,1
1998,42.48272,20.74598,1
1998,42.50207,41.86101,3
1998,42.50335,20.31599,1
1998,42.50778,20.27278,1
1998,42.51155,41.69119,1
1998,42.53033,-1.67427,1
1998,42.5575,20.30278,1
1998,42.5611,20.07958,1
1998,42.56345,20.83741,1
1998,42.5663,20.71672,1
1998,42.56672,20.56102,1
1998,42.57228,41.71186,1
1998,42.58056,20.86046,8
1998,42.59778,20.29139,1
1998,42.60264,20.90298,5
1998,42.65981,20.30712,2
1998,42.67248,21.16375,4
1998,42.67818,20.61837,2
1998,42.69649,23.32601,2
1998,42.7,9.44732,1
1998,42.74667,20.78861,4
1998,42.79498,20.69139,1
1998,42.81537,-1.65362,2
1998,42.84964,-2.69236,1
1998,42.88089,20.86721,2
1998,42.9392,20.92235,4
1998,42.97378,41.44218,2
1998,42.97837,-78.79994,1
1998,42.98542,47.45067,4
1998,43.04513,44.2871,1
1998,43.05436,-2.33364,1
1998,43.06647,-2.48915,1
1998,43.07909,45.04657,2
1998,43.08959,40.70258,1
1998,43.11338,17.87806,1
1998,43.11412,17.71295,2
1998,43.20725,-71.5366,2
1998,43.2205,-2.73324,1
1998,43.23384,-77.5717,1
1998,43.25843,-2.92182,1
1998,43.28036,-2.17159,1
1998,43.29162,-1.9779,1
1998,43.29648,5.36978,1
1998,43.31131,-1.9009,1
1998,43.32023,45.65449,5
1998,43.33086,-1.81555,1
1998,43.33823,-1.78927,1
1998,43.34592,46.66224,1
1998,43.36175,45.411,1
1998,43.39003,46.61666,1
1998,43.4586,5.2497,1
1998,43.46096,-3.80793,1
1998,43.64578,44.682,2
1998,43.85,18.38333,2
1998,43.97714,81.52745,1
1998,43.9836,47.03499,1
1998,44.13525,18.07974,2
1998,44.22667,17.67056,1
1998,44.28393,19.23955,1
1998,44.77583,17.18556,1
1998,45.07273,7.67954,2
1998,45.46921,9.17451,2
1998,46.31284,3.4035,1
1998,46.87726,-96.79025,1
1998,46.96667,142.73333,1
1998,47.03922,-122.89143,2
1998,47.07071,15.4395,1
1998,47.47589,9.03647,1
1998,47.49841,19.04076,2
1998,47.63967,6.86385,1
1998,48.15,17.11667,1
1998,48.59581,-2.2937,1
1998,48.721,21.25775,1
1998,49.1059,-122.82796,1
1998,50.83643,4.36742,2
1998,50.89778,142.16,1
1998,51.26156,4.46392,1
1998,51.50439,-0.14004,5
1998,52.36897,9.37133,1
1998,52.50153,13.40185,1
1998,53.03935,-6.09272,1
1998,53.13249,23.16884,1
1998,53.189,9.52415,1
1998,53.36168,-6.24548,2
1998,54.18305,-6.34139,2
1998,54.19293,-6.57605,1
1998,54.28547,-5.99831,1
1998,54.29258,-6.37096,1
1998,54.32863,-5.71667,1
1998,54.34542,-7.63636,1
1998,54.34754,-6.65611,5
1998,54.35104,-6.26702,3
1998,54.35199,18.64661,1
1998,54.35334,-6.4126,1
1998,54.37939,-6.30815,1
1998,54.41653,-6.14887,1
1998,54.42071,-6.44377,5
1998,54.44661,-6.69075,1
1998,54.46337,-6.3286,1
1998,54.47988,-6.22845,1
1998,54.48206,-8.08824,1
1998,54.50853,-6.76313,1
1998,54.51569,-6.05572,1
1998,54.53331,-6.12118,1
1998,54.55952,-118.62176,1
1998,54.6003,-7.2984,1
1998,54.60771,-5.95621,19
1998,54.62069,-6.21773,1
1998,54.64945,-6.21358,1
1998,54.66323,-6.2767,1
1998,54.78772,-6.49231,2
1998,54.84282,-6.66773,1
1998,54.8551,-5.81125,1
1998,55.01156,-7.31204,1
1998,55.20944,-119.42917,1
1998,55.45802,-119.92267,1
1998,55.75138,37.57991,2
1998,56.78387,60.56181,1
1998,56.9462,24.10429,4
1998,58.04626,102.7297,1
1998,59.85337,30.34843,1
1998,74.63355,57.3034,1
1999,-34.61768,-58.44444,1
1999,-34.04769,18.60564,1
1999,-33.99551,18.58454,1
1999,-33.96304,18.50167,1
1999,-33.94185,18.41964,8
1999,-33.91802,25.5533,1
1999,-33.36624,-70.5053,2
1999,-29.9533,-71.3436,1
1999,-29.9414,30.93977,1
1999,-29.65888,30.85503,1
1999,-29.6163,30.37411,1
1999,-26.4602,31.29963,1
1999,-26.38476,30.43228,1
1999,-25.78567,31.05116,1
1999,-25.28277,-57.63561,1
1999,-18.41458,35.02252,1
1999,-18.1416,178.4419,3
1999,-17.50399,24.27923,1
1999,-15.57024,28.2702,1
1999,-15.41539,28.28435,6
1999,-14.67471,17.13956,1
1999,-14.0803,14.07611,1
1999,-13.15271,-74.21863,1
1999,-12.98029,14.36617,1
1999,-12.85061,15.56024,1
1999,-12.76554,15.73286,6
1999,-12.5985,13.4085,1
1999,-12.59173,13.42219,1
1999,-12.20611,-75.84056,1
1999,-11.26361,-75.6025,1
1999,-11.20197,13.84066,1
1999,-10.18015,123.58393,1
1999,-9.58434,160.1556,1
1999,-9.5464,16.33805,2
1999,-9.41806,18.43528,1
1999,-9.29885,14.91651,2
1999,-9.18367,13.96592,1
1999,-9.16842,13.24912,1
1999,-9.11092,13.68743,1
1999,-9.10451,124.89755,2
1999,-8.98333,125.21667,2
1999,-8.93257,125.39681,1
1999,-8.75833,125.2075,1
1999,-8.66472,125.35833,1
1999,-8.6581,-76.50876,1
1999,-8.58333,125.35,1
1999,-8.56066,125.58497,1
1999,-8.55902,125.57819,12
1999,-8.55694,125.58167,1
1999,-8.50389,126.23667,1
1999,-7.76315,15.2666,1
1999,-7.61649,15.04962,2
1999,-7.61611,15.05034,1
1999,-7.43679,15.38611,1
1999,-7.39075,109.3638,1
1999,-6.81458,13.30802,1
1999,-6.20882,106.84605,3
1999,-6.06808,-49.90417,1
1999,-5.56096,12.19003,1
1999,-5.39344,12.20633,1
1999,-5.13448,119.41877,1
1999,-4.36139,14.76444,1
1999,-3.9944,13.92316,1
1999,-3.96278,29.74916,1
1999,-3.92572,29.98995,1
1999,-3.91374,30.00655,1
1999,-3.90321,134.43271,1
1999,-3.57264,128.65931,1
1999,-3.5062,29.46039,1
1999,-3.50084,29.46863,1
1999,-3.4969,29.38489,1
1999,-3.37583,29.36411,5
1999,-3.37142,29.40718,1
1999,-3.10395,29.58324,1
1999,-2.68637,140.81483,1
1999,-2.53903,14.75132,1
1999,-1.6585,29.22046,1
1999,-1.22094,29.64992,3
1999,-1.0423,-78.59069,1
1999,-0.98669,29.6166,1
1999,-0.7,31.75,1
1999,-0.51613,30.18386,1
1999,-0.33916,31.74002,1
1999,-0.14523,-76.27108,1
1999,0.06686,30.06528,2
1999,0.17901,30.0814,1
1999,0.25805,30.52791,1
1999,0.35085,32.58022,6
1999,0.42529,-76.90507,2
1999,0.43595,-75.52767,1
1999,0.49594,29.45961,1
1999,0.51853,25.20077,1
1999,0.70753,30.06364,1
1999,0.70992,30.06314,1
1999,0.86989,-73.84191,1
1999,1.61456,-75.6053,1
1999,1.66872,-77.01234,1
1999,2.05982,45.32612,2
1999,2.24359,-77.01038,1
1999,2.63874,-76.52915,1
1999,2.64306,-76.98917,1
1999,2.64413,97.79081,1
1999,2.93835,-73.20833,1
1999,3.00879,-76.4859,1
1999,3.0358,-76.40833,1
1999,3.19326,98.30584,1
1999,3.24114,-74.35539,1
1999,3.2694,-73.37616,1
1999,3.42934,-76.51604,10
1999,3.65667,-76.68833,1
1999,3.80089,-76.64127,1
1999,3.88182,-77.07042,1
1999,4.15405,96.14396,1
1999,4.33447,-75.82798,1
1999,4.35827,98.17559,1
1999,4.37698,-74.67093,1
1999,4.43405,7.17049,1
1999,4.43749,-74.52209,1
1999,4.45575,6.27144,1
1999,4.66713,-74.10606,8
1999,4.66924,-73.91688,1
1999,4.7698,-73.92202,1
1999,4.81495,7.04078,1
1999,4.81665,95.87512,1
1999,4.84328,96.12808,1
1999,4.98457,-75.60488,1
1999,5.03489,97.27068,1
1999,5.04717,96.68507,1
1999,5.04901,97.27198,1
1999,5.06787,-75.51748,1
1999,5.07172,97.21136,1
1999,5.10236,95.89717,1
1999,5.10531,97.40536,1
1999,5.11826,97.21094,1
1999,5.1234,97.3503,1
1999,5.1838,97.14158,1
1999,5.23722,96.9925,1
1999,5.33996,-72.40158,2
1999,5.38056,95.95472,1
1999,5.4328,5.35053,1
1999,5.45394,-73.36205,1
1999,5.45879,95.47783,1
1999,5.49543,5.91108,1
1999,5.52372,5.75317,3
1999,5.54147,95.34296,3
1999,5.54525,95.32401,1
1999,5.54999,95.31667,1
1999,5.55,95.31667,1
1999,5.60932,5.19338,1
1999,5.61526,-75.62469,1
1999,5.73104,-75.14205,1
1999,5.86562,-75.53427,1
1999,5.96478,-75.10166,1
1999,6.04278,-74.99493,1
1999,6.05046,121.01224,1
1999,6.08822,121.10933,1
1999,6.15518,-71.76813,1
1999,6.2031,-75.10345,1
1999,6.20781,-75.73436,1
1999,6.23384,-75.1617,1
1999,6.24203,-75.56477,11
1999,6.27053,-75.57217,2
1999,6.41871,121.97244,1
1999,6.42447,101.81506,1
1999,6.46052,-71.72989,1
1999,6.4828,-72.49636,1
1999,6.49722,122.10514,1
1999,6.51792,122.12822,1
1999,6.54731,-71.00223,1
1999,6.55683,121.88345,2
1999,6.64371,-73.65362,2
1999,6.6605,122.13899,1
1999,6.68196,121.98548,3
1999,6.69086,124.68078,1
1999,6.83012,79.88008,1
1999,6.901,79.85488,1
1999,6.9075,-75.07496,1
1999,6.92909,122.07885,1
1999,6.94184,79.86169,10
1999,6.95575,79.92369,1
1999,6.9934,81.05498,1
1999,7.00056,-72.10833,2
1999,7.01702,124.89353,1
1999,7.05499,80.53438,1
1999,7.06005,-73.85312,3
1999,7.07968,79.89098,1
1999,7.08324,125.601,2
1999,7.08582,-70.75779,5
1999,7.10577,-77.76488,1
1999,7.11629,-73.12003,1
1999,7.19861,-75.34122,1
1999,7.29384,80.64067,1
1999,7.29861,-72.49427,1
1999,7.33321,124.56839,1
1999,7.36201,125.70565,1
1999,7.41438,81.83063,1
1999,7.47291,-73.2037,1
1999,7.51497,124.37231,1
1999,7.57915,123.16669,1
1999,7.60799,-72.60038,1
1999,7.73173,10.81638,1
1999,7.73311,81.68882,5
1999,7.7853,81.4279,1
1999,7.78531,122.59286,1
1999,7.79066,-11.88917,1
1999,7.82307,126.05537,1
1999,7.89014,-75.66967,1
1999,7.8942,-72.50388,1
1999,7.92133,81.52467,1
1999,8.14443,80.41154,1
1999,8.23342,-73.35331,1
1999,8.27293,125.79974,1
1999,8.2735,80.50078,1
1999,8.28474,-10.08633,1
1999,8.30494,125.00325,1
1999,8.31368,-70.05031,1
1999,8.42157,-9.75393,1
1999,8.46568,-13.23172,3
1999,8.57451,-73.09339,1
1999,8.57783,81.21872,1
1999,8.66361,-77.365,1
1999,8.6656,80.29624,1
1999,8.67044,-74.03001,1
1999,8.75782,80.48791,3
1999,8.76869,-12.78535,1
1999,8.79232,80.46603,1
1999,8.83427,80.05105,1
1999,8.85971,124.78866,1
1999,8.8855,80.27673,4
1999,8.8941,79.93466,1
1999,8.94167,80.9867,1
1999,8.96404,80.78794,2
1999,8.97382,80.52718,1
1999,8.99427,-79.51879,1
1999,9.12617,-12.91765,1
1999,9.13699,80.44517,1
1999,9.19974,-73.5433,1
1999,9.26028,29.80017,1
1999,9.45771,7.86445,3
1999,9.56049,-73.33269,1
1999,9.59965,41.85631,1
1999,9.65907,80.13169,1
1999,9.67541,80.12611,1
1999,9.68519,41.84277,1
1999,9.71809,-75.12097,1
1999,9.74704,-74.81537,1
1999,9.96328,124.21168,1
1999,10.14566,-73.23638,1
1999,10.29895,-74.03993,1
1999,10.4113,-74.40566,2
1999,10.48283,-66.96213,3
1999,10.69776,-73.35273,1
1999,10.77259,-73.00454,1
1999,10.79628,26.51087,1
1999,10.81528,78.69639,1
1999,10.85052,76.27108,1
1999,10.98141,-74.77832,2
1999,11.01684,76.95583,1
1999,11.02577,105.07101,1
1999,11.3,-74.18333,1
1999,11.55883,104.91744,6
1999,12.58333,-16.26667,1
1999,12.82565,44.84642,4
1999,13.08268,80.27072,2
1999,13.12973,45.38557,2
1999,13.14446,121.44061,1
1999,13.14544,121.43858,1
1999,13.24175,124.04194,1
1999,13.49167,7.09639,1
1999,13.51667,2.11667,1
1999,13.70266,44.73357,1
1999,13.7279,100.52412,3
1999,14.04193,-84.56154,1
1999,14.18648,79.15133,1
1999,14.54943,121.03359,2
1999,14.62287,-90.52907,1
1999,14.69121,46.93379,1
1999,15.32544,44.2119,3
1999,15.45011,36.40002,2
1999,15.5024,45.44985,4
1999,16.14955,79.86201,1
1999,16.88778,96.14956,1
1999,17.43919,-99.5451,1
1999,17.69658,33.97879,1
1999,18.51002,78.29531,1
1999,18.52772,-72.33284,5
1999,18.83547,78.50953,1
1999,19.75148,75.71389,1
1999,19.76018,78.70504,1
1999,21.32227,16.88914,1
1999,21.92427,95.36161,1
1999,22.23226,83.68537,1
1999,22.55173,88.35234,1
1999,22.84564,89.54033,2
1999,23.16396,89.213,1
1999,23.16454,92.93757,1
1999,23.40128,88.50156,1
1999,23.63582,88.77571,1
1999,23.79128,90.4182,6
1999,23.8467,91.90992,1
1999,23.84932,72.12663,1
1999,23.91991,91.8503,1
1999,23.94085,91.98815,3
1999,23.99729,91.9906,1
1999,24.07971,92.26304,1
1999,24.10532,83.81813,1
1999,24.34093,93.5876,1
1999,24.48338,93.52365,1
1999,24.66372,93.90627,2
1999,24.80175,92.94476,1
1999,24.89112,67.14331,6
1999,25.03133,91.66502,1
1999,25.0776,84.91475,1
1999,25.09607,85.31312,2
1999,25.16354,93.01364,1
1999,25.38929,68.35734,1
1999,25.4358,81.84631,1
1999,25.6701,94.1077,1
1999,25.96073,93.49747,1
1999,26.14979,91.76393,5
1999,26.23692,92.60813,1
1999,26.27527,92.95338,1
1999,26.35339,91.10444,1
1999,26.37931,90.02539,1
1999,26.44174,91.3934,1
1999,26.4426,90.35377,1
1999,26.49461,91.67819,1
1999,26.49598,90.70251,2
1999,26.64422,85.72051,1
1999,26.67878,92.85767,1
1999,26.68296,88.44342,1
1999,26.72776,67.77972,1
1999,27.31544,95.28622,1
1999,27.49193,95.34783,2
1999,27.63671,85.51675,1
1999,27.70875,85.3295,1
1999,28.27655,84.3542,1
1999,28.28002,68.44041,1
1999,28.38344,82.6483,1
1999,28.47639,84.68975,2
1999,28.69007,77.21398,1
1999,29.15713,81.54344,1
1999,29.40679,-98.4812,2
1999,29.48358,60.8627,1
1999,30.07012,71.18874,1
1999,30.19784,71.46763,2
1999,30.20082,66.99435,3
1999,30.39064,71.00327,2
1999,30.43978,-84.28065,2
1999,30.44177,-90.10998,1
1999,30.58079,74.82422,1
1999,30.6586,104.06486,1
1999,30.73332,76.77942,1
1999,30.83395,72.07505,1
1999,31.23984,74.21204,1
1999,31.2653,32.30162,1
1999,31.28551,48.64342,1
1999,31.50241,34.45974,1
1999,31.50547,74.34288,2
1999,31.53024,35.09416,4
1999,31.57592,35.0101,1
1999,31.63108,65.74223,1
1999,31.78484,35.22461,1
1999,31.8022,74.25732,3
1999,31.88939,34.8099,1
1999,31.90714,35.19822,2
1999,31.92854,35.07109,1
1999,31.95,35.93333,1
1999,32.05116,-1.24311,1
1999,32.18432,75.66915,2
1999,32.22227,35.25351,1
1999,32.32507,34.85466,3
1999,32.38204,48.40524,1
1999,32.46062,35.30125,1
1999,32.53329,45.82945,2
1999,32.7266,74.85703,2
1999,32.78828,35.52168,1
1999,32.79392,34.99062,1
1999,32.92522,75.13526,1
1999,33.02895,73.60198,1
1999,33.03554,75.28516,2
1999,33.09759,35.33538,1
1999,33.12699,35.21907,1
1999,33.14575,75.54805,1
1999,33.15892,35.42112,1
1999,33.19391,73.83289,2
1999,33.19779,35.25665,5
1999,33.20872,35.57262,2
1999,33.20906,35.51627,1
1999,33.22865,35.48641,1
1999,33.23342,35.5168,2
1999,33.25417,35.5425,1
1999,33.27703,35.29078,1
1999,33.30357,44.37177,3
1999,33.30986,35.29086,4
1999,33.31774,35.28076,1
1999,33.3315,35.52586,1
1999,33.37172,74.31531,2
1999,33.38611,35.60055,1
1999,33.39216,35.5039,1
1999,33.43361,35.53361,2
1999,33.44439,35.56762,1
1999,33.48778,48.35583,1
1999,33.4924,35.58979,1
1999,33.4925,35.58722,1
1999,33.49646,-86.80952,1
1999,33.54135,35.58622,4
1999,33.55043,35.37096,1
1999,33.56561,72.64339,1
1999,33.59401,73.06908,3
1999,33.63987,74.26342,1
1999,33.65167,35.64694,1
1999,33.65379,74.29715,1
1999,33.67164,73.05607,7
1999,33.70222,74.21861,1
1999,33.73222,75.15791,3
1999,33.74502,-84.39167,1
1999,33.74573,35.45832,1
1999,33.767,74.0924,1
1999,33.77817,76.57617,3
1999,33.79598,74.25388,1
1999,33.8071,2.8777,1
1999,33.82287,74.85364,1
1999,33.8254,35.66866,1
1999,33.82751,75.07207,1
1999,33.87806,35.54459,1
1999,33.90412,75.0854,1
1999,33.99178,75.07489,1
1999,34.01608,75.31498,1
1999,34.0164,74.72187,1
1999,34.05998,74.42453,1
1999,34.08374,74.7899,7
1999,34.0928,74.58959,1
1999,34.09787,-118.40738,1
1999,34.16047,74.55512,1
1999,34.16154,74.55309,1
1999,34.2056,74.35387,1
1999,34.25614,74.67627,1
1999,34.26402,74.90106,1
1999,34.27722,35.76528,1
1999,34.31241,74.34524,1
1999,34.35472,3.86935,1
1999,34.41556,74.65667,1
1999,34.41712,70.44959,1
1999,34.41954,74.63827,1
1999,34.41981,74.63561,1
1999,34.42636,74.32282,1
1999,34.45555,74.44955,1
1999,34.51475,74.17317,1
1999,34.5169,69.14701,7
1999,34.52618,74.25461,3
1999,34.55385,76.13489,1
1999,34.5935,-0.54656,2
1999,34.65429,-1.32023,1
1999,34.66667,3.25,1
1999,34.8,3.13333,1
1999,34.82194,-0.76056,1
1999,34.84075,0.14947,1
1999,34.88278,-1.31667,1
1999,34.92485,43.49141,1
1999,35.03006,0.05865,1
1999,35.06955,1.05853,1
1999,35.07213,3.0261,3
1999,35.08418,-106.64864,2
1999,35.09678,0.85467,1
1999,35.12889,7.96463,1
1999,35.29222,0.47583,1
1999,35.33561,1.22836,1
1999,35.35215,3.36156,1
1999,35.38317,1.05622,1
1999,35.40017,0.13985,1
1999,35.55,6.16667,1
1999,35.55267,2.35868,1
1999,35.59846,-82.55314,1
1999,35.68697,-105.9378,1
1999,35.68912,139.74774,1
1999,35.72453,51.40519,4
1999,35.77216,140.32178,1
1999,35.78177,1.1329,1
1999,35.95,0.45,1
1999,35.96672,0.0933,1
1999,36.07685,1.99379,1
1999,36.09722,2.04889,1
1999,36.10111,1.19944,1
1999,36.11323,2.30352,1
1999,36.12139,2.20444,1
1999,36.12458,3.26446,1
1999,36.16633,1.33355,2
1999,36.18333,2.56667,1
1999,36.19259,44.00462,1
1999,36.20475,36.1656,1
1999,36.2113,-115.24754,1
1999,36.22676,2.63144,1
1999,36.25417,2.84722,2
1999,36.26667,2.21667,4
1999,36.3358,4.26204,1
1999,36.35,6.6,1
1999,36.35223,2.39087,1
1999,36.36528,4.27,1
1999,36.37489,3.902,1
1999,36.37763,3.89624,1
1999,36.40222,1.435,1
1999,36.42583,2.56167,1
1999,36.4313,3.33242,1
1999,36.46293,2.73873,1
1999,36.46666,34.15883,1
1999,36.47456,2.82756,1
1999,36.48045,2.83388,1
1999,36.48083,4.29583,1
1999,36.48731,2.84089,1
1999,36.53131,2.3281,1
1999,36.53254,3.68442,1
1999,36.53558,3.83418,2
1999,36.56222,3.59444,1
1999,36.56522,3.15393,1
1999,36.57412,2.91214,1
1999,36.58624,5.44123,2
1999,36.58715,2.44311,1
1999,36.60356,2.61017,1
1999,36.60361,2.60944,1
1999,36.6378,3.36981,1
1999,36.63905,2.76504,1
1999,36.64472,2.81389,1
1999,36.65972,5.485,1
1999,36.66111,5.78861,1
1999,36.66774,3.59115,1
1999,36.68359,4.03947,1
1999,36.72398,3.67085,1
1999,36.74674,36.21338,1
1999,36.75,6.26667,1
1999,36.75853,3.98233,1
1999,36.76029,3.4724,1
1999,36.76376,3.05541,4
1999,36.76911,3.25898,2
1999,36.77054,3.51226,1
1999,36.77513,5.59993,2
1999,36.79452,3.03509,1
1999,36.79917,5.76793,1
1999,36.81694,3.85722,1
1999,36.8219,5.7661,1
1999,36.83727,6.63739,1
1999,36.86081,42.97646,2
1999,36.86667,6.9,1
1999,36.91129,7.67718,1
1999,36.91955,3.8914,1
1999,36.96776,35.25872,1
1999,36.99154,35.33105,1
1999,37.07336,36.24805,1
1999,37.1367,40.51301,1
1999,37.24443,43.74092,1
1999,37.2537,43.52844,1
1999,37.3129,40.73395,1
1999,37.3327,42.10485,1
1999,37.33417,41.4565,1
1999,37.52278,42.45508,2
1999,37.56251,44.29368,1
1999,37.57704,43.7361,1
1999,37.87627,32.49168,1
1999,37.88579,41.13012,1
1999,37.88722,41.13194,2
1999,37.92222,40.18438,1
1999,37.92585,40.96074,1
1999,37.94293,23.64684,3
1999,37.99749,23.76273,31
1999,38.01657,43.05913,1
1999,38.3144,69.04675,1
1999,38.32494,43.4092,1
1999,38.41458,27.14386,1
1999,38.43773,-122.71243,1
1999,38.48719,106.23091,1
1999,38.50414,43.37526,1
1999,38.53823,-121.76171,1
1999,38.55218,68.76744,3
1999,38.57906,-121.49101,2
1999,38.58616,-121.39274,1
1999,38.60982,-121.35316,1
1999,38.67521,39.22275,1
1999,38.73684,41.49156,1
1999,38.86428,-104.77841,1
1999,38.88845,40.50114,2
1999,38.90864,-77.01538,1
1999,38.97141,41.05465,1
1999,39.02253,40.0442,1
1999,39.03523,40.04594,1
1999,39.08587,42.27031,1
1999,39.10671,39.54525,1
1999,39.16402,-86.50987,1
1999,39.31408,39.43901,1
1999,39.4277,43.6951,1
1999,39.55021,40.89037,1
1999,39.60052,39.69826,1
1999,39.61691,-105.01452,1
1999,39.61996,38.74639,1
1999,39.63276,70.97375,1
1999,39.7024,39.46185,1
1999,39.75982,70.90712,1
1999,39.77099,39.04135,1
1999,39.80106,-89.6436,1
1999,39.84584,-88.95246,1
1999,39.93077,32.76754,4
1999,39.94441,71.09276,1
1999,39.99028,32.69556,1
1999,40.11727,-88.20449,1
1999,40.17857,44.53576,2
1999,40.18593,37.53806,1
1999,40.18863,29.06085,1
1999,40.39026,36.62802,1
1999,40.46756,37.7734,1
1999,40.51083,-74.57342,1
1999,40.58752,-122.39293,1
1999,40.6011,33.61629,1
1999,40.64114,-4.15882,1
1999,40.88668,35.80871,1
1999,40.94328,40.26301,1
1999,41.10618,28.68986,52
1999,41.11887,25.40553,1
1999,41.18333,20.31667,1
1999,41.26667,69.21667,7
1999,41.30317,2.00321,1
1999,41.40064,2.15091,2
1999,41.59137,9.27831,2
1999,41.62182,8.97472,2
1999,41.65628,-0.87653,1
1999,41.7001,-71.41617,1
1999,41.8426,-87.68123,1
1999,41.8722,8.96417,1
1999,41.89096,12.49007,4
1999,41.93061,8.74291,9
1999,41.95792,8.79822,1
1999,41.99929,9.40296,1
1999,42.00027,21.43254,1
1999,42.01685,9.40398,2
1999,42.02634,-87.75568,1
1999,42.05678,9.41805,1
1999,42.11182,9.39849,1
1999,42.12972,-87.83156,1
1999,42.14322,21.68583,1
1999,42.23144,9.41348,1
1999,42.27804,-83.73822,1
1999,42.30941,9.14902,3
1999,42.31013,-71.65545,1
1999,42.32156,21.36201,3
1999,42.32611,20.07177,1
1999,42.34089,-3.69976,1
1999,42.36859,21.37507,1
1999,42.37056,21.15528,1
1999,42.377,-71.11666,1
1999,42.38483,20.67723,1
1999,42.39089,18.91398,1
1999,42.39976,20.65657,1
1999,42.39998,20.1667,1
1999,42.4008,21.43206,1
1999,42.40917,20.87278,1
1999,42.42192,21.42016,1
1999,42.43843,21.0371,1
1999,42.46043,21.46932,4
1999,42.48428,41.62594,1
1999,42.49258,9.43918,1
1999,42.4981,47.8919,1
1999,42.52387,21.22787,1
1999,42.52577,21.12063,1
1999,42.53728,20.29092,1
1999,42.53778,20.29111,1
1999,42.56765,8.75722,2
1999,42.58056,20.86046,2
1999,42.59671,21.5954,1
1999,42.60264,20.90298,2
1999,42.60853,8.86229,1
1999,42.6154,41.71987,2
1999,42.62803,41.73566,1
1999,42.62933,21.10132,2
1999,42.63024,47.05471,1
1999,42.63341,21.02139,1
1999,42.63451,46.16657,1
1999,42.64582,20.47388,1
1999,42.65798,9.41422,1
1999,42.65981,20.30712,2
1999,42.67242,21.16454,10
1999,42.67248,21.16375,5
1999,42.68186,9.30375,1
1999,42.69649,23.32601,1
1999,42.69975,47.08494,2
1999,42.7,9.44732,3
1999,42.70117,20.46692,1
1999,42.7375,-84.48378,1
1999,42.74118,20.31987,1
1999,42.75339,21.14887,1
1999,42.78579,-1.36801,1
1999,42.79498,20.69139,1
1999,42.79877,47.10872,1
1999,42.8147,20.6705,1
1999,42.81537,-1.65362,2
1999,42.83094,-1.60878,1
1999,42.84964,-2.69236,5
1999,42.88089,20.86721,4
1999,42.88333,47.63333,1
1999,42.88691,20.87481,1
1999,42.91,-2.69839,1
1999,42.91056,21.19306,1
1999,42.94998,44.81624,1
1999,42.95845,9.45036,1
1999,42.9649,45.9082,1
1999,42.98472,21.14694,1
1999,42.98542,47.45067,1
1999,43.00732,40.98915,1
1999,43.01442,-88.23551,1
1999,43.03643,-70.8405,1
1999,43.04746,44.66581,4
1999,43.06439,-87.9662,1
1999,43.07659,-89.41249,1
1999,43.07909,45.04657,1
1999,43.10298,5.87822,1
1999,43.10722,41.7422,2
1999,43.12425,46.15857,1
1999,43.16045,45.46866,1
1999,43.16907,-2.63266,3
1999,43.17002,-2.5752,2
1999,43.18418,-2.47329,1
1999,43.1912,6.04198,1
1999,43.20752,-2.88784,1
1999,43.22048,-2.02112,1
1999,43.2205,-2.73324,2
1999,43.22218,-2.88567,1
1999,43.22408,-2.71894,1
1999,43.23056,-2.84583,1
1999,43.25843,-2.92182,6
1999,43.29162,-1.9779,1
1999,43.29648,5.36978,3
1999,43.29722,-2.99167,2
1999,43.29851,45.78291,1
1999,43.30746,-2.94642,1
1999,43.30917,-1.63555,1
1999,43.31131,-1.9009,1
1999,43.31399,1.53157,1
1999,43.31667,45.06667,1
1999,43.31707,-2.67898,1
1999,43.31938,21.89633,1
1999,43.32023,45.65449,7
1999,43.3207,-2.42048,1
1999,43.3282,-3.03151,1
1999,43.33823,-1.78927,1
1999,43.34417,-3.00639,1
1999,43.34592,46.66224,1
1999,43.36175,45.411,1
1999,43.36253,-1.7915,1
1999,43.37254,46.44497,1
1999,43.37967,-2.962,1
1999,43.40517,44.8203,2
1999,43.48412,43.62736,1
1999,43.54998,-96.70033,1
1999,43.58124,3.294,3
1999,43.58663,47.10896,1
1999,43.6506,45.3154,1
1999,43.74883,-87.97721,1
1999,43.83257,-121.2575,1
1999,43.85,18.38333,1
1999,43.85,46.71667,1
1999,43.88451,41.73039,2
1999,43.9836,47.03499,1
1999,44.04992,-123.08854,1
1999,44.08116,-103.23089,1
1999,44.21667,42.05,1
1999,44.27437,19.8911,1
1999,44.75694,19.21611,1
1999,44.77583,17.18556,1
1999,44.81861,20.46806,1
1999,44.83609,20.41152,1
1999,44.84633,-123.22933,1
1999,44.96498,-93.26019,1
1999,44.97898,16.70372,1
1999,45.14111,17.25,1
1999,45.46921,9.17451,3
1999,45.49904,-122.68594,1
1999,45.74564,-87.07976,1
1999,46.19839,6.1423,1
1999,46.94792,7.44461,1
1999,47.35999,47.68207,1
1999,47.51667,42.15,1
1999,47.61079,-122.33131,2
1999,47.72972,33.25472,1
1999,48.13913,11.58019,1
1999,48.15,17.11667,1
1999,48.57761,-3.82823,1
1999,48.70846,9.00356,1
1999,48.77711,9.18077,1
1999,48.77976,-3.04882,1
1999,49.24016,6.99693,1
1999,49.83968,24.02972,3
1999,50.43075,30.5328,1
1999,50.4501,30.5234,1
1999,51.21906,4.40289,2
1999,51.50439,-0.14004,6
1999,52.02306,8.53307,1
1999,52.06986,4.29111,1
1999,52.50153,13.40185,3
1999,53.07498,8.80708,1
1999,53.36168,-6.24548,1
1999,53.54356,-113.49045,1
1999,53.55381,9.99159,3
1999,53.9,27.56667,1
1999,54.10281,-6.25941,1
1999,54.10366,-7.14245,1
1999,54.18305,-6.34139,1
1999,54.19404,-6.14414,1
1999,54.2557,-5.9488,1
1999,54.28642,-5.92176,1
1999,54.33679,-5.82582,1
1999,54.42071,-6.44377,2
1999,54.46337,-6.3286,1
1999,54.50853,-6.76313,2
1999,54.51254,-6.31435,1
1999,54.51569,-6.05572,1
1999,54.53671,-6.70361,1
1999,54.5509,-6.02356,1
1999,54.55342,-6.00331,1
1999,54.59502,-5.70311,1
1999,54.59546,-5.79776,1
1999,54.60771,-5.95621,24
1999,54.63797,-6.14485,1
1999,54.68482,-5.96587,1
1999,54.69212,-5.86326,1
1999,54.71338,-6.21676,3
1999,54.74893,-6.3156,1
1999,54.7554,-6.60603,1
1999,54.77822,-6.55796,1
1999,54.8551,-5.81125,2
1999,54.86312,-6.27834,1
1999,54.95235,-7.62168,1
1999,55.01156,-7.31204,10
1999,55.04186,-1.44729,1
1999,55.07114,-6.51315,2
1999,55.20143,-6.25204,1
1999,55.60333,13.0013,1
1999,55.67608,12.56832,1
1999,55.75138,37.57991,11
1999,55.86563,-4.25722,1
1999,56.83264,60.60086,1
1999,56.9462,24.10429,1
1999,59.31006,18.16381,1
1999,59.44269,24.7532,1
1999,59.85337,30.34843,1
2000,-34.04008,18.6778,1
2000,-33.99657,18.47742,1
2000,-33.99551,18.58454,1
2000,-33.96304,18.50167,1
2000,-33.94185,18.41964,13
2000,-33.72416,151.08537,1
2000,-33.36624,-70.5053,2
2000,-30.74981,30.45005,1
2000,-29.6939,30.6719,1
2000,-26.2527,27.87028,1
2000,-25.97682,32.59103,1
2000,-25.95136,32.57258,1
2000,-25.74828,28.21207,1
2000,-25.28277,-57.63561,2
2000,-23.54575,-46.65994,1
2000,-22.56734,17.08327,1
2000,-18.27105,18.4276,1
2000,-18.1416,178.4419,2
2000,-18.09667,21.62684,1
2000,-18.01517,20.86992,1
2000,-17.9659,21.23172,1
2000,-17.91646,19.76648,1
2000,-17.91081,19.9883,3
2000,-17.91046,19.98776,1
2000,-17.89414,20.35608,1
2000,-17.81934,23.95365,4
2000,-17.8,18.85,1
2000,-17.7,23.43333,1
2000,-17.50399,24.27923,1
2000,-16.88337,31.12249,1
2000,-16.74186,-69.7165,1
2000,-16.43333,179.36667,1
2000,-14.65228,17.68404,1
2000,-14.65221,17.68367,1
2000,-13.08297,22.6884,8
2000,-12.76554,15.73286,1
2000,-12.59043,13.4162,1
2000,-12.56543,16.23122,1
2000,-12.50196,17.28306,1
2000,-11.96737,-76.97846,1
2000,-11.82414,17.09711,1
2000,-11.51308,23.01684,1
2000,-11.31817,16.19574,1
2000,-9.58434,160.1556,1
2000,-9.5464,16.33805,1
2000,-9.49241,124.95552,1
2000,-9.44667,124.47806,1
2000,-9.28669,14.21368,1
2000,-9.26579,16.09782,1
2000,-9.21053,14.03278,1
2000,-9.11092,13.68743,1
2000,-9.10451,124.89755,1
2000,-8.97145,125.043,1
2000,-8.93056,125.39667,1
2000,-8.87278,125.18,1
2000,-8.83884,13.23558,1
2000,-8.65087,116.32487,1
2000,-7.79722,110.3688,1
2000,-7.61649,15.04962,1
2000,-7.50681,108.56941,1
2000,-7.47222,112.43361,4
2000,-7.46444,112.68639,1
2000,-7.16833,106.66639,3
2000,-6.96446,31.26302,1
2000,-6.92405,106.9222,2
2000,-6.9087,107.61068,1
2000,-6.56903,107.75753,1
2000,-6.24159,107.14806,1
2000,-6.22741,15.46718,1
2000,-6.20882,106.84605,14
2000,-6.13355,12.36683,1
2000,-5.56032,12.1904,1
2000,-4.44634,12.89256,1
2000,-4.02261,30.01976,1
2000,-3.92375,29.98988,1
2000,-3.68574,128.18906,1
2000,-3.64843,128.16576,2
2000,-3.48566,29.88105,1
2000,-3.37583,29.36411,7
2000,-3.36986,29.35816,1
2000,-3.34164,128.35288,2
2000,-3.33205,128.3667,1
2000,-3.30606,128.96159,1
2000,-3.29669,129.52751,1
2000,-3.2842,30.60192,1
2000,-3.22827,130.13122,1
2000,-2.88868,29.87141,1
2000,-2.88458,29.12165,1
2000,-2.17083,-79.92236,2
2000,-2.1049,27.99431,1
2000,-2.08833,29.36432,1
2000,-1.65843,29.22046,1
2000,-1.56969,127.45322,1
2000,-0.89858,119.8506,1
2000,-0.87909,-76.0856,1
2000,-0.68591,36.96518,1
2000,-0.35785,42.54665,1
2000,-0.21119,-78.52263,1
2000,0.06686,30.06528,1
2000,0.1699,30.07808,2
2000,0.35085,32.58022,1
2000,0.35523,37.58346,1
2000,0.43595,-75.52767,2
2000,0.49765,-76.49768,2
2000,0.53333,101.45,1
2000,0.66643,-76.87192,1
2000,0.70753,30.06364,2
2000,0.70965,38.50659,1
2000,0.8067,-77.57296,1
2000,0.85344,-77.51837,1
2000,0.88457,-77.50339,1
2000,0.95955,31.4299,1
2000,1.05326,104.03068,4
2000,1.14661,-76.64812,2
2000,1.22104,30.81831,3
2000,1.25525,-70.23339,1
2000,1.47321,-77.13721,1
2000,1.61456,-75.6053,1
2000,1.68448,-75.28659,1
2000,2.00681,45.277,1
2000,2.05982,45.32612,6
2000,2.11667,-76.98333,1
2000,2.71522,32.49201,1
2000,2.77168,32.28842,3
2000,2.7724,32.28807,1
2000,2.77772,-75.25743,1
2000,2.93835,-73.20833,1
2000,2.96,99.06,4
2000,2.99704,32.14343,3
2000,3.13894,101.69132,1
2000,3.14179,32.91283,1
2000,3.2512,39.60406,1
2000,3.28848,32.87895,1
2000,3.42064,-76.52225,1
2000,3.42934,-76.51604,15
2000,3.58524,98.6756,16
2000,3.65667,-76.68833,1
2000,3.86647,-74.417,1
2000,3.88182,-77.07042,2
2000,3.93667,-75.2208,1
2000,4.01,-75.60381,1
2000,4.09252,-75.15454,1
2000,4.11468,118.62876,1
2000,4.19321,44.99421,1
2000,4.29692,-74.80707,1
2000,4.37474,18.55129,1
2000,4.40464,-74.38643,2
2000,4.44251,-74.04416,1
2000,4.44931,96.16797,1
2000,4.50338,98.01066,1
2000,4.54939,-74.53601,1
2000,4.59833,-74.44139,1
2000,4.66713,-74.10606,18
2000,4.70783,96.73279,1
2000,4.74386,-74.5337,1
2000,4.82779,7.05358,1
2000,4.84545,-74.62255,1
2000,4.93441,100.92575,1
2000,4.95778,96.94972,1
2000,4.97603,96.58894,1
2000,4.97863,97.22214,2
2000,5.026,-74.03001,1
2000,5.0517,97.31812,1
2000,5.08056,97.40528,1
2000,5.09678,97.5326,1
2000,5.13083,-74.15825,1
2000,5.1838,97.14158,7
2000,5.20079,97.01485,1
2000,5.22336,-76.03194,1
2000,5.23285,96.70787,1
2000,5.2528,-76.82596,1
2000,5.31667,-4.03333,2
2000,5.33752,-75.7293,1
2000,5.35816,95.92708,2
2000,5.3809,95.51056,1
2000,5.41255,-74.99229,2
2000,5.52372,5.75317,1
2000,5.54147,95.34296,7
2000,5.54525,95.32401,1
2000,5.60865,5.19545,1
2000,5.86418,124.99618,1
2000,5.96347,-75.73402,1
2000,5.97748,121.11502,1
2000,6.05046,121.01224,11
2000,6.08822,121.10933,1
2000,6.11622,125.1694,9
2000,6.1429,-75.18417,1
2000,6.17215,-75.60957,3
2000,6.19998,-75.23326,1
2000,6.24203,-75.56477,7
2000,6.2675,-75.56861,1
2000,6.27053,-75.57217,2
2000,6.29074,-10.76052,1
2000,6.34053,-75.56223,1
2000,6.34593,-75.50811,2
2000,6.37728,-75.44612,1
2000,6.3823,124.89828,1
2000,6.43711,-75.3313,1
2000,6.44389,-76.68832,1
2000,6.49766,124.84966,1
2000,6.52092,3.37953,2
2000,6.63002,122.11182,1
2000,6.63494,124.59803,1
2000,6.64157,122.15735,1
2000,6.68196,121.98548,4
2000,6.70041,121.97256,1
2000,6.72023,122.0302,1
2000,6.73216,44.28101,1
2000,6.82882,124.89357,1
2000,6.86864,124.44108,2
2000,6.89068,79.89719,1
2000,6.91091,79.8878,1
2000,6.91643,79.86782,1
2000,6.92909,122.07885,4
2000,6.93186,-71.15752,1
2000,6.93598,124.45042,1
2000,6.94184,79.86169,10
2000,6.97556,-75.625,1
2000,6.97814,79.88933,1
2000,6.9934,81.05498,1
2000,7.00063,-76.26572,1
2000,7.01061,125.09113,1
2000,7.0209,125.09147,3
2000,7.02734,-71.42856,1
2000,7.028,79.923,1
2000,7.0565,124.67501,1
2000,7.06005,-73.85312,1
2000,7.07386,-75.14591,1
2000,7.08324,125.601,4
2000,7.08622,124.90192,3
2000,7.08772,124.90052,1
2000,7.10899,124.82681,1
2000,7.10988,124.8243,5
2000,7.11183,124.8246,1
2000,7.11539,124.83662,2
2000,7.11788,124.38499,1
2000,7.11833,124.81743,1
2000,7.1312,-73.12497,1
2000,7.15909,124.57654,1
2000,7.18958,124.5344,2
2000,7.19861,-75.34122,4
2000,7.19951,124.79698,1
2000,7.20496,124.79115,1
2000,7.20959,124.24197,3
2000,7.23706,124.69539,1
2000,7.28157,124.42281,1
2000,7.29384,80.64067,1
2000,7.30101,124.68371,1
2000,7.30176,81.67473,1
2000,7.3107,124.78098,1
2000,7.32234,-73.01493,1
2000,7.32885,80.3047,1
2000,7.36201,125.70565,1
2000,7.39002,-73.50099,1
2000,7.41438,81.83063,2
2000,7.45263,122.3282,1
2000,7.46496,124.18711,1
2000,7.46916,124.25922,1
2000,7.49239,124.72497,1
2000,7.50715,122.94141,1
2000,7.51237,122.36258,1
2000,7.52937,81.79461,1
2000,7.61227,81.70897,1
2000,7.61279,123.00593,1
2000,7.73234,123.0573,1
2000,7.73311,81.68882,4
2000,7.74285,124.70475,1
2000,7.78531,122.59286,1
2000,7.80121,122.7598,1
2000,7.80722,-8.7606,1
2000,7.82307,126.05537,1
2000,7.8252,123.43738,1
2000,7.86025,124.13005,1
2000,7.86402,123.51455,1
2000,7.86778,81.51027,1
2000,7.9307,-10.75806,1
2000,7.94596,81.24913,1
2000,7.94628,-72.89881,1
2000,8.0031,124.28967,1
2000,8.00538,79.84368,1
2000,8.02003,124.05659,1
2000,8.06597,124.2604,1
2000,8.11541,123.89652,1
2000,8.1909,124.08796,1
2000,8.22865,124.24522,1
2000,8.28022,-10.57181,2
2000,8.29694,-74.47306,1
2000,8.34519,80.38813,1
2000,8.35126,81.00699,1
2000,8.38144,-9.43212,1
2000,8.43557,-73.28742,1
2000,8.45791,81.2684,1
2000,8.46158,-9.27856,2
2000,8.46568,-13.23172,3
2000,8.47853,125.7448,1
2000,8.4868,124.64582,3
2000,8.48972,-12.75661,2
2000,8.53839,80.49328,1
2000,8.54632,-9.46742,1
2000,8.56667,-10.13333,1
2000,8.57783,81.21872,4
2000,8.58944,80.835,1
2000,8.6325,81.11,1
2000,8.63781,-72.73464,1
2000,8.64108,80.6696,1
2000,8.68813,-12.53554,1
2000,8.70899,-12.67761,3
2000,8.73816,80.47715,1
2000,8.75782,80.48791,5
2000,8.77496,80.45282,1
2000,8.79917,80.27111,1
2000,8.87198,-12.03756,1
2000,8.97382,80.52718,1
2000,9.02025,126.23322,1
2000,9.04702,-12.07071,1
2000,9.06955,30.88291,1
2000,9.10075,-10.95789,1
2000,9.10879,-10.97676,1
2000,9.18004,-12.96945,1
2000,9.18916,-10.09865,1
2000,9.26028,29.80017,1
2000,9.26709,80.81425,1
2000,9.33692,-74.48104,1
2000,9.33729,-73.65362,1
2000,9.35009,-11.70683,1
2000,9.50913,-13.71214,1
2000,9.52358,-75.23069,1
2000,9.56384,80.39997,1
2000,9.58106,-75.03553,1
2000,9.58441,-11.55891,1
2000,9.58869,-11.14182,1
2000,9.62175,-73.59184,2
2000,9.65907,80.13169,1
2000,9.66123,80.02558,1
2000,9.66139,80.35889,1
2000,9.6664,80.02048,9
2000,9.7,80.31667,1
2000,9.86009,124.00788,1
2000,9.92507,-12.73758,1
2000,9.99929,-12.17715,1
2000,10.29533,123.87825,1
2000,10.41371,-75.53355,1
2000,10.71492,122.5657,1
2000,10.98141,-74.77832,1
2000,11.01079,-74.25162,1
2000,11.13411,-72.92648,1
2000,11.55883,104.91744,3
2000,11.76613,77.00472,1
2000,12.53841,-85.57392,1
2000,12.76416,-15.67383,2
2000,12.82565,44.84642,4
2000,12.84673,102.613,1
2000,12.85853,120.90992,1
2000,12.91075,-14.95057,1
2000,13.05615,99.91577,1
2000,13.17333,121.27709,1
2000,13.45306,-16.5775,1
2000,13.51896,123.04985,1
2000,13.52829,99.81342,1
2000,13.61129,99.229,1
2000,13.69332,78.6284,1
2000,13.70083,44.73157,1
2000,13.77694,100.52056,1
2000,13.98052,121.96262,1
2000,14.01011,-60.9875,1
2000,14.34663,121.05041,1
2000,14.53095,121.00426,3
2000,14.54943,121.03359,1
2000,14.59935,120.98477,6
2000,14.67428,121.0575,1
2000,14.69121,46.93379,1
2000,14.70208,-91.2506,1
2000,14.71554,-17.27093,1
2000,14.90724,120.71741,1
2000,15.11447,105.8021,1
2000,15.32544,44.2119,1
2000,15.36471,75.12395,1
2000,15.38603,73.84404,1
2000,15.45011,36.40002,1
2000,15.47618,120.96069,1
2000,15.5024,45.44985,2
2000,15.50565,80.04769,1
2000,15.71522,32.49319,1
2000,15.96454,121.06245,1
2000,16.18283,81.13387,1
2000,16.30185,80.43659,1
2000,16.69093,79.56794,1
2000,16.7343,-92.03622,1
2000,16.81409,81.52676,1
2000,17.06243,76.98159,1
2000,17.1261,122.00813,1
2000,17.37681,78.48781,1
2000,17.45252,78.68348,1
2000,17.49771,-88.18665,1
2000,17.69884,121.50497,1
2000,17.96566,102.62303,6
2000,18.22529,-73.82206,1
2000,18.5125,-72.28528,1
2000,18.52772,-72.33284,7
2000,18.64233,43.01266,1
2000,18.83809,36.83274,2
2000,19.07598,72.87766,1
2000,19.35187,79.48122,1
2000,19.35575,-99.29935,1
2000,20.1153,-98.74589,1
2000,21.1458,79.08816,1
2000,21.54316,39.17491,1
2000,22.28187,114.16133,1
2000,22.3419,91.81512,17
2000,22.44447,114.0258,1
2000,22.65668,89.77487,1
2000,22.97342,78.65689,1
2000,22.98363,89.99214,1
2000,23.01307,91.39405,1
2000,23.05563,88.2522,1
2000,23.11092,91.98242,1
2000,23.16396,89.213,1
2000,23.38193,84.96359,1
2000,23.48538,91.77823,1
2000,23.49953,91.23814,1
2000,23.61079,91.44588,1
2000,23.71489,91.4483,1
2000,23.79055,91.46934,1
2000,23.79128,90.4182,1
2000,23.82675,91.4319,2
2000,23.83146,91.28678,1
2000,23.84384,91.33005,1
2000,23.8467,91.90992,1
2000,23.93485,92.27752,1
2000,23.94085,91.98815,5
2000,23.95554,92.21875,1
2000,23.9654,91.37104,1
2000,24.07971,92.26304,1
2000,24.12373,83.83404,1
2000,24.29379,93.87761,1
2000,24.31898,91.9978,1
2000,24.64732,46.71458,2
2000,24.66372,93.90627,1
2000,24.76417,93.89944,1
2000,24.79835,93.94043,3
2000,24.89112,67.14331,12
2000,24.92995,92.7455,1
2000,25.04586,84.0762,1
2000,25.09361,84.47389,1
2000,25.09607,85.31312,1
2000,25.20751,84.9743,1
2000,25.26205,51.59432,1
2000,25.38929,68.35734,5
2000,25.63078,84.72568,1
2000,25.80226,85.55606,1
2000,25.89278,81.04389,1
2000,25.92869,86.79098,1
2000,25.96073,93.49747,2
2000,25.96977,84.35972,1
2000,26.00146,93.49924,1
2000,26.09104,94.25897,1
2000,26.17274,-80.13121,1
2000,26.1883,92.95153,1
2000,26.1942,93.8669,1
2000,26.19928,90.12771,1
2000,26.2184,50.1959,1
2000,26.25728,93.0127,1
2000,26.27527,92.95338,3
2000,26.3303,91.00437,1
2000,26.35339,91.10444,1
2000,26.36232,91.38304,1
2000,26.44295,91.44152,1
2000,26.44411,91.44136,1
2000,26.47947,90.55687,2
2000,26.52434,88.71971,1
2000,26.636,90.33705,1
2000,26.71996,84.46321,1
2000,26.92165,94.75659,1
2000,26.92695,94.74266,1
2000,27.04869,85.31362,1
2000,27.09137,95.02396,1
2000,27.48919,95.35532,1
2000,27.49193,95.34783,1
2000,27.51681,95.6146,1
2000,27.51945,85.9384,1
2000,27.5978,86.54764,1
2000,27.68022,85.79005,1
2000,27.68405,85.79014,1
2000,27.70875,85.3295,7
2000,28.09157,84.53795,1
2000,28.16527,83.93208,1
2000,28.3,82.63333,1
2000,28.32615,82.70359,1
2000,28.3617,82.48884,1
2000,28.58584,77.15334,6
2000,28.73965,82.20399,1
2000,28.86515,82.17136,1
2000,28.93203,82.90004,2
2000,29.48358,60.8627,1
2000,29.59132,52.58361,1
2000,29.65798,91.1011,1
2000,29.78628,79.31487,1
2000,29.91681,80.75004,2
2000,30.20082,66.99435,8
2000,30.21099,74.94548,1
2000,30.29209,71.93124,1
2000,30.29305,73.0657,1
2000,30.29997,71.9321,1
2000,30.59309,114.30536,1
2000,30.61538,76.36228,1
2000,30.80793,73.45047,1
2000,31.25618,34.31765,1
2000,31.27879,34.25644,1
2000,31.32602,75.57618,2
2000,31.34696,34.30143,1
2000,31.35558,34.27436,2
2000,31.35646,34.32735,1
2000,31.40149,34.36005,2
2000,31.40882,73.08302,1
2000,31.44999,74.35564,1
2000,31.50241,34.45974,4
2000,31.50547,74.34288,7
2000,31.52973,35.11823,1
2000,31.53024,35.09416,2
2000,31.63108,65.74223,1
2000,31.70434,35.19436,2
2000,31.77002,35.24078,1
2000,31.7716,35.2034,3
2000,31.78484,35.22461,3
2000,31.8022,74.25732,1
2000,31.8625,35.46188,1
2000,31.86677,75.33979,1
2000,31.95,35.93333,2
2000,31.9551,35.26032,1
2000,31.98615,35.2814,1
2000,32.00018,35.44457,1
2000,32.08297,34.81189,3
2000,32.08509,35.18083,1
2000,32.09792,34.95454,1
2000,32.12564,35.31023,1
2000,32.19608,34.98146,1
2000,32.22256,74.4502,1
2000,32.36533,35.51611,1
2000,32.43479,34.92157,2
2000,32.49354,74.53034,1
2000,32.49368,-116.95295,1
2000,32.52081,47.37717,1
2000,32.58722,74.76,1
2000,32.7266,74.85703,4
2000,32.81331,73.88433,1
2000,32.91406,75.14296,1
2000,32.92522,75.13526,1
2000,33.07904,75.29384,1
2000,33.11565,35.46871,1
2000,33.13417,35.33278,1
2000,33.14575,75.54805,1
2000,33.20851,35.57035,1
2000,33.20906,35.51627,1
2000,33.2175,75.03167,1
2000,33.22389,35.49306,1
2000,33.27581,46.72056,1
2000,33.28158,35.69288,1
2000,33.29151,35.7234,1
2000,33.30357,44.37177,1
2000,33.30561,2.9429,1
2000,33.31329,75.76337,1
2000,33.32417,35.53194,1
2000,33.33506,-111.87632,1
2000,33.35333,35.51278,1
2000,33.37172,74.31531,1
2000,33.39333,74.3775,1
2000,33.39639,35.70778,1
2000,33.43407,35.53375,1
2000,33.44826,-112.07577,6
2000,33.53859,74.36929,2
2000,33.55043,35.37096,1
2000,33.56123,75.20588,2
2000,33.5927,75.16584,1
2000,33.59401,73.06908,2
2000,33.63987,74.26342,2
2000,33.67164,73.05607,1
2000,33.72129,74.83106,1
2000,33.73112,75.1487,1
2000,33.73222,75.15791,2
2000,33.74109,75.12973,1
2000,33.767,74.0924,1
2000,33.77817,76.57617,6
2000,33.78899,75.05077,1
2000,33.7895,75.10339,2
2000,33.8516,35.51187,1
2000,33.88852,35.50351,1
2000,33.96389,75.15,1
2000,34.0,78.0,1
2000,34.006,71.53743,1
2000,34.01019,74.4848,1
2000,34.01608,75.31498,1
2000,34.02124,74.72228,2
2000,34.02593,74.79746,1
2000,34.04727,74.38585,1
2000,34.08374,74.7899,24
2000,34.08425,74.50412,1
2000,34.0928,74.58959,1
2000,34.10428,74.61974,1
2000,34.11388,2.09726,1
2000,34.12022,71.10124,1
2000,34.1351,74.49506,1
2000,34.15259,77.57705,1
2000,34.16154,74.55309,1
2000,34.22581,74.64102,1
2000,34.24437,74.44961,1
2000,34.26739,47.11118,1
2000,34.28889,74.46371,4
2000,34.35946,73.46888,1
2000,34.41712,70.44959,1
2000,34.41954,74.63827,1
2000,34.5169,69.14701,9
2000,34.52618,74.25461,1
2000,34.5426,74.46282,1
2000,34.63333,45.3,1
2000,34.64279,63.11235,1
2000,34.75218,8.05886,1
2000,34.78639,-0.34194,1
2000,34.89638,3.48543,1
2000,35.03973,33.98172,1
2000,35.15285,-1.09161,1
2000,35.16678,33.36763,1
2000,35.25881,6.34706,1
2000,35.33561,1.22836,2
2000,35.37849,1.32569,1
2000,35.3919,0.13819,1
2000,35.40017,0.13985,1
2000,35.40714,8.12086,2
2000,35.55,6.16667,1
2000,35.55218,1.71127,1
2000,35.60176,6.08408,1
2000,35.68912,139.74774,11
2000,35.69491,1.92113,1
2000,35.72453,51.40519,8
2000,35.72944,-0.46583,2
2000,35.73333,0.55,1
2000,35.73416,0.75263,1
2000,35.73845,139.32693,1
2000,35.85528,1.33222,1
2000,35.92166,2.07796,1
2000,35.94798,2.11469,2
2000,35.96157,0.71962,1
2000,35.98962,2.14352,1
2000,36.05349,2.93757,1
2000,36.06102,2.92483,1
2000,36.11323,2.30352,1
2000,36.13333,2.91667,1
2000,36.14691,1.50603,1
2000,36.16165,0.96906,1
2000,36.19259,44.00462,3
2000,36.19857,2.11053,1
2000,36.19972,2.84861,1
2000,36.25417,2.84722,1
2000,36.25452,2.85262,1
2000,36.26389,2.16083,1
2000,36.26458,3.03083,1
2000,36.26526,2.75391,2
2000,36.26667,2.21667,5
2000,36.26667,2.75,1
2000,36.26682,2.2168,1
2000,36.27082,2.00281,1
2000,36.27723,1.51724,1
2000,36.29639,3.66993,1
2000,36.31177,4.07338,1
2000,36.31876,3.00466,1
2000,36.32396,59.55696,1
2000,36.33889,2.715,1
2000,36.35,2.26667,1
2000,36.37489,3.902,1
2000,36.37885,2.39721,2
2000,36.40158,0.91659,1
2000,36.40713,2.43862,1
2000,36.41774,1.19503,1
2000,36.42673,2.87644,1
2000,36.43462,28.21722,1
2000,36.46178,2.74469,1
2000,36.46901,3.01141,1
2000,36.47589,2.56663,1
2000,36.48045,2.83388,1
2000,36.48113,2.83784,1
2000,36.49256,3.57494,1
2000,36.49883,3.10451,1
2000,36.50821,1.31325,1
2000,36.50825,1.31253,1
2000,36.5175,2.55306,1
2000,36.52888,6.31647,1
2000,36.53254,3.68442,1
2000,36.53558,3.83418,1
2000,36.5386,3.10266,1
2000,36.54178,3.081,3
2000,36.54694,4.33384,1
2000,36.56222,3.59444,1
2000,36.56522,3.15393,2
2000,36.57333,2.67528,1
2000,36.58715,2.44311,3
2000,36.60834,4.73585,1
2000,36.61107,2.40602,2
2000,36.61288,2.7504,1
2000,36.61788,2.39124,1
2000,36.62689,3.4795,1
2000,36.63507,3.59013,1
2000,36.63772,3.69358,1
2000,36.64122,2.71663,1
2000,36.64262,2.69659,1
2000,36.64727,2.69799,1
2000,36.65389,3.98139,1
2000,36.66774,3.59115,1
2000,36.6698,69.47845,1
2000,36.67723,6.83464,1
2000,36.69243,3.58836,1
2000,36.71143,4.19691,1
2000,36.71444,3.34194,1
2000,36.71637,4.04983,2
2000,36.71965,-4.42002,3
2000,36.72353,6.03629,1
2000,36.72546,3.10222,1
2000,36.72749,3.41016,1
2000,36.72915,5.86648,1
2000,36.74239,3.72282,1
2000,36.74563,3.83024,1
2000,36.74769,5.06372,1
2000,36.75237,4.58327,1
2000,36.77246,5.61009,1
2000,36.79201,6.79707,1
2000,36.8035,3.56382,1
2000,36.80561,5.75806,1
2000,36.8145,3.86196,1
2000,36.81694,3.85722,2
2000,36.85583,3.85667,1
2000,36.86252,3.88151,1
2000,36.86861,43.78444,2
2000,36.87617,6.90921,1
2000,36.87831,4.00762,1
2000,36.88523,3.73797,1
2000,36.90362,7.74724,1
2000,36.91955,3.8914,1
2000,36.95378,36.20513,1
2000,36.99142,35.33083,1
2000,37.06763,37.37315,1
2000,37.0925,43.48722,1
2000,37.17649,-3.59793,1
2000,37.38264,-5.9963,4
2000,37.48418,-122.2271,1
2000,37.54815,-121.98857,1
2000,37.76255,30.55489,1
2000,37.81341,23.7824,1
2000,37.8379,68.77117,1
2000,37.84536,23.76044,1
2000,37.92222,40.18438,3
2000,37.99749,23.76273,23
2000,38.23247,-122.64445,2
2000,38.55218,68.76744,4
2000,38.9849,-94.67168,1
2000,39.01737,-85.76076,1
2000,39.10318,-84.51198,2
2000,39.16659,-86.53424,2
2000,39.17609,-94.57413,1
2000,39.47024,-0.3768,1
2000,39.63478,70.26987,2
2000,39.75982,70.90712,1
2000,39.8298,46.75985,1
2000,39.90556,116.39583,1
2000,39.93077,32.76754,2
2000,40.10396,-105.17243,1
2000,40.17857,44.53576,2
2000,40.39449,36.09487,1
2000,40.43834,-79.99746,5
2000,40.4416,-79.87216,4
2000,40.4656,-3.69626,11
2000,40.62066,22.952,2
2000,40.68328,-80.28499,1
2000,40.72389,19.55611,1
2000,40.82487,111.7579,1
2000,40.88346,-72.94074,1
2000,40.947,-73.02132,1
2000,40.96004,-72.99551,1
2000,41.00527,28.97696,1
2000,41.10618,28.68986,22
2000,41.22237,-111.97046,1
2000,41.36978,9.21323,1
2000,41.38717,9.15927,1
2000,41.40064,2.15091,10
2000,41.4306,2.21824,1
2000,41.4819,19.72165,1
2000,41.56095,2.01044,1
2000,41.57657,20.99798,1
2000,41.59137,9.27831,1
2000,41.62182,8.97472,1
2000,41.70998,44.793,2
2000,41.85508,-1.92044,1
2000,41.89096,12.49007,2
2000,41.93061,8.74291,3
2000,42.02639,21.56167,1
2000,42.05917,20.65116,1
2000,42.06142,20.65318,1
2000,42.11383,8.70155,1
2000,42.13581,21.7179,1
2000,42.14319,47.09498,1
2000,42.17414,20.89553,1
2000,42.21246,20.72417,1
2000,42.23136,-8.71245,2
2000,42.2675,2.96084,1
2000,42.28806,18.8425,1
2000,42.30941,9.14902,2
2000,42.32156,21.36201,1
2000,42.36859,21.37507,1
2000,42.37466,21.55308,1
2000,42.38306,20.58472,1
2000,42.38517,20.43217,1
2000,42.40587,21.49615,1
2000,42.42192,21.42016,3
2000,42.42938,21.45422,1
2000,42.43843,21.0371,1
2000,42.44258,19.26865,1
2000,42.46043,21.46932,6
2000,42.51784,21.09865,1
2000,42.52387,21.22787,1
2000,42.58364,22.14302,1
2000,42.59998,21.19806,1
2000,42.61201,20.36496,1
2000,42.61971,21.1444,1
2000,42.62933,21.10132,2
2000,42.63024,47.05471,1
2000,42.63651,8.93705,1
2000,42.64056,20.36972,2
2000,42.64587,41.64519,1
2000,42.64666,41.91402,1
2000,42.64728,23.26614,1
2000,42.65981,20.30712,2
2000,42.67242,21.16454,4
2000,42.67248,21.16375,3
2000,42.67268,21.05359,1
2000,42.6782,21.17256,3
2000,42.68,21.04444,1
2000,42.68905,21.06392,1
2000,42.68989,21.07787,2
2000,42.69539,-1.67607,1
2000,42.69649,23.32601,1
2000,42.7,9.44732,1
2000,42.72732,20.72462,1
2000,42.74777,20.79271,2
2000,42.77159,-0.33223,1
2000,42.78142,20.48877,1
2000,42.8047,20.73907,1
2000,42.8147,20.6705,1
2000,42.81537,-1.65362,1
2000,42.82306,20.9675,1
2000,42.84964,-2.69236,5
2000,42.85244,-2.38946,3
2000,42.87002,74.58788,1
2000,42.88089,20.86721,3
2000,42.90555,21.1681,1
2000,42.91262,20.69082,1
2000,42.93286,46.25657,3
2000,42.9537,46.113,3
2000,42.96241,45.24766,3
2000,42.96691,47.45764,1
2000,42.97378,41.44218,1
2000,42.98542,47.45067,3
2000,43.00618,46.44212,3
2000,43.00732,40.98915,1
2000,43.03289,-2.41135,1
2000,43.0331,41.48117,1
2000,43.03625,-2.50454,2
2000,43.03908,45.48756,3
2000,43.04746,44.66581,1
2000,43.05383,17.6403,1
2000,43.05436,-2.33364,1
2000,43.06439,-87.9662,1
2000,43.06647,-2.48915,1
2000,43.0832,44.9823,1
2000,43.0872,45.7439,1
2000,43.10576,45.98914,1
2000,43.1078,45.7384,1
2000,43.12425,46.15857,2
2000,43.12754,45.53997,9
2000,43.13039,-2.54216,1
2000,43.13453,-1.14262,1
2000,43.13698,-2.07391,1
2000,43.14046,46.52546,1
2000,43.14119,46.08111,3
2000,43.15,45.9,2
2000,43.16907,-2.63266,4
2000,43.17972,45.40806,1
2000,43.18418,-2.47329,1
2000,43.20725,-71.5366,1
2000,43.22048,-2.02112,3
2000,43.2205,-2.73324,1
2000,43.22218,-2.88567,1
2000,43.2267,44.77057,1
2000,43.23038,45.56043,2
2000,43.23056,-2.84583,1
2000,43.24855,46.59784,1
2000,43.2547,76.91262,1
2000,43.2572,46.243,1
2000,43.25802,45.54073,1
2000,43.25843,-2.92182,7
2000,43.26745,-2.02017,1
2000,43.26755,-1.97581,2
2000,43.2752,-2.91831,1
2000,43.28346,45.84305,1
2000,43.29162,-1.9779,11
2000,43.29556,-2.35389,1
2000,43.29648,5.36978,2
2000,43.29722,-2.99167,2
2000,43.29726,-2.25685,1
2000,43.3,45.86667,4
2000,43.31131,-1.9009,4
2000,43.31493,46.22838,5
2000,43.31707,-2.67898,3
2000,43.32023,45.65449,31
2000,43.32066,-3.02025,1
2000,43.3207,-2.42048,2
2000,43.32084,-3.07258,2
2000,43.3282,-3.03151,1
2000,43.33067,5.15158,1
2000,43.33823,-1.78927,3
2000,43.34417,-3.00639,5
2000,43.35,46.1,7
2000,43.3594,-1.76615,1
2000,43.36111,-1.39938,1
2000,43.36175,45.411,5
2000,43.42701,46.08799,4
2000,43.44028,13.60744,1
2000,43.4994,45.8832,1
2000,43.5098,46.3339,1
2000,43.55714,-90.88871,1
2000,43.56925,7.10836,1
2000,43.62945,46.20244,2
2000,43.6753,45.1277,1
2000,43.67877,19.02809,1
2000,43.72701,45.71264,2
2000,43.73923,44.91455,1
2000,43.7419,46.4747,1
2000,43.87353,21.31479,1
2000,43.88451,41.73039,1
2000,44.04556,-123.08022,1
2000,44.04992,-123.08854,2
2000,44.05015,43.05102,3
2000,44.22667,17.67056,1
2000,44.27437,19.8911,1
2000,44.2935,19.95716,1
2000,44.39694,18.96639,1
2000,44.4057,-85.71445,1
2000,44.54589,15.37541,1
2000,44.63333,41.93333,1
2000,44.75694,19.21611,1
2000,44.78389,44.16583,3
2000,44.79554,20.28486,1
2000,44.81861,20.46806,5
2000,44.86668,17.66681,2
2000,45.25167,19.83694,1
2000,45.28798,18.80251,1
2000,45.46921,9.17451,3
2000,45.69099,13.13875,1
2000,46.05528,14.51444,1
2000,46.80012,9.83089,1
2000,46.80314,-71.2413,1
2000,46.94792,7.44461,2
2000,47.02686,28.84155,1
2000,47.03922,-122.89143,1
2000,47.21667,39.7,1
2000,47.28545,-2.39324,1
2000,47.3197,47.379,1
2000,47.36865,8.53918,1
2000,48.05732,-1.14831,1
2000,48.15,17.11667,1
2000,48.46591,-2.08579,1
2000,48.46667,135.1,1
2000,48.5538,-1.51,1
2000,48.58154,39.35554,1
2000,48.7,44.51667,2
2000,48.85664,2.34233,4
2000,49.25,-123.13333,1
2000,49.45203,11.07675,1
2000,49.48073,8.44128,1
2000,49.84623,2.26833,1
2000,49.88795,-119.49601,1
2000,50.97373,11.02244,1
2000,51.02832,0.05648,1
2000,51.21392,6.78069,2
2000,51.22551,-0.13143,1
2000,51.50439,-0.14004,5
2000,51.78371,-1.48552,1
2000,51.88482,-1.96349,1
2000,52.06986,4.29111,1
2000,52.1448,14.66958,1
2000,52.95512,-1.14917,1
2000,53.18333,158.38333,1
2000,53.54356,-113.49045,2
2000,53.55381,9.99159,1
2000,54.10834,-5.90055,1
2000,54.12247,-6.38886,1
2000,54.18305,-6.34139,1
2000,54.23863,-7.17091,1
2000,54.2557,-5.9488,2
2000,54.31399,13.0858,1
2000,54.34754,-6.65611,2
2000,54.42071,-6.44377,2
2000,54.433,-6.45725,1
2000,54.46423,-6.07778,1
2000,54.47174,-7.63564,1
2000,54.47732,-7.69961,1
2000,54.50853,-6.76313,1
2000,54.5509,-6.02356,1
2000,54.55342,-6.00331,1
2000,54.57739,-6.67734,1
2000,54.60771,-5.95621,16
2000,54.65548,-5.67482,2
2000,54.66339,-5.91748,1
2000,54.68482,-5.96587,2
2000,54.71338,-6.21676,1
2000,54.71667,20.51667,1
2000,54.7554,-6.60603,1
2000,54.78333,32.05,2
2000,54.81667,-5.76667,1
2000,54.86312,-6.27834,2
2000,55.01156,-7.31204,4
2000,55.04362,-7.02393,1
2000,55.14746,-6.89217,1
2000,55.75138,37.57991,5
2000,56.9462,24.10429,3
2000,59.33279,18.06449,1
2001,-37.81319,144.96298,1
2001,-34.61768,-58.44444,2
2001,-33.36624,-70.5053,2
2001,-27.47093,153.0235,1
2001,-22.90828,-43.19703,1
2001,-22.65669,-43.03984,1
2001,-18.27105,18.4276,1
2001,-18.19738,18.79392,1
2001,-17.96475,20.16674,1
2001,-17.91081,19.9883,1
2001,-17.90834,20.13758,2
2001,-17.82517,31.03351,1
2001,-17.62417,177.45278,1
2001,-17.30625,15.8455,1
2001,-17.29438,31.64146,1
2001,-16.46573,-54.63875,1
2001,-14.91922,13.48991,2
2001,-13.52999,16.02207,1
2001,-13.15271,-74.21863,1
2001,-13.01663,13.9991,1
2001,-13.01662,14.63338,1
2001,-12.99634,15.34937,1
2001,-12.94998,13.098,1
2001,-12.50584,13.49693,1
2001,-12.38577,16.93564,2
2001,-12.3832,16.93384,1
2001,-12.38251,16.93326,1
2001,-12.36576,13.53276,1
2001,-12.14393,17.28058,1
2001,-12.14282,17.28014,1
2001,-11.96737,-76.97846,1
2001,-11.79259,19.9066,1
2001,-11.42846,-74.48834,1
2001,-11.20064,13.84163,1
2001,-9.69356,20.42677,1
2001,-9.55076,16.33908,1
2001,-9.54741,16.33953,1
2001,-9.5464,16.33805,2
2001,-9.51093,16.03637,1
2001,-9.4202,15.74115,1
2001,-9.3,14.91667,1
2001,-9.29885,14.91651,1
2001,-9.14994,13.83543,1
2001,-9.03547,13.2667,1
2001,-8.76221,15.40774,1
2001,-8.57932,13.66415,1
2001,-8.49604,140.39455,1
2001,-7.61649,15.04962,3
2001,-7.37973,20.83142,1
2001,-7.28917,112.7344,1
2001,-6.81355,39.23942,1
2001,-6.20917,106.82667,1
2001,-6.20882,106.84605,8
2001,-6.17831,106.63189,1
2001,-5.56692,12.18546,2
2001,-5.56032,12.1904,1
2001,-5.42857,105.27361,1
2001,-5.40318,105.20198,1
2001,-5.24592,39.76672,1
2001,-5.13333,119.41667,1
2001,-4.88323,29.63338,1
2001,-4.34371,29.5988,1
2001,-4.3421,29.59975,1
2001,-4.3299,29.04469,1
2001,-4.32571,29.69627,1
2001,-4.28944,29.80333,1
2001,-4.26704,29.78041,1
2001,-4.00917,29.74056,2
2001,-3.96706,29.43617,1
2001,-3.94575,29.61746,1
2001,-3.94342,29.62056,1
2001,-3.93935,29.62445,1
2001,-3.92335,29.99038,1
2001,-3.7596,29.71652,1
2001,-3.66275,128.16787,1
2001,-3.64843,128.16576,4
2001,-3.63389,29.70987,1
2001,-3.60911,29.41296,1
2001,-3.59944,29.71,1
2001,-3.56611,128.32111,1
2001,-3.56023,126.54672,1
2001,-3.50627,29.34283,1
2001,-3.5062,29.46039,1
2001,-3.45122,30.44001,1
2001,-3.41724,29.40984,1
2001,-3.40945,29.39034,1
2001,-3.38312,29.36445,1
2001,-3.37583,29.36411,6
2001,-3.34257,29.3927,1
2001,-3.34202,29.48431,1
2001,-3.33719,29.34036,1
2001,-3.26272,29.62234,1
2001,-3.19913,30.77091,1
2001,-3.13674,29.36502,1
2001,-3.08016,29.39791,1
2001,-2.90008,-79.0059,1
2001,-2.88982,29.12151,1
2001,-2.795,129.4934,2
2001,-2.70812,28.6469,1
2001,-2.53333,112.95,1
2001,-2.5123,28.84803,1
2001,-2.17083,-79.92236,1
2001,-2.11667,133.53333,1
2001,-2.08045,29.75998,1
2001,-1.86873,138.74361,1
2001,-1.67916,29.26113,1
2001,-1.58492,120.65457,1
2001,-1.57139,120.62861,1
2001,-1.49,120.63333,1
2001,-1.46778,120.61583,1
2001,-1.45695,120.63447,1
2001,-1.42419,120.66989,1
2001,-1.28518,36.82111,3
2001,-1.20642,36.91379,1
2001,-1.05608,-80.45528,1
2001,-1.04912,29.03153,1
2001,-0.86145,134.06204,1
2001,-0.79177,29.04599,1
2001,-0.41889,36.95054,1
2001,-0.35785,42.54665,1
2001,-0.21119,-78.52263,2
2001,0.01009,30.07519,1
2001,0.06686,30.06528,1
2001,0.08006,32.12209,1
2001,0.35085,32.58022,6
2001,0.45998,34.11259,1
2001,0.53453,33.30291,3
2001,0.60772,29.3102,1
2001,0.88457,-77.50339,1
2001,1.07844,34.18101,1
2001,1.20779,-77.2772,1
2001,1.4,-78.56667,1
2001,1.47888,-75.43724,1
2001,1.61456,-75.6053,5
2001,1.6379,-77.74521,1
2001,1.66872,-77.01234,1
2001,1.67155,-78.14099,1
2001,1.6975,-77.29944,1
2001,1.71204,-76.02544,1
2001,1.80741,-78.76375,1
2001,1.85199,-76.04698,2
2001,1.90967,-75.15906,1
2001,2.05982,45.32612,3
2001,2.14611,31.81111,1
2001,2.25808,32.88741,1
2001,2.52417,-75.31615,1
2001,2.52822,34.658,1
2001,2.53593,-75.52767,1
2001,2.61091,-76.37917,1
2001,2.62241,-76.56961,1
2001,2.64934,-75.6368,1
2001,2.77168,32.28842,1
2001,2.7724,32.28807,1
2001,2.92556,-75.29078,1
2001,2.93685,-75.58664,1
2001,2.99704,32.14343,1
2001,3.12069,31.71942,1
2001,3.17388,-76.25945,1
2001,3.25685,32.12209,1
2001,3.26593,97.17706,1
2001,3.28848,32.87895,1
2001,3.37246,-73.87377,1
2001,3.37838,31.78223,2
2001,3.38297,-76.58642,1
2001,3.42666,97.08096,1
2001,3.42934,-76.51604,2
2001,3.52102,39.05538,1
2001,3.52721,-74.02371,2
2001,3.69748,-73.69899,1
2001,3.80089,-76.64127,1
2001,3.88182,-77.07042,2
2001,3.89972,-76.30203,1
2001,3.98977,-73.76696,1
2001,4.01086,44.51323,1
2001,4.09252,-75.15454,1
2001,4.33076,-73.86296,1
2001,4.42852,7.17623,1
2001,4.47257,97.9731,2
2001,4.47444,97.98389,1
2001,4.52714,97.60757,9
2001,4.5981,-74.07603,2
2001,4.6087,-72.92885,1
2001,4.66713,-74.10606,5
2001,4.67498,96.7218,1
2001,4.69149,97.9129,1
2001,4.69688,96.7218,1
2001,4.69688,96.77673,1
2001,4.70783,96.73279,5
2001,4.71365,-75.09733,1
2001,4.71854,-74.92843,1
2001,4.78754,6.08344,1
2001,4.81416,96.625,1
2001,4.81428,-75.69456,1
2001,4.84347,97.79058,1
2001,4.95186,97.76921,1
2001,4.96252,97.75237,1
2001,4.97863,97.22214,1
2001,5.03725,97.59047,1
2001,5.06787,-75.51748,1
2001,5.10736,97.25989,1
2001,5.12377,97.15439,1
2001,5.12379,-74.95201,1
2001,5.16622,96.35715,1
2001,5.17265,97.15007,1
2001,5.1838,97.14158,15
2001,5.19017,97.13743,1
2001,5.31667,-4.03333,1
2001,5.33333,-76.73333,1
2001,5.41255,-74.99229,1
2001,5.4206,-75.70269,1
2001,5.42384,95.90354,1
2001,5.44554,-75.68844,1
2001,5.4495,-74.66791,1
2001,5.45394,-73.36205,1
2001,5.54147,95.34296,18
2001,5.54525,95.32401,4
2001,5.54832,-75.6441,1
2001,5.59931,-75.81935,1
2001,5.65791,-75.83742,1
2001,5.69224,-76.65809,1
2001,5.70905,-75.31102,1
2001,5.75893,-71.5724,1
2001,5.77306,101.0725,1
2001,5.82696,-73.03441,1
2001,5.85733,100.46325,1
2001,5.86562,-75.53427,1
2001,5.87288,-75.56706,1
2001,5.88423,-75.31635,1
2001,5.96478,-75.10166,1
2001,5.97514,121.11453,1
2001,6.05519,121.00132,1
2001,6.08314,-75.33544,1
2001,6.09188,-75.63615,1
2001,6.11622,125.1694,1
2001,6.13091,-72.70866,1
2001,6.15367,-75.37416,4
2001,6.16914,-75.52406,1
2001,6.17215,-75.60957,2
2001,6.17383,-75.33474,1
2001,6.19009,101.79796,3
2001,6.20202,101.25238,2
2001,6.21723,-75.24309,1
2001,6.23384,-75.1617,1
2001,6.24203,-75.56477,13
2001,6.27053,-75.57217,1
2001,6.28281,-75.33184,1
2001,6.33551,7.41103,1
2001,6.34053,-75.56223,1
2001,6.37808,-75.1421,1
2001,6.38139,124.62944,1
2001,6.41871,121.97244,1
2001,6.42546,101.82531,1
2001,6.43711,-75.3313,1
2001,6.46052,-71.72989,1
2001,6.47005,-73.26162,1
2001,6.49766,124.84966,1
2001,6.54731,-71.00223,1
2001,6.59845,-75.01156,1
2001,6.59913,121.90327,1
2001,6.59919,3.50103,1
2001,6.5994,121.90406,1
2001,6.62139,122.14382,1
2001,6.64371,-73.65362,1
2001,6.64556,122.10194,2
2001,6.6605,122.13899,1
2001,6.69402,-73.01879,1
2001,6.7007,101.43392,1
2001,6.70641,121.97078,1
2001,6.7667,124.85035,1
2001,6.80966,-72.84968,1
2001,6.81429,-75.2406,1
2001,6.82181,-58.15922,1
2001,6.86281,124.44365,1
2001,6.87527,81.83063,1
2001,6.89759,79.88148,1
2001,6.9075,-75.07496,1
2001,6.92909,122.07885,4
2001,6.94184,79.86169,3
2001,6.95284,-71.87514,1
2001,6.96316,-75.41732,1
2001,6.98336,-71.81668,1
2001,7.01398,100.47124,1
2001,7.02754,-71.42872,1
2001,7.06005,-73.85312,5
2001,7.06749,-73.16942,1
2001,7.07578,125.58776,1
2001,7.08083,126.20295,1
2001,7.08324,125.601,1
2001,7.08582,-70.75779,1
2001,7.10577,-77.76488,1
2001,7.10847,124.82646,1
2001,7.1312,-73.12497,2
2001,7.18016,79.88425,1
2001,7.19861,-75.34122,4
2001,7.20959,124.24197,1
2001,7.30176,81.67473,1
2001,7.30385,-75.87478,1
2001,7.32315,80.62484,1
2001,7.34824,-73.89707,1
2001,7.38675,3.93591,1
2001,7.41438,81.83063,1
2001,7.48008,-73.92076,1
2001,7.48722,124.29917,2
2001,7.48857,80.36516,2
2001,7.4968,-10.0806,1
2001,7.51052,124.37135,1
2001,7.55868,122.40819,1
2001,7.59174,124.07094,1
2001,7.61934,81.1968,1
2001,7.70018,28.00004,1
2001,7.71667,81.70019,1
2001,7.73311,81.68882,5
2001,7.77541,81.60625,1
2001,7.7833,-73.73329,1
2001,7.79139,126.45333,1
2001,7.80688,122.70114,1
2001,7.8252,123.43738,2
2001,7.84316,81.54824,1
2001,7.86424,-72.7172,1
2001,7.88822,-72.7977,2
2001,7.89014,-75.66967,1
2001,7.8942,-72.50388,5
2001,7.92957,-72.24659,1
2001,7.93952,81.00096,1
2001,7.94628,-72.89881,2
2001,8.00258,124.29297,1
2001,8.03034,79.82872,1
2001,8.17361,-76.05917,2
2001,8.19956,80.63269,1
2001,8.23342,-73.35331,1
2001,8.28339,-76.3834,1
2001,8.30859,-73.61354,1
2001,8.40292,-75.89987,1
2001,8.41759,-73.79632,1
2001,8.42157,-9.75393,1
2001,8.45791,81.2684,3
2001,8.46771,-74.53563,1
2001,8.57451,-73.09339,1
2001,8.57783,81.21872,2
2001,8.5922,81.1968,1
2001,8.60169,-73.60818,1
2001,8.63781,-72.73464,1
2001,8.64108,80.6696,1
2001,8.79996,-74.61666,1
2001,8.80989,-74.61669,1
2001,8.8833,-74.7,1
2001,8.95736,-73.62346,2
2001,8.96404,80.78794,1
2001,8.98012,79.91246,1
2001,8.9985,-72.89724,1
2001,9.0894,29.45717,1
2001,9.13388,99.3267,1
2001,9.19974,-73.5433,2
2001,9.24605,-74.7595,1
2001,9.30535,-75.3978,1
2001,9.3625,-73.60158,2
2001,9.50008,32.79032,1
2001,9.59804,26.00054,1
2001,9.61464,-75.39864,2
2001,9.6664,80.02048,1
2001,9.67541,80.12611,1
2001,9.71809,-75.12097,1
2001,9.82486,80.23635,1
2001,9.91527,118.87719,1
2001,9.9512,-75.07946,1
2001,9.98161,-75.30104,1
2001,9.99955,29.39875,2
2001,10.18556,123.11749,1
2001,10.19542,-73.97274,1
2001,10.38016,-74.88082,1
2001,10.38632,123.22612,1
2001,10.41371,-75.53355,2
2001,10.47352,-84.01674,1
2001,10.47692,-73.25049,3
2001,10.48283,-66.96213,3
2001,10.6,-67.03333,1
2001,10.77259,-73.00454,1
2001,10.78508,-73.49904,1
2001,10.91685,-74.76634,1
2001,10.95667,-72.78887,1
2001,10.98766,-74.95335,1
2001,11.06561,-72.76391,2
2001,11.24204,-74.20538,1
2001,11.24725,-74.20166,1
2001,11.27111,-73.17917,1
2001,11.28824,-74.15165,1
2001,11.30613,-72.34137,1
2001,11.54409,-72.90688,1
2001,11.55883,104.91744,3
2001,11.87112,-15.606,1
2001,11.99141,105.4654,1
2001,12.35275,121.06761,1
2001,12.37945,123.60852,1
2001,12.53333,103.91667,3
2001,12.53358,-15.94412,1
2001,12.56415,-16.26398,2
2001,12.66619,108.03825,4
2001,12.76416,-15.67383,1
2001,12.80509,-16.23456,1
2001,12.82565,44.84642,2
2001,12.95696,-15.83926,1
2001,13.16514,123.63856,1
2001,13.65517,78.94131,1
2001,13.78579,100.56085,3
2001,14.08333,98.2,1
2001,14.54943,121.03359,1
2001,14.58802,79.16917,1
2001,14.59935,120.98477,1
2001,14.60296,121.03381,1
2001,14.62287,-90.52907,2
2001,14.62619,121.12507,1
2001,14.66347,120.94398,1
2001,14.67428,121.0575,2
2001,14.7195,46.86827,1
2001,15.44195,44.24316,1
2001,15.59277,32.55224,1
2001,15.6064,79.89807,1
2001,15.65919,43.94654,1
2001,15.81257,36.13825,1
2001,15.96533,49.00031,1
2001,16.40895,80.61096,1
2001,16.49104,98.79218,1
2001,16.68778,98.50833,1
2001,17.09287,79.38837,1
2001,17.34134,82.01716,1
2001,17.39182,78.53843,1
2001,17.55593,37.08468,1
2001,17.59713,81.71529,1
2001,17.61138,121.72675,1
2001,17.83137,81.40044,2
2001,17.8584,81.43452,1
2001,17.95167,81.69111,1
2001,17.96566,102.62303,1
2001,18.14859,-65.44211,1
2001,18.33994,80.43023,1
2001,18.43856,79.12884,1
2001,18.52772,-72.33284,4
2001,18.53217,83.21728,1
2001,18.53702,-72.33637,1
2001,19.07598,72.87766,1
2001,19.36114,79.29238,1
2001,19.37189,-99.08662,6
2001,19.5456,97.34897,1
2001,21.19172,110.39807,1
2001,21.27069,110.35946,2
2001,22.10003,92.08123,1
2001,22.3419,91.81512,1
2001,22.39159,113.97092,1
2001,22.41659,74.56794,1
2001,22.55691,87.46182,1
2001,22.57874,113.0819,3
2001,22.6594,89.77425,1
2001,22.84564,89.54033,1
2001,22.88883,92.22599,1
2001,23.01386,89.82936,1
2001,23.1793,75.78491,1
2001,23.56133,91.63479,1
2001,23.619,90.49803,1
2001,23.70012,120.20028,1
2001,23.71147,91.45765,1
2001,23.79128,90.4182,6
2001,23.83186,91.28713,1
2001,23.8467,91.90992,1
2001,23.85195,91.907,1
2001,23.90777,85.51359,1
2001,23.94085,91.98815,1
2001,23.99729,91.9906,1
2001,24.25692,121.26233,1
2001,24.41389,-106.72764,1
2001,24.58694,91.265,1
2001,24.58714,86.84525,1
2001,24.64732,46.71458,1
2001,24.7458,84.92321,1
2001,24.79545,84.99943,1
2001,24.79835,93.94043,1
2001,24.89112,67.14331,20
2001,24.89778,91.87139,1
2001,24.90955,93.87582,1
2001,25.03772,102.7222,1
2001,25.1183,51.32334,1
2001,25.30605,83.01014,1
2001,25.34236,93.0216,1
2001,25.611,85.144,1
2001,25.65122,90.60739,1
2001,25.75679,86.02746,1
2001,25.84691,93.42976,2
2001,25.90627,93.72759,1
2001,25.959,91.05484,1
2001,26.02092,89.97445,1
2001,26.08478,85.3924,1
2001,26.08886,93.5771,1
2001,26.09018,89.96445,1
2001,26.11187,85.896,1
2001,26.12089,85.36472,1
2001,26.2184,50.1959,2
2001,26.27527,92.95338,1
2001,26.36831,-80.12893,1
2001,26.39802,90.26942,1
2001,26.40144,90.2667,1
2001,26.51514,90.67968,1
2001,26.51629,90.1566,1
2001,26.54257,90.47485,1
2001,26.57452,91.97564,1
2001,26.59018,85.49427,1
2001,26.61381,91.74044,1
2001,26.67433,91.38852,1
2001,26.80993,88.00985,1
2001,27.35536,86.13447,1
2001,27.50428,86.58681,1
2001,27.52913,84.3542,1
2001,27.57313,85.53425,1
2001,27.66897,85.31982,1
2001,27.70875,85.3295,7
2001,27.84413,84.80999,1
2001,27.86253,85.11397,1
2001,27.95944,84.8959,1
2001,27.98293,83.03614,1
2001,27.98874,82.30177,1
2001,28.04833,84.23722,1
2001,28.05027,84.97612,1
2001,28.3732,84.43827,1
2001,28.48433,80.92918,1
2001,28.51686,81.77826,2
2001,28.51745,81.7739,1
2001,28.58584,77.15334,4
2001,28.59413,82.60997,1
2001,28.63096,81.70252,1
2001,28.67104,77.41533,1
2001,28.73013,80.92616,1
2001,28.90349,78.45384,1
2001,28.91287,68.04694,1
2001,28.92866,81.64922,1
2001,29.0913,48.12216,1
2001,29.14176,81.24837,1
2001,29.28958,48.04963,1
2001,29.39568,71.67692,1
2001,29.56677,67.75922,1
2001,29.67386,68.7155,1
2001,29.68891,80.54959,1
2001,29.72954,80.76778,1
2001,29.88121,80.76578,1
2001,30.04117,72.35468,1
2001,30.10676,78.29884,1
2001,30.17496,71.48773,1
2001,30.20082,66.99435,3
2001,30.29777,-97.80191,1
2001,30.55289,71.76741,1
2001,30.59309,114.30536,1
2001,30.80793,73.45047,2
2001,30.83395,72.07505,1
2001,31.16782,112.58812,1
2001,31.25617,34.31172,1
2001,31.27879,34.25644,2
2001,31.29446,34.29328,1
2001,31.31093,34.40206,1
2001,31.31545,34.22975,3
2001,31.3379,34.27477,1
2001,31.34696,34.30143,1
2001,31.34802,34.49109,1
2001,31.35558,34.27436,5
2001,31.35656,34.32703,1
2001,31.36551,34.33465,1
2001,31.36696,34.31649,1
2001,31.37433,34.39876,1
2001,31.38563,34.37304,1
2001,31.40309,34.36905,3
2001,31.40882,73.08302,1
2001,31.4446,35.09107,1
2001,31.50241,34.45974,8
2001,31.50547,74.34288,3
2001,31.53024,35.09416,12
2001,31.55733,34.97922,1
2001,31.56049,34.56493,1
2001,31.56249,34.53083,1
2001,31.56411,34.4995,1
2001,31.57371,34.48904,1
2001,31.57841,35.10207,1
2001,31.58351,34.50231,1
2001,31.58358,34.5026,2
2001,31.64099,35.14309,1
2001,31.64533,35.24406,1
2001,31.6528,35.22958,1
2001,31.65376,35.14965,1
2001,31.67832,35.14399,2
2001,31.68586,35.12107,1
2001,31.71309,73.98403,1
2001,31.71664,35.18566,1
2001,31.74153,34.98861,1
2001,31.77002,35.24078,3
2001,31.7716,35.2034,16
2001,31.77347,35.29891,1
2001,31.78484,35.22461,15
2001,31.7864,35.43153,1
2001,31.83207,35.29676,1
2001,31.83433,70.90905,1
2001,31.8625,35.46188,1
2001,31.87922,35.30598,1
2001,31.88308,35.20965,1
2001,31.90714,35.19822,4
2001,31.90853,35.32522,1
2001,31.91725,35.21859,2
2001,31.91914,-1.83848,1
2001,31.93248,35.04226,1
2001,31.94144,35.22239,1
2001,31.94169,35.22282,1
2001,31.95,35.93333,2
2001,31.95505,35.26015,1
2001,31.95556,35.26028,1
2001,31.98574,35.28029,1
2001,32.01659,35.0688,1
2001,32.03366,35.264,1
2001,32.06272,35.47431,1
2001,32.08297,34.81189,10
2001,32.08916,34.88382,1
2001,32.1118,35.49025,1
2001,32.15649,74.18766,2
2001,32.16186,35.13722,1
2001,32.17183,35.30944,1
2001,32.17548,35.33646,1
2001,32.17834,34.90798,1
2001,32.18665,34.87279,1
2001,32.1888,34.97163,1
2001,32.18928,34.9715,1
2001,32.18944,34.97056,1
2001,32.1911,35.26467,1
2001,32.19732,35.00891,1
2001,32.20944,35.19139,1
2001,32.22223,-110.92575,1
2001,32.22227,35.25351,8
2001,32.24772,34.93514,1
2001,32.26158,35.13031,1
2001,32.27192,75.06203,1
2001,32.28366,35.1252,1
2001,32.28442,35.12597,1
2001,32.30876,35.19196,1
2001,32.31194,35.02655,3
2001,32.31196,35.02664,2
2001,32.32507,34.85466,5
2001,32.34563,-110.94321,1
2001,32.35183,35.01854,1
2001,32.3574,35.24532,1
2001,32.3717,75.52291,1
2001,32.38555,35.03614,1
2001,32.38638,35.48084,1
2001,32.41122,35.07105,1
2001,32.4236,35.30292,1
2001,32.43479,34.92157,3
2001,32.44248,35.49669,1
2001,32.45172,35.42347,1
2001,32.46062,35.30125,3
2001,32.4736,34.97509,1
2001,32.47377,35.16846,1
2001,32.47443,35.03046,1
2001,32.4842,35.34331,1
2001,32.49354,74.53034,1
2001,32.49609,35.49835,1
2001,32.51947,34.9494,1
2001,32.52021,35.15196,1
2001,32.52081,47.37717,1
2001,32.52611,75.63222,1
2001,32.52941,75.69414,1
2001,32.54367,35.224,1
2001,32.54864,74.84779,1
2001,32.56536,35.56598,1
2001,32.57232,74.07662,1
2001,32.60888,35.28997,2
2001,32.69433,35.4767,1
2001,32.70655,74.88068,1
2001,32.7266,74.85703,4
2001,32.76713,-96.59911,1
2001,32.77684,-96.79776,2
2001,32.79392,34.99062,5
2001,32.81024,75.54878,2
2001,32.81102,35.1199,1
2001,32.82778,74.73333,1
2001,32.83333,35.33333,1
2001,32.83907,35.0805,1
2001,32.88816,74.98517,1
2001,32.89194,74.85083,1
2001,32.89925,-105.96032,1
2001,32.92522,75.13526,2
2001,32.99361,74.68103,1
2001,33.00422,35.09257,2
2001,33.02917,75.08056,1
2001,33.09072,74.23554,1
2001,33.14222,75.54732,1
2001,33.14575,75.54805,5
2001,33.22889,75.19917,1
2001,33.2454,75.08507,1
2001,33.25443,35.54246,1
2001,33.30085,75.17934,1
2001,33.30357,44.37177,2
2001,33.31056,75.67333,1
2001,33.31329,75.76337,1
2001,33.31553,74.62248,2
2001,33.32259,74.50531,1
2001,33.33645,75.19284,1
2001,33.3402,75.19831,1
2001,33.35882,74.51908,1
2001,33.37172,74.31531,1
2001,33.42629,-111.71962,3
2001,33.43701,75.19393,1
2001,33.494,-111.92069,1
2001,33.61216,74.92548,1
2001,33.63987,74.26342,2
2001,33.65379,74.29715,1
2001,33.67164,73.05607,4
2001,33.68344,75.21957,1
2001,33.72129,74.83106,1
2001,33.73222,75.15791,3
2001,33.75896,75.04211,2
2001,33.76042,75.21001,1
2001,33.767,74.0924,3
2001,33.76944,74.09194,1
2001,33.77817,76.57617,22
2001,33.7895,75.10339,1
2001,33.8,2.88333,2
2001,33.80658,2.87802,3
2001,33.81006,35.59729,1
2001,33.85784,75.0498,1
2001,33.86348,74.76793,1
2001,33.88307,74.92088,1
2001,33.88852,35.50351,2
2001,33.92117,75.0146,1
2001,33.93101,75.11421,1
2001,33.96202,74.77338,1
2001,34.00204,74.76245,1
2001,34.00991,74.60332,1
2001,34.01178,74.77467,1
2001,34.01441,74.59144,1
2001,34.01608,75.31498,1
2001,34.0164,74.72187,2
2001,34.01684,74.84468,1
2001,34.02124,74.72228,2
2001,34.02821,75.32185,1
2001,34.03492,36.22784,1
2001,34.04767,74.70832,1
2001,34.05998,74.42453,1
2001,34.07183,74.64705,1
2001,34.07599,74.70522,1
2001,34.08366,74.79737,1
2001,34.08374,74.7899,31
2001,34.0928,74.58959,1
2001,34.10033,75.50676,1
2001,34.14231,62.28126,1
2001,34.14281,74.50751,1
2001,34.15194,74.98717,1
2001,34.19028,74.57056,1
2001,34.20514,74.34949,5
2001,34.2056,74.35387,2
2001,34.20562,74.35399,1
2001,34.2237,74.36549,1
2001,34.24437,74.44961,1
2001,34.26499,108.94427,1
2001,34.26941,74.49948,1
2001,34.28889,74.46371,2
2001,34.30316,75.29311,1
2001,34.31917,74.37306,1
2001,34.33274,74.67744,1
2001,34.34672,62.19732,1
2001,34.35946,73.46888,2
2001,34.3676,74.67444,1
2001,34.37095,74.215,1
2001,34.39928,74.28127,2
2001,34.41712,70.44959,1
2001,34.41954,74.63827,2
2001,34.50904,74.08435,3
2001,34.51481,45.57974,1
2001,34.5169,69.14701,7
2001,34.525,74.39167,1
2001,34.52618,74.25461,2
2001,34.52648,74.40126,1
2001,34.5426,74.46282,1
2001,34.55285,74.3508,1
2001,34.57254,74.32082,1
2001,34.58722,74.24333,1
2001,34.66667,3.25,1
2001,34.73333,66.96667,1
2001,34.74504,1.99494,1
2001,34.79216,72.28428,2
2001,34.85295,1.52086,1
2001,34.90733,67.18945,1
2001,35.00878,8.31768,1
2001,35.00972,8.30111,1
2001,35.12611,0.44583,1
2001,35.2004,33.37386,1
2001,35.26969,0.35607,1
2001,35.36109,140.31927,1
2001,35.37563,5.90552,1
2001,35.37849,1.32569,1
2001,35.39155,0.58884,1
2001,35.3919,0.13819,1
2001,35.4031,1.13467,1
2001,35.40714,8.12086,1
2001,35.42565,-0.31397,1
2001,35.45086,0.41832,1
2001,35.5211,0.31056,1
2001,35.52832,-0.19369,1
2001,35.59901,5.89308,1
2001,35.60986,-0.56448,1
2001,35.63083,5.91167,1
2001,35.68912,139.74774,2
2001,35.69694,-0.63306,1
2001,35.72453,51.40519,2
2001,35.73333,0.55,1
2001,35.87144,128.60145,1
2001,35.87333,2.02552,1
2001,36.00383,1.62169,1
2001,36.04981,1.58959,1
2001,36.05078,2.96317,1
2001,36.06722,120.3825,1
2001,36.07762,2.09666,1
2001,36.13332,2.91665,2
2001,36.13333,2.91667,1
2001,36.14081,2.89594,1
2001,36.16525,1.33452,2
2001,36.16633,1.33355,1
2001,36.16634,1.33337,1
2001,36.16667,1.16222,1
2001,36.16668,1.33877,1
2001,36.25417,2.84722,1
2001,36.26526,2.75391,1
2001,36.26667,1.96667,1
2001,36.26667,2.21667,2
2001,36.26667,2.75,1
2001,36.28376,7.95538,1
2001,36.28782,2.06582,1
2001,36.33377,-119.29291,1
2001,36.35611,1.375,1
2001,36.35972,1.63167,1
2001,36.36333,1.42278,1
2001,36.36863,2.47432,1
2001,36.37489,3.902,1
2001,36.38722,5.41361,1
2001,36.42694,2.87639,1
2001,36.43082,4.07659,1
2001,36.46298,2.81464,1
2001,36.46536,2.63603,1
2001,36.46667,2.68333,1
2001,36.47817,2.56393,1
2001,36.48033,4.29553,1
2001,36.501,3.77396,2
2001,36.50825,1.31253,1
2001,36.51385,2.40976,1
2001,36.53254,3.68442,1
2001,36.54219,2.30415,1
2001,36.54222,3.95306,1
2001,36.56222,3.59444,1
2001,36.56522,3.15393,2
2001,36.57051,4.31063,1
2001,36.58715,2.44311,1
2001,36.58746,3.77907,1
2001,36.60647,8.00304,1
2001,36.60796,7.57507,1
2001,36.61614,2.39338,1
2001,36.62495,2.40557,1
2001,36.63905,2.76504,1
2001,36.66971,-4.50338,1
2001,36.69551,3.21815,1
2001,36.71617,3.15036,1
2001,36.71637,4.04983,1
2001,36.72398,3.67085,1
2001,36.72778,3.55389,1
2001,36.72915,5.86648,1
2001,36.73346,69.53776,1
2001,36.73914,3.90168,1
2001,36.74219,3.06788,1
2001,36.76376,3.05541,3
2001,36.76911,3.25898,1
2001,36.78,4.59167,1
2001,36.8,4.26667,1
2001,36.80526,3.81321,1
2001,36.80685,34.62889,1
2001,36.8219,5.7661,1
2001,36.83599,6.1358,1
2001,36.86081,42.97646,1
2001,36.86737,7.38021,1
2001,36.8806,7.48989,1
2001,36.88333,7.48333,1
2001,36.89124,4.12322,1
2001,36.90278,7.7552,1
2001,36.91655,7.66754,1
2001,36.9748,-121.95346,1
2001,37.11416,79.92221,1
2001,37.31119,13.57696,1
2001,37.34022,69.53695,1
2001,37.83862,27.84554,1
2001,37.92222,40.18438,1
2001,37.94293,23.64684,1
2001,37.99749,23.76273,5
2001,38.11564,13.36141,1
2001,38.39565,27.13564,1
2001,38.55218,68.76744,4
2001,38.55306,69.01972,1
2001,38.69372,70.48572,1
2001,38.87874,-77.10001,1
2001,38.90864,-77.01538,3
2001,38.91967,-4.07801,1
2001,38.96241,-119.9399,1
2001,39.5274,-119.81341,1
2001,39.93077,32.76754,1
2001,40.01846,-78.9072,1
2001,40.13349,72.16086,1
2001,40.17857,44.53576,1
2001,40.2339,20.35238,1
2001,40.38146,-120.38317,1
2001,40.4656,-3.69626,7
2001,40.62066,22.952,7
2001,40.65364,22.9224,1
2001,40.66138,43.97135,1
2001,40.69713,-73.93135,9
2001,40.96004,-72.99551,1
2001,41.07677,1.14404,1
2001,41.10618,28.68986,14
2001,41.29658,21.31357,1
2001,41.38717,9.15927,1
2001,41.40064,2.15091,2
2001,41.43977,-73.12682,1
2001,41.54128,45.0277,1
2001,41.58893,46.68785,1
2001,41.59137,9.27831,1
2001,41.63361,46.64333,3
2001,41.65628,-0.87653,1
2001,41.70998,44.793,1
2001,41.7685,20.92998,1
2001,41.80091,20.91417,1
2001,41.83821,20.88143,1
2001,41.84652,8.76063,1
2001,41.89096,12.49007,1
2001,41.89453,20.82661,1
2001,41.93061,8.74291,2
2001,41.93103,21.01474,1
2001,41.98034,21.06094,1
2001,42.00027,21.43254,9
2001,42.00851,20.9743,18
2001,42.01303,21.03263,1
2001,42.02472,21.07972,3
2001,42.02936,21.79235,1
2001,42.0316,21.05945,1
2001,42.03292,21.09895,1
2001,42.03514,21.03784,4
2001,42.04391,20.89064,2
2001,42.05323,21.02071,2
2001,42.05444,21.83445,1
2001,42.06043,21.03263,2
2001,42.06142,20.65318,1
2001,42.07407,21.12205,1
2001,42.07775,21.05349,1
2001,42.08203,20.9231,1
2001,42.08675,21.03896,1
2001,42.08713,21.62583,1
2001,42.10425,9.51243,1
2001,42.10632,21.45591,1
2001,42.12804,21.104,1
2001,42.13581,21.7179,1
2001,42.14267,21.11587,1
2001,42.14322,21.68583,1
2001,42.15251,21.33257,1
2001,42.16148,21.65564,1
2001,42.1633,21.17607,1
2001,42.20686,21.66458,1
2001,42.20706,21.23319,1
2001,42.22655,14.38902,1
2001,42.24076,20.97551,1
2001,42.26297,3.1748,1
2001,42.29196,-85.58744,1
2001,42.31284,21.65298,1
2001,42.3374,21.60384,1
2001,42.33917,21.56917,1
2001,42.42192,21.42016,2
2001,42.4392,19.266,1
2001,42.44695,21.7041,8
2001,42.46043,21.46932,1
2001,42.46082,21.76445,2
2001,42.46578,-2.45,1
2001,42.46778,21.03639,1
2001,42.47556,20.29167,1
2001,42.47962,21.7406,1
2001,42.49258,9.43918,1
2001,42.52577,21.12063,1
2001,42.55,21.9,1
2001,42.55474,9.42405,2
2001,42.62833,20.89389,1
2001,42.64036,41.67137,1
2001,42.66993,-2.03091,1
2001,42.67242,21.16454,3
2001,42.67979,21.62729,1
2001,42.69233,47.5334,1
2001,42.69539,-1.67607,1
2001,42.69649,23.32601,1
2001,42.7,9.44732,2
2001,42.73801,-123.4171,1
2001,42.79877,47.10872,2
2001,42.81537,-1.65362,1
2001,42.83094,-1.60878,1
2001,42.84964,-2.69236,9
2001,42.87118,-2.61813,1
2001,42.88089,20.86721,1
2001,42.88205,22.06667,1
2001,42.90555,21.1681,2
2001,42.93286,46.25657,4
2001,42.97426,45.90945,1
2001,42.98542,47.45067,1
2001,43.01178,-2.23421,2
2001,43.03908,45.48756,1
2001,43.04708,-2.2046,1
2001,43.04746,44.66581,1
2001,43.07563,-2.22367,1
2001,43.09048,-2.31322,1
2001,43.0957,46.3798,1
2001,43.10576,45.98914,1
2001,43.1078,45.7384,1
2001,43.12425,46.15857,5
2001,43.12754,45.53997,4
2001,43.1347,45.7785,2
2001,43.13698,-2.07391,1
2001,43.14119,46.08111,3
2001,43.15,45.9,4
2001,43.15772,46.36212,1
2001,43.16018,41.34722,1
2001,43.16045,45.46866,2
2001,43.16667,46.0,2
2001,43.17002,-2.5752,1
2001,43.17002,46.48892,1
2001,43.1839,-2.26547,1
2001,43.2003,46.0924,1
2001,43.2039,46.1317,1
2001,43.2146,46.2892,1
2001,43.21971,46.19984,1
2001,43.22048,-2.02112,1
2001,43.2205,-2.73324,1
2001,43.22667,45.73417,1
2001,43.23038,45.56043,1
2001,43.24855,46.59784,1
2001,43.25843,-2.92182,5
2001,43.26598,-2.49719,1
2001,43.26745,-2.02017,1
2001,43.26755,-1.97581,2
2001,43.26763,46.27991,1
2001,43.28036,-2.17159,2
2001,43.2813,46.1025,1
2001,43.28346,45.84305,3
2001,43.29162,-1.9779,14
2001,43.2951,-0.3708,1
2001,43.29851,45.78291,1
2001,43.29944,-1.8591,1
2001,43.3,45.86667,6
2001,43.31131,-1.9009,2
2001,43.31493,46.22838,4
2001,43.32023,45.65449,37
2001,43.3206,45.98841,1
2001,43.32066,-3.02025,2
2001,43.32081,-1.98445,1
2001,43.32412,-1.92986,1
2001,43.3261,-2.9877,1
2001,43.32984,-1.40635,1
2001,43.33823,-1.78927,3
2001,43.34417,-3.00639,3
2001,43.34592,46.66224,1
2001,43.35,46.1,8
2001,43.36175,45.411,5
2001,43.36179,-0.88165,1
2001,43.36667,17.58333,1
2001,43.39594,-1.45459,1
2001,43.42701,46.08799,1
2001,43.4282,45.7833,1
2001,43.5492,45.22932,1
2001,43.5544,46.38542,1
2001,43.62945,46.20244,2
2001,43.76873,11.2569,2
2001,43.81909,20.37309,1
2001,43.99134,15.48973,1
2001,44.03333,42.85,1
2001,44.04327,-123.06151,1
2001,44.14546,17.78983,1
2001,44.21667,42.05,1
2001,44.21667,43.13333,2
2001,44.35198,41.9464,1
2001,44.40706,8.93399,1
2001,44.61667,21.18333,1
2001,44.63333,41.93333,1
2001,44.81861,20.46806,2
2001,45.18433,5.71855,1
2001,45.23826,-93.65305,1
2001,45.28577,-122.33468,1
2001,45.40954,11.87655,1
2001,45.43155,11.96704,1
2001,45.43434,12.33879,1
2001,45.46921,9.17451,1
2001,45.5118,-122.67563,1
2001,45.81281,15.97828,2
2001,45.89922,6.12949,1
2001,46.10365,-123.2043,1
2001,46.35,48.05,1
2001,47.11705,-88.54453,1
2001,47.12186,-88.57002,1
2001,47.17459,8.51385,1
2001,47.25514,-122.44165,1
2001,47.36865,8.53918,1
2001,47.49841,19.04076,1
2001,47.61079,-122.33131,1
2001,48.13512,11.58198,1
2001,48.1943,-122.12641,2
2001,48.85664,2.34233,3
2001,48.9364,2.32449,1
2001,49.21934,12.66769,1
2001,49.45203,11.07675,1
2001,50.76702,15.05614,1
2001,50.93753,6.96028,1
2001,51.25713,-0.00632,1
2001,51.33967,12.37136,1
2001,51.50439,-0.14004,5
2001,52.28333,104.3,1
2001,52.30915,4.76903,1
2001,52.33461,-6.48531,1
2001,52.37207,9.73569,1
2001,52.39581,-6.94596,1
2001,52.43766,19.7004,1
2001,52.48296,-1.89359,1
2001,53.07498,8.80708,1
2001,53.27468,-3.22329,1
2001,53.28333,69.38333,1
2001,53.38113,-1.47008,1
2001,53.55381,9.99159,1
2001,53.57847,-2.42991,1
2001,53.6835,-0.01315,1
2001,53.75005,-3.03239,1
2001,53.9,27.56667,1
2001,53.99212,-1.54181,1
2001,54.11891,-6.40078,1
2001,54.16377,37.56495,1
2001,54.20842,-5.89174,1
2001,54.34754,-6.65611,1
2001,54.35028,-6.65279,1
2001,54.4039,-5.89406,1
2001,54.46337,-6.3286,3
2001,54.48282,-6.75299,1
2001,54.50853,-6.76313,1
2001,54.51569,-6.05572,1
2001,54.56701,-6.12114,1
2001,54.60771,-5.95621,30
2001,54.64586,-6.74515,2
2001,54.66239,-6.21773,1
2001,54.66372,-2.75205,1
2001,54.6718,-5.95718,1
2001,54.71338,-6.21676,2
2001,54.7704,-6.67318,1
2001,54.78333,32.05,1
2001,54.78808,-7.47303,1
2001,54.79384,-6.78494,1
2001,54.81916,-7.46791,1
2001,54.83265,-6.60174,1
2001,54.8551,-5.81125,1
2001,54.86312,-6.27834,3
2001,54.91086,-7.15523,1
2001,54.97825,-1.61778,1
2001,54.98108,-6.68238,1
2001,54.99906,-6.33256,4
2001,55.01156,-7.31204,6
2001,55.05085,-6.95054,2
2001,55.20143,-6.25204,4
2001,55.42627,-2.77978,1
2001,55.75138,37.57991,4
2001,56.5,84.96667,1
2001,59.44269,24.7532,1
2001,59.83542,10.78937,1
2002,-33.94185,18.41964,1
2002,-33.36624,-70.5053,1
2002,-31.05099,30.21894,1
2002,-26.2527,27.87028,5
2002,-25.99805,28.12613,1
2002,-22.90828,-43.19703,1
2002,-22.20597,46.36392,1
2002,-20.121,28.62729,2
2002,-19.39586,31.9018,1
2002,-18.93202,27.76154,1
2002,-18.92232,47.51724,3
2002,-18.71469,32.16467,1
2002,-18.53316,27.54958,1
2002,-17.82517,31.03351,1
2002,-17.30625,15.8455,1
2002,-17.30131,31.31985,1
2002,-15.71664,46.3166,1
2002,-15.22517,22.18355,1
2002,-13.98315,33.78132,1
2002,-13.03495,14.25026,1
2002,-12.76631,15.7326,1
2002,-12.61048,13.19413,1
2002,-12.38131,16.93349,1
2002,-11.96737,-76.97846,2
2002,-9.58434,160.1556,1
2002,-8.72279,115.17229,2
2002,-8.65638,115.22181,1
2002,-6.9087,107.61068,1
2002,-6.20882,106.84605,6
2002,-5.49273,143.7241,1
2002,-5.13333,119.41667,1
2002,-4.55013,136.8891,1
2002,-4.31402,14.10034,1
2002,-4.27401,14.35652,1
2002,-4.22536,15.25106,1
2002,-4.09051,39.64776,1
2002,-4.04118,39.67761,1
2002,-3.68889,128.18639,1
2002,-3.64843,128.16576,5
2002,-3.6163,29.44282,1
2002,-3.59439,26.67007,1
2002,-3.57505,29.51907,1
2002,-3.51639,29.4511,1
2002,-3.51628,29.46524,1
2002,-3.51164,29.47241,1
2002,-3.4723,30.25725,1
2002,-3.42751,29.92425,1
2002,-3.38951,127.98053,1
2002,-3.37583,29.36411,5
2002,-3.26252,29.62477,1
2002,-3.21886,30.54583,1
2002,-3.19354,29.30616,1
2002,-3.08016,29.39791,1
2002,-2.87607,29.20341,1
2002,-2.5123,28.84803,1
2002,-2.17083,-79.92236,2
2002,-2.14306,120.72861,1
2002,-1.65843,29.22046,2
2002,-1.39315,120.75475,6
2002,-1.38461,120.75726,1
2002,-0.89858,119.8506,1
2002,0.35085,32.58022,1
2002,0.51675,25.19994,1
2002,0.78333,127.36667,1
2002,0.87389,-75.61861,1
2002,1.18963,-76.97333,1
2002,1.47888,-75.43724,1
2002,1.4917,124.84284,1
2002,1.56653,30.24982,1
2002,1.58333,30.35,1
2002,1.61456,-75.6053,3
2002,1.6379,-77.74521,1
2002,1.83333,33.51667,2
2002,1.83397,33.51685,1
2002,1.85199,-76.04698,1
2002,1.90967,-75.15906,1
2002,1.95846,-72.65231,1
2002,2.05982,45.32612,2
2002,2.06273,-75.7872,1
2002,2.08433,-75.86719,1
2002,2.11317,-74.76918,1
2002,2.11667,-74.76667,1
2002,2.18265,-73.78572,1
2002,2.19716,-75.98108,1
2002,2.24359,-77.01038,3
2002,2.24975,-76.41709,1
2002,2.25652,32.24128,1
2002,2.26131,-76.74142,1
2002,2.4,33.5,1
2002,2.43371,32.62351,1
2002,2.43572,32.62351,1
2002,2.43729,32.93541,1
2002,2.45051,-77.98001,1
2002,2.49513,128.63725,1
2002,2.55363,128.61093,1
2002,2.55765,32.3568,1
2002,2.58411,-75.45187,2
2002,2.65106,30.83361,1
2002,2.68523,-75.32598,1
2002,2.77168,32.28842,1
2002,2.7724,32.28807,1
2002,2.88197,33.08593,1
2002,2.92556,-75.29078,1
2002,2.94378,32.80357,1
2002,2.96679,32.08374,1
2002,3.00768,34.11248,1
2002,3.00787,34.11248,1
2002,3.03333,31.18333,1
2002,3.12389,-73.75139,1
2002,3.2694,-73.37616,1
2002,3.28848,32.87895,4
2002,3.28955,32.88202,1
2002,3.42934,-76.51604,6
2002,3.43324,-76.61669,1
2002,3.53861,-74.89611,1
2002,3.69748,-73.69899,1
2002,3.82161,-76.52225,1
2002,3.88182,-77.07042,1
2002,3.95835,32.89422,1
2002,4.15127,-73.63872,1
2002,4.17721,-74.53265,1
2002,4.21557,-73.81502,1
2002,4.24319,-75.24112,1
2002,4.26995,-73.48676,1
2002,4.34386,-74.36195,1
2002,4.5295,-75.64021,1
2002,4.57675,97.91161,1
2002,4.66713,-74.10606,20
2002,4.74386,-74.5337,1
2002,4.79961,-74.74089,1
2002,4.81428,-75.69456,1
2002,4.84545,-74.62255,2
2002,4.96369,-73.4904,1
2002,5.03229,119.77292,1
2002,5.0693,33.43835,6
2002,5.0694,-74.59806,2
2002,5.07293,97.17795,1
2002,5.1838,97.14158,1
2002,5.24944,95.94028,1
2002,5.2528,-76.82596,1
2002,5.28223,-73.16934,1
2002,5.32431,-75.7277,1
2002,5.33613,-74.30354,1
2002,5.34176,-74.23786,1
2002,5.35352,95.9063,1
2002,5.4083,-73.29591,1
2002,5.41255,-74.99229,1
2002,5.47468,95.24604,1
2002,5.5212,95.5531,1
2002,5.54147,95.34296,3
2002,5.74759,-75.60678,1
2002,5.75893,-71.5724,2
2002,5.88054,-71.89239,1
2002,5.90016,101.75238,1
2002,5.96332,-75.97872,1
2002,5.9735,120.9698,1
2002,6.0231,101.96387,1
2002,6.05046,121.01224,1
2002,6.05519,121.00132,1
2002,6.05703,-75.18513,1
2002,6.08952,121.10552,1
2002,6.10148,125.28975,1
2002,6.11622,125.1694,4
2002,6.12509,101.91199,1
2002,6.15411,101.91234,1
2002,6.17578,101.50208,1
2002,6.18908,-67.4826,1
2002,6.19009,101.79796,1
2002,6.22592,-77.40383,1
2002,6.24203,-75.56477,6
2002,6.25415,101.7296,1
2002,6.30059,-70.20536,1
2002,6.41871,121.97244,1
2002,6.43711,-75.3313,1
2002,6.46052,-71.72989,1
2002,6.49182,101.3885,1
2002,6.52111,-76.97222,1
2002,6.53016,-10.34418,1
2002,6.55237,-72.49969,1
2002,6.55683,121.88345,1
2002,6.5994,121.90406,1
2002,6.64442,122.27313,1
2002,6.81429,-75.2406,1
2002,6.81647,-11.13626,1
2002,6.82181,-58.15922,1
2002,6.86281,124.44365,2
2002,6.86786,101.25207,1
2002,6.87015,-10.8254,1
2002,6.92909,122.07885,5
2002,6.95284,-71.87514,2
2002,7.0209,125.09147,1
2002,7.0297,124.50066,1
2002,7.07253,-75.44586,1
2002,7.08324,125.601,2
2002,7.08582,-70.75779,3
2002,7.18109,124.21273,1
2002,7.19479,124.53475,1
2002,7.19861,-75.34122,2
2002,7.20959,124.24197,1
2002,7.23874,3.03508,1
2002,7.48008,-73.92076,1
2002,7.48287,81.76503,1
2002,7.6676,-76.6803,1
2002,7.68209,-5.0162,1
2002,7.72228,10.05205,1
2002,7.73311,81.68882,1
2002,7.8105,122.14536,1
2002,7.8252,123.43738,1
2002,7.86904,126.37411,1
2002,7.8942,-72.50388,3
2002,7.90728,-72.96841,1
2002,8.04574,123.94326,1
2002,8.09242,-76.72738,2
2002,8.37081,81.31931,1
2002,8.37931,30.90417,1
2002,8.43557,-73.28742,1
2002,8.48958,124.65148,1
2002,8.50051,4.55172,1
2002,8.94303,125.5348,1
2002,8.97715,38.77323,1
2002,9.10339,9.7488,1
2002,9.17597,-75.19035,1
2002,9.24605,-74.7595,1
2002,9.30535,-75.3978,1
2002,9.33729,-73.65362,1
2002,9.59953,122.47053,1
2002,9.60088,41.85014,1
2002,9.60357,41.8465,1
2002,9.93338,8.88524,1
2002,10.12033,123.27186,1
2002,10.22357,-73.49156,1
2002,10.34056,-68.73694,1
2002,10.41371,-75.53355,1
2002,10.45683,-66.7823,1
2002,10.47692,-73.25049,1
2002,10.48283,-66.96213,3
2002,10.60124,104.23668,1
2002,10.85052,76.27108,1
2002,10.98141,-74.77832,1
2002,10.98998,49.05688,1
2002,11.01689,124.60061,1
2002,11.14876,105.8297,1
2002,11.16116,-72.59164,1
2002,11.24204,-74.20538,3
2002,11.35477,-72.52048,1
2002,11.54409,-72.90688,1
2002,11.92615,76.94373,1
2002,11.97433,8.50026,1
2002,12.24083,-71.96222,1
2002,12.53314,47.92234,1
2002,12.56415,-16.26398,1
2002,12.84636,23.0012,3
2002,12.92834,-16.74116,1
2002,13.02729,124.06365,1
2002,13.11667,104.76667,1
2002,13.14408,-14.10594,1
2002,13.39165,99.38951,1
2002,13.56098,123.37484,2
2002,13.58449,124.21116,1
2002,13.62126,123.20035,1
2002,13.91804,44.14386,1
2002,14.59935,120.98477,1
2002,14.67428,121.0575,1
2002,14.83153,120.7878,1
2002,15.13799,120.37047,1
2002,15.32544,44.2119,5
2002,15.42254,78.69517,1
2002,15.44195,44.24316,1
2002,15.50167,-88.02774,1
2002,16.04414,120.33903,1
2002,16.38855,80.00976,1
2002,16.5251,79.7991,1
2002,16.58393,80.26202,1
2002,16.68778,98.50833,1
2002,16.72354,98.58437,2
2002,17.15322,80.62896,1
2002,17.22057,97.23998,1
2002,17.3548,121.1747,1
2002,17.37681,78.48781,1
2002,17.86888,18.80762,1
2002,18.03333,81.74639,1
2002,18.23807,-72.53405,2
2002,19.07598,72.87766,2
2002,20.4485,99.88419,1
2002,20.77667,84.89856,1
2002,21.1458,79.08816,1
2002,21.36672,15.92385,1
2002,22.55173,88.35234,1
2002,22.71848,89.07048,2
2002,23.0225,72.57136,5
2002,23.16396,89.213,1
2002,23.22936,72.6741,1
2002,23.74419,84.50443,1
2002,23.75552,86.1197,1
2002,23.94085,91.98815,1
2002,23.99757,85.35935,1
2002,24.15334,47.30122,1
2002,24.17979,86.30677,1
2002,24.20424,84.87094,1
2002,24.34641,93.70009,1
2002,24.44029,92.18187,1
2002,24.45539,89.69995,1
2002,24.47984,118.08942,1
2002,24.58026,93.97204,1
2002,24.63038,83.82152,1
2002,24.64732,46.71458,1
2002,24.66372,93.90627,3
2002,24.73869,87.82673,1
2002,24.7492,90.40262,1
2002,24.79835,93.94043,3
2002,24.89112,67.14331,18
2002,25.27357,110.2902,1
2002,25.38929,68.35734,2
2002,25.77459,-80.2142,2
2002,25.87316,90.40314,1
2002,25.92,93.73,1
2002,26.04215,90.45613,1
2002,26.13748,92.88474,1
2002,26.14979,91.76393,1
2002,26.2006,92.93757,1
2002,26.2322,93.97562,1
2002,26.47998,90.55998,1
2002,26.58213,89.00514,1
2002,26.62729,87.18247,1
2002,26.63346,85.79995,1
2002,26.71667,86.48333,1
2002,26.73985,86.24,1
2002,26.80008,86.35006,1
2002,27.06799,88.47127,1
2002,27.15909,85.91374,1
2002,27.20364,87.81567,1
2002,27.41989,86.7198,1
2002,27.43426,86.24976,1
2002,27.52749,86.58798,1
2002,27.54134,84.50647,1
2002,27.63671,85.51675,1
2002,27.64868,84.41722,1
2002,27.6625,84.45091,1
2002,27.66611,85.41889,1
2002,27.66661,86.05041,1
2002,27.66897,85.31982,3
2002,27.68348,84.4333,1
2002,27.68557,86.72784,1
2002,27.70111,85.25007,1
2002,27.70875,85.3295,24
2002,27.72794,85.37958,1
2002,27.93048,82.33,1
2002,27.94735,-82.45875,1
2002,28.21064,84.742,1
2002,28.28002,68.44041,1
2002,28.38156,82.64834,1
2002,28.51686,81.77826,1
2002,28.51813,81.11616,1
2002,28.58584,77.15334,2
2002,28.60129,81.61395,1
2002,29.14176,81.24837,1
2002,29.14966,81.61753,1
2002,29.21267,81.2187,1
2002,29.23127,80.65001,1
2002,29.3477,47.94912,1
2002,29.54828,67.87919,1
2002,29.61701,81.60357,1
2002,29.85538,67.33993,1
2002,30.19784,71.46763,1
2002,30.20082,66.99435,1
2002,30.66138,73.10834,1
2002,30.66667,34.83333,1
2002,30.92211,66.45153,1
2002,31.00274,66.40562,1
2002,31.24848,34.78785,2
2002,31.26653,76.10808,1
2002,31.27879,34.25644,1
2002,31.28855,34.29466,1
2002,31.30819,34.288,1
2002,31.31545,34.22975,1
2002,31.32139,34.25111,1
2002,31.33346,34.2667,1
2002,31.34802,34.49109,1
2002,31.35468,34.30883,1
2002,31.35558,34.27436,3
2002,31.36696,34.31649,1
2002,31.40309,34.36905,1
2002,31.43885,35.02818,1
2002,31.4446,35.09107,1
2002,31.48405,34.53344,1
2002,31.50241,34.45974,6
2002,31.50547,74.34288,3
2002,31.5282,34.59638,1
2002,31.53024,35.09416,7
2002,31.55227,35.01762,1
2002,31.55679,34.5389,1
2002,31.56049,34.56493,2
2002,31.57371,34.48904,2
2002,31.57841,35.10207,1
2002,31.62254,71.11135,1
2002,31.6267,35.10497,1
2002,31.63108,65.74223,4
2002,31.65371,35.14994,3
2002,31.67015,34.57515,1
2002,31.70434,35.19436,1
2002,31.70844,35.13344,1
2002,31.71664,35.18566,1
2002,31.71951,35.09748,1
2002,31.77002,35.24078,1
2002,31.7716,35.2034,17
2002,31.78484,35.22461,5
2002,31.86309,35.17103,1
2002,31.88939,34.8099,1
2002,31.8925,35.0342,1
2002,31.90714,35.19822,3
2002,31.93257,35.04225,1
2002,31.93539,35.34044,1
2002,31.95,35.93333,2
2002,31.95147,34.88782,1
2002,31.9551,35.26035,1
2002,31.97054,34.79172,2
2002,31.98579,35.28014,1
2002,32.00894,35.1644,1
2002,32.03363,35.26389,1
2002,32.07229,35.06412,1
2002,32.08297,34.81189,11
2002,32.08916,34.88382,1
2002,32.10024,35.16667,3
2002,32.16186,35.13722,1
2002,32.16419,35.42362,1
2002,32.16866,35.2362,1
2002,32.17163,35.09744,1
2002,32.17183,35.30944,2
2002,32.17834,34.90798,2
2002,32.18877,34.97168,1
2002,32.19334,35.26484,1
2002,32.19949,35.43778,2
2002,32.20005,35.03402,1
2002,32.22227,35.25351,3
2002,32.23401,35.33392,1
2002,32.26434,75.64211,2
2002,32.26673,35.01048,1
2002,32.28463,35.07453,1
2002,32.31194,35.02655,4
2002,32.32507,34.85466,2
2002,32.32905,34.84983,1
2002,32.33201,74.35162,1
2002,32.33261,34.85153,1
2002,32.3558,35.24532,1
2002,32.3653,35.51602,1
2002,32.41118,35.07114,1
2002,32.42081,35.17383,1
2002,32.42376,35.11895,1
2002,32.43479,34.92157,3
2002,32.44019,35.0477,1
2002,32.45564,75.27277,1
2002,32.46062,35.30125,2
2002,32.4736,34.97509,1
2002,32.49609,35.49835,2
2002,32.52021,35.15196,2
2002,32.52025,35.22034,1
2002,32.54372,35.20141,1
2002,32.58139,35.18246,1
2002,32.60888,35.28997,1
2002,32.65905,74.88141,1
2002,32.7266,74.85703,6
2002,32.7426,69.52195,1
2002,32.79392,34.99062,3
2002,32.8975,74.89306,1
2002,32.92522,75.13526,4
2002,32.98735,70.60252,1
2002,33.00652,70.06825,4
2002,33.03222,75.91003,1
2002,33.07334,35.14758,1
2002,33.08026,74.83662,1
2002,33.08426,73.76066,1
2002,33.09895,35.28859,1
2002,33.14575,75.54805,4
2002,33.19441,35.57211,1
2002,33.20872,35.57262,1
2002,33.2175,75.03167,1
2002,33.2863,74.91503,2
2002,33.29151,35.7234,1
2002,33.30958,74.85949,1
2002,33.32212,35.64236,1
2002,33.33526,69.92847,6
2002,33.33645,75.19284,2
2002,33.37161,74.31519,1
2002,33.37172,74.31531,6
2002,33.37534,74.31447,1
2002,33.43083,74.31889,1
2002,33.43701,75.19393,1
2002,33.44944,74.31861,1
2002,33.47622,74.25521,1
2002,33.48448,74.41299,1
2002,33.54798,75.21015,1
2002,33.55043,35.37096,2
2002,33.59401,73.06908,2
2002,33.59863,69.229,1
2002,33.61216,74.92548,1
2002,33.63618,75.0487,1
2002,33.63987,74.26342,1
2002,33.64466,74.96252,1
2002,33.64542,75.01968,1
2002,33.65,74.28861,1
2002,33.67164,73.05607,2
2002,33.70222,74.21861,3
2002,33.72129,74.83106,1
2002,33.72401,75.01785,1
2002,33.73222,75.15791,6
2002,33.73334,75.14898,2
2002,33.73965,72.80207,1
2002,33.767,74.0924,1
2002,33.76944,74.09194,1
2002,33.77817,76.57617,10
2002,33.7895,75.10339,2
2002,33.8,2.88333,3
2002,33.81914,10.85502,1
2002,33.83501,73.39442,1
2002,33.87234,74.90042,1
2002,33.87403,74.9015,4
2002,33.88852,35.50351,1
2002,33.92117,75.0146,2
2002,33.93101,75.11421,1
2002,33.9877,35.63892,2
2002,34.00841,74.94848,1
2002,34.01532,74.79734,1
2002,34.01608,75.31498,1
2002,34.0164,74.72187,1
2002,34.01935,74.99922,1
2002,34.03341,74.94176,1
2002,34.06148,75.36636,1
2002,34.08366,74.79737,1
2002,34.08374,74.7899,26
2002,34.08425,74.50412,1
2002,34.08615,74.51557,1
2002,34.09787,-118.40738,1
2002,34.16154,74.55309,1
2002,34.18266,74.54728,1
2002,34.18803,74.73115,1
2002,34.20514,74.34949,1
2002,34.26402,74.90106,1
2002,34.41712,70.44959,7
2002,34.41954,74.63827,3
2002,34.43809,35.83084,2
2002,34.5169,69.14701,13
2002,34.52618,74.25461,5
2002,34.64299,-1.56145,1
2002,34.64917,0.01583,1
2002,34.68083,4.09694,1
2002,34.76395,71.04413,1
2002,34.77448,72.36405,1
2002,34.81472,1.68272,2
2002,34.90441,-1.03469,1
2002,34.90733,67.18945,1
2002,34.94417,69.27333,1
2002,35.03833,-1.32278,1
2002,35.18333,45.98333,3
2002,35.20726,-101.83389,1
2002,35.30228,46.03518,1
2002,35.30417,6.28444,1
2002,35.37849,1.32569,4
2002,35.38317,1.05622,1
2002,35.3919,0.13819,1
2002,35.40714,8.12086,1
2002,35.44371,139.63803,1
2002,35.55,6.16667,1
2002,35.56323,6.22896,1
2002,35.56701,45.38549,1
2002,35.60722,140.10627,1
2002,35.66833,8.00722,1
2002,35.69611,4.53931,1
2002,35.7478,1.54669,1
2002,35.74806,2.38139,1
2002,35.74922,1.54778,1
2002,35.75977,-0.07234,1
2002,35.86889,1.11027,2
2002,35.86893,1.11025,1
2002,35.88556,2.75083,1
2002,35.92117,6.69933,1
2002,36.015,3.34278,1
2002,36.06667,1.13333,2
2002,36.06667,1.4,1
2002,36.07791,1.10583,1
2002,36.11815,2.3062,1
2002,36.13332,2.91665,1
2002,36.16421,0.44083,2
2002,36.16525,1.33452,3
2002,36.16667,4.85,1
2002,36.16668,1.33877,1
2002,36.17393,5.44642,1
2002,36.18898,5.41442,1
2002,36.19495,2.5076,2
2002,36.19561,2.51362,1
2002,36.20556,2.0792,1
2002,36.24432,2.93353,1
2002,36.26526,2.75391,1
2002,36.26667,2.75,5
2002,36.28095,2.10496,1
2002,36.30257,2.2777,1
2002,36.34686,6.70296,1
2002,36.36333,1.42278,1
2002,36.37763,3.89624,1
2002,36.38667,4.39861,1
2002,36.41774,1.19503,1
2002,36.4488,2.77596,1
2002,36.46748,2.62285,1
2002,36.47053,1.39015,1
2002,36.48045,2.83388,3
2002,36.49228,1.09574,1
2002,36.49341,1.0942,1
2002,36.50083,3.77389,2
2002,36.50994,-4.88635,1
2002,36.53254,3.68442,3
2002,36.53558,3.83418,1
2002,36.539,-4.62435,1
2002,36.54222,3.95306,1
2002,36.5534,3.10894,1
2002,36.56522,3.15393,2
2002,36.58746,3.77907,1
2002,36.5957,-4.63762,1
2002,36.60712,2.19679,1
2002,36.60874,4.67184,1
2002,36.62503,2.65747,1
2002,36.64262,2.69659,1
2002,36.65348,3.14693,1
2002,36.67,2.94444,2
2002,36.67306,5.48111,1
2002,36.67944,5.95722,1
2002,36.68528,3.41278,1
2002,36.70569,4.04209,1
2002,36.71499,3.05002,1
2002,36.71617,3.15036,1
2002,36.71637,4.04983,2
2002,36.71667,2.85,1
2002,36.73346,69.53776,1
2002,36.73852,3.2792,1
2002,36.74,3.34,1
2002,36.74305,2.84369,1
2002,36.74402,4.01591,1
2002,36.74758,3.05196,1
2002,36.75289,3.15036,1
2002,36.76376,3.05541,7
2002,36.76667,7.01667,1
2002,36.76911,3.25898,1
2002,36.77237,5.61032,1
2002,36.78071,6.20262,1
2002,36.80138,6.1589,1
2002,36.8066,5.9555,1
2002,36.8075,6.1235,1
2002,36.81327,5.75171,1
2002,36.81694,3.85722,1
2002,36.85,7.1,1
2002,36.85889,7.51556,1
2002,36.86559,6.92895,1
2002,36.86667,6.9,1
2002,36.90286,7.75554,1
2002,36.90364,3.84444,1
2002,37.5407,-77.43365,1
2002,37.94293,23.64684,1
2002,37.9502,58.38022,1
2002,37.97747,-0.68323,1
2002,37.99749,23.76273,8
2002,38.26386,-104.61237,1
2002,38.48348,-0.75049,1
2002,38.53472,-105.9989,1
2002,39.16659,-86.53424,2
2002,40.00817,-75.13549,1
2002,40.3009,-3.43819,1
2002,40.31278,-97.81199,1
2002,40.41417,-97.45222,1
2002,40.41724,49.90346,1
2002,40.4656,-3.69626,3
2002,40.62066,22.952,1
2002,40.62726,-4.00859,1
2002,40.69713,-73.93135,1
2002,40.91111,-97.09694,1
2002,41.00224,-98.60674,1
2002,41.10618,28.68986,5
2002,41.40064,2.15091,1
2002,41.43278,-97.35861,1
2002,41.4664,-98.70313,1
2002,41.65628,-0.87653,1
2002,41.65809,-90.58458,1
2002,41.68944,-98.00306,1
2002,41.70998,44.793,1
2002,41.77124,12.235,1
2002,41.80091,20.91417,2
2002,41.80975,-89.96512,1
2002,41.83923,-79.26838,1
2002,41.89096,12.49007,1
2002,41.93061,8.74291,1
2002,41.94122,9.33064,3
2002,42.00027,21.43254,2
2002,42.01119,21.31282,1
2002,42.02639,21.56167,2
2002,42.09502,-89.97818,1
2002,42.10834,-91.28516,1
2002,42.12944,-80.08524,2
2002,42.13581,21.7179,1
2002,42.28083,-83.74304,1
2002,42.31779,-90.22152,1
2002,42.37199,-83.46792,1
2002,42.44389,-91.00944,1
2002,42.47962,21.7406,1
2002,42.51445,-90.75152,1
2002,42.56666,21.75327,1
2002,42.5864,21.57962,1
2002,42.61314,9.41926,2
2002,42.64056,20.36972,1
2002,42.66602,45.73372,2
2002,42.67248,21.16375,1
2002,42.69649,23.32601,1
2002,42.7,9.44732,2
2002,42.7074,21.04753,1
2002,42.7112,41.46161,1
2002,42.81537,-1.65362,1
2002,42.8389,45.6306,1
2002,42.8391,21.58856,1
2002,42.84964,-2.69236,2
2002,42.87002,74.58788,2
2002,42.88089,20.86721,1
2002,42.88333,47.63333,1
2002,42.93286,46.25657,2
2002,42.9537,46.113,3
2002,42.96241,45.24766,2
2002,42.98542,47.45067,2
2002,43.0033,-2.61258,3
2002,43.04746,44.66581,3
2002,43.06326,45.55742,1
2002,43.06647,-2.48915,2
2002,43.07563,-2.22367,1
2002,43.07909,45.04657,1
2002,43.0872,45.7439,1
2002,43.1078,45.7384,2
2002,43.12754,45.53997,2
2002,43.13698,-2.07391,1
2002,43.14119,46.08111,3
2002,43.15,45.9,3
2002,43.16599,-2.06962,1
2002,43.16667,45.61667,1
2002,43.16667,46.0,1
2002,43.16667,131.93333,1
2002,43.18418,-2.47329,1
2002,43.2003,46.0924,1
2002,43.20876,-2.77412,1
2002,43.22408,-2.71894,2
2002,43.2267,44.77057,1
2002,43.23993,46.00698,1
2002,43.2432,45.1807,1
2002,43.25023,46.35266,1
2002,43.251,45.9142,1
2002,43.2572,46.243,1
2002,43.25843,-2.92182,2
2002,43.26652,-1.5039,1
2002,43.27832,-2.1266,1
2002,43.28346,45.84305,1
2002,43.29162,-1.9779,1
2002,43.29648,5.36978,1
2002,43.29722,-2.99167,1
2002,43.3,45.86667,3
2002,43.30964,-3.00694,1
2002,43.31707,-2.67898,4
2002,43.32023,45.65449,30
2002,43.35,46.1,1
2002,43.3594,-1.76615,1
2002,43.36175,45.411,3
2002,43.38805,-1.66306,1
2002,43.46096,-3.80793,2
2002,43.51111,44.6,1
2002,43.5492,45.22932,1
2002,43.60465,1.44421,1
2002,43.62945,46.20244,1
2002,43.76407,45.54354,1
2002,43.84,46.4281,1
2002,43.85,18.38333,1
2002,44.49419,11.34652,1
2002,44.74077,18.09296,1
2002,44.75694,19.21611,1
2002,44.94383,-93.09333,1
2002,45.43202,9.3123,1
2002,45.46921,9.17451,2
2002,46.48458,30.7326,1
2002,47.61079,-122.33131,1
2002,48.2,22.63333,1
2002,48.58315,7.74788,1
2002,48.60519,7.74856,1
2002,48.80905,2.35644,1
2002,48.85664,2.34233,1
2002,50.41243,4.44372,1
2002,50.4501,30.5234,1
2002,50.63137,3.06545,1
2002,50.83643,4.36742,2
2002,50.94102,5.9764,1
2002,51.50439,-0.14004,3
2002,52.23333,5.16667,1
2002,52.50153,13.40185,3
2002,54.25881,-5.60662,1
2002,54.32863,-5.71667,2
2002,54.50426,-6.19128,1
2002,54.60771,-5.95621,10
2002,54.66339,-5.91748,1
2002,54.86312,-6.27834,1
2002,55.01156,-7.31204,1
2002,55.14746,-6.89217,1
2002,55.75138,37.57991,5
2002,55.91667,37.73333,1
2003,-41.28646,174.77624,2
2003,-36.84846,174.76333,1
2003,-34.61768,-58.44444,1
2003,-33.36624,-70.5053,2
2003,-26.33025,31.13707,1
2003,-22.90828,-43.19703,1
2003,-17.83049,30.91295,1
2003,-15.83588,-67.56485,1
2003,-11.84464,-76.38612,1
2003,-8.925,125.37583,1
2003,-8.80954,125.1585,1
2003,-8.76667,160.7,1
2003,-6.20882,106.84605,5
2003,-4.84864,23.79997,1
2003,-4.21351,13.58365,1
2003,-3.76385,137.08633,1
2003,-3.64843,128.16576,1
2003,-3.46829,30.24734,1
2003,-3.37583,29.36411,8
2003,-3.34412,29.39224,2
2003,-3.21374,29.47024,1
2003,-3.0805,29.38381,1
2003,-3.08016,29.39791,1
2003,-3.0,120.2,1
2003,-2.91525,29.62306,1
2003,-2.91434,29.62621,1
2003,-2.90434,29.83337,2
2003,-2.52878,140.71346,1
2003,-2.17368,28.8593,1
2003,-2.17083,-79.92236,2
2003,-1.39315,120.75475,2
2003,-1.28518,36.82111,2
2003,-0.21119,-78.52263,2
2003,0.28037,-76.92685,11
2003,0.43595,-75.52767,2
2003,0.82376,-77.63491,1
2003,1.21059,-77.99333,1
2003,1.22022,34.73408,1
2003,1.51667,34.05,1
2003,1.56653,30.24982,2
2003,1.57036,-75.32731,1
2003,1.61456,-75.6053,1
2003,1.68448,-75.28659,1
2003,1.71318,33.60639,1
2003,1.71702,33.60242,3
2003,1.72651,-75.54453,1
2003,1.93005,-76.21495,1
2003,2.0,33.78333,1
2003,2.07484,33.80342,1
2003,2.11319,-74.76921,1
2003,2.14459,33.22368,1
2003,2.20049,33.59799,1
2003,2.25808,32.88741,2
2003,2.41667,32.78333,1
2003,2.42464,33.28403,1
2003,2.43306,33.25739,1
2003,2.46071,31.49417,1
2003,2.53593,-75.52767,1
2003,2.58411,-75.45187,2
2003,2.64005,32.51172,1
2003,2.68424,32.65562,1
2003,2.74998,32.39001,1
2003,2.76184,33.30933,1
2003,2.77168,32.28842,2
2003,2.7724,32.28807,4
2003,2.77854,33.70706,1
2003,2.79759,44.08037,1
2003,2.86001,-76.52746,1
2003,2.93303,-75.28583,1
2003,2.95797,32.59006,1
2003,3.11389,-76.62611,1
2003,3.27199,-73.08775,1
2003,3.34018,32.09055,1
2003,3.37838,31.78223,1
2003,3.42934,-76.51604,1
2003,3.53861,-74.89611,1
2003,3.58524,98.6756,2
2003,3.69748,-73.69899,1
2003,3.80089,-76.64127,1
2003,3.99639,-76.97444,1
2003,4.2045,-75.79185,1
2003,4.62232,96.84644,1
2003,4.66713,-74.10606,7
2003,4.70783,96.73279,1
2003,4.71444,-75.79583,1
2003,4.74386,-74.5337,1
2003,4.83771,-75.66807,1
2003,4.94139,-75.93889,1
2003,4.99243,-76.01866,1
2003,5.1838,97.14158,2
2003,5.33752,-75.7293,1
2003,5.38056,95.95472,1
2003,5.38433,-75.16115,1
2003,5.48657,7.03632,1
2003,5.51737,5.7525,1
2003,5.52372,5.75317,4
2003,5.54405,120.81564,1
2003,5.61362,-75.45781,1
2003,5.63963,-72.89881,1
2003,6.05703,-75.18513,1
2003,6.06494,-8.13932,1
2003,6.09907,-72.24779,1
2003,6.10148,125.28975,1
2003,6.17215,-75.60957,1
2003,6.21781,125.06592,1
2003,6.24203,-75.56477,5
2003,6.27053,-75.57217,1
2003,6.33333,124.95,1
2003,6.37696,-71.71833,1
2003,6.41954,-10.78924,1
2003,6.46052,-71.72989,3
2003,6.49766,124.84966,6
2003,6.51944,125.04444,1
2003,6.52092,3.37953,1
2003,6.5455,101.2799,1
2003,6.54731,-71.00223,1
2003,6.56529,124.76854,1
2003,6.6378,124.59914,1
2003,6.68724,124.67285,1
2003,6.69734,125.08278,2
2003,6.7,124.78333,1
2003,6.70139,101.6175,1
2003,6.7461,124.86849,1
2003,6.79223,-71.77554,4
2003,6.79289,-58.04456,1
2003,6.79585,124.91083,1
2003,6.82306,124.62222,1
2003,6.84444,101.17861,1
2003,6.85595,79.86297,1
2003,6.86639,101.36917,1
2003,6.91467,124.39339,1
2003,6.91541,-75.67548,1
2003,6.93478,124.42403,1
2003,6.94556,124.40407,1
2003,6.94972,124.86083,1
2003,6.95001,124.88333,2
2003,6.95276,124.44854,1
2003,6.95284,-71.87514,1
2003,6.96316,-75.41732,1
2003,6.96584,125.0841,1
2003,6.984,124.33244,1
2003,7.0209,125.09147,2
2003,7.02734,-71.42856,1
2003,7.0297,124.50066,1
2003,7.03025,124.71512,1
2003,7.05382,124.67318,1
2003,7.05478,124.67604,3
2003,7.08243,125.6244,1
2003,7.08324,125.601,3
2003,7.08582,-70.75779,3
2003,7.10574,124.76891,1
2003,7.10849,124.82646,1
2003,7.10988,124.8243,1
2003,7.11752,124.38453,1
2003,7.13182,124.5489,1
2003,7.15003,125.95,1
2003,7.15389,124.27139,1
2003,7.15909,124.57654,1
2003,7.16302,124.2157,1
2003,7.18109,124.21273,1
2003,7.18977,100.59538,1
2003,7.19265,124.53566,1
2003,7.19861,-75.34122,1
2003,7.19951,124.79698,3
2003,7.20959,124.24197,5
2003,7.21601,126.16688,1
2003,7.21939,81.84976,1
2003,7.29139,122.06463,1
2003,7.30923,125.14841,1
2003,7.33041,126.56601,1
2003,7.33232,124.56505,1
2003,7.37035,124.26973,1
2003,7.3713,122.28899,1
2003,7.37408,124.26668,1
2003,7.43199,124.2552,1
2003,7.43714,125.81218,1
2003,7.44018,125.80443,1
2003,7.46374,122.69105,1
2003,7.46907,124.25976,1
2003,7.51237,122.36258,1
2003,7.51611,124.25639,2
2003,7.61509,123.33845,1
2003,7.68223,125.43889,1
2003,7.70847,122.14027,1
2003,7.73311,81.68882,3
2003,7.74971,123.14472,1
2003,7.76672,-72.23333,1
2003,7.8252,123.43738,2
2003,7.8942,-72.50388,1
2003,7.90564,122.52981,1
2003,8.04196,124.21269,1
2003,8.11591,124.21966,1
2003,8.19223,124.08492,1
2003,8.22802,124.24524,1
2003,8.4035,81.32481,1
2003,8.49614,76.94372,1
2003,8.56845,-74.55436,1
2003,8.58841,123.33978,1
2003,8.67044,-74.03001,1
2003,8.8855,80.27673,1
2003,8.93887,125.24781,1
2003,9.07923,-74.88985,2
2003,9.16374,76.64295,1
2003,9.43359,80.5712,1
2003,9.52358,-75.23069,1
2003,9.6664,80.02048,1
2003,9.71809,-75.12097,1
2003,9.74704,-74.81537,1
2003,9.78176,-75.87239,1
2003,10.14864,-73.96144,1
2003,10.15661,-67.99721,2
2003,10.24705,-67.59634,1
2003,10.41371,-75.53355,3
2003,10.48283,-66.96213,3
2003,10.5214,-74.18671,1
2003,10.60485,-72.97948,1
2003,10.63281,-71.63298,1
2003,10.84139,123.49861,1
2003,10.8887,-72.85153,1
2003,11.24204,-74.20538,1
2003,11.25094,124.00104,1
2003,11.27225,-73.30985,1
2003,11.35477,-72.52048,1
2003,11.44725,124.42868,1
2003,11.55883,104.91744,1
2003,11.87112,-15.606,1
2003,12.1406,125.4397,1
2003,12.24083,-71.96222,1
2003,12.50352,124.6371,1
2003,13.01341,120.76178,1
2003,13.17814,44.6324,1
2003,13.19229,123.59917,1
2003,13.24087,123.53761,1
2003,13.62829,79.41986,1
2003,13.68374,46.08175,1
2003,13.72618,123.11758,1
2003,13.7279,100.52412,1
2003,13.93857,121.61201,1
2003,14.25917,45.39816,1
2003,14.29778,-90.78694,1
2003,14.43722,120.96245,1
2003,14.48597,78.16195,2
2003,14.53095,121.00426,1
2003,14.62287,-90.52907,1
2003,14.63412,38.83234,1
2003,14.7195,46.86827,1
2003,14.8,-89.55,1
2003,15.32544,44.2119,1
2003,15.5024,45.44985,1
2003,15.69675,43.65051,1
2003,15.7118,121.1061,1
2003,15.87889,78.5852,1
2003,16.0274,120.7434,1
2003,16.38737,79.29284,1
2003,16.40967,79.9774,1
2003,16.45002,120.57759,1
2003,16.5938,79.73742,1
2003,16.61414,79.93631,1
2003,16.68617,79.94178,1
2003,16.69093,79.56794,2
2003,16.74472,80.04346,1
2003,16.87913,78.46631,1
2003,16.88778,96.14956,2
2003,16.89319,42.57526,1
2003,17.08915,120.97755,1
2003,17.11711,120.44953,1
2003,17.24705,80.14929,1
2003,17.5712,80.10298,1
2003,17.85324,79.37398,1
2003,17.94268,82.04757,1
2003,17.96566,102.62303,1
2003,18.02428,-94.67817,1
2003,18.22236,78.60588,1
2003,18.3038,83.32855,2
2003,18.3237,78.3343,1
2003,18.48075,96.43663,1
2003,18.51198,80.06512,1
2003,18.83333,-71.85,1
2003,18.93221,102.44938,1
2003,19.07598,72.87766,3
2003,19.08565,72.90822,1
2003,19.10305,72.84669,1
2003,19.45,-72.68333,4
2003,20.4485,99.88419,5
2003,20.95167,85.09852,1
2003,21.27866,81.86614,1
2003,21.29142,99.60685,1
2003,22.56199,87.14527,1
2003,22.63635,110.16511,1
2003,22.84564,89.54033,2
2003,23.0225,72.57136,1
2003,23.23175,91.55961,1
2003,23.61018,85.27994,1
2003,23.61873,84.7655,1
2003,23.67719,84.73939,1
2003,23.83186,91.28678,1
2003,23.86033,91.47973,1
2003,23.94085,91.98815,7
2003,24.25128,94.3013,1
2003,24.59935,94.03903,1
2003,24.60088,88.47823,1
2003,24.64732,46.71458,6
2003,24.66372,93.90627,2
2003,24.78241,85.69292,1
2003,24.79835,93.94043,1
2003,24.81149,84.84206,1
2003,24.81794,94.13701,1
2003,24.89112,67.14331,10
2003,25.01092,80.48549,1
2003,25.0908,85.31118,1
2003,25.11489,94.25,1
2003,25.16209,84.73025,1
2003,25.38929,68.35734,3
2003,25.62636,88.63458,1
2003,25.96682,93.43867,1
2003,25.96884,90.93556,1
2003,25.97501,85.86014,1
2003,26.14979,91.76393,2
2003,26.1851,93.58185,2
2003,26.19928,90.12771,1
2003,26.2143,-80.272,1
2003,26.217,50.58741,1
2003,26.3727,90.98402,1
2003,26.47998,90.55998,1
2003,26.48604,8.75716,1
2003,26.64692,88.15475,1
2003,26.74056,85.27306,1
2003,26.95022,85.14988,1
2003,27.04279,84.90628,1
2003,27.13807,84.46189,1
2003,27.14408,84.22854,1
2003,27.16214,84.86477,1
2003,27.23758,85.15242,1
2003,27.31544,95.28622,1
2003,27.4002,95.6166,1
2003,27.48648,95.4358,1
2003,27.49196,95.34671,1
2003,27.53334,83.66667,1
2003,27.5836,84.49997,1
2003,27.66897,85.31982,1
2003,27.70875,85.3295,4
2003,28.03079,84.77851,1
2003,28.35106,83.83008,1
2003,28.58584,77.15334,1
2003,28.61118,83.50702,1
2003,29.3477,47.94912,2
2003,29.69575,47.43541,1
2003,30.20082,66.99435,5
2003,30.43701,63.33435,1
2003,30.51005,47.7781,1
2003,30.83424,72.07599,1
2003,30.92211,66.45153,1
2003,31.00274,66.40562,4
2003,31.04437,46.26145,1
2003,31.14202,66.47649,1
2003,31.25688,34.31677,1
2003,31.27879,34.25644,2
2003,31.30764,34.29,1
2003,31.34802,34.49109,1
2003,31.35558,34.27436,4
2003,31.37131,34.3353,1
2003,31.4015,34.35996,1
2003,31.40309,34.36905,2
2003,31.42194,34.38528,1
2003,31.49167,65.62972,1
2003,31.49286,34.98332,1
2003,31.49308,34.98335,1
2003,31.50241,34.45974,5
2003,31.5282,34.59638,11
2003,31.52928,35.11554,1
2003,31.52942,35.11566,1
2003,31.53024,35.09416,2
2003,31.53619,34.53957,2
2003,31.54776,65.45408,1
2003,31.56049,34.56493,1
2003,31.56249,34.53083,1
2003,31.57371,34.48904,2
2003,31.58028,65.6775,1
2003,31.60063,64.36965,4
2003,31.63108,65.74223,15
2003,31.63936,64.5744,1
2003,31.64028,65.3975,1
2003,31.64223,65.66896,1
2003,31.64306,65.64083,1
2003,31.70434,35.19436,1
2003,31.76339,35.25773,1
2003,31.7636,65.7425,1
2003,31.7716,35.2034,4
2003,31.78484,35.22461,1
2003,31.80207,35.20312,1
2003,31.84501,35.23507,1
2003,31.8925,35.0342,1
2003,31.90714,35.19822,2
2003,31.95813,34.84366,1
2003,31.95873,5.34638,1
2003,32.0006,44.33082,2
2003,32.0325,65.13583,1
2003,32.07333,64.83389,1
2003,32.07408,66.14153,1
2003,32.07618,-81.08837,2
2003,32.08297,34.81189,3
2003,32.09792,34.95454,2
2003,32.1002,66.90102,2
2003,32.10024,35.16667,1
2003,32.165,63.4253,1
2003,32.1771,35.05603,1
2003,32.17834,34.90798,2
2003,32.19188,67.18945,1
2003,32.20944,70.38354,1
2003,32.22227,35.25351,3
2003,32.24301,35.4561,1
2003,32.27394,34.96546,1
2003,32.31205,35.02646,2
2003,32.32265,65.1184,1
2003,32.33028,34.85297,1
2003,32.38012,-86.30063,1
2003,32.38657,35.48002,1
2003,32.44118,35.48469,1
2003,32.44654,35.17042,1
2003,32.46062,35.30125,2
2003,32.48806,35.10194,1
2003,32.49533,62.26266,1
2003,32.50281,67.41545,1
2003,32.53814,69.25156,2
2003,32.60439,44.00714,4
2003,32.60888,35.28997,1
2003,32.6525,65.48694,1
2003,32.71569,-117.16172,3
2003,32.7266,74.85703,4
2003,32.79392,34.99062,2
2003,32.81614,67.763,1
2003,32.92522,75.13526,2
2003,32.98735,70.60252,1
2003,32.9915,74.93182,1
2003,33.00581,75.21088,1
2003,33.04929,74.49066,1
2003,33.07334,35.14758,1
2003,33.14575,75.54805,3
2003,33.20872,35.57262,1
2003,33.26651,75.00489,1
2003,33.30357,44.37177,42
2003,33.31065,44.03821,1
2003,33.31877,44.41548,1
2003,33.32677,74.33594,1
2003,33.33451,75.71534,1
2003,33.33526,69.92847,4
2003,33.34916,43.7842,6
2003,33.35,69.98333,1
2003,33.35851,69.85974,1
2003,33.36598,69.43823,2
2003,33.37172,74.31531,4
2003,33.38243,43.58763,2
2003,33.38905,74.31402,1
2003,33.42095,43.29566,3
2003,33.43622,69.03175,1
2003,33.43701,75.19393,2
2003,33.53859,74.36929,2
2003,33.54262,68.41533,1
2003,33.58466,75.30478,2
2003,33.58847,75.21758,1
2003,33.59,-7.61,5
2003,33.5927,75.16584,2
2003,33.59401,73.06908,2
2003,33.59863,69.229,3
2003,33.62286,75.37182,1
2003,33.63477,44.23524,1
2003,33.63889,74.44,1
2003,33.64542,75.01968,5
2003,33.66628,69.78603,1
2003,33.67164,73.05607,2
2003,33.68955,74.32062,1
2003,33.69038,74.30596,1
2003,33.70737,75.10539,2
2003,33.72129,74.83106,5
2003,33.73222,75.15791,5
2003,33.74324,44.62382,4
2003,33.74694,75.01222,1
2003,33.75896,75.04211,1
2003,33.767,74.0924,4
2003,33.77335,45.14945,1
2003,33.77817,76.57617,4
2003,33.7895,75.10339,1
2003,33.797,69.0949,1
2003,33.85801,35.5364,1
2003,33.85855,75.17024,1
2003,33.86324,75.28481,1
2003,33.87152,74.89955,1
2003,33.87403,74.9015,2
2003,33.88852,35.50351,2
2003,33.89088,-117.26173,1
2003,33.92117,75.0146,1
2003,33.93101,75.11421,1
2003,33.93487,35.59782,1
2003,33.99649,74.84779,1
2003,33.99767,75.08056,1
2003,34.00117,74.39393,1
2003,34.006,71.53743,1
2003,34.01608,75.31498,1
2003,34.0164,74.72187,1
2003,34.01935,74.99922,1
2003,34.02124,74.72228,1
2003,34.02621,74.82439,1
2003,34.04377,74.8668,1
2003,34.07215,-117.93802,1
2003,34.08277,68.7617,1
2003,34.08374,74.7899,21
2003,34.0928,74.58959,1
2003,34.12573,45.00334,1
2003,34.13238,74.87774,1
2003,34.1537,74.66754,1
2003,34.16059,42.37254,2
2003,34.20514,74.34949,3
2003,34.2056,74.35387,4
2003,34.21186,74.7708,1
2003,34.22581,74.64102,1
2003,34.22921,70.19321,1
2003,34.2588,70.32514,1
2003,34.29798,74.6153,1
2003,34.315,74.34554,1
2003,34.41712,70.44959,9
2003,34.41754,70.32394,1
2003,34.41954,74.63827,1
2003,34.42849,74.62538,1
2003,34.43809,35.83084,1
2003,34.4487,74.66273,1
2003,34.46797,74.66791,1
2003,34.48889,66.11722,1
2003,34.49626,74.37733,1
2003,34.5169,69.14701,13
2003,34.52618,74.25461,1
2003,34.53375,43.48374,1
2003,34.53556,74.34139,1
2003,34.60694,74.37194,1
2003,34.62152,43.66838,3
2003,34.62361,70.60333,1
2003,34.76723,72.37678,1
2003,34.84659,71.09732,1
2003,34.84802,-82.40022,1
2003,34.87566,71.15201,1
2003,34.94417,69.27333,1
2003,34.95262,72.33111,1
2003,35.08418,-106.64864,3
2003,35.18145,136.9064,1
2003,35.18333,45.98333,1
2003,35.30228,46.03518,1
2003,35.40714,8.12086,1
2003,35.45211,44.37546,7
2003,35.49321,6.46173,1
2003,35.51944,-0.40833,1
2003,35.55,6.16667,1
2003,35.58567,63.32809,1
2003,35.69364,6.18708,1
2003,35.72453,51.40519,2
2003,35.73157,126.73346,1
2003,35.73566,0.56468,1
2003,35.73845,139.32693,1
2003,35.78361,0.62667,1
2003,35.78694,0.66667,1
2003,35.87083,2.02889,1
2003,35.93608,6.74758,1
2003,36.04972,1.58944,1
2003,36.06004,2.84128,1
2003,36.06806,66.88889,1
2003,36.11423,1.50743,1
2003,36.16559,1.3395,1
2003,36.16633,1.33355,2
2003,36.19259,44.00462,3
2003,36.23079,1.13882,1
2003,36.2325,4.18322,1
2003,36.26667,2.75,1
2003,36.27216,1.12741,1
2003,36.27396,2.71809,1
2003,36.35415,43.14357,10
2003,36.37489,3.902,2
2003,36.43417,1.71083,1
2003,36.46293,2.73873,1
2003,36.47817,2.56393,1
2003,36.48045,2.83388,1
2003,36.501,3.77396,1
2003,36.50209,2.58078,1
2003,36.54222,3.95306,1
2003,36.54628,7.47463,1
2003,36.57533,3.90849,1
2003,36.61056,5.515,1
2003,36.61667,3.21667,1
2003,36.62525,3.79249,1
2003,36.62689,3.4795,1
2003,36.64111,3.88833,1
2003,36.68167,3.8475,2
2003,36.7,67.11667,1
2003,36.70578,68.87706,2
2003,36.70993,67.1157,1
2003,36.71549,3.13931,1
2003,36.71637,4.04983,2
2003,36.71734,3.2019,1
2003,36.72442,3.61925,1
2003,36.73914,3.90168,1
2003,36.75472,6.2725,1
2003,36.76029,3.4724,1
2003,36.76911,3.25898,1
2003,36.77237,5.61032,1
2003,36.78333,6.93333,1
2003,36.8035,3.56382,3
2003,36.8219,5.7661,1
2003,36.85466,6.0527,1
2003,36.86726,6.90403,1
2003,36.87831,4.00762,1
2003,36.88523,3.73797,1
2003,36.89124,4.12322,2
2003,36.89747,7.42802,1
2003,36.90364,3.84444,1
2003,36.91129,7.67718,1
2003,36.98972,6.46028,1
2003,37.08018,41.2202,1
2003,37.65803,-121.87722,1
2003,37.83146,-122.28516,2
2003,37.90025,23.87239,1
2003,37.99749,23.76273,7
2003,38.23247,-122.64445,1
2003,38.34521,-0.481,1
2003,38.53704,-0.12908,1
2003,38.90864,-77.01538,2
2003,39.10671,39.54525,1
2003,39.21541,9.10932,2
2003,39.45021,-87.41338,1
2003,39.47024,-0.3768,1
2003,39.49233,39.89745,1
2003,39.72835,-121.83735,4
2003,39.74515,-121.79361,1
2003,39.76691,-86.14996,1
2003,39.77667,30.52056,1
2003,39.90556,116.39583,2
2003,39.93077,32.76754,3
2003,40.31399,36.55435,1
2003,40.53,72.8,1
2003,40.53556,29.35361,1
2003,40.62066,22.952,4
2003,41.10618,28.68986,10
2003,41.18,20.68,1
2003,41.18968,-0.39032,1
2003,41.3275,19.81889,1
2003,41.38717,9.15927,1
2003,41.63864,41.63726,1
2003,41.70998,44.793,2
2003,41.73404,9.33455,1
2003,41.8426,-87.68123,1
2003,41.84652,8.76063,1
2003,41.88333,8.78333,1
2003,41.89096,12.49007,5
2003,41.91889,8.73755,2
2003,41.93061,8.74291,3
2003,42.00027,21.43254,3
2003,42.0018,-80.31541,1
2003,42.00851,20.9743,1
2003,42.01685,9.40398,1
2003,42.06658,8.7384,4
2003,42.10425,9.51243,1
2003,42.16655,8.79776,1
2003,42.27041,45.93573,1
2003,42.31284,21.65298,1
2003,42.3207,-83.64043,1
2003,42.32186,-83.63615,1
2003,42.37844,21.41417,1
2003,42.43639,21.74167,1
2003,42.45018,21.63477,1
2003,42.46082,21.76445,1
2003,42.52191,42.12767,1
2003,42.54714,9.41727,1
2003,42.55474,9.42405,2
2003,42.57522,-1.28283,1
2003,42.60503,42.06711,1
2003,42.61201,20.36496,1
2003,42.65548,45.85454,1
2003,42.65981,20.30712,1
2003,42.66691,41.85326,1
2003,42.66993,-2.03091,1
2003,42.67242,21.16454,2
2003,42.68,21.04444,1
2003,42.7,9.44732,6
2003,42.718,20.54602,1
2003,42.74932,9.4234,1
2003,42.75248,-83.03227,1
2003,42.81537,-1.65362,1
2003,42.85526,45.68557,1
2003,42.85861,45.67139,1
2003,42.8722,45.7022,1
2003,42.88089,20.86721,1
2003,42.93286,46.25657,4
2003,42.9537,46.113,1
2003,42.96241,45.24766,1
2003,43.00618,46.44212,1
2003,43.06326,45.55742,1
2003,43.07909,45.04657,1
2003,43.0872,45.7439,1
2003,43.08907,45.41191,1
2003,43.1039,46.1944,2
2003,43.11852,46.07203,1
2003,43.12754,45.53997,1
2003,43.14119,46.08111,1
2003,43.15,45.9,1
2003,43.17314,44.81287,1
2003,43.1839,-2.26547,1
2003,43.22048,-2.02112,4
2003,43.22836,44.8335,1
2003,43.23993,46.00698,1
2003,43.24758,46.40248,1
2003,43.24855,46.59784,1
2003,43.251,45.9142,1
2003,43.25802,45.54073,2
2003,43.25843,-2.92182,1
2003,43.26755,-1.97581,1
2003,43.27777,46.10283,1
2003,43.2855,45.2942,1
2003,43.29162,-1.9779,2
2003,43.29851,45.78291,1
2003,43.29901,44.89887,2
2003,43.29928,-1.85787,1
2003,43.3,45.86667,1
2003,43.31131,-1.9009,1
2003,43.31493,46.22838,1
2003,43.32023,45.65449,15
2003,43.3261,-2.9877,1
2003,43.33656,45.17381,4
2003,43.33823,-1.78927,1
2003,43.36175,45.411,1
2003,43.40517,44.8203,1
2003,43.42701,46.08799,2
2003,43.46096,-3.80793,1
2003,43.64578,44.682,1
2003,43.66689,-85.26511,1
2003,43.6753,45.1277,1
2003,43.69604,7.26559,3
2003,43.75,44.65,1
2003,43.76979,11.10518,1
2003,43.81841,7.77842,1
2003,43.91667,42.71667,1
2003,44.03333,42.85,1
2003,44.05015,43.05102,1
2003,44.10364,19.29885,1
2003,44.49419,11.34652,2
2003,44.74104,20.4243,1
2003,44.80242,20.4656,1
2003,45.29654,-92.9676,1
2003,45.47851,11.92686,1
2003,45.49062,11.97052,1
2003,45.96265,12.65504,1
2003,46.48458,30.7326,1
2003,46.73194,-117.15442,1
2003,46.94792,7.44461,1
2003,47.61079,-122.33131,1
2003,48.73075,2.27138,1
2003,48.85664,2.34233,3
2003,49.03562,2.06033,1
2003,49.96549,16.97005,1
2003,50.11797,8.64419,1
2003,50.83643,4.36742,5
2003,51.21659,2.89987,1
2003,51.21906,4.40289,2
2003,51.53306,46.03444,1
2003,51.65,39.2,1
2003,52.06986,4.29111,2
2003,52.36667,4.78333,1
2003,52.50153,13.40185,1
2003,53.36168,-6.24548,1
2003,54.20842,-5.89174,1
2003,54.34542,-7.63636,1
2003,54.34754,-6.65611,2
2003,54.50853,-6.76313,1
2003,54.51569,-6.05572,1
2003,54.60771,-5.95621,16
2003,55.12934,-6.66344,1
2003,55.75138,37.57991,8
2003,59.91387,10.75224,1
2004,-12.93978,-74.24748,1
2004,-9.03694,-75.5075,2
2004,-6.76724,106.78877,1
2004,-6.20882,106.84605,2
2004,-6.1874,39.22365,1
2004,-4.46739,138.35038,1
2004,-4.08361,137.18472,1
2004,-3.66275,128.16787,1
2004,-3.23229,29.16522,1
2004,-3.19207,29.30576,1
2004,-3.0,120.2,1
2004,-2.17083,-79.92236,1
2004,-1.65843,29.22046,2
2004,-1.56844,29.05124,1
2004,-1.39315,120.75475,2
2004,-0.89858,119.8506,1
2004,-0.21119,-78.52263,1
2004,0.28037,-76.92685,1
2004,0.49765,-76.49768,1
2004,0.53333,101.45,1
2004,1.20779,-77.2772,1
2004,1.61456,-75.6053,1
2004,2.25808,32.88741,2
2004,2.27763,32.44672,1
2004,2.77168,32.28842,1
2004,2.7724,32.28807,1
2004,2.77772,-75.25743,1
2004,2.91988,32.29004,1
2004,2.93303,-75.28583,1
2004,2.95485,-76.26825,1
2004,3.06047,32.90946,1
2004,3.37246,-73.87377,1
2004,3.37838,31.78223,1
2004,3.40924,33.36865,1
2004,3.41056,33.02402,1
2004,3.42934,-76.51604,5
2004,3.58524,98.6756,1
2004,3.86547,-67.92671,1
2004,4.16583,-76.38639,1
2004,4.66713,-74.10606,1
2004,4.8149,7.05191,1
2004,5.49915,-75.18313,1
2004,5.52372,5.75317,2
2004,5.54147,95.34296,4
2004,5.622,-72.3007,1
2004,5.9137,120.9056,1
2004,5.92806,101.88389,1
2004,5.95323,101.69544,2
2004,5.96478,-75.10166,1
2004,5.99304,101.96618,1
2004,6.01392,101.95023,1
2004,6.05046,121.01224,2
2004,6.05519,121.00132,1
2004,6.07895,118.31493,1
2004,6.09907,-72.24779,1
2004,6.11622,125.1694,1
2004,6.13053,-5.94637,1
2004,6.16671,101.91199,3
2004,6.1876,-74.99429,1
2004,6.19009,101.79796,5
2004,6.20202,101.25238,1
2004,6.21041,101.82076,1
2004,6.24203,-75.56477,4
2004,6.2428,101.29773,1
2004,6.24792,102.0033,1
2004,6.25415,101.7296,1
2004,6.25968,102.05671,1
2004,6.30484,-75.88064,1
2004,6.35422,101.23454,1
2004,6.42546,101.82531,6
2004,6.46052,-71.72989,1
2004,6.49182,101.3885,1
2004,6.54114,101.2804,1
2004,6.5455,101.2799,2
2004,6.68648,101.13909,1
2004,6.7007,101.43392,3
2004,6.73564,101.05442,1
2004,6.77454,100.91251,1
2004,6.77932,100.91311,1
2004,6.80449,-76.24752,1
2004,6.82706,101.38839,1
2004,6.85595,79.86297,1
2004,6.86948,101.25048,1
2004,6.87466,79.86048,1
2004,6.88999,100.52961,2
2004,6.90216,79.87492,1
2004,6.92909,122.07885,1
2004,6.94184,79.86169,7
2004,7.19861,-75.34122,2
2004,7.21939,81.84976,1
2004,7.37408,124.26668,1
2004,7.41438,81.83063,1
2004,7.52937,81.79461,1
2004,7.53,124.11,1
2004,7.5866,125.8237,1
2004,7.71667,81.70019,1
2004,7.73311,81.68882,9
2004,7.7853,81.4279,1
2004,7.78811,6.72973,1
2004,7.8252,123.43738,1
2004,7.88232,-76.63063,1
2004,7.8942,-72.50388,1
2004,7.92133,81.52467,1
2004,7.92241,81.18448,1
2004,7.93389,-72.50083,1
2004,7.94596,81.24913,1
2004,7.94628,-72.89881,1
2004,7.96667,81.53333,1
2004,8.03034,79.82872,1
2004,8.08327,-73.2245,1
2004,8.15927,122.92957,1
2004,8.40255,-73.20768,1
2004,8.48648,123.80465,1
2004,8.5922,81.1968,1
2004,8.75144,38.98514,1
2004,8.98063,37.86506,1
2004,9.06667,7.48333,1
2004,9.24605,-74.7595,1
2004,9.55694,44.07414,1
2004,9.66416,80.14091,1
2004,9.6664,80.02048,1
2004,9.72972,80.02306,1
2004,11.20991,75.81272,1
2004,11.25274,42.79957,1
2004,11.26186,122.6892,1
2004,12.20225,14.45907,1
2004,12.21814,123.50951,1
2004,12.36763,123.62165,1
2004,13.76261,100.49516,1
2004,13.93414,120.81439,1
2004,14.09249,121.02462,1
2004,14.21926,120.97747,1
2004,14.27735,-90.30378,1
2004,14.54943,121.03359,3
2004,14.58423,121.03904,1
2004,14.59935,120.98477,4
2004,14.60128,120.95229,1
2004,14.78632,-90.19858,1
2004,14.83834,120.28514,2
2004,15.43159,-88.01542,1
2004,15.70968,24.93379,1
2004,15.87003,100.99254,1
2004,16.41821,80.0007,1
2004,16.88357,97.64277,1
2004,16.88778,96.14956,1
2004,17.05435,-96.71295,1
2004,18.07928,-15.96511,1
2004,18.52772,-72.33284,1
2004,19.14343,-72.00389,1
2004,19.18066,77.02532,1
2004,19.20368,81.93439,1
2004,20.29606,85.82454,1
2004,21.54316,39.17491,2
2004,22.27194,86.95389,1
2004,22.424,87.319,1
2004,22.5431,114.05787,1
2004,22.54744,85.80254,1
2004,22.59571,89.68162,1
2004,22.98333,120.18333,1
2004,23.23175,91.55961,1
2004,23.61018,85.27994,1
2004,23.79128,90.4182,4
2004,23.79565,86.43039,1
2004,24.01767,90.94265,1
2004,24.0891,38.06396,2
2004,24.64732,46.71458,11
2004,24.66009,89.4221,1
2004,24.66372,93.90627,1
2004,24.89112,67.14331,13
2004,24.89778,91.87139,4
2004,25.04214,121.51987,1
2004,25.0908,85.31118,1
2004,25.1458,62.32656,4
2004,25.38929,68.35734,1
2004,25.61119,85.14391,1
2004,25.90627,93.72759,1
2004,25.99941,63.04745,2
2004,26.02244,84.65053,1
2004,26.09018,89.96445,1
2004,26.14979,91.76393,4
2004,26.2006,92.93757,1
2004,26.21275,91.72833,1
2004,26.2184,50.1959,1
2004,26.24196,68.39929,1
2004,26.27527,92.95338,1
2004,26.33641,43.96733,1
2004,26.34637,92.68404,1
2004,26.43916,89.97828,2
2004,26.61626,-80.05724,1
2004,26.6572,91.91244,1
2004,26.67388,92.85771,1
2004,26.69943,92.49924,1
2004,26.74028,88.08985,1
2004,26.83505,86.01216,1
2004,26.89978,85.88325,1
2004,26.98365,87.3186,2
2004,26.98394,84.95843,1
2004,27.04243,87.10986,1
2004,27.04477,84.86737,1
2004,27.33091,87.06243,1
2004,27.36936,94.88615,1
2004,27.41649,85.03356,3
2004,27.46958,85.27225,1
2004,27.47536,94.55123,1
2004,27.47768,94.91072,1
2004,27.49196,95.34671,1
2004,27.49481,95.20217,1
2004,27.52426,84.34697,1
2004,27.52594,85.56121,1
2004,27.62642,83.37894,2
2004,27.66897,85.31982,3
2004,27.69889,84.4304,1
2004,27.70875,85.3295,19
2004,27.70989,85.87016,1
2004,27.75997,85.28007,1
2004,27.86679,83.55009,1
2004,27.95944,84.8959,3
2004,27.97003,83.14344,1
2004,27.97048,84.81031,1
2004,27.99036,82.30177,1
2004,28.05606,81.62801,3
2004,28.06966,84.5335,1
2004,28.16527,83.93208,1
2004,28.2324,81.33322,1
2004,28.26809,83.97238,3
2004,28.34007,68.189,1
2004,28.62916,68.61638,1
2004,28.63331,69.19037,1
2004,28.68331,80.62235,2
2004,29.04785,66.59332,1
2004,29.1225,34.68314,1
2004,29.12622,34.68426,1
2004,29.27367,69.08764,1
2004,29.27544,82.13251,1
2004,29.4901,34.89945,1
2004,29.55231,66.02051,1
2004,29.67386,68.7155,1
2004,29.71639,80.77028,1
2004,30.09436,65.28571,1
2004,30.19784,71.46763,1
2004,30.20082,66.99435,4
2004,30.29209,71.93124,1
2004,30.38333,47.7,1
2004,30.5,47.81667,1
2004,30.51005,47.7781,6
2004,30.5502,63.78606,1
2004,30.92211,66.45153,1
2004,30.99607,65.47574,1
2004,31.00798,66.39848,1
2004,31.02615,62.45042,1
2004,31.04437,46.26145,5
2004,31.19211,34.44947,1
2004,31.27879,34.25644,1
2004,31.30021,45.27709,2
2004,31.30764,34.29,1
2004,31.31545,34.22975,1
2004,31.34696,34.30143,1
2004,31.35558,34.27436,4
2004,31.35648,34.32607,1
2004,31.3576,34.32738,1
2004,31.40139,34.36,2
2004,31.43827,34.40258,1
2004,31.48405,34.53344,1
2004,31.50241,34.45974,6
2004,31.50306,65.56194,1
2004,31.50547,74.34288,2
2004,31.5282,34.59638,4
2004,31.53024,35.09416,1
2004,31.55004,65.45263,1
2004,31.56049,34.56493,3
2004,31.56249,34.53083,1
2004,31.58583,67.02819,1
2004,31.63108,65.74223,6
2004,31.65,65.65,1
2004,31.65011,65.64979,1
2004,31.77002,35.24078,1
2004,31.7716,35.2034,2
2004,31.78484,35.22461,1
2004,31.78801,65.57078,1
2004,31.82144,34.66517,1
2004,31.83433,70.90905,1
2004,31.90714,35.19822,2
2004,31.93958,35.13255,1
2004,31.98958,44.92378,1
2004,32.0006,44.33082,6
2004,32.03292,44.39965,1
2004,32.08297,34.81189,2
2004,32.1002,66.90102,2
2004,32.11036,35.10584,1
2004,32.165,63.4253,2
2004,32.17337,66.52068,2
2004,32.18584,67.01755,1
2004,32.18908,34.9719,1
2004,32.20944,70.38354,1
2004,32.2131,35.1576,1
2004,32.22227,35.25351,3
2004,32.24301,35.4561,1
2004,32.26454,68.52472,3
2004,32.28924,65.74559,1
2004,32.29256,69.73977,1
2004,32.3061,69.57996,4
2004,32.31205,35.02646,1
2004,32.31557,70.15452,1
2004,32.32932,69.8564,1
2004,32.38681,69.68982,1
2004,32.40971,35.28029,1
2004,32.4112,69.67111,1
2004,32.42666,65.25858,1
2004,32.44476,66.07365,1
2004,32.46924,44.41664,3
2004,32.47556,69.63606,2
2004,32.49354,74.53034,1
2004,32.50281,67.41545,1
2004,32.50361,44.31306,1
2004,32.51924,67.41648,1
2004,32.53329,45.82945,1
2004,32.56699,69.83171,1
2004,32.60439,44.00714,6
2004,32.62287,69.83932,2
2004,32.62374,65.45643,1
2004,32.62975,62.49081,1
2004,32.65475,44.40899,1
2004,32.6664,65.90363,1
2004,32.68793,69.83299,2
2004,32.69893,35.30463,1
2004,32.71536,69.28195,1
2004,32.71578,69.28179,1
2004,32.7266,74.85703,5
2004,32.74109,66.29187,1
2004,32.77734,44.28935,2
2004,32.84243,68.07192,1
2004,32.8613,67.18098,1
2004,32.88716,44.34164,2
2004,32.92205,65.62305,1
2004,32.93,66.68912,1
2004,32.98293,44.3616,5
2004,32.98634,35.75464,1
2004,33.04929,74.49066,1
2004,33.05799,44.35484,1
2004,33.07334,35.14758,1
2004,33.07835,44.25472,1
2004,33.14575,75.54805,3
2004,33.2498,75.21073,1
2004,33.28401,35.68806,1
2004,33.2863,74.91503,1
2004,33.30194,68.47611,1
2004,33.30357,44.37177,145
2004,33.31065,44.03821,5
2004,33.3186,44.514,1
2004,33.33526,69.92847,2
2004,33.34916,43.7842,4
2004,33.35851,69.85974,2
2004,33.37172,74.31531,2
2004,33.38243,43.58763,1
2004,33.39781,43.70628,1
2004,33.40306,43.91186,1
2004,33.42095,43.29566,6
2004,33.43622,69.03175,1
2004,33.46082,44.15743,1
2004,33.4928,68.37432,1
2004,33.51524,36.29208,1
2004,33.53859,74.36929,1
2004,33.56561,72.64339,2
2004,33.57313,75.22323,1
2004,33.5906,71.44062,1
2004,33.59102,75.16885,1
2004,33.59863,69.229,3
2004,33.63477,44.23524,1
2004,33.67164,73.05607,1
2004,33.68769,75.05089,1
2004,33.71699,44.67952,1
2004,33.72129,74.83106,3
2004,33.73222,75.15791,5
2004,33.74324,44.62382,9
2004,33.745,45.54562,1
2004,33.767,74.0924,4
2004,33.77817,76.57617,6
2004,33.7895,75.10339,1
2004,33.79477,44.59975,1
2004,33.81461,74.76542,1
2004,33.82389,74.16528,1
2004,33.83563,44.24741,1
2004,33.84862,44.52212,1
2004,33.86324,75.28481,2
2004,33.8648,42.53638,2
2004,33.87403,74.9015,5
2004,33.88852,35.50351,1
2004,33.94625,74.79831,1
2004,33.96917,68.94472,1
2004,33.97103,75.09178,1
2004,34.006,71.53743,2
2004,34.00721,71.98308,1
2004,34.01023,74.91726,1
2004,34.01047,44.14824,2
2004,34.01441,74.59144,1
2004,34.01608,75.31498,1
2004,34.02119,68.99953,1
2004,34.02357,44.03136,1
2004,34.04217,74.78673,1
2004,34.08374,74.7899,12
2004,34.08526,42.36034,1
2004,34.08798,3.84831,1
2004,34.08812,74.03398,1
2004,34.11059,74.86826,1
2004,34.16059,42.37254,2
2004,34.2056,74.35387,3
2004,34.20842,43.89071,8
2004,34.25614,74.67627,1
2004,34.26402,74.90106,1
2004,34.27611,62.35528,1
2004,34.28889,74.46371,2
2004,34.34672,62.19732,2
2004,34.3635,41.116,1
2004,34.36773,41.98528,1
2004,34.41712,70.44959,6
2004,34.41954,74.63827,1
2004,34.48831,0.16068,1
2004,34.5169,69.14701,11
2004,34.52467,69.19239,1
2004,34.59314,-0.54705,1
2004,34.62152,43.66838,6
2004,34.67487,70.21344,1
2004,34.68611,70.91566,1
2004,34.74661,113.62536,1
2004,34.77448,72.36405,1
2004,34.81733,-0.62332,1
2004,34.87851,63.34024,1
2004,34.92485,43.49141,6
2004,34.94926,70.07315,1
2004,34.96667,63.61667,2
2004,35.0307,71.35214,1
2004,35.06487,43.55161,1
2004,35.19861,32.99333,1
2004,35.27208,43.91504,2
2004,35.28389,70.17,1
2004,35.30305,44.32993,1
2004,35.39041,0.1495,1
2004,35.40714,8.12086,1
2004,35.41722,0.32972,1
2004,35.45211,44.37546,11
2004,35.46667,44.31667,1
2004,35.47202,-97.52035,1
2004,35.60409,0.58874,1
2004,35.69694,-0.63306,1
2004,35.73333,0.55,2
2004,35.83923,71.78011,1
2004,35.86778,1.11139,1
2004,35.87083,2.02889,1
2004,35.8851,4.40162,1
2004,35.91809,74.2898,1
2004,35.96672,0.0933,1
2004,36.00342,1.01016,1
2004,36.00383,1.62169,1
2004,36.00461,1.79603,1
2004,36.00607,2.80808,1
2004,36.06004,2.84128,1
2004,36.1444,43.31008,1
2004,36.15694,2.40417,1
2004,36.16506,1.33667,1
2004,36.19259,44.00462,2
2004,36.21583,2.63583,1
2004,36.24972,67.37222,1
2004,36.26667,2.75,2
2004,36.33564,4.26218,2
2004,36.35415,43.14357,26
2004,36.36006,4.37184,1
2004,36.37489,3.902,1
2004,36.37682,42.44888,3
2004,36.42378,68.90381,1
2004,36.48994,5.5393,1
2004,36.54222,3.95306,1
2004,36.56222,3.59444,1
2004,36.58624,5.58076,1
2004,36.61278,5.69167,1
2004,36.63111,4.19861,1
2004,36.67306,5.48111,1
2004,36.68556,3.85552,1
2004,36.70578,68.87706,1
2004,36.71448,4.0521,1
2004,36.71617,3.15036,1
2004,36.71637,4.04983,2
2004,36.71965,-4.42002,1
2004,36.72735,3.40995,1
2004,36.73913,3.62197,1
2004,36.74694,6.03428,1
2004,36.75,5.06667,1
2004,36.75552,3.44148,1
2004,36.76257,3.70366,1
2004,36.76376,3.05541,4
2004,36.76999,3.06454,1
2004,36.77949,3.53483,1
2004,36.78403,5.91543,1
2004,36.80246,34.62976,1
2004,36.8035,3.56382,2
2004,36.80744,5.74997,1
2004,36.8219,5.7661,2
2004,36.84327,36.22192,1
2004,36.86098,4.35908,1
2004,36.86667,6.9,1
2004,36.8825,4.66194,1
2004,36.88523,3.73797,1
2004,36.91955,3.8914,1
2004,36.93017,6.58441,2
2004,36.99154,35.33105,1
2004,37.00138,6.55432,1
2004,37.10783,70.56756,1
2004,37.47669,41.93905,1
2004,37.56251,44.29368,1
2004,37.57358,44.28581,1
2004,37.58333,43.73333,1
2004,37.93662,42.54749,1
2004,37.99749,23.76273,3
2004,38.03213,-78.47753,1
2004,38.10634,40.54078,1
2004,38.34521,-0.481,1
2004,38.39565,27.13564,1
2004,38.50414,43.37526,1
2004,38.60012,-77.1622,1
2004,38.88845,40.50114,1
2004,38.89116,-121.29281,1
2004,38.90864,-77.01538,1
2004,38.9861,-3.92726,1
2004,39.10671,39.54525,1
2004,39.49233,39.89745,1
2004,39.93077,32.76754,3
2004,39.93907,-3.91456,1
2004,40.25184,-111.64932,1
2004,40.321,9.33036,1
2004,40.4656,-3.69626,11
2004,40.60675,-111.93875,1
2004,40.62066,22.952,1
2004,40.65642,-4.70032,1
2004,41.10618,28.68986,9
2004,41.26667,69.21667,4
2004,41.36464,69.38687,1
2004,41.65294,-4.72838,1
2004,41.70998,44.793,1
2004,41.91889,8.73755,2
2004,42.0103,9.32543,1
2004,42.10425,9.51243,1
2004,42.1401,-0.4089,1
2004,42.16784,-1.69064,1
2004,42.2478,44.03744,1
2004,42.27196,44.03808,1
2004,42.39783,9.49234,1
2004,42.41738,12.10485,1
2004,42.59988,-5.57175,1
2004,42.63024,47.05471,1
2004,42.64435,9.4577,1
2004,42.65798,9.41422,1
2004,42.67242,21.16454,1
2004,42.7,9.44732,2
2004,42.81693,-2.81238,1
2004,42.83889,45.61606,1
2004,42.88045,-8.5463,2
2004,42.96691,47.45764,1
2004,42.98542,47.45067,3
2004,43.1078,45.7384,1
2004,43.13039,-2.54216,1
2004,43.18418,-2.47329,1
2004,43.19163,44.54176,1
2004,43.2267,44.77057,1
2004,43.22836,44.8335,1
2004,43.2855,45.2942,1
2004,43.31667,45.06667,1
2004,43.32023,45.65449,10
2004,43.33333,44.2,1
2004,43.33823,-1.78927,1
2004,43.38593,-4.39809,1
2004,43.389,-4.10913,1
2004,43.46096,-3.80793,1
2004,43.46143,-5.05917,1
2004,43.54526,-5.66193,1
2004,43.67546,45.35304,1
2004,43.75,44.65,1
2004,43.90193,41.89378,1
2004,44.74104,20.4243,1
2004,45.50867,-73.55399,1
2004,45.53984,10.22296,1
2004,47.21837,-1.55362,1
2004,47.23638,39.57993,1
2004,47.91288,-122.09818,1
2004,48.85664,2.34233,1
2004,50.96177,7.00402,1
2004,51.50439,-0.14004,1
2004,51.65,39.2,1
2004,52.37022,4.89517,1
2004,53.50516,13.99018,1
2004,54.08086,36.42233,1
2004,54.09244,12.09915,1
2004,54.4039,-5.89406,1
2004,54.60771,-5.95621,1
2004,55.01156,-7.31204,2
2004,55.03333,82.91667,1
2004,55.68333,37.88333,1
2004,55.68405,36.90235,1
2004,55.75138,37.57991,5
2004,56.83264,60.60086,4
2004,61.10955,72.6002,1
2004,61.25,73.41667,1
2005,-34.89115,-56.18721,1
2005,-34.68631,-58.52847,1
2005,-34.61768,-58.44444,2
2005,-17.78322,-63.18204,1
2005,-13.6575,-73.38333,1
2005,-8.79042,115.15928,1
2005,-8.72279,115.17229,1
2005,-8.55846,125.57815,1
2005,-8.4489,-76.32465,1
2005,-6.20882,106.84605,1
2005,-3.71829,29.3162,1
2005,-3.64843,128.16576,2
2005,-3.60911,29.41296,1
2005,-3.37583,29.36411,1
2005,-3.3332,29.24942,1
2005,-3.19354,29.30616,1
2005,-3.01683,130.33252,1
2005,-3.01166,28.29944,1
2005,-1.92825,29.72527,1
2005,-1.76326,120.64091,2
2005,-1.56706,29.05127,1
2005,-1.39315,120.75475,3
2005,-1.16547,119.88619,1
2005,-0.81556,120.17667,1
2005,0.49765,-76.49768,1
2005,0.66643,-76.87192,1
2005,1.03033,-76.61475,1
2005,1.045,-76.27417,1
2005,1.1158,-76.3261,1
2005,1.24247,30.16922,1
2005,1.54982,30.50213,1
2005,1.59577,29.41793,1
2005,1.90967,-75.15906,2
2005,1.98509,32.53445,1
2005,2.04998,-77.1333,1
2005,2.05982,45.32612,6
2005,2.24359,-77.01038,1
2005,2.3324,37.98238,1
2005,2.43669,-75.5274,1
2005,2.53593,-75.52767,1
2005,2.68523,-75.32598,1
2005,2.77168,32.28842,1
2005,2.7724,32.28807,1
2005,2.94221,32.7992,1
2005,2.94307,32.80845,1
2005,2.94365,32.79135,1
2005,2.95485,-76.26825,2
2005,3.04724,33.36545,1
2005,3.24114,-74.35539,1
2005,3.26806,33.05498,1
2005,3.28848,32.87895,1
2005,3.29722,38.36925,1
2005,3.37838,31.78223,1
2005,3.42934,-76.51604,3
2005,3.57076,32.53727,1
2005,3.7246,-75.4841,1
2005,3.93667,-75.2208,1
2005,4.02846,-74.63552,1
2005,4.08581,-76.19719,1
2005,4.56139,6.75194,1
2005,4.65806,-76.47667,1
2005,4.66713,-74.10606,1
2005,4.85808,6.92091,1
2005,4.86778,5.89871,1
2005,5.26541,-76.55651,1
2005,5.33752,-75.7293,1
2005,5.52372,5.75317,1
2005,5.54147,95.34296,2
2005,5.68098,5.76371,1
2005,5.92806,101.88389,2
2005,5.95323,101.69544,1
2005,5.98077,121.21572,1
2005,5.99304,101.96618,5
2005,6.05709,101.69544,3
2005,6.11622,125.1694,2
2005,6.12509,101.91199,1
2005,6.12731,101.91148,1
2005,6.1429,-75.18417,1
2005,6.15204,5.64873,1
2005,6.16671,101.91199,9
2005,6.16886,101.18113,1
2005,6.17255,1.23157,1
2005,6.17578,101.50208,1
2005,6.19009,101.79796,11
2005,6.20202,101.25238,17
2005,6.21041,101.82076,2
2005,6.22465,101.64991,1
2005,6.24279,101.29773,1
2005,6.2428,101.29773,2
2005,6.24792,102.0033,1
2005,6.25415,101.7296,9
2005,6.25889,102.055,4
2005,6.26362,101.76947,1
2005,6.31623,80.84331,1
2005,6.32537,101.80936,1
2005,6.38189,101.50623,6
2005,6.38458,101.50208,1
2005,6.38529,101.70114,1
2005,6.42447,101.81506,1
2005,6.42546,101.82531,7
2005,6.42724,101.83365,1
2005,6.46052,-71.72989,1
2005,6.47741,101.13529,1
2005,6.47833,101.135,1
2005,6.49182,101.3885,7
2005,6.49358,101.68581,1
2005,6.49766,124.84966,1
2005,6.49893,101.53617,1
2005,6.51795,101.65346,2
2005,6.54009,100.89245,1
2005,6.54114,101.2804,1
2005,6.54115,101.2804,5
2005,6.54215,101.40406,1
2005,6.5425,101.28306,2
2005,6.5455,101.2799,10
2005,6.54731,-71.00223,1
2005,6.61451,5.9859,1
2005,6.64442,122.27313,1
2005,6.64556,122.10194,1
2005,6.68648,101.13909,1
2005,6.7007,101.43392,3
2005,6.71796,101.59303,5
2005,6.73265,-7.3492,1
2005,6.76028,101.29333,1
2005,6.7724,101.29206,3
2005,6.80428,101.50208,1
2005,6.80996,101.48503,1
2005,6.82806,101.3885,2
2005,6.85481,101.37148,1
2005,6.86,101.49139,1
2005,6.86639,101.36917,1
2005,6.86948,101.25048,2
2005,6.87466,79.86048,1
2005,6.87527,81.83063,1
2005,6.8761,101.25905,3
2005,6.88756,79.87784,1
2005,6.90667,81.55929,1
2005,6.92909,122.07885,2
2005,6.94184,79.86169,9
2005,6.98848,-73.05084,1
2005,7.00063,-76.26572,1
2005,7.01398,100.47124,2
2005,7.08324,125.601,2
2005,7.08582,-70.75779,2
2005,7.10988,124.8243,1
2005,7.11531,81.85249,3
2005,7.1756,100.61435,1
2005,7.18977,100.59538,1
2005,7.20959,124.24197,1
2005,7.21939,81.84976,2
2005,7.28997,-75.39269,1
2005,7.30176,81.67473,1
2005,7.33232,124.56505,1
2005,7.38158,81.72263,1
2005,7.39002,-73.50099,1
2005,7.41438,81.83063,9
2005,7.42627,81.82107,1
2005,7.43216,80.44378,1
2005,7.43552,81.81424,2
2005,7.52937,81.79461,1
2005,7.54724,81.78773,1
2005,7.5794,-75.4001,1
2005,7.65695,81.74041,1
2005,7.67128,81.04648,1
2005,7.68901,81.72947,4
2005,7.70217,81.13166,1
2005,7.7022,81.71579,1
2005,7.70737,81.71575,1
2005,7.7114,81.69612,1
2005,7.73311,81.68882,16
2005,7.77541,81.60625,2
2005,7.78586,81.5898,5
2005,7.79944,81.57722,1
2005,7.8025,81.61056,1
2005,7.84316,81.54824,1
2005,7.88814,124.17339,1
2005,7.91997,81.55768,2
2005,7.92133,81.52467,6
2005,7.92241,81.18448,1
2005,7.92864,81.43683,1
2005,7.94628,-72.89881,1
2005,7.94644,81.24785,2
2005,8.18727,125.85282,1
2005,8.19956,80.63269,1
2005,8.29694,-74.47306,1
2005,8.32497,81.30074,2
2005,8.35126,81.00699,1
2005,8.43557,-73.28742,1
2005,8.45435,81.2918,1
2005,8.45791,81.2684,1
2005,8.49795,81.18408,1
2005,8.49973,81.09441,1
2005,8.57783,81.21872,15
2005,8.5922,81.1968,2
2005,8.6656,80.29624,2
2005,8.73816,80.47715,1
2005,8.75782,80.48791,4
2005,8.7786,80.48524,1
2005,8.90756,79.96466,1
2005,8.97715,38.77323,1
2005,8.98012,79.91246,2
2005,9.0521,38.74496,1
2005,9.08616,79.81899,1
2005,9.19974,-73.5433,1
2005,9.3,80.21667,1
2005,9.36083,42.79674,3
2005,9.50913,-13.71214,1
2005,9.6664,80.02048,4
2005,9.70607,80.05958,1
2005,9.72972,80.02306,1
2005,9.73389,79.87417,1
2005,9.82486,80.23635,1
2005,10.21901,9.3885,1
2005,10.66667,-61.51667,2
2005,10.69244,24.32975,3
2005,10.69776,-73.35273,1
2005,10.72703,123.82629,1
2005,11.54409,-72.90688,1
2005,11.86393,-15.5849,1
2005,11.87112,-15.606,3
2005,12.5677,123.7337,1
2005,12.65969,101.46799,1
2005,12.92133,-15.9956,1
2005,12.9716,77.59456,1
2005,13.05702,5.24574,1
2005,13.26553,100.96375,1
2005,13.26833,120.62118,1
2005,13.58151,24.8017,2
2005,13.6242,25.34498,1
2005,13.93857,121.61201,1
2005,14.1,77.28,1
2005,14.30115,121.11194,1
2005,14.54943,121.03359,1
2005,14.91536,120.76777,1
2005,15.06349,120.72575,1
2005,15.32544,44.2119,3
2005,15.45639,45.32487,1
2005,15.5024,45.44985,1
2005,15.50565,80.04769,1
2005,16.69093,79.56794,2
2005,16.86344,-99.8816,1
2005,16.88778,96.14956,5
2005,16.91749,43.76241,1
2005,16.98333,122.01667,1
2005,16.9925,120.73423,1
2005,17.01516,43.68416,1
2005,17.97336,79.59996,1
2005,18.43678,79.12982,1
2005,18.79167,80.81667,1
2005,18.9,81.35,1
2005,19.67417,97.20917,1
2005,19.70594,-72.40249,1
2005,20.92498,79.00761,1
2005,21.32018,84.26012,1
2005,21.42251,39.82621,1
2005,21.48929,84.2766,1
2005,21.86827,83.48302,1
2005,21.97351,96.08208,1
2005,22.28187,114.16133,1
2005,22.3419,91.81512,3
2005,22.64198,90.19808,1
2005,22.6594,89.77425,1
2005,22.71848,89.07048,1
2005,22.81395,89.56384,1
2005,22.84564,89.54033,2
2005,22.87995,84.5652,1
2005,22.9454,90.83416,1
2005,23.22447,90.65436,1
2005,23.23278,-7.71472,1
2005,23.61018,85.27994,1
2005,23.7617,88.94367,2
2005,23.79128,90.4182,1
2005,23.84932,72.12663,1
2005,23.86862,91.20973,1
2005,23.94085,91.98815,1
2005,24.09286,90.41531,1
2005,24.09286,90.41902,2
2005,24.79835,93.94043,1
2005,24.85,89.36653,1
2005,24.8861,90.72913,1
2005,24.89112,67.14331,4
2005,24.89778,91.87139,2
2005,25.29161,51.53044,1
2005,25.37915,97.38807,1
2005,25.38109,86.46499,1
2005,25.74733,82.68508,1
2005,25.90603,93.73391,1
2005,25.97796,91.23563,1
2005,25.99941,63.04745,5
2005,26.02072,89.97433,1
2005,26.11563,62.03764,1
2005,26.14979,91.76393,5
2005,26.18049,91.83285,3
2005,26.18145,93.69904,1
2005,26.20029,68.15092,1
2005,26.2006,92.93757,3
2005,26.20818,93.05027,1
2005,26.27527,92.95338,1
2005,26.33071,90.67023,1
2005,26.34637,92.68404,1
2005,26.36559,91.32786,1
2005,26.47499,91.26887,1
2005,26.47963,87.6297,1
2005,26.6271,87.18266,1
2005,26.66464,87.27178,1
2005,26.71439,-80.05269,1
2005,26.75008,94.21906,1
2005,26.7606,85.92698,1
2005,26.78287,85.27759,1
2005,26.79586,86.29687,1
2005,26.79974,88.05008,1
2005,26.8,82.2,1
2005,26.97214,64.11457,1
2005,26.98017,94.63027,1
2005,27.02022,85.29009,1
2005,27.02134,87.47022,1
2005,27.02771,95.03018,1
2005,27.20364,87.81567,3
2005,27.20583,79.36639,1
2005,27.20979,87.78002,1
2005,27.21908,86.79621,1
2005,27.23172,86.82203,1
2005,27.23615,86.38333,1
2005,27.25875,87.80955,1
2005,27.28609,87.00964,1
2005,27.33091,87.06243,1
2005,27.35766,95.32143,1
2005,27.38053,86.06959,1
2005,27.41292,84.37523,1
2005,27.43191,86.11011,1
2005,27.46671,83.78617,1
2005,27.47272,94.91201,1
2005,27.47761,83.47154,1
2005,27.48627,95.35622,1
2005,27.48643,83.27675,1
2005,27.49219,95.34678,2
2005,27.5247,85.56316,1
2005,27.54404,83.27332,1
2005,27.58872,83.09601,1
2005,27.59026,84.36031,1
2005,27.64358,84.12549,1
2005,27.64532,83.59493,1
2005,27.67729,84.41693,1
2005,27.68736,83.43234,1
2005,27.69889,84.4304,1
2005,27.70875,85.3295,1
2005,27.72999,85.71013,1
2005,27.74071,85.36235,1
2005,27.80992,66.62096,2
2005,27.82525,83.63484,1
2005,27.83418,82.7509,1
2005,27.86679,83.55009,1
2005,27.91556,34.32989,1
2005,27.9512,85.68458,1
2005,27.98874,82.30177,2
2005,28.00704,83.16527,1
2005,28.05606,81.62801,3
2005,28.10926,81.78864,1
2005,28.1509,81.7651,1
2005,28.1601,82.94972,1
2005,28.17998,84.4311,1
2005,28.19317,83.20495,1
2005,28.23378,81.3321,1
2005,28.26809,83.97238,4
2005,28.28015,83.71016,1
2005,28.44917,66.05636,1
2005,28.45464,83.48012,1
2005,28.49073,65.09578,3
2005,28.5499,81.63992,1
2005,28.57761,81.62543,1
2005,28.58584,77.15334,6
2005,28.73965,82.20399,1
2005,28.98915,68.01142,1
2005,29.03768,66.5815,1
2005,29.03962,81.25188,1
2005,29.04785,66.59332,1
2005,29.10636,67.68718,1
2005,29.2006,80.89865,1
2005,29.20912,81.73642,1
2005,29.26671,80.93313,1
2005,29.4371,64.03842,1
2005,29.48319,81.40046,1
2005,29.53197,35.00706,1
2005,29.55231,66.02051,1
2005,29.5558,66.01959,1
2005,29.5634,67.79349,1
2005,29.59463,66.27312,1
2005,29.64412,67.81666,1
2005,29.67358,68.71451,1
2005,29.67386,68.7155,5
2005,29.78389,64.025,1
2005,29.80396,66.85099,2
2005,29.85538,67.33993,1
2005,29.89716,69.52765,1
2005,29.9495,66.21981,1
2005,30.00409,47.93731,1
2005,30.0433,69.92381,1
2005,30.08463,31.33431,1
2005,30.09436,65.28571,2
2005,30.10054,67.93596,1
2005,30.16332,48.3797,2
2005,30.20082,66.99435,8
2005,30.38801,47.71313,1
2005,30.43701,63.33435,2
2005,30.49155,35.16544,1
2005,30.51005,47.7781,15
2005,30.56667,2.88333,1
2005,30.70301,67.09404,1
2005,30.80793,73.45047,1
2005,30.86904,66.14153,1
2005,30.99607,65.47574,2
2005,31.00274,66.40562,3
2005,31.02615,62.45042,1
2005,31.04437,46.26145,2
2005,31.1225,64.20472,2
2005,31.13251,64.2129,1
2005,31.16667,65.66667,1
2005,31.17781,71.2093,1
2005,31.19211,34.44947,1
2005,31.24848,34.78785,1
2005,31.27466,34.16794,1
2005,31.27879,34.25644,2
2005,31.28551,48.64342,3
2005,31.29222,34.29054,2
2005,31.29518,34.24273,1
2005,31.29775,34.26737,1
2005,31.30021,45.27709,2
2005,31.33224,34.24084,1
2005,31.34399,34.27768,1
2005,31.34696,34.30143,1
2005,31.34802,34.49109,3
2005,31.35558,34.27436,5
2005,31.35769,34.32801,2
2005,31.36026,34.32896,1
2005,31.36365,63.95861,7
2005,31.36666,34.31667,1
2005,31.36696,34.31811,1
2005,31.37433,34.39876,2
2005,31.37505,34.37002,1
2005,31.38212,64.34824,1
2005,31.40309,34.36905,1
2005,31.40362,34.35907,1
2005,31.45304,34.46551,1
2005,31.46123,66.52239,1
2005,31.50241,34.45974,5
2005,31.50547,74.34288,2
2005,31.50694,65.8475,1
2005,31.51796,64.11378,1
2005,31.5282,34.59638,7
2005,31.53024,35.09416,1
2005,31.53619,34.53957,2
2005,31.54448,65.48457,2
2005,31.55004,65.45263,3
2005,31.55151,34.51742,2
2005,31.55684,34.53634,1
2005,31.57578,34.50748,1
2005,31.57841,35.10207,1
2005,31.58406,34.50347,1
2005,31.60063,64.36965,5
2005,31.61299,65.76101,1
2005,31.61767,65.67594,10
2005,31.6223,34.54841,1
2005,31.62304,65.05425,1
2005,31.63108,65.74223,3
2005,31.64,64.24,1
2005,31.65023,65.65006,1
2005,31.65406,35.12506,1
2005,31.67015,34.57515,1
2005,31.67288,64.30999,1
2005,31.75029,67.31657,1
2005,31.7716,35.2034,1
2005,31.78179,64.70123,1
2005,31.78843,34.79187,1
2005,31.82587,64.57643,4
2005,31.84822,47.1452,1
2005,31.90714,35.19822,3
2005,31.95,35.93333,3
2005,31.97264,67.37566,1
2005,31.98958,44.92378,1
2005,32.0006,44.33082,2
2005,32.07333,64.83389,2
2005,32.07408,66.14153,2
2005,32.08297,34.81189,1
2005,32.1002,66.90102,5
2005,32.10666,63.86406,1
2005,32.11472,44.94278,1
2005,32.13816,66.64147,1
2005,32.15378,66.26945,1
2005,32.15451,35.25855,1
2005,32.19188,67.18945,1
2005,32.1964,34.98153,1
2005,32.22016,35.3405,1
2005,32.22227,35.25351,3
2005,32.23306,66.11167,1
2005,32.23401,35.33392,1
2005,32.26454,68.52472,1
2005,32.29403,65.74658,1
2005,32.30301,44.68653,1
2005,32.3061,69.57996,5
2005,32.31205,35.02646,2
2005,32.32507,34.85466,1
2005,32.33047,34.85143,1
2005,32.3717,75.52291,1
2005,32.4057,64.47038,2
2005,32.41356,66.35008,1
2005,32.42438,35.11905,1
2005,32.43479,34.92157,1
2005,32.46062,35.30125,3
2005,32.46819,44.55019,3
2005,32.46924,44.41664,13
2005,32.47556,69.63606,2
2005,32.47562,67.61425,1
2005,32.49533,62.26266,2
2005,32.50368,67.47549,1
2005,32.50764,63.76954,1
2005,32.53329,45.82945,2
2005,32.53972,44.41472,1
2005,32.55976,41.91965,1
2005,32.56699,69.83171,1
2005,32.57014,69.45741,1
2005,32.58584,71.09215,1
2005,32.60439,44.00714,1
2005,32.61776,69.51576,1
2005,32.63088,66.76749,1
2005,32.64674,73.50883,1
2005,32.65475,44.40899,4
2005,32.65556,65.95972,1
2005,32.6664,65.90363,1
2005,32.71569,-117.16172,2
2005,32.77131,69.07318,1
2005,32.77734,44.28935,6
2005,32.80139,67.74639,1
2005,32.80583,35.16889,1
2005,32.82473,70.06764,1
2005,32.85004,74.65468,1
2005,32.8613,67.18098,2
2005,32.88018,44.38696,1
2005,32.88716,44.34164,1
2005,32.92205,65.62305,1
2005,32.92522,75.13526,3
2005,32.92527,44.77096,2
2005,32.92713,66.14153,2
2005,32.93333,44.46667,1
2005,32.97543,70.27374,2
2005,32.98293,44.3616,7
2005,32.98499,44.35676,1
2005,32.99918,65.50983,1
2005,33.00124,68.64356,1
2005,33.00652,70.06825,3
2005,33.02139,75.13917,1
2005,33.04915,75.62808,1
2005,33.05799,44.35484,6
2005,33.07334,35.14758,1
2005,33.07835,44.25472,2
2005,33.10053,44.58449,2
2005,33.14575,75.54805,2
2005,33.165,75.50306,1
2005,33.1782,68.75253,2
2005,33.22286,44.45122,1
2005,33.24626,35.5001,1
2005,33.25028,75.5025,1
2005,33.26312,44.55446,1
2005,33.28734,44.31949,2
2005,33.29278,68.28639,1
2005,33.29623,74.86241,1
2005,33.30357,44.37177,266
2005,33.31065,44.03821,6
2005,33.3186,44.514,1
2005,33.31957,68.4513,1
2005,33.33385,69.93717,1
2005,33.33526,69.92847,5
2005,33.34749,35.74916,1
2005,33.34916,43.7842,3
2005,33.36333,69.95639,1
2005,33.37172,74.31531,2
2005,33.37576,44.70287,1
2005,33.4017,44.35766,1
2005,33.40306,43.91186,1
2005,33.42095,43.29566,10
2005,33.43381,38.92288,1
2005,33.43622,69.03175,1
2005,33.45853,69.99509,1
2005,33.46518,68.69061,1
2005,33.49823,67.7616,2
2005,33.50996,70.12176,1
2005,33.53073,44.27429,2
2005,33.54262,68.41533,1
2005,33.56656,69.87835,1
2005,33.6339,42.83208,2
2005,33.64542,75.01968,2
2005,33.65278,69.13611,1
2005,33.6695,66.04635,1
2005,33.67164,73.05607,1
2005,33.69038,74.30596,1
2005,33.69341,44.79608,1
2005,33.69395,45.06742,3
2005,33.71699,44.67952,1
2005,33.72129,74.83106,1
2005,33.73222,75.15791,2
2005,33.73334,75.14898,2
2005,33.73956,70.33279,1
2005,33.74324,44.62382,32
2005,33.767,74.0924,1
2005,33.77817,76.57617,10
2005,33.7895,75.10339,3
2005,33.83563,44.24741,3
2005,33.84862,44.52212,4
2005,33.87152,74.89955,1
2005,33.87403,74.9015,2
2005,33.88003,35.56057,1
2005,33.88596,35.62868,1
2005,33.88852,35.50351,9
2005,33.92243,35.59143,1
2005,33.92615,75.0158,2
2005,33.92659,44.77206,2
2005,33.93918,74.63913,1
2005,33.98311,35.61806,1
2005,33.9877,35.63892,1
2005,34.006,71.53743,1
2005,34.01023,74.91726,2
2005,34.01047,44.14824,8
2005,34.01455,69.19239,1
2005,34.02357,44.03136,1
2005,34.03492,36.22784,1
2005,34.05998,74.42453,1
2005,34.06705,74.76711,1
2005,34.06728,74.76538,1
2005,34.0779,74.67802,1
2005,34.08374,74.7899,25
2005,34.08615,74.51557,1
2005,34.11033,71.1638,1
2005,34.12028,69.13917,1
2005,34.15784,3.52835,1
2005,34.16059,42.37254,3
2005,34.16154,74.55309,2
2005,34.2056,74.35387,2
2005,34.20768,74.41831,1
2005,34.20842,43.89071,23
2005,34.22581,74.64102,1
2005,34.23995,44.51011,1
2005,34.25778,74.36889,1
2005,34.27103,45.16357,2
2005,34.28889,74.46371,2
2005,34.29785,74.47096,1
2005,34.32778,74.26278,1
2005,34.34734,45.38327,1
2005,34.3574,70.22551,1
2005,34.3635,41.116,4
2005,34.39928,74.28127,1
2005,34.4167,3.83333,1
2005,34.41712,70.44959,4
2005,34.43578,3.89677,1
2005,34.5169,69.14701,13
2005,34.51823,74.12646,1
2005,34.52618,74.25461,1
2005,34.52691,43.70855,1
2005,34.53283,74.41372,1
2005,34.53375,43.48374,1
2005,34.59987,3.19553,1
2005,34.62152,43.66838,12
2005,34.64806,-1.75306,1
2005,34.68083,4.09694,2
2005,34.68336,44.96664,1
2005,34.70139,68.33444,1
2005,34.72772,43.64969,1
2005,34.75218,8.05886,1
2005,34.82408,70.36069,1
2005,34.84659,71.09732,1
2005,34.85,5.73333,1
2005,34.87566,71.15201,4
2005,34.88135,44.62513,3
2005,34.89165,7.23539,1
2005,34.92485,43.49141,9
2005,34.98894,70.91122,1
2005,35.00064,7.30994,1
2005,35.08418,-106.64864,1
2005,35.20093,43.27492,1
2005,35.23216,6.23978,1
2005,35.30305,44.32993,1
2005,35.32502,70.90712,1
2005,35.32612,43.78081,1
2005,35.40714,8.12086,1
2005,35.42213,74.09653,1
2005,35.43811,7.14665,1
2005,35.45211,44.37546,51
2005,35.46979,44.39634,1
2005,35.49307,43.24237,1
2005,35.49944,43.23489,2
2005,35.50573,43.25743,1
2005,35.52597,6.22959,1
2005,35.55,6.16667,1
2005,35.55947,6.18046,1
2005,35.6946,1.99818,1
2005,35.72453,51.40519,2
2005,35.73333,0.55,1
2005,35.8043,69.28775,1
2005,35.85528,1.33222,1
2005,35.9078,2.38837,1
2005,35.91809,74.2898,1
2005,35.98962,2.14352,1
2005,36.11323,2.30352,1
2005,36.15959,1.61226,1
2005,36.16525,1.33452,1
2005,36.17644,6.71908,1
2005,36.18333,1.53333,1
2005,36.19259,44.00462,3
2005,36.24903,0.75983,1
2005,36.25524,5.12366,1
2005,36.26667,2.21667,1
2005,36.26667,2.75,1
2005,36.31939,41.86147,1
2005,36.3358,4.26204,1
2005,36.35415,43.14357,33
2005,36.3745,3.88459,1
2005,36.37682,42.44888,4
2005,36.37822,3.89371,1
2005,36.38207,1.88442,1
2005,36.40674,2.69023,1
2005,36.42087,4.19872,1
2005,36.478,5.5771,1
2005,36.48045,2.83388,1
2005,36.49377,5.85202,1
2005,36.501,3.77396,1
2005,36.53558,3.83418,1
2005,36.54057,3.9577,1
2005,36.57453,2.09281,1
2005,36.58624,5.58076,1
2005,36.58746,3.77907,1
2005,36.62194,3.065,1
2005,36.62687,3.47962,1
2005,36.62707,6.63442,2
2005,36.63507,3.59013,1
2005,36.68333,4.66667,1
2005,36.69098,6.57471,1
2005,36.69467,4.66958,1
2005,36.70993,67.1157,2
2005,36.71637,4.04983,1
2005,36.72442,3.61925,1
2005,36.72464,6.04926,1
2005,36.72778,3.55389,2
2005,36.72944,3.49869,1
2005,36.73278,5.95167,1
2005,36.73611,3.43167,1
2005,36.74,3.34,1
2005,36.74239,3.72282,1
2005,36.75,6.26667,1
2005,36.75552,3.44148,1
2005,36.7565,3.2637,1
2005,36.75823,3.48428,1
2005,36.76029,3.4724,3
2005,36.76788,3.71232,1
2005,36.77469,5.89891,1
2005,36.79777,3.71758,1
2005,36.79886,3.7778,1
2005,36.80225,3.56525,1
2005,36.80246,34.62976,1
2005,36.8035,3.56382,3
2005,36.80398,42.09394,1
2005,36.80526,3.81321,1
2005,36.81224,6.23876,1
2005,36.81694,3.85722,1
2005,36.8219,5.7661,1
2005,36.82236,6.31053,1
2005,36.83727,6.63739,1
2005,36.86318,3.88035,1
2005,36.86688,6.25383,2
2005,36.87831,4.00762,2
2005,36.88679,30.70622,2
2005,36.89288,4.42118,1
2005,36.90364,3.84444,1
2005,36.90583,44.13861,1
2005,36.91955,3.8914,3
2005,36.93017,6.58441,3
2005,36.95012,6.40308,1
2005,36.96528,6.61639,1
2005,36.97667,36.73847,1
2005,37.10783,70.56756,2
2005,37.27333,41.48389,1
2005,37.30344,44.57696,3
2005,37.40222,40.95389,1
2005,37.52265,42.45264,1
2005,37.5696,43.1658,1
2005,37.57358,44.28581,1
2005,37.57704,43.7361,1
2005,37.74507,27.29075,1
2005,37.87104,42.14945,1
2005,37.88579,41.13012,1
2005,37.92222,40.18438,3
2005,37.9274,41.94198,1
2005,37.99749,23.76273,6
2005,38.29012,40.503,1
2005,38.32437,26.30336,1
2005,38.39341,-120.80303,1
2005,38.46184,39.86171,1
2005,38.49531,39.20834,1
2005,38.50414,43.37526,1
2005,38.55218,68.76744,1
2005,38.57716,40.31471,1
2005,38.65472,40.72861,1
2005,38.73684,41.49156,1
2005,38.84041,0.10867,1
2005,38.88302,-121.07838,1
2005,38.89655,-121.07695,1
2005,38.90724,-121.08435,1
2005,38.94619,41.75389,1
2005,38.9861,-3.92726,1
2005,39.06266,40.78059,1
2005,39.10671,39.54525,1
2005,39.13688,39.21698,1
2005,39.15017,-84.51844,1
2005,39.16659,-86.53424,3
2005,39.22798,40.06952,1
2005,39.6425,-77.71758,1
2005,39.85678,-4.02448,1
2005,39.93077,32.76754,1
2005,40.4656,-3.69626,3
2005,40.53,72.8,1
2005,40.55784,39.29349,1
2005,40.69416,-4.59434,1
2005,40.69713,-73.93135,1
2005,40.78333,72.33333,1
2005,40.93262,29.53358,1
2005,41.10618,28.68986,5
2005,41.26667,69.21667,1
2005,41.40064,2.15091,1
2005,41.4676,12.9037,1
2005,41.59137,9.27831,3
2005,41.63768,-70.93087,1
2005,41.65628,-0.87653,1
2005,41.67524,43.03517,1
2005,41.70998,44.793,1
2005,41.93061,8.74291,6
2005,41.98136,44.10954,1
2005,42.01432,8.83579,1
2005,42.11284,43.7896,1
2005,42.11383,8.70155,1
2005,42.13486,8.59584,2
2005,42.16543,20.6154,1
2005,42.21246,20.72417,1
2005,42.22416,43.9632,2
2005,42.30941,9.14902,4
2005,42.32156,21.36201,2
2005,42.4636,9.20707,1
2005,42.47962,21.7406,1
2005,42.54714,9.41727,3
2005,42.55474,9.42405,1
2005,42.56765,8.75722,1
2005,42.57759,8.83288,2
2005,42.61314,9.41926,1
2005,42.65051,21.1608,1
2005,42.65798,9.41422,1
2005,42.67242,21.16454,2
2005,42.7,9.44732,4
2005,42.74966,45.68201,1
2005,42.79877,47.10872,1
2005,42.87002,74.58788,1
2005,42.88045,-8.5463,1
2005,42.88089,20.86721,1
2005,42.93286,46.25657,1
2005,42.95552,46.12477,1
2005,42.95716,46.23793,1
2005,42.96691,47.45764,4
2005,42.98542,47.45067,13
2005,43.07563,-2.22367,4
2005,43.11822,-2.41336,1
2005,43.12425,46.15857,2
2005,43.13302,-1.66915,1
2005,43.14119,46.08111,1
2005,43.14861,46.37972,1
2005,43.16667,46.0,1
2005,43.16907,-2.63266,2
2005,43.18492,44.7193,1
2005,43.21471,47.16456,1
2005,43.2267,44.77057,3
2005,43.24855,46.59784,3
2005,43.29162,-1.9779,1
2005,43.29722,-2.99167,1
2005,43.31707,-2.67898,1
2005,43.32023,45.65449,6
2005,43.32113,-1.89878,1
2005,43.33656,45.17381,1
2005,43.34417,-3.00639,2
2005,43.34592,46.66224,2
2005,43.36175,45.411,1
2005,43.38754,-1.67543,1
2005,43.39003,46.61666,2
2005,43.42701,46.08799,1
2005,43.4331,43.5789,1
2005,43.48412,43.62736,8
2005,43.49295,-1.47484,1
2005,43.6753,45.1277,1
2005,44.21667,42.05,1
2005,44.40706,8.93399,1
2005,44.46867,-71.18508,2
2005,44.71667,37.76667,1
2005,44.96583,16.69917,1
2005,45.07273,7.67954,2
2005,45.46921,9.17451,1
2005,45.57989,84.88921,1
2005,45.7775,12.60876,1
2005,45.81281,15.97828,1
2005,46.10028,19.66556,1
2005,47.03922,-122.89143,1
2005,47.61344,-122.03549,2
2005,48.13512,11.58198,1
2005,49.45203,11.07675,1
2005,51.50439,-0.14004,9
2005,52.50153,13.40185,1
2005,52.69867,-2.51746,1
2005,53.39039,-3.02264,1
2005,53.79292,-1.71799,1
2005,53.79573,-1.58655,1
2005,54.46337,-6.3286,1
2005,54.51569,-6.05572,1
2005,54.53833,38.61611,1
2005,54.56489,-5.90788,1
2005,54.59502,-5.70311,1
2005,54.60771,-5.95621,6
2005,54.65683,-5.90519,1
2005,54.71338,-6.21676,1
2005,54.86312,-6.27834,1
2005,54.95108,-6.559,1
2005,54.96392,-6.22496,1
2005,55.01156,-7.31204,1
2005,55.642,37.09693,1
2005,55.68405,36.90235,1
2005,56.83264,60.60086,1
2005,59.33279,18.06449,2
2005,59.40248,17.94432,1
2006,-33.81513,151.00316,1
2006,-33.36624,-70.5053,1
2006,-29.31001,27.48008,1
2006,-28.0291,153.43139,1
2006,-26.5037,31.30735,1
2006,-24.00872,-46.41238,1
2006,-23.55071,-46.63348,2
2006,-18.91356,47.52539,1
2006,-17.82517,31.03351,1
2006,-13.16394,-74.22347,1
2006,-6.20882,106.84605,2
2006,-3.8477,27.28972,1
2006,-3.67943,128.2269,1
2006,-3.60643,30.04429,1
2006,-3.37583,29.36411,1
